A0A7R8UXN1	A0A7R8UXN1
A0A7R8VMZ6	A0A7R8VMZ6
A0A7R8YM80	A0A7R8YM80
A0A7R9CDS5	A0A7R9CDS5
A0A7R9EQC5	A0A7R9EQC5
A0A7R9KCB1	A0A7R9KCB1
A0A7R9KKH5	A0A7R9KKH5
A0A7R9KNW8	A0A7R9KNW8
A0A7R9KPG7	A0A7R9KPG7
A0A7R9LA71	A0A7R9LA71
A0A7R9SI01	A0A7R9SI01
A0A7R9SJ73	A0A7R9SJ73
A0A7S0UI71	A0A7S0UI71
A0A7S1FVH2	A0A7S1FVH2
A0A7S1FVH2	A0A7S1BME2
A0A7S4SHG8	A0A7S4SHG8
A0A7S4SHG8	A0A7S4W6F2
A0A7S4SHG8	A0A7S4SJ41
A0A803SXH3	A0A803SXH3
A0A803YI33	A0A803YI33
A0A811YVD4	A0A811YVD4
A0A811YVD4	G1LI64
A0A811YVD4	A0A7N5P253
A0A815N8U7	A0A815N8U7
A0A818KZN2	A0A818KZN2
A0A818KZN2	A0A816F3V6
A0A818KZN2	A0A818XV20
A0A818KZN2	A0A815S7S2
A0A821P2M2	A0A821P2M2
A0A821P2M2	A0A9P0XE20
A0A821P535	A0A821P535
A0A821P535	A0A9P0XE27
A0A821QKR0	A0A821QKR0
A0A821QKR0	A0A9P0SVM2
A0A821QVU5	A0A821QVU5
A0A821R2K1	A0A821R2K1
A0A821R2K1	A0A821R861
A0A821R646	A0A821R646
A0A821SF98	A0A821SF98
A0A821SF98	A0A9P0XE94
A0A821SV20	A0A821SV20
A0A821SV20	A0A9P0X9Y3
A0A821SV20	A0A821SS35
A0A821SV20	A0A821STG4
A0A821SV20	A0A821STH5
A0A821SV20	A0AAV1J4W5
A0A821SWK6	A0A821SWK6
A0A821SWK6	A0A9P0X1S4
A0A821U427	A0A821U427
A0A821U427	A0A821U436
A0A821U427	A0A821KXG1
A0A821U427	A0A821TWQ5
A0A821U427	A0A821TVN5
A0A821U427	A0A821TVM5
A0A821U427	A0A821R691
A0A821U427	A0A821KZF6
A0A8D0A116	A0A8D0A116
A0A8D0A116	B5X8S0
A0A8D0A116	A0A3Q2P147
A0A8D0A116	A0A4U5V505
A0A8D0A116	A0A4W5PRX9
A0A8D0A116	A0A5C6MHL0
A0A8D0A116	A0A667ZN76
A0A8D0A116	A0A673CHU2
A0A8D0A116	A0A6P8UJV5
A0A8D0A116	A0A8C5D7P8
A0A8D0A116	A0A8C6TED1
A0A8D0A116	A0A8C7CCG3
A0A8D0A116	A0A8C8EZ06
A0A8D0A116	A0A8D0A0Z9
A0A8D0A116	A0A8U0QU92
A0A8D0A116	A0AAJ7LPZ3
A0A8D0A116	A0AAN7XLG6
A0A8D0A116	A0AAN8BVA5
A0A8D0A116	Q8JFQ7
A0A8D0A116	Q9W6K0
A0A8D0A116	A0A3P8WB72
A0A8D0A116	A0A3Q3JX38
A0A8D0A116	A0A4W5MD78
A0A8D0A116	A0A4W5PV61
A0A8D0A116	A0A5J5DEI3
A0A8D0A116	A0A6G0IBY3
A0A8D0A116	A0A6P8VLZ7
A0A8D0A116	A0A8D0A0R3
A0A8D0A116	A0A8U0QW75
A0A8D0A116	A0AAD3N4C2
A0A8D0A116	A0AAD6A9A6
A0A8D0A116	A0AAV1QEY9
A0A8D0A116	A7VMR9
A0A8D0A116	F2XFT6
A0A8D0A116	A0A3P8W844
A0A8D0A116	A0A3Q1JP58
A0A8D0A116	A0A4Z2HU35
A0A8D0A116	A0A667ZTY9
A0A8D0A116	A0A8C4ZJE7
A0A8D0A116	A0A8C7LRL4
A0A8D0A116	A0A8C8GQ57
A0A8D0A116	A0AAD9C5H8
A0A8D0A116	A0AAD9C7K6
A0A8D0A116	A0AAV1FMJ4
A0A8D0A116	A0AAW1DX95
A0A8D0A116	F2XFT8
A0A8D0A116	F2XFW2
A0A8D0A116	Q92046
A0A8D0A116	A0A3B3ZKG6
A0A8D0A116	A0A3B4U414
A0A8D0A116	A0A3Q3RR76
A0A8D0A116	A0A484D7T5
A0A8D0A116	A0A4Z2JHH9
A0A8D0A116	A0A8C2WTX8
A0A8D0A116	A0A8C5F828
A0A8D0A116	A0A8U0QU87
A0A8D0A116	A0AAV2MAJ0
A0A8D0A116	A0A1S3N681
A0A8D0A116	A0A3B3ZKV9
A0A8D0A116	A0A3Q3W249
A0A8D0A116	A0A4W6BNW0
A0A8D0A116	A0A674B9K6
A0A8D0A116	A0A674D790
A0A8D0A116	A0A6G1PPA7
A0A8D0A116	A0A6P3WC31
A0A8D0A116	A0A8D0A1I5
A0A8D0A116	A0AA88SMX6
A0A8D0A116	A0AAQ4QSL6
A0A8D0A116	A0ABD1JD31
A0A8D0A116	P35034
A0A8D0A116	A0A9N7VL11
A0A8D0A116	O93265
A0A8D0A116	A0A060XWS0
A0A8D0A116	A0A3B4ZKT4
A0A8D0A116	A0A3Q3AWH8
A0A8D0A116	A0A2I4BYA9
A0A8D0A116	A0AAN8MH34
A0A8D0A116	G3NGG0
A0A8D0A116	A0A3Q0SHI3
A0A8D0A116	A0A8D0A6I7
A0A8D0A116	A0A6J2RBJ6
A0A8D0A116	A0A3B5LIF0
A0A8D0A116	A0A6I9NRM0
A0A8D0A116	Q788V0
A0A8D0A116	A0ABD0XHW0
A0A8D0A116	A0A3P9AH24
A0A8D0A116	A0A665WFP5
A0A8D0A116	A0AAV6G775
A0A8D0B8W5	A0A8D0B8W5
A0A8D0L4H1	A0A8D0L4H1
A0A8D2AUT9	A0A8D2AUT9
A0A8D2D6T9	A0A8D2D6T9
A0A8D2D6T9	A0A8C5ZA86
A0A8D2D6T9	A0A8D2D4A2
A0A8D2D6T9	A0A8D2D5H8
A0A8D2D6T9	A0A8C5Z7K1
A0A8D2D6T9	A0A8C5Z9E3
A0A8D2D6T9	A0A8C5Z8N9
A0A8D2D6T9	A0A8D2D8B7
A0A8D2D6T9	A0A8C5ZAV2
A0A8D2D6T9	A0A8C6ERK6
A0A8D2D6T9	A0A8D2D4X4
A0A8D2D6T9	A0A8D2D5N6
A0A8D2D6T9	A0AAX6T9T6
A0A8D2D6T9	G5C5M8
A0A8D2D6T9	A0A091CWF7
A0A8D2D6T9	A0A8C5Z6P4
A0A8D2D6T9	A0A8C5Z4T9
A0A8D2D6T9	A0A8C6ES52
A0A8D2D6T9	A0A8C9P848
A0A8D2D6T9	P32821
A0A8D2D6T9	P32822
A0A8D2D6T9	A0A8C9PFP2
A0A8D2D6T9	G3HU99
A0A8D2D6T9	V9LKW0
A0A8D2D6T9	G3HUA0
A0A8D2D6T9	A0A8C8U9S3
A0A8D2D6T9	A0A3L7ILZ4
A0A8D2D6T9	A0A8C2M8W1
A0A8D2D6T9	A0A6I9MDX8
A0A8D2D6T9	A0AAV0ADW0
A0A8D2D6T9	A0A8D2D9L9
A0A8D2D6T9	A0A8D2DA01
A0A8D2D6T9	A0A8C5Z854
A0A8D2D6T9	A0A8C5Z7N5
A0A8D2G1A0	A0A8D2G1A0
A0A8D2G1A0	A0A8D2K6J5
A0A8D2G1A0	A0A2K6CD47
A0A8D2ILR4	A0A8D2ILR4
A0A8D2J701	A0A8D2J701
A0A8D2J701	A0A8D2J5M4
A0A8D2J701	A0A8D2J9C0
A0A8D2KTI1	A0A8D2KTI1
A0A8D2KTI1	A0A8D2J1V4
A0A8D2L1Z1	A0A8D2L1Z1
A0A8D2L1Z1	A0A8D0B9Y8
A0A8D2L1Z1	A0A8D0BHN1
A0A8D2L1Z1	H9GNJ0
A0A8D2L1Z1	A0A6J0SAY2
A0A8D2L1Z1	A0A8D0BC71
A0A8D2L1Z1	A0A670JFJ9
A0A8D2L1Z1	A0A098LY14
A0A8D2L1Z1	A0A8D0BAM5
A0A8D2L1Z1	A0A8D0BB78
A0A8D2ZKP5	A0A8D2ZKP5
A0A8D2ZKP5	A0A8D2ZKW4
A0A8D2ZKP5	A0A8D2ZKU3
A0A8D2ZKP5	A0A8D2ZKU8
A0A8D3BFG6	A0A8D3BFG6
A0A8D8F1W1	A0A8D8F1W1
A0A8D8HDK5	A0A8D8HDK5
A0A8D8KHG4	A0A8D8KHG4
A0A8D8KHG4	A0A8D8FRZ7
A0A8D8KHG4	A0ABD1CC32
A0A8D8KHG4	B0XES8
A0A8D8KZ33	A0A8D8KZ33
A0A8D8KZ33	A0A1Q3EXD7
A0A8D8KZ33	A0A8D8AMU5
A0A8D8KZ33	A0A8D8F5N3
A0A8D8KZ33	A0A8D8KWC3
A0A8D8KZ33	A0A8D8PGD2
A0A8D8KZ33	B0X1E9
A0A8F2D9B2	A0A8F2D9B2
A0A8F2D9B2	A0AA38ITR5
A0A8I6SV07	A0A8I6SV07
A0A8J1J1S4	A0A8J1J1S4
A0A8J1LCA5	A0A8J1LCA5
A0A8J2HHV7	A0A8J2HHV7
A0A8J2HRC4	A0A8J2HRC4
A0A8J2HRC4	A0AAV7IZT1
A0A8J2QI85	A0A8J2QI85
A0A8C6VMX9	A0A8C6VMX9
A0A8C6VMX9	A0A670ZF25
A0A8C6VMX9	A0A9F5IMR1
A0A8C6VMX9	A0A670ZE51
A0A8C6VMX9	A0A670ZAM2
A0A8C6VMX9	A0A8C6VRQ0
A0A8C6WY96	A0A8C6WY96
A0A8C6Y2W8	A0A8C6Y2W8
A0A8C7C850	A0A8C7C850
A0A8C7C850	A0A8C7VZA4
A0A8C7C850	A0A673Z2S2
A0A8C7C850	A0AAZ3QA56
A0A8C7C850	A0A8C8HHX8
A0A8C7C850	A0A8C8HNZ7
A0A8C7C850	A0A8C8M4E2
A0A8C7C850	A0AAZ3R7V0
A0A8C7C850	A0A8C8GR27
A0A8C7C850	A0A8C8HFD8
A0A8C7C850	A0A8C8GZS0
A0A8C7CH37	A0A8C7CH37
A0A8C7CH37	A0A8C8HGF8
A0A8C7CH37	A0A3P9AFD5
A0A8C7CH37	A0A8C7RIU4
A0A8C7CH37	A0A8C7CB82
A0A8C7CH37	A0A8C8CKU3
A0A8C7CH37	A0A9W7TEZ8
A0A8C7CH37	A0A674BCS5
A0A8C7CH37	A0A9W7TBL3
A0A8C7CH37	A0A8U1F9N8
A0A8C7CH37	A0AAN8LUM6
A0A8C7CH37	A0A1S3P1A9
A0A8C7CH37	A0A8C7C4V2
A0A8C7E051	A0A8C7E051
A0A8C7E463	A0A8C7E463
A0A8C7E463	A0A2D4M4E9
A0A8C7EHZ9	A0A8C7EHZ9
A0A8C7EHZ9	A0A7K7VNT8
A0A8C7EHZ9	A0A7K7A9M9
A0A8C9DLG3	A0A8C9DLG3
A0A8C9DLG3	I3MBK1
A0A8C9GPU4	A0A8C9GPU4
A0A8C9GPU4	A0A2U3XH89
A0A8C9KP18	A0A8C9KP18
A0A8C9KP18	A0A452UVL7
A0A8C9KP18	A0A8C5RIZ3
A0A8C9LJK9	A0A8C9LJK9
A0A8C9QZ42	A0A8C9QZ42
W5MDB6	W5MDB6
W5MDL9	W5MDL9
W5MJS2	W5MJS2
W5MJS2	W5MA72
A0A023ENH7	A0A023ENH7
A0A023ENH7	A0A023ENG5
A0A023ENH7	A0ABM1ZUL1
A0A024TDF2	A0A024TDF2
A0A026WA00	A0A026WA00
A0A026WF37	A0A026WF37
A0A026WF37	A0A4S2JNI7
A0A026WF37	A0A6J1PBW3
A0A026WF37	A0A6P3DUN9
A0A026WF37	A0A6P3YAT4
A0A026WF37	A0A7M7GQ67
A0A026WF37	A0A834NFY9
A0A026WF37	A0A834NME8
A0A026WF37	A0AAW2FDW4
A0A026WF37	A0A158NME0
A0A026WF37	A0A7M7GL84
A0A026WF37	A0A836K3C1
A0A026WF37	A0AAD9RFF9
A0A026WF37	A0A151I2X5
A0A026WF37	A0A7M7GKE2
A0A026WF37	A0A834PBB4
A0A026WF37	E2B7U5
A0A026WF37	A0A6J3K5P2
A0A026WF37	A0AAJ7FKG7
A0A026WF37	A0AAW0ZPK3
A0A026WF37	A0AAW2FBV5
A0A026WF37	A0A0L7RCG6
A0A026WF37	A0A6J1RND2
A0A026WF37	A0A6V7HI45
A0A026WF37	A0A836E1U1
A0A026WF37	A0A9C6SNJ6
A0A026WF37	A0A7M7PW26
A0A026WF37	A0AAJ6YS70
A0A026WF37	A0A232EFT3
A0A026WF37	A0AA39FF47
A0A026WF37	F4X5T5
A0A026WF37	A0A8J2HA19
A0A026WF37	A0AAJ7WCD6
A0A068F688	A0A068F688
A0A081AEG9	A0A081AEG9
A0A081AEG9	V9FCJ7
A0A084VB50	A0A084VB50
A0A085N566	A0A085N566
A0A087XD00	A0A087XD00
A0A090L679	A0A090L679
A0A090L679	A0A0K0DTX6
A0A090L679	A0A0N4ZXY5
A0A091D289	A0A091D289
A0A091D551	A0A091D551
A0A091D551	A0A8C2UKW3
A0A091D551	A0AAX6Q6Y0
A0A093Q4C9	A0A093Q4C9
A0A093Q4C9	A0A7L3JPD4
A0A0A1SW82	A0A0A1SW82
A0A0A1WZ93	A0A0A1WZ93
A0A0C9R8T2	A0A0C9R8T2
A0A0C9RC21	A0A0C9RC21
A0A0C9RC21	A0A9R1T6E8
A0A0D9RTG1	A0A0D9RTG1
A0A0D9RTG1	A0A2K5MSE9
A0A0D9RTG1	A0A2K6BJ36
A0A0D9RTG1	A0A2K6RV02
A0A0D9RTG1	P18291
A0A0D9RTG1	P04187
A0A0D9RTG1	Q06605
A0A0D9RTG1	A0A6P5R2U8
A0A0D9RTG1	A0A8C6HEK4
A0A0F0H7W2	A0A0F0H7W2
A0A0J9R3I7	A0A0J9R3I7
A0A0K2T0Y4	A0A0K2T0Y4
A0A0K2UDC6	A0A0K2UDC6
A0A0K8RES4	A0A0K8RES4
A0A0L0BPA2	A0A0L0BPA2
A0A0L0C5H6	A0A0L0C5H6
A0A0L0CRH5	A0A0L0CRH5
A0A0M3QV11	A0A0M3QV11
A0A0M4E7T7	A0A0M4E7T7
A0A0M4EH17	A0A0M4EH17
A0A0M5KXX2	A0A0M5KXX2
A0A0N1IPY4	A0A0N1IPY4
A0A0N5BD37	A0A0N5BD37
A0A0N5BD37	A0A0N5CBG2
A0A0P6J340	A0A0P6J340
A0A0P7TZS8	A0A0P7TZS8
A0A0P7TZS8	A0A8C9W1R0
A0A0P7TZS8	A0AAY4B8M3
A0A0P7TZS8	A0A8C9VYM6
A0A0P7TZS8	A0A9D3Q062
A0A0P7TZS8	A0AAY4B8M4
A0A0P7TZS8	A0A8C9RLA0
A0A0P7TZS8	A0A8C9T6T0
A0A0P7TZS8	A0A8D0CMG1
A0A0P7TZS8	A0A3Q1CT76
A0A0P7TZS8	A0A3Q2QLK7
A0A0P7TZS8	A0A3Q1CC16
A0A0P7TZS8	A0A3Q1BVF4
A0A0P7TZS8	A0A8C2WWA8
A0A0P7TZS8	A0A8C2YZ65
A0A0P7TZS8	A0A8C8JPF8
A0A0P7TZS8	A0A8C7LWF7
A0A0P7TZS8	A0AAZ3NUN3
A0A0P7TZS8	A0A8C7HMU2
A0A0P7TZS8	A0A8C7MJ46
A0A0P7TZS8	A0A8D3DQ59
A0A0P7TZS8	A0AAY4B8J4
A0A0P7TZS8	A0AAY4B7Z8
A0A0P7TZS8	A0AAY4BAU1
A0A0P7TZS8	A0AAY4B8A4
A0A0P7TZS8	A0A8C2WTN6
A0A0P7TZS8	A0A8C9WHP8
A0A0P7TZS8	A0A8C9SU77
A0A0P7TZS8	A0A9N7UR02
A0A0P7TZS8	A0A6I9N1X4
A0A0P7TZS8	A0A4W5PV11
A0A0P7TZS8	A0A2U9BYT1
A0A0P7TZS8	A0A3Q3WLR6
A0A0P7TZS8	A0A6P7ISB2
A0A0P7TZS8	A0A6P8TLZ1
A0A0P7TZS8	A0A7J5ZH14
A0A0P7TZS8	A0A8D3B071
A0A0P7TZS8	A0A8P4KAH7
A0A0P7TZS8	A0A8T0AT66
A0A0P7TZS8	A0AAN8DK99
A0A0P7TZS8	A0A3Q3SNE6
A0A0P7TZS8	A0A8C5DFR0
A0A0P7TZS8	A0A8C6TDZ5
A0A0P7TZS8	A0AAD5A698
A0A0P7TZS8	A0ABD2HE40
A0A0P7TZS8	A0A3B5A669
A0A0P7TZS8	A0A5N5NJG9
A0A0P7TZS8	A0A674MEZ8
A0A0P7TZS8	A0A6P6PX55
A0A0P7TZS8	A0AAN9CQ11
A0A0P7TZS8	A0A4W5PR76
A0A0P7TZS8	A0A6J2Q290
A0A0P7TZS8	A0AAN8C1S8
A0A0P7TZS8	A0AAR2LBE7
A0A0P7TZS8	A0A553PXC4
A0A0P7TZS8	A0AAN7XM64
A0A0P7TZS8	A0A669DNI8
A0A0P7TZS8	A0A3P9CXU1
A0A0P7TZS8	A0A9D3P2K3
A0A0P7TZS8	A0AA88SQ05
A0A0P7TZS8	A0A3Q1FCW6
A0A0P7TZS8	A0A3Q4GFE1
A0A0P7TZS8	A0A3B4FRV7
A0A0P7TZS8	A0A3Q2W8Z8
A0A0P7TZS8	A0A7J5ZPF8
A0A0P7TZS8	A0A3B4D1L3
A0A0P7TZS8	A0A3Q1FDZ0
A0A0P7TZS8	A0A8T2LGC1
A0A0P7TZS8	A0A2D0R367
A0A0P7TZS8	A0A9Y4JF19
A0A0P7TZS8	A0AAZ1XDU3
A0A0P7TZS8	A0A673AGR1
A0A0P7TZS8	A0A665TG56
A0A0P7TZS8	A0A665SXD8
A0A0P7TZS8	A0A8C9TDF9
A0A0P7TZS8	A0A8C9TI79
A0A0P7TZS8	A0AAV1MWX9
A0A0P7TZS8	A0AAY4B7T9
A0A0P7TZS8	A0AAY4B8Y4
A0A0P7TZS8	A0AAY4B8Z6
A0A0P7TZS8	A0AAY4B8U7
A0A0P7TZS8	A0A2D0R3X1
A0A0P7TZS8	A0A3B3SQA6
A0A0P7TZS8	A0A3B3SRH8
A0A0P7TZS8	A0A3Q0T0I3
A0A0P7TZS8	A0A1S3MF78
A0A0P7TZS8	A0A3P8T8M2
A0A0P7TZS8	A0A3P8XQ33
A0A0P7TZS8	A0A673AH82
A0A0P7TZS8	A0A673AIT9
A0A0P7TZS8	A0A6G1Q2V4
A0A0P7TZS8	G3NTX5
A0A0P7TZS8	A0A3B4T8Y3
A0A0P7TZS8	A0A4W5K6W5
A0A0P7TZS8	A0A667X5E2
A0A0P7TZS8	A0A6P7MZN2
A0A0P7TZS8	A0A8C2WWM2
A0A0P7TZS8	I3J1A8
A0A0P7TZS8	A0A060WKP3
A0A0P7TZS8	A0A8C1Y5Z1
A0A0P7TZS8	A0A8C2JXP3
A0A0P7TZS8	A0A8C2WU58
A0A0P7TZS8	A0A8C2WV64
A0A0P7TZS8	A0A1A7ZIK5
A0A0P7TZS8	A0A667X4Q7
A0A0P7TZS8	A0A668VMK0
A0A0P7TZS8	A0A671L8L0
A0A0P7TZS8	A0A673GS26
A0A0P7TZS8	A0A8U1EUC0
A0A0P7TZS8	A0AAN8LQ20
A0A0P7TZS8	A0ABD0XZL9
A0A0P7TZS8	G3NTW7
A0A0P7TZS8	A0A3P8QZ79
A0A0P7TZS8	A0A672NLP8
A0A0P7TZS8	A0A6J2WAI3
A0A0P7TZS8	A0A8C2Q251
A0A0P7TZS8	A0A8C2WV48
A0A0P7TZS8	A0A8C7MJ57
A0A0P7TZS8	A0A8C8JVV4
A0A0P7TZS8	A0AAD6AXG5
A0A0P7TZS8	A0AAD9CCB5
A0A0P7TZS8	A0A087XWX3
A0A0P7TZS8	A0A3Q2DT34
A0A0P7TZS8	A0A3Q2DT94
A0A0P7TZS8	A0A4W4FWX2
A0A0P7TZS8	A0A673AL86
A0A0P7TZS8	H3D346
A0A0P7TZS8	Q4S848
A0A0P7TZS8	A0A3Q1IJ66
A0A0P7TZS8	A0A4W4FUD0
A0A0P7TZS8	A0A9W7TGB9
A0A0P7TZS8	A0A4W4FWF7
A0A0P7TZS8	A0A4W4FSR6
A0A0P7TZS8	A0A4W4FWU0
A0A0P7TZS8	A0A673AHE2
A0A0P7TZS8	A0A6P3VZ29
A0A0P7TZS8	A0A8C6Q576
A0A0P7TZS8	A0A8C6Q1Z8
A0A0P7TZS8	A0A1A8UBR5
A0A0P7TZS8	A0A1A8NNZ2
A0A0P7TZS8	A0A1A8SN52
A0A0P7TZS8	A0A8C6Q347
A0A0P7TZS8	A0A1A8MR09
A0A0P7TZS8	A0A3P8TB39
A0A0P7TZS8	D9U8G1
A0A0P7TZS8	A0A667XFW2
A0A0P7TZS8	A0A667XLB9
A0A0P7TZS8	A0A673AIB5
A0A0P7TZS8	A0A673AH86
A0A0P7TZS8	A0A667X3T4
A0A0P7TZS8	A0A667XD39
A0A0P7TZS8	A0A667XG72
A0A0P7TZS8	A0A673AK16
A0A0P7TZS8	A0A674NH05
A0A0P7TZS8	M4AQ99
A0A0P7TZS8	A0A8S4BZC1
A0A0P7TZS8	A0A9D3LYF6
A0A0P7TZS8	A0AA47P0L9
A0A0P7TZS8	F1Q5I4
A0A0P7TZS8	A0A3B3UQX7
A0A0P7TZS8	A0A3B4ZBB6
A0A0P7TZS8	A0A3P8V272
A0A0P7TZS8	A0A3P9QI77
A0A0P7TZS8	A0A3Q3IJT7
A0A0P7TZS8	A0A8C5A0I1
A0A0P7TZS8	A0AAW1DZY1
A0A0P7TZS8	A0A3B3VUP0
A0A0P7TZS8	A0A3B3Z0H1
A0A0P7TZS8	A0A3P9J088
A0A0P7TZS8	A0A3Q3G690
A0A0P7TZS8	A0A671X779
A0A0P7TZS8	A0A9Q0DDS2
A0A0P7TZS8	A0AA88TYF4
A0A0P7TZS8	A0AAV1HHU3
A0A0P7TZS8	B9V2Y5
A0A0P7TZS8	Q92077
A0A0P7TZS8	A0A3B3D1A6
A0A0P7TZS8	A0A3Q3G665
A0A0P7TZS8	A0A437D590
A0A0P7TZS8	A0A672IBG7
A0A0P7TZS8	A0A7J6CU40
A0A0P7TZS8	A0A8C5AW00
A0A0P7TZS8	A0AA88N6V0
A0A0P7TZS8	A0AAD3QWE1
A0A0P7TZS8	A0A484D5W6
A0A0P7TZS8	A0A4U5US75
A0A0P7TZS8	A0A671X997
A0A0P7TZS8	A0A6A5FHX0
A0A0P7TZS8	A0A6G0IPL3
A0A0P7TZS8	A0A8C4ZKC3
A0A0P7TZS8	A0A8D8FFD7
A0A0P7TZS8	Q4QY80
A0A0P7TZS8	A0A2I4C033
A0A0P7TZS8	A0A3P9MBW6
A0A0P7TZS8	A0A3Q3IJT2
A0A0P7TZS8	A0A8C9YAT5
A0A0P7TZS8	A0A4W4FWU6
A0A0P7TZS8	A0A4W4FX82
A0A0P7TZS8	A0A4W4FW86
A0A0P7TZS8	A0A4W4FXB9
A0A0P7TZS8	A0A4W4FW11
A0A0P7TZS8	A0AAD7RR88
A0A8D8A3C6	A0A8D8A3C6
A0A8D8A3C6	A0A8D8MUZ6
A0A8D8A3C6	A0A8D8KIY9
A0A8D8A3C6	B0X667
A0A8D8A3C6	A0A8D8EVK9
A0A8D8AQ41	A0A8D8AQ41
A0A8D8AYU0	A0A8D8AYU0
A0A8D8B092	A0A8D8B092
A0A8D8EWY8	A0A8D8EWY8
A0A8I3NXG0	A0A8I3NXG0
A0A8I3NXG0	P09582
A0A8I3NXG0	A0A8C0YV34
A0A8I3PQP7	A0A8I3PQP7
A0A8I3PQP7	A0A8C0SMA1
A0A8I3X920	A0A8I3X920
A0A8I3X920	P00746
A0A8I3X920	A6XNE2
A0A8I3X920	A0A8Q3WKW0
A0A8I3X920	Q6FHW3
A0A8I3X920	K7ERG9
A0A8I3X920	H0XZ59
A0A8I3X920	A0A8D2DY96
A0A8I3X920	A0A2I2Z4B4
A0A8I3X920	F6YBP7
A0A8I3X920	A0A0D9RJT4
A0A8I3X920	H2R6K0
A0A8I3X920	A0A2Y9LC89
A0A8I3X920	A0A5E4BHG7
A0A8I3X920	A0A8I3W1B0
A0A8I3X920	A0AA41MQP7
A0A8I3X920	A0A2K6BTQ1
A0A8I3X920	A0A3Q7PLZ0
A0A8I3X920	A0A6J2CGJ8
A0A8I3X920	A0A7J8I596
A0A8I3X920	A0A7J8I5U3
A0A8I3X920	A0A8C6AI81
A0A8I3X920	A0A8D2EVE8
A0A8I3X920	A0A8M1MMJ0
A0A8I3X920	A0A8U0SJM2
A0A8I3X920	A0A9W3H0R0
A0A8I3X920	A0ABQ9TPV9
A0A8I3X920	G3QES0
A0A8I3X920	A0A2K5LFV9
A0A8I3X920	A0A6B0RPW7
A0A8I3X920	A0A6J3FSH1
A0A8I3X920	A0A8B7VJF4
A0A8I3X920	A0A8C9AN09
A0A8I3X920	A0A8C9BRC2
A0A8I3X920	A0ABM0J869
A0A8I3X920	H2NWR7
A0A8I3X920	U3C211
A0A8I3X920	A0A250YDR4
A0A8I3X920	A0A2J8RA50
A0A8I3X920	A0A2Y9DPT5
A0A8I3X920	A0A5E4BGM6
A0A8I3X920	L8HP71
A0A8I3X920	A0A6J0AMK7
A0A8I3X920	A0A6J3R7Y9
A0A8I3X920	A0A8B9WSN4
A0A8I3X920	A0A8C9GR29
A0A8I3X920	P32038
A0A8I3X920	P03953
A0A8I3X920	A6K8V6
A0A8I3X920	B7ZNS9
A0A8I3X920	A6K8V5
A0A8I3X920	A0A061I2Z8
A0A8I3X920	A0A8C6G8S6
A0A8I3X920	A0A6P5QJL8
A0A8I3X920	A0AAW0HPZ6
A0A8I3X920	A0ABM2WTL6
A0A8I3X920	A0ABQ0F7W2
A0A8I3X920	A0A6I9LJQ9
A0A8I3X920	A0ABM0L558
A0A8I3X920	G3HF50
A0A8I3X920	A0A6P5QCT9
A0A8I3X920	A0AAU9YY80
A0A8I3X920	A0ABM0L559
A0A8I3X920	A0A8Q3WKV6
A0A8I3X920	A0A1S2ZUW9
A0A8I3X920	A0A7J7XEW7
A0A8I3X920	G1NZU9
A0A8I3X920	A0A8C5K8N7
A0A8I3X920	A0AAX6QJD1
A0A8I3X920	A0A6P3EVT2
A0A8I3X920	A0A8C6QG65
A0A8I3X920	G5C5X5
A0A8I3X920	A0A7J7XEB0
A0A8I3X920	A0A7J8BQ81
A0A8I3X920	A0A2R9CB19
A0A8I3X920	A0A2R9C0X9
A0A8I3X920	A0A834DU45
A0A8I3X920	A0ABP0A5E1
A0A8I3X920	A0A7J7X9B1
A0A8I3X920	A0A7J8I4H1
A0A8I6SBN5	A0A8I6SBN5
A0A8I6SDV4	A0A8I6SDV4
A0A8I6TJP3	A0A8I6TJP3
A0A8J2R5H5	A0A8J2R5H5
A0A8J2R5H5	A0A8J2WD53
A0A8J2REU0	A0A8J2REU0
A0A8J2RF74	A0A8J2RF74
A0A8J2RMN3	A0A8J2RMN3
A0A8J2VUL6	A0A8J2VUL6
A0A8J2VUL6	A0A212F636
A0A8J2VUL6	A0AAU9UM89
A0A8J2VUL6	A0A8S4S875
A0A8J2W0Q2	A0A8J2W0Q2
A0A8J2WNF1	A0A8J2WNF1
A0A8J5TG11	A0A8J5TG11
A0A8J6HU19	A0A8J6HU19
A0A8J6LM53	A0A8J6LM53
A0A8J7NWK0	A0A8J7NWK0
A0A8J7NWK0	A0A8C9U8K7
A0A8J7NWK0	W5MNA4
A0A8J7NWK0	A0A9D3MIN7
A0A8J7NWK0	A0AAD7S2V6
A0A8J7NWK0	K4Q321
A0A8J7NWK0	A0A8C9QW26
A0A8J7NWK0	A0A8C9TNG8
A0A8J9UDH7	A0A8J9UDH7
A0A8J9UNT8	A0A8J9UNT8
A0A8J9VZP4	A0A8J9VZP4
A0A8J9YGH0	A0A8J9YGH0
A0A8J9YHV7	A0A8J9YHV7
A0A8K0CAM5	A0A8K0CAM5
A0A8K0CAM5	A0A8K0CV20
A0A8K0CAQ0	A0A8K0CAQ0
A0A8K0CQM6	A0A8K0CQM6
A0A8K0DCH0	A0A8K0DCH0
A0A8K0DME7	A0A8K0DME7
A0A8K0FWL9	A0A8K0FWL9
A0A8K0G324	A0A8K0G324
A0A8K0GC61	A0A8K0GC61
A0A8K0GGD5	A0A8K0GGD5
A0A8K0P661	A0A8K0P661
A0A8R2AI78	A0A8R2AI78
A0A8R2AJH1	A0A8R2AJH1
A0A8R2AJH1	J7JYV8
A0A8R2CAC3	A0A8R2CAC3
A0A8S0YLS5	A0A8S0YLS5
A0A8S0YLS5	A0A8S1AIE5
A0A8S0Z5P6	A0A8S0Z5P6
A0A8S0ZD54	A0A8S0ZD54
A0A8S0ZE88	A0A8S0ZE88
A0A8S0ZE88	A0A8S1AU78
A0A0K2ULV0	A0A0K2ULV0
A0A0L0C5L7	A0A0L0C5L7
A0A0L0C857	A0A0L0C857
A0A0L0CPD5	A0A0L0CPD5
A0A0L0CPD5	A0A1I8PE12
A0A0L7KY81	A0A0L7KY81
A0A0M4ED15	A0A0M4ED15
A0A0M4EEU2	A0A0M4EEU2
A0A0M4EEU2	B4JVV1
A0A0M4EEU2	A0A6J1L9V3
A0A0M4EEU2	B4KTX6
A0A0M4EEU2	B4LJ05
A0A0M4EEU2	A0A484B5L3
A0A0M4EEU2	A0ABM1PLP7
A0A0M4EIP8	A0A0M4EIP8
A0A0M4EUW3	A0A0M4EUW3
A0A0M4F8R9	A0A0M4F8R9
A0A0M5JB04	A0A0M5JB04
A0A0N1PGY7	A0A0N1PGY7
A0A0N1PGY7	A0A194Q0R8
A0A0N9IAX8	A0A0N9IAX8
A0A0P4X0W2	A0A0P4X0W2
A0A0P7XUD2	A0A0P7XUD2
A0A0P7XUD2	A0A8C9S9Q1
A0A0P7XUD2	A0A8C9SF55
A0A0P7XUD2	A0A5A9NCY5
A0A0P7XUD2	A0A2R8QB40
A0A0P7XUD2	A0AA88PC99
A0A0P7XUD2	A0A672NXY4
A0A0P7XUD2	A0A8C2D264
A0A0P7XUD2	A0A9W7TE53
A0A0P7XUD2	A0A6P6JC30
A0A0P7XUD2	A0A6P6M7Z1
A0A0P7XUD2	A0A8C1D7L7
A0A0P7XUD2	A0A9D3NLC8
A0A0P7XUD2	A0A3N0Z0S7
A0A0P7XUD2	A0A671N6E4
A0A0P7XUD2	A0A671N7X3
A0A0P7XUD2	A0A673HIQ7
A0A0P7XUD2	A0A8C1GBT1
A0A0P7XUD2	A0A8C1VDG8
A0A0P7XUD2	A0AAR2KQK8
A0A0P8ZIB7	A0A0P8ZIB7
A0A0P8ZIB7	A0A0Q5W8L9
A0A0P8ZIB7	A0A0R1DIF0
A0A0Q5VLI2	A0A0Q5VLI2
A0A0Q5VLI2	A1ZA44
A0A0Q9W320	A0A0Q9W320
A0A0Q9W320	B4LK26
A0A0Q9WMK5	A0A0Q9WMK5
A0A0Q9WP94	A0A0Q9WP94
A0A0Q9WZW9	A0A0Q9WZW9
A0A0Q9X5D2	A0A0Q9X5D2
A0A0V0XZ40	A0A0V0XZ40
A0A0V0XZ40	A0A0V0TBD5
A0A0V0XZ40	A0A0V1CT38
A0A0V0XZ40	A0A0V1H3Z7
A0A0V0XZ40	A0A0V1MVL7
A0A0V0XZ40	A0A0V0ZMC5
A0A0V0XZ40	A0A0V1B001
A0A0V0XZ40	A0A0V0SN38
A0A0V0XZ40	A0A0V1ERT2
A0A131YQP4	A0A131YQP4
A0A154P885	A0A154P885
A0A158NAX9	A0A158NAX9
A0A158NW98	A0A158NW98
A0A158NXN0	A0A158NXN0
A0A158NXN0	A0A195EUZ7
A0A158NXN0	A0A836JQR9
A0A158NXN0	A0A836EIT2
A0A158NXN0	A0A836JXR4
A0A176YJA5	A0A176YJA5
A0A182JDD9	A0A182JDD9
A0A182K7T0	A0A182K7T0
A0A182LYL5	A0A182LYL5
A0A182LYU1	A0A182LYU1
A0A182LZ76	A0A182LZ76
A0A182LZ76	A0A182W6P7
A0A182MU69	A0A182MU69
A0A182MU69	A0A2C9H6G8
A0A182PAJ9	A0A182PAJ9
A0A182PIY5	A0A182PIY5
A0A182PIY5	A0A182JXC4
A0A182PIY5	A0A182X1Z3
A0A182PLN9	A0A182PLN9
A0A182PLN9	A0A182V102
A0A182QQJ2	A0A182QQJ2
A0A182SMA9	A0A182SMA9
A0A182T5I0	A0A182T5I0
A0A182T5I0	A0A182MQ00
A0A182T5I0	A0A2C9H6I4
A0A182T5I0	A0A2C9GVB3
A0A182T5I0	A0A2C9GW52
A0A182TV49	A0A182TV49
A0A182TV49	A0A182RLS1
A0A182TV49	A0A3F2Z257
A0A182TV49	A0A182QGQ8
A0A182TV49	Q7Q5A6
A0A182TV49	A0A8W7PXB8
A0A182TV49	A0A182WBV1
A0A182TV49	A0A182JVH2
A0A182V1Q2	A0A182V1Q2
A0A194PGC6	A0A194PGC6
A0A194PQQ5	A0A194PQQ5
A0A194PQQ5	A0AAJ7EFV8
A0A194PZ53	A0A194PZ53
A0A194PZ53	A0A0N1PJ78
A0A194PZ53	A0AAJ6Z1W6
A0A194QMP7	A0A194QMP7
A0A194R1N4	A0A194R1N4
A0A195B0M6	A0A195B0M6
A0A195B0M6	A0A836K306
A0A195B0M6	A0A195EUP0
A0A195B0M6	A0A836FAS9
A0A195B0M6	A0A836F7U2
A0A1A8A771	A0A1A8A771
A0A1A8A771	A0A1A8BQ60
A0A1A8L5X1	A0A1A8L5X1
A0A1A8L5X1	A0A1A8UKY6
A0A1A8L5X1	A0A1A8CX43
A0A1A8P2H1	A0A1A8P2H1
A0A1A8RY20	A0A1A8RY20
A0A1A9ULN3	A0A1A9ULN3
A0A1A9V6D7	A0A1A9V6D7
A0A1A9V6D7	A0A1A9ZHE3
A0A1A9V6D7	A0A9C6DQ31
A0A1A9V6D8	A0A1A9V6D8
A0A1A9X3Z7	A0A1A9X3Z7
A0A1A9X3Z7	A0A1A9X3Z6
A0A1A9X3Z7	A0A1A9V6D6
A0A1A9X3Z7	A0A1A9ZHE0
A0A1A9X3Z7	A0A1A9X3Z4
A0A1A9ZP60	A0A1A9ZP60
A0A1A9ZTC6	A0A1A9ZTC6
A0A1A9ZTC6	A0A1B0B3T1
A0A1A9ZTC6	A0A9C6DLS8
A0A1A9ZTC6	A0A1B0G6R2
A0A1A9ZTC6	A0A1A9WJH7
A0A1B0A4F9	A0A1B0A4F9
A0A1B0A4F9	A0A1A9V840
A0A1B0A4F9	A0A1B0AYX9
A0A1B0AAJ6	A0A1B0AAJ6
A0A1B0B285	A0A1B0B285
A0A1B0BZB4	A0A1B0BZB4
A0A1B0BZB4	A0A1A9VLU8
A0A1B0BZB4	A0A1A9ZBK3
A0A1B0BZB4	A0A1B0G7X6
A0A1B0BZB4	A0A1A9X2I6
A0A1B0CLG9	A0A1B0CLG9
A0A1B0DQX3	A0A1B0DQX3
A0A1B0DQX3	Q7Z0G3
A0A1B0G8X1	A0A1B0G8X1
A0A1B0GJ76	A0A1B0GJ76
A0A1B6C1J8	A0A1B6C1J8
A0A1B6KQL1	A0A1B6KQL1
A0A1E1WN59	A0A1E1WN59
A0A1E1WNA7	A0A1E1WNA7
A0A1E1WV71	A0A1E1WV71
A0A1I5PRE7	A0A1I5PRE7
A0A1I8MR54	A0A1I8MR54
A0A1I8MR54	A0A1I8M746
A0A1I8N6W7	A0A1I8N6W7
A0A1I8N6W7	T1PGJ2
A0A1I8NHQ7	A0A1I8NHQ7
A0A1I8NHQ7	A0A1I8QB40
A0A1I8NNC3	A0A1I8NNC3
A0A1I8NSG0	A0A1I8NSG0
A0A1I8NTN9	A0A1I8NTN9
A0A1I8P244	A0A1I8P244
A0A1I8P7E4	A0A1I8P7E4
A0A1I8PVB1	A0A1I8PVB1
A0A1I8Q6B4	A0A1I8Q6B4
A0A1I8Q6S0	A0A1I8Q6S0
A0A1L8DQB3	A0A1L8DQB3
A0A1L8EG37	A0A1L8EG37
A0A1L8EG37	A0A1L8E9H5
A0A1L8EG37	A0A1L8EFX6
A0A1Q3FM80	A0A1Q3FM80
A0A1Q3FM80	A0A1Q3FMH9
A0A1S3PAW6	A0A1S3PAW6
A0A1S4EC83	A0A1S4EC83
A0A1S4FH94	A0A1S4FH94
A0A1S4FH94	A0A1S4FZU0
A0A1S4FH94	Q171L4
A0A1S4FH94	A0ABM1Z3F9
A0A1S4FH94	Q16ID4
A0A1S4FH94	A0ABM1YL87
A0A1S4FH94	A0A6I8U6I2
A0A1S4FH94	A0ABM1ZMM9
A0A1S5QNT6	A0A1S5QNT6
A0A1V9XAW6	A0A1V9XAW6
A0A1W7CSR2	A0A1W7CSR2
A0A1W7R9I8	A0A1W7R9I8
A0A1Y1K9I8	A0A1Y1K9I8
A0A1Y1K9I8	A0A1Y1LVG1
A0A1Y1K9I8	A0A5N4A726
A0A1Y9H2U7	A0A1Y9H2U7
A0A1Y9HAQ2	A0A1Y9HAQ2
A0A232EW80	A0A232EW80
A0A232EW80	A0A7M7LRB3
A0A232F5Q1	A0A232F5Q1
A0A232F5Q1	A0A7M6UGG0
A0A240PK71	A0A240PK71
A0A240PK71	A0A182JA21
A0A285J637	A0A285J637
A0A285J637	A0ABQ3XXE7
A0A286XGE2	A0A286XGE2
A0A287DCS0	A0A287DCS0
A0A287DCS0	A0A8D2KFI7
A0A287DCS0	A0A8C6ESA1
A0A2A4JKX6	A0A2A4JKX6
A0A2A4JKX6	A0A2A4JJQ3
A0A2A4JKX6	A0A2A4JIX9
A0A2A4JKX6	A0A2A4JJ19
A0A2A4JKX6	A0A2A4JJV5
A0A2A4JKX6	A0A2A4JK09
A0A2A4JKX6	A0AAD8DSF4
A0A2A4JLS3	A0A2A4JLS3
A0A2C9H6G3	A0A2C9H6G3
A0A2G9QCP4	A0A2G9QCP4
A0A2G9QCP4	A0AAV6ZD34
A0A2G9QCP4	A0A8V0ZPB4
A0A2G9QCP4	A0A974CDC9
A0A2G9QCP4	Q5M902
A0A2G9QCP4	A0A8J6EM74
A0A2I3G5M1	A0A2I3G5M1
A0A2I3G5M1	A0A2I2ZUM9
A0A2I4AWZ2	A0A2I4AWZ2
A0A2I5YNX3	A0A2I5YNX3
A0A2I9LPS4	A0A2I9LPS4
A0A2I9LPS4	A0A0C9S383
A0A2J7RRJ3	A0A2J7RRJ3
A0A2J7RRJ3	A0A6L2PV88
A0A2K5JLN3	A0A2K5JLN3
A0A2K5JLN3	A0A2K5L9C4
A0A2L2YNW8	A0A2L2YNW8
A0A2M4AWE8	A0A2M4AWE8
A0A2M4AWE8	A0A2M4AWD8
A0A2P4SD41	A0A2P4SD41
A0A2P4SD41	A0A226M5W1
A0A2P4X9R8	A0A2P4X9R8
A0AAD4JW12	A0AAD4JW12
A0AAD4JW12	Q5U142
A0AAD4JW12	A0AAD4JY16
A0AAD4JW12	A0A6P8YFS5
A0AAD4JW12	B4LD02
A0AAD4JW12	B4LD03
A0AAD4JW12	A0A6P8YFT3
A0AAD4JW12	B4L9Q8
A0AAD4JW12	B4PG33
A0AAD4JW12	Q9VSJ2
A0AAD4JW12	R9TD69
A0AAD4JW12	B4MLN7
A0AAD4JW12	A0A0J9RRD4
A0AAD4JW12	A0A6P4IGW1
A0AAD4JW12	B3M5J3
A0AAD4JW12	B4QLN8
A0AAD4JW12	B4HJH8
A0AAD4JW12	A0A6P8WR13
A0AAD4JW12	B4LD04
A0AAD4PKT4	A0AAD4PKT4
A0AAD4PKT4	A0A6P8WWU1
A0AAD5KQ52	A0AAD5KQ52
A0AAD5LKF4	A0AAD5LKF4
A0AAD7TCH6	A0AAD7TCH6
A0AAD7TCH6	A0A9D3T3Y6
A0AAD7YFR8	A0AAD7YFR8
A0AAD7YQK1	A0AAD7YQK1
A0AAD8CJ63	A0AAD8CJ63
A0AAD8CJ63	A0AAD8CUM5
A0AAD8D3A7	A0AAD8D3A7
A0AAD8D3A7	A0A662YPS9
A0AAD8DKY1	A0AAD8DKY1
A0AAD8DN72	A0AAD8DN72
A0AAD8DN72	A0A835GCS0
A0AAD8DN72	A0AAV1LBJ6
A0AAD8DN72	A0A2W1BPS3
A0AAD8DN72	A0A921Z3M1
A0AAD8DN72	A0ABD0SE77
A0AAD8DN72	A0A2A4K063
A0AAD8DN72	A0A9P0FVV3
A0AAD8DN72	A0A8R2R854
A0AAD8DN72	A0A9P0N3U6
A0AAD8DN72	A0A212F0N0
A0AAD8DN72	A0A8J2QU69
A0AAD8DN72	A0A5E4PW53
A0AAD8DN72	A0A2A4K0I2
A0AAD8DN72	A0A921Z2K6
A0AAD8DN72	A0AAU9UDN0
A0AAD8DN72	A0A8J9UEQ8
A0AAD8DTP8	A0AAD8DTP8
A0AAD8EI15	A0AAD8EI15
A0AAD8ET52	A0AAD8ET52
A0AAD8LVG0	A0AAD8LVG0
A0AAD9BPF4	A0AAD9BPF4
A0AAG5CTV8	A0AAG5CTV8
A0AAG5D4Y6	A0AAG5D4Y6
A0AAG5D4Y6	A0A9I3EI35
A0AAG5D4Y6	Q5TWQ5
A0AAG5D4Y6	A0A182UFJ4
A0AAG5D4Y6	A0A182VGU5
A0AAG5D4Y6	A0A8W7P4E1
A0AAG5D4Y6	A0AAG5D5I0
A0AAG5D5H3	A0AAG5D5H3
A0AAG5DT13	A0AAG5DT13
A0AAJ0FVF6	A0AAJ0FVF6
A0AAJ6YNV3	A0AAJ6YNV3
A0AAJ6YWM9	A0AAJ6YWM9
A0AAJ6ZN19	A0AAJ6ZN19
A0AAJ6ZN19	A0A194PP38
A0AAJ7E5X2	A0AAJ7E5X2
A0AAJ7E9J0	A0AAJ7E9J0
A0AAJ7FEQ6	A0AAJ7FEQ6
A0AAJ7J9L6	A0AAJ7J9L6
A0AAJ7J9L6	A0AAJ7JCX7
A0AAJ7UCQ5	A0AAJ7UCQ5
A0AAJ7UCQ5	O42159
A0AAJ7UCQ5	O42160
A0AAJ7UCQ5	S4RRW9
A0AAJ7UCQ5	O42608
A0AAJ7UCQ5	S4RVH9
A0AAJ7UCQ5	A0AAJ7X534
A0AAJ7UCQ5	O42158
A0AAJ7UCQ5	A0AAJ7TPV4
A0AAJ7UCQ5	A0AAJ7X5B5
A0AAJ7UCQ5	A0AAJ7X6C3
A0AAJ7UCQ5	A0AAJ7X6H0
A0AAN5CZE0	A0AAN5CZE0
A0AAN5CZE0	A0AAV5U066
A0AAN5CZE0	A0AAV5WA18
A0AAN7PL90	A0AAN7PL90
A0AAN7PRP8	A0AAN7PRP8
A0AAN7SCG7	A0AAN7SCG7
A0AAN8KXW7	A0AAN8KXW7
A0AAN8KXW7	A0A8C7SBW2
A0AAN8KXW7	A0A8C8CLA6
A0AAN8KXW7	A0A8C7S9V7
A0AAN8KXW7	A0A8C7UDB6
A0AAN8KXW7	A0A8C7WD04
A0AAN8KXW7	A0A8C7S8G4
A0AAN8KXW7	A0A8K9WTZ3
A0A9W7TCV7	A0A9W7TCV7
A0A9W7TCV7	A0A8C1H4A6
A0A9W7TCV7	A0A673N0U7
A0A9W7TCV7	A0A671TDL8
A0A9W7WU27	A0A9W7WU27
A0A9W7WUA2	A0A9W7WUA2
A0A9W7WUA2	A0A5A9P4P6
A0A9W8GR95	A0A9W8GR95
A0A9W8GR95	A0A9W8IN58
A0A9X0DAY3	A0A9X0DAY3
A0A9Y4K048	A0A9Y4K048
A0A9Y4K048	A0A3B5B1W0
A0A9Y4K048	A0A3B5B1W5
A0A9Y4NHM2	A0A9Y4NHM2
A0A9Y4NHM2	A0A3Q1BJA6
A0A9Y4NHM2	A0A3Q0SEF4
A0A9Y4NHM2	A0A3Q0SA85
A0A9Y4NHM2	A0A3Q0SEQ5
A0A9Y4NHM2	A0A3Q1F9B9
A0A9Y4NHM2	A0A3P9DPH4
A0A9Y4NHM2	A0A9Y3R3S3
A0A9Y4NHM2	A0AAJ7PNH6
A0A9Y4NHM2	A0A3B4FLE3
A0A9Y4NHM2	A0A668VTS8
A0A9Y4NHM2	A0A6P7I9I9
A0A9Y4NHM2	A0AAD3N3P2
A0A9Y4NHM2	E6ZFE8
A0A9Y4NHM2	A0A3Q2W8Y6
A0A9Y4NHM2	A0A3P8S4N5
A0AA38IAP1	A0AA38IAP1
A0AA38IAP1	A0AA38MFS1
A0AA38ID51	A0AA38ID51
A0AA38IMH9	A0AA38IMH9
A0AA39C7G3	A0AA39C7G3
A0AA39FZ45	A0AA39FZ45
A0AA39G534	A0AA39G534
A0AA39LXJ6	A0AA39LXJ6
A0AA40HET3	A0AA40HET3
A0AA41MDU2	A0AA41MDU2
A0AA88PU26	A0AA88PU26
A0AA88PU26	A0A673LBV0
A0AA88PU26	A0A8C1K187
A0AA88PU26	A0A8C0YCI7
A0AA88PU26	A0A8C1K3D3
A0AA88PU26	A0A8C1WZB6
A0AA88PU26	A0A8C1X1J4
A0AA88PU26	A0A8C1ZF58
A0AA88PU26	A0A6P6REJ0
A0AA88PU26	A0A8C2FX73
A0AA88PU26	A0A8C1K1H7
A0AA88PU26	B3V3M8
A0AA88PU26	A0A8C1K1F4
A0AA88PU26	A0A8C1K573
A0AA88PU26	A0A8C1X3P6
A0AA88PU26	A0A8C1E9N5
A0AA88PU26	A0A8C1FG25
A0AA88PU26	A0A8C1K0R2
A0AA88PU26	A0A8C1K163
A0AA88PU26	A0A8C1X113
A0AA88PU26	A0A8C1ZEN7
A0AA88PU26	A0A8C2G0R0
A0AA88PU26	A0A498LE72
A0AA88PU26	A0A673LHF5
A0AA88PU26	A0A673L9L8
A0AA88PU26	A0A3N0XQN2
A0AA88PU26	Q0GC72
A0AA88PU26	A0A3N0XRK0
A0AA88PU26	A0A671SJS6
A0AA88PU26	A0A673LAW9
A0AA88PU26	A0A8C1I233
A0AA88PU26	A0AAW1ZCG5
A0AA88PU26	A0AAW1ZEL9
A0AA88PU26	A0A672MXA3
A0AA88PU26	A0A673L908
A0AA88PU26	A0A673L9V9
A0AA88PU26	A0A673LIY9
A0AA88PU26	A0A7J6C2Z3
A0AA88PU26	A0A673LJC8
A0AA88PU26	A0A673LCD9
A0AA88PU26	A0A498MTR0
A0AA88TB11	A0AA88TB11
A0AA97KDD5	A0AA97KDD5
A0AA97KG80	A0AA97KG80
A0AAD4JS63	A0AAD4JS63
A0AAD4JS63	B4LW05
A0AAD4JS63	B4PUL8
A0AAD4JS63	Q9VHF8
A0AAD4JS63	B3M075
A0AAD4JS63	B4PUL7
A0AAD4JS63	A0A484B0Y1
A0AAD4JS63	B4K4Y2
A0AAD4JS63	B4NAJ5
A0AAD4JS63	Q9VHF7
A0AAD4JS63	B3M074
A0AAD4JVE3	A0AAD4JVE3
A0AAD4JVE3	A0AAD4KBE6
A0AAD4KC46	A0AAD4KC46
A0AAD4KC46	A0A6P8W9L1
A0AAD4U6T2	A0AAD4U6T2
A0AAD5LAD3	A0AAD5LAD3
A0AAD5LAD3	A0A8J2RYD8
A0AAD5Q1M3	A0AAD5Q1M3
A0AAD5Q1M3	E9GEA9
A0AAD7RGA8	A0AAD7RGA8
A0AAD7YCK5	A0AAD7YCK5
A0AAD7YLF5	A0AAD7YLF5
A0AAD7YLH1	A0AAD7YLH1
A0AAD7YLX1	A0AAD7YLX1
A0AAD8CEU8	A0AAD8CEU8
A0AAD8CEU8	A0AAD8FQQ0
A0AAD8DMT9	A0AAD8DMT9
A0AAD8DMT9	A0AAD8DNY5
A0A329SI46	A0A329SI46
A0A329SI46	A0A6A4FM82
A0A329SI46	A0A6A3JXH6
A0A329SI46	A0A6A3ZZV8
A0A329SI46	A0A6A3JLV8
A0A329T0I7	A0A329T0I7
A0A329T0I7	A0A080ZSD9
A0A336LFU1	A0A336LFU1
A0A336M269	A0A336M269
A0A341CIM8	A0A341CIM8
A0A341CIM8	A0A341CGZ0
A0A341CIM8	A0A8C6F7G7
A0A397FVR1	A0A397FVR1
A0A3A8Q721	A0A3A8Q721
A0A3B0JH86	A0A3B0JH86
A0A3B0KLC7	A0A3B0KLC7
A0A3B0KLC7	A0A9Q0BJ83
A0A3B0KLC7	A0AAU9G264
A0A3B0KLC7	A0A6I8UYZ0
A0A3B0KLC7	A0AB39YXX8
A0A3B0KLC7	A0A6P4E3C0
A0A3B0KLC7	A0ABM5GX78
A0A3B0KLC7	B3MWA3
A0A3B0KRX6	A0A3B0KRX6
A0A3B0KRX6	A0AAU9G1I0
A0A3B0KRX6	A0A6I8UHK3
A0A3B0KRX6	B4H2K4
A0A3B3IIL4	A0A3B3IIL4
A0A3B3IIL4	A0A3P9M0C8
A0A3B3IIL4	H2N1Q3
A0A3B3IIL4	A0A3B3DLJ4
A0A3B3IIL4	A0A3P9KH92
A0A3B3IIL4	A0A3P9KHP1
A0A3B3IIL4	A0A3P9M077
A0A3B3IIL4	A0A3P9IXM3
A0A3B3IIL4	A0A3P9KI59
A0A3B3IIL4	A0A3B3I9A3
A0A3B3IIL4	A0A3B3C9V9
A0A3B3IIL4	A0A437C533
A0A3B3QTS2	A0A3B3QTS2
A0A3B3S518	A0A3B3S518
A0A3B3UG25	A0A3B3UG25
A0A3B3UG25	A0A3B3XXH1
A0A3B3UG25	A0A3B3XXB2
A0A3B3UG25	A0A3B3XX75
A0A3B4B6Y8	A0A3B4B6Y8
A0A3B4B6Y8	A0A8C6V2R9
A0A3B4BJJ7	A0A3B4BJJ7
A0A3B4D4X1	A0A3B4D4X1
A0A3B4D4X1	A0AAR2JWA2
A0A3B4D4X1	A0AAR2IM96
A0A3B4GJU4	A0A3B4GJU4
A0A3B4GJU4	A0A3Q4GES0
A0A6P7EZH3	A0A6P7EZH3
A0A6P7FJE5	A0A6P7FJE5
A0A6P7FPT0	A0A6P7FPT0
A0A6P7HZ33	A0A6P7HZ33
A0A6P7HZ33	A0A6P7I2S6
A0A6P8FBZ9	A0A6P8FBZ9
A0A6P8FBZ9	A0AAV6GNR4
A0A6P8N3N3	A0A6P8N3N3
A0A6P8N3N3	A0A9B0F3U2
A0A6P8N3N3	A0A6J3KG47
A0A6P8N3N3	A0A6P3UW25
A0A6P8WD31	A0A6P8WD31
A0A6P8XBV3	A0A6P8XBV3
A0A6P8XBV3	A0A6P8X9X1
A0A6P8XBV3	A0A6P8X8N2
A0A6P8XC62	A0A6P8XC62
A0A6P8XC62	Q9VRS7
A0A6P8XC62	A0A6J1L868
A0A6P8XC62	B4J001
A0A6P8XC62	A0A484BF89
A0A6P8XC62	B4IZZ7
A0A6P8XC62	B4PJB3
A0A6P8XC62	A0A6J2U8X3
A0A6P8XC62	A0A6P4I1N3
A0A6P8XC62	A0A6P8XAU3
A0A6P8XC62	A0AAU9FUX6
A0A6P8XC62	B3NCC5
A0A6P8XC62	B4J000
A0A6P8XC62	B4L9R1
A0A6P8XC62	B4LD00
A0A6P8XC62	A0AAU9FU79
A0A6P8XC62	Q2LZC2
A0A6P8XC62	B4MLP8
A0A6P8XIC0	A0A6P8XIC0
A0A7E4V2X1	A0A7E4V2X1
A0A7E4V2X1	A0A7E4ZT63
A0A7E5VWV5	A0A7E5VWV5
A0A7E5VWV5	A0A9N8Q0Z6
A0A7E5VWV5	A0A2W1C1W9
A0A7E5VWV5	B1NLD9
A0A7E5VWV5	A0A7E5VYK6
A0A7E5VWV5	A0A7E5VZ45
A0A7E5W561	A0A7E5W561
A0A7E5WEG4	A0A7E5WEG4
A0A7E5WEG4	A0A7E5WG36
A0A7E5WEG4	A0A7E5WG25
A0A7E5WEG4	A0A9P0BW15
A0A7E5WEG4	A0A9P0FSQ9
A0A7E5WEG4	A0A9P0FS27
A0A7E5WEH4	A0A7E5WEH4
A0A7E5WEH4	A0A7E5WEJ3
A0A7E5WEH4	A0A9P0BTP3
A0A7E5WM55	A0A7E5WM55
A0A7E5WM55	A0A9P0G0K5
A0A7J5XQG7	A0A7J5XQG7
A0A7J5XQG7	A0AAW0N202
A0A7J5YX35	A0A7J5YX35
A0A7J5YX35	A0AAN8DZY4
A0A7J5ZJY3	A0A7J5ZJY3
A0A7J5ZJY3	A0AAN8E461
A0A7J5ZW51	A0A7J5ZW51
A0A7J7EFD4	A0A7J7EFD4
A0A7J7EFD4	A0A3Q2I7T0
A0A7J7EFD4	A0A8C4LQL8
A0A7J7EFD4	A0A8C4LMZ7
A0A7J7EFD4	A0A8C4LSD5
A0A7J7EFD4	A0A1S2ZP56
A0A7J7EFD4	A0A8C4LL80
A0A7J7EFD4	A0A8C4PL19
A0A7J7EFD4	A0A8C4LVR9
A0A7J7EFD4	A0A8C4LMY8
A0A7J7EFD4	A0A8C4LQJ8
A0A7J7EFD4	A0A8C4PLB2
A0A7J7EFD4	A0A8C4LVL1
A0A7J7R1I7	A0A7J7R1I7
A0A7J7R1I7	G1PT65
A0A7J7RFK2	A0A7J7RFK2
A0A7J7RFK2	A0A7J7R1J0
A0ABD1IP70	A0ABD1IP70
A0ABD1KVL3	A0ABD1KVL3
A0ABD1KVL3	A0A6P8EYY1
A0ABD1ZZD5	A0ABD1ZZD5
A0ABD1ZZD5	A0A834K067
A0ABD2P1R8	A0ABD2P1R8
A0ABD2VTI2	A0ABD2VTI2
A0ABD2W5L7	A0ABD2W5L7
A0ABD2WJ43	A0ABD2WJ43
A0ABM1P615	A0ABM1P615
A0ABM1P615	B4KXH4
A0ABM1P615	B4KXH5
A0ABM1P615	A0A484BV92
A0ABM1P615	A0A484BXT3
A0ABM1XKC7	A0ABM1XKC7
A0ABM3C5L2	A0ABM3C5L2
A0ABM5J475	A0ABM5J475
A0ABM5J5D7	A0ABM5J5D7
A0ABM5J5D7	Q9VRS9
A0ABM5J5D7	B4MLP5
A0ABM5J5D7	A0A3B0JVK4
A0ABM5J5D7	A0A9P9YP70
A0ABM5J5D7	B3NCC7
A0ABM5J5D7	B3M648
A0ABM5J5D7	B4PJB5
A0ABM5J5D7	A0A6P4I1S2
A0ABV0Y708	A0ABV0Y708
A0ABV0Y708	A0A1A8KFG1
A0NFQ3	A0NFQ3
A0NFQ3	A0A1S4H5Y5
A0NFQ3	A0A8W7P9H8
A0NFQ3	A0A182MJG9
A0NFQ3	A0A182UXX2
A0NFQ3	A0A6E8W2H2
A7RYF8	A7RYF8
A7RYF8	A7RR41
A7S8P7	A7S8P7
B0LM33	B0LM33
B0LM33	B0LM36
B0LM33	B0LM37
B0LM33	B0LM19
B0LM33	B0LM32
B0LM33	B0LM35
B0LM33	B0LM38
B0LM33	B0LM31
B0W174	B0W174
B0W174	A0ABD1DCC7
B0W174	A0ABD1CAS7
B0W174	Q16900
B0WBW0	B0WBW0
B0WBW0	A0A8D8AYJ5
B0WBW0	A0A8D8P0U5
B0WBW0	A0ABD1CSS1
B0WBW0	A0A8D8AT50
B0WBW0	A0A8D8ASW6
B0WBW0	A0A8D8AVM3
B0WBW0	A0A8D8AVK4
B0WBW0	B0XG17
B0WW48	B0WW48
B0WW48	A0ABD1D7B8
B3M1T6	B3M1T6
B3M1T6	B7Z0L3
B3M1T9	B3M1T9
B3M6V5	B3M6V5
B3M6V7	B3M6V7
B3M7Q8	B3M7Q8
B3MAN1	B3MAN1
B3MC36	B3MC36
B3MC36	Q9W0Z7
B3MC36	A0A6I8UUZ3
B3MC36	B4PBW2
B3MC36	A0A6P8JIY0
B3MC36	A0A6P4F926
B3MC36	A0AAU9G7F3
B3MC36	B4IH93
B3MC36	B4QCL1
B3MC36	A0A6P4I7T7
B3MC36	A0A9Q0BPB5
B3MC36	A0AB39Z4V2
B3MC36	B4MPA9
B3MC36	A0A3B0JLV4
B3MC36	B3NR00
B3MHK1	B3MHK1
B3MUJ3	B3MUJ3
B3N2L0	B3N2L0
B3NCK1	B3NCK1
B3NCK1	Q9VT23
B3NCK1	B3MAP6
B3NCK1	B4PEE7
B3NCK1	B3MAB5
B4GCV6	B4GCV6
B4GCV6	A0A6I8UW01
B4GNR0	B4GNR0
B4GNR0	A0A6I8UMC0
B4HLY4	B4HLY4
B4HLY4	A0A0B4K7A9
B4J147	B4J147
B4K8Q4	B4K8Q4
B4KBT6	B4KBT6
B4KBT9	B4KBT9
B4KPB3	B4KPB3
B4KPB3	A0ABM1PI67
B4KPB3	A0A6J1MC40
B4KTX5	B4KTX5
B4KTX5	A0A6J1L9U6
B4KTX5	A0A484B797
B4KTX5	B4JVV2
B4KZK0	B4KZK0
B4LHK7	B4LHK7
B4LK29	B4LK29
B4LYL0	B4LYL0
B4M665	B4M665
B4M665	B4KBT5
B4M665	A0A484BIV7
B4M665	A0AAD4KGU7
B4M671	B4M671
B4M671	A0A484BH03
B4M671	A0ABM1Q0Z4
B4M671	B4KBU1
B4M671	B4N9L5
B4M671	Q9VEM6
B4M671	A0A9Q0BUV3
B4M671	A0AAU9FAP4
B4M671	B3M1T4
B4MKE6	B4MKE6
B4MKE6	B4MKE2
B4MLN8	B4MLN8
B4MLN8	B4MLN9
B4MLN8	A0A0Q9WZQ4
B4MLN8	A0A0Q9X166
B4MLN8	B4MLN3
B4MLN8	B4MLP1
B4MLN8	Q9VSJ1
B4MLN8	A0A0J9RRM8
B4MLN8	B3NFS8
B4MLN8	B4PG34
B4MLN8	A0A6P8K3V5
B4MLP9	B4MLP9
B4MLP9	Q9VRS6
B4MLP9	B3M644
B4MLP9	B4LCZ8
B4MLP9	B3NCC4
B4MLP9	A0A1I8P960
B4MLP9	B4L9R2
B4MP38	B4MP38
B4MP40	B4MP40
B4MP40	B4MP41
B4MP49	B4MP49
B4MSA8	B4MSA8
B4MYH0	B4MYH0
B4N3C4	B4N3C4
B4N3C4	B4N3C9
B4N3C4	B4N3P9
B4N6E5	B4N6E5
B4N6E5	B3NHT8
B4N6E5	B4PJL7
B4N6E5	B3M4K0
B4N9K8	B4N9K8
B4N9K8	B3M1U1
B4N9K8	Q9VEN0
B4N9K8	B4PM74
B4N9K8	A0A9Q0BVM2
B4N9L1	B4N9L1
B4N9L4	B4N9L4
B4NFI2	B4NFI2
B4NSD8	B4NSD8
B4NSD8	P52905
B4NSD8	B4HNG4
B4NSD8	A0A6P4F2F6
B4NSD8	A0A0J9TZ10
B4NSD8	A0A6P8J8E0
B4NSD8	B3NSH3
B4NSD8	B4P6I3
B4NSD8	A0A9Q0BP71
B4NSD8	A0AB39Z3W6
B4NSD8	A0A3B0J055
B4NSD8	A0AAU9GC28
B4NSD8	B4GGF8
B4NSD8	A0A6I8UVI2
B4NSD8	A0A6P4IH23
B4NY79	B4NY79
B4NY79	A0A0J9TNY8
B4P5S9	B4P5S9
B4P7A3	B4P7A3
B4P7A3	Q7JRM2
B4P7A3	B3NQA1
B4P913	B4P913
B4P913	Q9W1W5
B4P913	B3NNZ7
B4PEF4	B4PEF4
B4PEF4	Q9VT15
B4PEF4	B3NCJ3
B4PEF4	B3MAA8
B7QB06	B7QB06
B7X9Z8	B7X9Z8
C1BZH5	C1BZH5
C1C450	C1C450
C3KHI3	C3KHI3
C3KJU6	C3KJU6
D6WBS7	D6WBS7
D9HQ40	D9HQ40
D9HQ40	G9D4L9
D9HQ40	G9D4L7
D9HQ40	G9D4L1
D9HQ40	G9D4L2
D9HQ40	G9D4L3
D9HQ40	G9D4L8
D9HQ40	G9D4M1
D9HQ40	D9HQ78
D9HQ40	G9D4K8
D9HQ40	G9D4L4
E4X884	E4X884
E7CCH2	E7CCH2
E9FTM4	E9FTM4
E9FZX6	E9FZX6
E9FZX6	A0A0N8CA06
E9GC03	E9GC03
E9GTS4	E9GTS4
E9HAS5	E9HAS5
F1SGS2	F1SGS2
F4WKX7	F4WKX7
F6PMW7	F6PMW7
F6PMW7	A0A4X2M723
F6PMW7	G3VBF8
G1Q0Z6	G1Q0Z6
G1Q0Z6	G1QEW8
G1QDP3	G1QDP3
G1QDP3	A0A673U267
G1QDP3	A0A671DKR4
G1T384	G1T384
G3NPC5	G3NPC5
G3NPC5	A0AAQ4PVL2
G3TAR8	G3TAR8
H2ZQP0	H2ZQP0
H2ZQP0	H2ZQN9
H2ZQP0	H2ZQG6
H9GC50	H9GC50
I3KK11	I3KK11
I3KK11	A0AAZ1XFD6
I3KK11	A0A3P8NRJ1
I6TMX9	I6TMX9
K0JUQ7	K0JUQ7
K7FEE6	K7FEE6
L5LF59	L5LF59
M0QRU2	M0QRU2
M0QRU2	A0A8C0GQG3
M0QRU2	A0ABM0LTA1
M3XRN6	M3XRN6
N6TIJ5	N6TIJ5
Q16ZR1	Q16ZR1
Q16ZR1	A0A1S4FID2
Q16ZR1	A0ABM1XIN4
Q4RFF8	Q4RFF8
Q5TNT2	Q5TNT2
Q5TNT2	A0A182JXI6
Q5TNT2	A0A1S4H483
Q5TNT2	A0A8W7MU02
Q5TNT2	A0A6E8W116
Q5TNT2	A0A182SX14
Q5TNT2	A0A182RAB4
Q5TNT2	A0A182VSW0
Q7Q153	Q7Q153
Q7Q153	A0A182VMU5
Q7Q153	A0A182Y6C2
Q7Q153	A0A1S4H2L1
Q7Q153	A0A1I8JTL7
Q7Q153	A0A182W8T7
Q7Q153	A0A182WRF7
Q7Q153	A0A6E8VZ83
Q7Q153	A0A8W7PDL7
Q7Q153	A0A182PCF8
Q7Q153	A0A182Q8F9
Q7Q153	A0A182NNX0
Q7Q153	A0A182JEJ0
Q7Q153	A0A084VCM8
Q7Q153	A0A182F2A5
Q7Q9K1	Q7Q9K1
Q7Q9K1	A0A8W7PQV0
Q7Q9K1	A0A6E8VLM0
Q7Q9K1	A0A182HNZ8
Q7Q9K1	A0A1Y9J0Q0
Q7Z0G1	Q7Z0G1
Q7Z0G1	A0A1B0DIJ2
Q9XT70	Q9XT70
Q9XY52	Q9XY52
R4GC80	R4GC80
T0QQG2	T0QQG2
T0QQG2	A0A067CFA3
T0QQG2	A0A067C4P1
T1EG55	T1EG55
T1EMA5	T1EMA5
T1ENU6	T1ENU6
T1GBI7	T1GBI7
T1GIM6	T1GIM6
T1GIM6	T1GIM8
T1GRG6	T1GRG6
T1GUJ8	T1GUJ8
T1GW84	T1GW84
T1JRG4	T1JRG4
T1KAC3	T1KAC3
T1L3I2	T1L3I2
T2HS20	T2HS20
V5HUZ1	V5HUZ1
V5HUZ1	A0A6B0V7J5
V5I3H7	V5I3H7
V9F0G4	V9F0G4
V9F0G4	A0A081AEH3
V9F0G4	V9FBK4
V9F0G4	W2L1X4
V9F0G4	W2Z572
V9F0G4	W2LBZ5
V9F0G4	W2N8S9
V9F0G4	W2WU49
V9F0G4	A0A081A1Y1
V9F0G4	A0A329RQD7
V9FN47	V9FN47
V9FN47	W2RGF2
V9FN47	W2WUC5
V9FN47	W2HRP7
V9FN47	W2XLW5
W2ZTA1	W2ZTA1
W2ZTA1	V9ETP0
W2ZTA1	W2PE00
W2ZTA1	W2N1T3
W2ZTA1	A0A329RHL8
W5M9F9	W5M9F9
W5MAB5	W5MAB5
A0A023EM39	A0A023EM39
A0A023EM39	A0ABM1ZCV0
A0A023EMF3	A0A023EMF3
A0A023EMF3	A0ABM1Z3Z6
A0A023EMF3	A0A023EMG0
A0A034WGN4	A0A034WGN4
A0A034WGN4	A0A0K8W2W2
A0A034WGN4	A0A6I9UW85
A0A034WGN4	A0A0A1X8B2
A0A061A5J4	A0A061A5J4
A0A076LZC5	A0A076LZC5
A0A084WDK0	A0A084WDK0
A0A084WDK0	A0AAG5D379
A0A084WMN2	A0A084WMN2
A0A087T1C2	A0A087T1C2
A0A087UX72	A0A087UX72
A0A089QDA2	A0A089QDA2
A0A091B3R2	A0A091B3R2
A0A0A1UWX4	A0A0A1UWX4
A0A0A6UK79	A0A0A6UK79
A0A0C9Q235	A0A0C9Q235
A0A0C9QGD3	A0A0C9QGD3
A0A0C9QMV0	A0A0C9QMV0
A0A0C9R4S6	A0A0C9R4S6
A0A0C9RXJ7	A0A0C9RXJ7
A0A0C9RXJ7	A0A9R1TDC3
A0A0K2V1W4	A0A0K2V1W4
A0A0L0CNZ1	A0A0L0CNZ1
A0A0L0CNZ1	A0A1A9V6D9
A0A0L0CQF1	A0A0L0CQF1
A0A0L0CQF1	A0A1I8P4W6
A0A0L0CQF1	A0A1I8NW71
A0A0L0CQF1	A0A0L0CN68
A0A0L0CQF1	A0A0L0CN03
A0A0L0CQF1	A0A1I8PFE0
A0A0L0CQF1	P51588
A0A0L0CQF1	A0A1I8N3F8
A0A0L0CQF1	A0A1I8PKQ9
A0A0L0CQF1	A0A1I8NCK9
A0A0L0CQF1	A0A1I8M9H1
A0A0M4EC84	A0A0M4EC84
A0A0M4EC84	A0A0M5IX01
A0A0M4EMH8	A0A0M4EMH8
A0A0M4M544	A0A0M4M544
A0A0M5IZZ2	A0A0M5IZZ2
A0A0M5J387	A0A0M5J387
A0A0M5JA89	A0A0M5JA89
A0A0P8Y3I1	A0A0P8Y3I1
A0A0Q9WNI4	A0A0Q9WNI4
A0A0Q9XDK3	A0A0Q9XDK3
A0A0Q9XGR1	A0A0Q9XGR1
A0A0Q9XGR1	A0ABM1P248
A0A0R1DRC8	A0A0R1DRC8
A0A0R1DRC8	B4P8X1
A0A0R1E6F2	A0A0R1E6F2
A0A0V1C1Q9	A0A0V1C1Q9
A0A0V1C1Q9	A0A0V0YHR2
A0A0V1C1Q9	A0A0V0UH29
A0A0V1C1Q9	A0A0V1DHH8
A0A0V1C1Q9	A0A0V1KRI4
A0A0V1C1Q9	A0A1Y3EUH5
A0A0V1C1Q9	A0A0V0SM26
A0A0V1C1Q9	A0A0V1A469
A0A0V1C1Q9	A0A0V1JAD5
A0A0V1C1Q9	A0A0V1NA21
A0A158P0W2	A0A158P0W2
A0A158P1L7	A0A158P1L7
A0A182FMX3	A0A182FMX3
A0A182FMX3	T1DSD6
A0A182KEL8	A0A182KEL8
A0A182KEL8	A0A182RUI4
A0A182KEL8	A0AAG5D8A5
A0A182KEL8	Q7QIH5
A0A182KEL8	A0A182PIQ6
A0A182KEL8	A0A182WWB2
A0A182KEL8	A0A182LUZ3
A0A182KEL8	A0A182QV64
A0A182KEL8	A0A182VB92
A0A182KEL8	A0A182N9H5
A0A182LX27	A0A182LX27
A0A182LX27	A0A182TTU1
A0A182MAA4	A0A182MAA4
A0A182MAA4	F1DQG5
A0A182MAL4	A0A182MAL4
A0A182MJU2	A0A182MJU2
A0A182MJU2	Q7PWT2
A0A182MJU2	A0A182KG98
A0A182MJU2	A0A182UFA7
A0A182MJU2	A0A182XDF9
A0A182MJU2	A0A6E8VY07
A0A182MJU2	A0A182RRJ2
A0A182MJU2	A0A182V4M2
A0A182MJU2	A0A182Y957
A0A182MJU2	A4K8J1
A0A182NVH5	A0A182NVH5
A0A182NVM8	A0A182NVM8
A0A182P6A4	A0A182P6A4
A0A182QJ93	A0A182QJ93
A0A182QY70	A0A182QY70
A0A182RME6	A0A182RME6
A0A182W9F1	A0A182W9F1
A0A182YLB9	A0A182YLB9
A0A183IEK4	A0A183IEK4
A0A1A6H744	A0A1A6H744
A0A1A6HTL6	A0A1A6HTL6
A0A1A9WVH4	A0A1A9WVH4
A0A1A9WVH8	A0A1A9WVH8
A0A1A9WVH8	A0A1A9VVF8
A0A1A9WVH8	A0A1B0G539
A0A1A9WVH8	A0A1A9ZJH7
A0A1A9WVH8	A0A1B0BZS0
A0A1B0AFT2	A0A1B0AFT2
A0A1B0AFT2	A0A1A9URB3
A0A1B0AFT2	A0A1B0G0C0
A0A1B0AFT2	A0A1B0AMK1
A0A1B0AMK2	A0A1B0AMK2
A0A1B0BQQ6	A0A1B0BQQ6
A0A1B0BQQ6	A0A1B0GA05
A0A1B0BQQ6	A0A8U0WJI6
A0A1B0CKY1	A0A1B0CKY1
A0A1B0G0R1	A0A1B0G0R1
A0A1B0G0R1	A0A1A9W2J2
A0A1B0G0R1	A0A1A9VA50
A0A1B0G0R1	A0A1A9VA54
A0A1B0G0R1	A0A1B0AAJ5
A0A1B0G0R1	A0A1B0AKC7
A0A1B0G0R1	A0A1B0AKC6
A0A1B0G0R1	A0A1B0AAJ3
A0A1B0G0R1	A0A1A9W2J1
A0A1B0G0R1	A0A1B0AAJ4
A0A1B0G0R1	A0A1A9VA55
A0A1B0G0R1	A0A1A9WR49
A0A1B1LTR4	A0A1B1LTR4
A0A1B3TP23	A0A1B3TP23
A0A1B3TP23	A0A1B3TNX6
A0A1B3TP23	A0A1B3TNY9
A0A1B6C9S6	A0A1B6C9S6
A0A1B6DUP3	A0A1B6DUP3
A0A1B6FVS8	A0A1B6FVS8
A0A1B6K5E5	A0A1B6K5E5
A0A1B8XX52	A0A1B8XX52
A0A1B8XX52	F7B6J7
A0A1B8XX52	A0A803J7K0
A0A1B8XX52	A0A8J0R8L9
A0A1B8XX52	F7BSN7
A0A1B8XX52	A0A1L8FHI1
A0A1B8XX52	A0A6I8R757
A0A1B8XX52	F7BT28
A0A1B8XX52	Q5I0R7
A0A1B8XX52	F7B6I4
A0A1B8XX52	A0A6I8RLF3
A0A1D1UFA1	A0A1D1UFA1
A0A1D1UFA1	A0A1D1US12
A0A1D1VX42	A0A1D1VX42
A0A1D2N0A1	A0A1D2N0A1
A0A1E1WTE4	A0A1E1WTE4
A0A1E1WTE4	A0A1E1W2N0
A0A1E1WTE4	A0A1E1WL73
A0A1E1WTE4	A0A1E1WB13
A0A1H4TUF0	A0A1H4TUF0
A0A1I8MHL5	A0A1I8MHL5
A0A1I8MHL5	A0A1I8MM27
A0A1I8MP36	A0A1I8MP36
A0A1I8NAF9	A0A1I8NAF9
A0A1I8NFF8	A0A1I8NFF8
A0A1I8NHJ3	A0A1I8NHJ3
A0A1I8NUM8	A0A1I8NUM8
A0A1I8NUM8	A0A1I8N1Z9
A0A1I8NXM9	A0A1I8NXM9
A0A1I8P7H0	A0A1I8P7H0
A0A1I8P7H0	A0A0L0CP38
A0A1I8PHN7	A0A1I8PHN7
A0A1I8PM31	A0A1I8PM31
A0A1I8PNU7	A0A1I8PNU7
A0A1I8Q1B5	A0A1I8Q1B5
A0A1I8Q6D0	A0A1I8Q6D0
A0A1I8Q834	A0A1I8Q834
A0A1I8Q895	A0A1I8Q895
A0A1J1J4F4	A0A1J1J4F4
A0A1L3J038	A0A1L3J038
A0A1L3J038	A0A1L3J048
A0A1L8DQF2	A0A1L8DQF2
A0A1L8DQI7	A0A1L8DQI7
A0A1L8DQI7	A0A1B0GLQ2
A0A1L8DQI7	A0A1B0EV57
A0A1L8DQI7	A8CW31
A0A1L8DQI7	A0A7G3B4I7
A0A1L8DQI7	A0A1B0GLQ1
A0A1L8DQP6	A0A1L8DQP6
A0A1L8DQP6	A0A7G3B186
A0A1L8DQP6	A0A1L8DQG9
A0A1L8DQP6	A0A7G3B104
A0A1L8DQP6	A8CW70
A0A1L8DQP6	A0A7G3B207
A0A1L8ECF6	A0A1L8ECF6
A0A1L8ECF6	A0A1L8E8L4
A0A1L8ECF6	A0A1L8EC97
A0A1L8FV33	A0A1L8FV33
A0A1S4FDG6	A0A1S4FDG6
A0A1W0WHJ7	A0A1W0WHJ7
A0A1W4X025	A0A1W4X025
A0A1W7R7X4	A0A1W7R7X4
A0A1Y1KBD4	A0A1Y1KBD4
A0A1Y1KBD4	A0A5N4B2G0
A0A1Y1MAD2	A0A1Y1MAD2
A0A1Y1MXM7	A0A1Y1MXM7
A0A1Y1MXM7	A0A1Y1MUH8
A0A1Z3ND03	A0A1Z3ND03
A0A1Z3ND03	Q6MRP0
A0A212F3Q3	A0A212F3Q3
A0A212FKP7	A0A212FKP7
A0A225WCJ8	A0A225WCJ8
A0A226D969	A0A226D969
A0A226M729	A0A226M729
A0A226M729	A0A226M815
A0A232EEZ2	A0A232EEZ2
A0A232EEZ2	A0A7M7TDD7
A0A232ES81	A0A232ES81
A0A232ES81	A0A7M6UVW8
A0A232F406	A0A232F406
A0A232F406	A0A7M7G6D0
A0A240PM69	A0A240PM69
A0A240PM69	O16133
A0A2D0SSD4	A0A2D0SSD4
A0A2D4PJY2	A0A2D4PJY2
A0A2D4PJY2	A0A2H6N452
A0A2G9SLQ8	A0A2G9SLQ8
A0A2H1VIC7	A0A2H1VIC7
A0A2H1VIC7	A0A2H1V0M1
A0A2H1VIC7	A0A9J7E492
A0A2H1VIC7	A0A9J7E5M0
A0A2H1VIC7	A0A9R0DCS5
A0A2H1VIC7	A0A922MY44
A0A2H1VIC7	A0A922SP41
A0A2H1VIC7	A0A9J7IPU2
A0A2H1VIC7	A0A9J7IQQ4
A0A2H1VIC7	A0A922SPD6
A0A2H1VIC7	A0A9R0DX78
A0A2H1VIC7	A0A9R0EZ89
A0A2H1VIC7	A0A9J7E3F8
A0A2H1VIC7	A0A922SN36
A0A2H1VIC7	A0A9J7E289
A0A2H1VIC7	A0A9R0DCX7
A0A2H1VIC7	A0A9R0DY28
A0A2H1VIC7	I7CHG6
A0A2H1VIC7	A0A2W1BF78
A0A2H1VIC7	A0A9J7DZM6
A0A2H1VIC7	A0A9R0DCP2
A0A2H1VIC7	Q4L1K5
A0A2H1VIC7	Q4L1K6
A0A2H1VIC7	A0A2A4K636
A0A2H1VIC7	Q4L1K8
A0A2H1VIC7	Q4L1M0
A0A2H1VIC7	A0A2W1BP46
A0A2H1VIC7	Q4L1K7
A0A2H1VIC7	C9W8J5
A0A2H1VIC7	A0A922MX64
A0A2H1VJG9	A0A2H1VJG9
A0A2I4APZ6	A0A2I4APZ6
A0A2I4APZ6	A0A2I4AQ10
A0A2I4APZ6	A0A3Q2ZT49
A0A2I5YNR6	A0A2I5YNR6
A0A2I5YNR6	A0A2I5YNX7
A0A2I5YNS1	A0A2I5YNS1
A0A2I5YNS1	P84033
A0A2I5YNS1	A0A2I5YNW7
A0A2I5YNS1	A0A2I5YNR1
A0A2I5YNS1	A0A2I5YNW3
A0A2I5YNS1	A0A2I5YNR5
A0A2I5YNS1	A0A4Y5UHI4
A0A2I5YNS1	A0A2I5YNR7
A0A2K6CXA3	A0A2K6CXA3
A0A2K6CXA3	P12544
A0A2K6CXA3	A0A2K6RE39
A0A2K6CXA3	A0A2R8ZGB4
A0A2K6CXA3	A0A0D9RVL1
A0A2K6CXA3	A0A8D2KDV6
A0A2K6CXA3	G1QKE4
A0A2K6CXA3	A0A2K5ZZM6
A0A2K6CXA3	A0A8C6ES13
A0A2K6CXA3	H2PFK0
A0A2K6CXA3	G3RLH4
A0A2K6CXA3	I3MG31
A0A2K6CXA3	A0A2K5MPB9
A0A2K6QT24	A0A2K6QT24
A0A2K6QT24	A0A2K5SFP4
A0A2K6QT24	A0A2K6UMN1
A0A2M4AYU5	A0A2M4AYU5
A0A2M4BUX2	A0A2M4BUX2
A0A2W1BHD3	A0A2W1BHD3
A0A2W1BHD3	A0A2A4J0U4
A0A2W1BIB7	A0A2W1BIB7
A0A2W1C068	A0A2W1C068
A0A2Y9D3N8	A0A2Y9D3N8
A0A2Y9D3N8	A0A2C9GSA9
A0A2Y9D3N8	A0A6E8W7Z6
A0A2Y9D3N8	A0A1S4HDP3
A0A315VBU2	A0A315VBU2
A0A315VBU2	A0A087XCA5
A0A315VBU2	A0A3B5LND3
A0A315VBU2	M4AD90
A0A315VBU2	A0A3B3XAJ6
A0A315VBU2	A0A3B3UH72
A0A315VBU2	A0A3P9NMT1
A0A315VBU2	A0A096M9M8
A0A329RP92	A0A329RP92
A0A329RXL2	A0A329RXL2
A0A336LSY9	A0A336LSY9
A0A384DJU1	A0A384DJU1
A0A384DJU1	A0A8C0N558
A0A384DJU1	G1MBL2
A0A384DJU1	A0A452QNH7
A0A384DJU1	A0A452FM30
A0A384DJU1	A0A452FEP8
A0A384DJU1	A0A4W2H4J7
A0A384DJU1	A0A6P3HR82
A0A384DJU1	M3Y287
A0A384DJU1	A0A8C7AET2
A0A384DJU1	A0A288CG12
A0A384DJU1	A0A8C9J1J2
A0A3B0JDM1	A0A3B0JDM1
A0A3B0K0V3	A0A3B0K0V3
A0A3B0K0V3	A0AAU9FWW5
A0A3B0K0V3	Q29J11
A0A3B0K0V3	B4GTK5
A0A3B0K9P7	A0A3B0K9P7
A0A3B0K9P7	A0A6I8UHS0
A0A3B0K9P7	A0AAU9G170
A0A3B1JPT7	A0A3B1JPT7
A0A3B1JPT7	A0A8T2LIK0
A0A3B1JPT7	W5KB13
A0A3B3BV11	A0A3B3BV11
A0A3B3BV11	A0A3B3D4E0
A0A3B3BV11	A0A3B3DB92
B0WIS3	B0WIS3
B0WIS3	A0A1Q3FTA7
B0WTJ1	B0WTJ1
B0WUK3	B0WUK3
B0WUK3	A0ABD1D538
B0WUK3	B0XLQ8
B0XGL9	B0XGL9
B0XGL9	B0XKD1
B0XGL9	A0A8D8FYH0
B0XGL9	A0A8D8FYU5
B0XGL9	A0A8D8KR96
B0XGL9	A0A8D8KWR9
B0XGL9	A0ABD1CLW2
B0XGL9	O02569
B0XHR9	B0XHR9
B0ZBN4	B0ZBN4
B3LYV0	B3LYV0
B3M1U0	B3M1U0
B3M1U0	Q8INA1
B3M4K2	B3M4K2
B3M4K2	Q8T4A8
B3M4K2	B3NHT6
B3M641	B3M641
B3M641	B3M642
B3M641	A0A6P8K5G1
B3M641	A0ABM5HJP7
B3M641	B4PJA8
B3M641	B4PJA9
B3M641	A0A6P4ET80
B3M641	A0ABM4TPA3
B3M641	Q7JYN3
B3M641	Q9VRS4
B3M641	B3NCC2
B3M641	B4PJB0
B3M641	A0AB39ZEJ2
B3M647	B3M647
B3MAM9	B3MAM9
B3MAM9	A0A0P9C5U9
B3MWA2	B3MWA2
B3MWA4	B3MWA4
B3MWA4	A0A9P9YCT2
B3MY85	B3MY85
B3N7P1	B3N7P1
B3N7P1	Q9VPN7
B3N7P1	B4P2C9
B3N9I6	B3N9I6
B3N9T3	B3N9T3
B3NMW8	B3NMW8
B3RNH0	B3RNH0
B3S5K1	B3S5K1
B4IX51	B4IX51
B4IX51	B4IX49
B4IX54	B4IX54
B4IX54	B4LFV2
B4IX54	A0A484BV93
B4IX54	A0ABM1P620
B4IX54	B4KXH8
B4IX54	A0A6J1LSX1
B4IX54	A0A6P8WY15
B4J419	B4J419
B4JBA6	B4JBA6
B4JFC8	B4JFC8
B4JIV2	B4JIV2
B4JIV2	B4M274
B4KUQ3	B4KUQ3
B4KVU3	B4KVU3
B4KVU3	B4LHR3
B4KVU3	B4KVU2
B3MF18	B3MF18
B3MF97	B3MF97
B3MF97	P42280
B3MF97	P54630
B3MF97	A0A6P8JC59
B3MF97	A0AAU9G9E9
B3MF97	B4QB83
B3MF97	B4HNF9
B3MF97	A0A9P9YNR8
B3MF97	B3NSI2
B3MF97	A0A3B0J0B0
B3MF97	B4P6J2
B3MF97	A0A6P4IEP6
B3MF97	B4GGG6
B3MJ97	B3MJ97
B3MPK3	B3MPK3
B3N9I4	B3N9I4
B3N9I4	A0JQ30
B3N9I4	A7DZ29
B3N9I4	Q9VQ97
B3N9I4	A0A6P8KT95
B3N9I4	A7DZ34
B3N9I4	A7DZ38
B3N9I4	A7DZ33
B3N9I4	B4NW78
B3NCC0	B3NCC0
B3S1L4	B3S1L4
B3S1L4	B3SEF1
B4G942	B4G942
B4GTI7	B4GTI7
B4HZF7	B4HZF7
B4HZF7	Q9VAG3
B4HZF7	A0A6P8KNC5
B4HZF7	A0A9P9Z1W2
B4HZF7	B4R0T5
B4HZF7	A0AB39ZKH3
B4HZF7	B3P5C4
B4HZF7	A0ABM5I2G5
B4HZF7	A0A6P4ICY6
B4J4R5	B4J4R5
B4JIV3	B4JIV3
B4JIV4	B4JIV4
B4JUM8	B4JUM8
B4JVW1	B4JVW1
B4JY85	B4JY85
B4JY85	Q9VEM5
B4JY85	A0A484BK07
B4JY85	A0A9P9YZI3
B4JY85	B4PU56
B4JY85	B4M672
B4JY85	B4KCF0
B4JY85	B3M1T3
B4KCZ0	B4KCZ0
B4KTX2	B4KTX2
B4KTX2	A0A484B5A4
B4KTX2	A0A6J1L571
B4L9F0	B4L9F0
B4LFU9	B4LFU9
B4LHR4	B4LHR4
B4LIU6	B4LIU6
B4LM19	B4LM19
B4LNM5	B4LNM5
B4LUQ8	B4LUQ8
B4LUQ8	B4JDA8
B4LUQ8	B4KL24
B4LUQ8	B4KL23
B4MB26	B4MB26
B4MB26	Q8IRX5
B4MB26	B4PXQ0
B4MB26	B3P9I6
B4MB26	B3MRG5
B4MLP7	B4MLP7
B4MLU3	B4MLU3
B4MMS9	B4MMS9
B4MMS9	B4MMT0
B4MMT1	B4MMT1
B4N3P8	B4N3P8
B4N3P8	A0A6P8WJ88
B4N3P8	A0A6J1LRC9
B4N3P8	B4KXH3
B4N3P8	A0A484BVQ1
B4N3P8	B4IX48
B4N3P8	B4LFU8
B4N3Q0	B4N3Q0
B4N3Q0	Q2M0F7
B4N3Q0	A0A3B0JS83
B4N3Q1	B4N3Q1
B4NDT1	B4NDT1
B4NDT1	A0A484B0H5
B4NDT1	A0A6J1MK79
B4NDT1	A0A6P8WKI1
B4NDT1	A0ABM1PT81
B4NDT1	A0AAD4K9G8
B4NDT1	B4L1N8
B4NDT1	B4M279
B4NDT1	B4JIV7
B4NQ01	B4NQ01
B4NQ01	A0A6P4IPD2
B4NQ01	O76900
B4NQ01	Q8SYZ7
B4NQ01	Q9W586
B4NQ01	A0A6J1M024
B4NQ01	A0A0M4EHS3
B4NQ01	A0A6J2TNR5
B4NQ01	A0AB39ZLR1
B4NQ01	B3P9I9
B4NQ01	A0ABM1PXT2
B4NQ01	A0A484B434
B4NQ01	B4L751
B4NQ01	B4MB23
B4NQ01	A0A6J1LQD2
B4NQ01	A0A6P4EP62
B4NQ01	B4JLR0
B4NQ01	A0A6P8L5P2
B4NQ01	A0A6P8WRT7
B4NQ01	A0AAD4KB93
B4NQ01	B3N0R3
B4NUM5	B4NUM5
B4P0V9	B4P0V9
B4P662	B4P662
B4P662	A1ZAG8
B4P662	B3NPI1
B4PA53	B4PA53
B4PA53	B3NJQ2
B4PM71	B4PM71
B4PM71	Q9VEM8
B4PM71	A0A9P9YYN7
B4PM71	B3M1T8
A0A8C7QEQ5	A0A8C7QEQ5
A0A8C7QEQ5	A0A8C7QH75
A0A8C7QEQ5	A0A8C7QJJ6
A0A8C7QEQ5	A0A8C7VMI7
A0A8C7QEQ5	A0A8K9WRK4
A0A8C7QEQ5	A0A8K9VAF6
A0A8C7QEQ5	A0A8C7IJP8
A0A8C7QEQ5	A0A8U0QHD5
A0A8C7QEQ5	A0AAN8LFF6
A0A8C7QEQ5	A0AAZ3QQ84
A0A8C9SA98	A0A8C9SA98
A0A8C9SA98	A0A8C9SH14
A0A8C9SA98	A0A8C9SGS0
A0A8C9SA98	A0A8C9SC36
A0A8C9SA98	A0A8C9SEA7
A0A8C9SA98	A0A8C9SIF2
A0A8C9SA98	A0A8C9S9P0
A0A8C9SA98	A0A8C9T421
A0A8C9SA98	A0A8C9SKT5
A0A8C9SA98	A0A8C9V7H8
A0A8C9SA98	A0A9D3T4B3
A0A8C9SA98	A0AAD7W9W2
A0A8C9SA98	W5MA70
A0A8C9SA98	A0A8T2N9Y4
A0A8C9VW00	A0A8C9VW00
A0A8C9VW00	A0A8C9THT7
A0A8C9VW00	A0A8C9TUQ9
A0A8D0BDH5	A0A8D0BDH5
A0A8D0BDH5	A0A803SS64
A0A8D0E0A3	A0A8D0E0A3
A0A8D0E0A3	A0A8D0E059
A0A8D0FAE8	A0A8D0FAE8
A0A8D0GK93	A0A8D0GK93
A0AAR2K8J8	A0AAR2K8J8
A0AAU9T8G0	A0AAU9T8G0
A0AAU9T8G0	A0AAU9TBC7
A0AAU9TI58	A0AAU9TI58
A0AAU9TVX4	A0AAU9TVX4
A0AAU9TVX4	A0AAU9TQW6
A0AAU9U781	A0AAU9U781
A0AAU9U781	A0AAU9U812
A0AAU9UR88	A0AAU9UR88
A0AAV0UHX2	A0AAV0UHX2
A0AAV0UHX2	A0A329S2E6
A0AAV0UHX2	A0A6A3LZC3
A0AAV0UHX2	A0A6A3MW50
A0AAV0UHX2	A0AAU9KZZ3
A0AAV0UHX2	W2P8Z9
A0AAV0UHX2	A0A081B4F8
A0AAV0UHX2	A0A3M6VSM0
A0AAV0UHX2	A0A6A3ZLR8
A0AAV0UHX2	A0AAV0SZ32
A0AAV0UHX2	W2XWX0
A0AAV0UHX2	V9G0N2
A0AAV0UHX2	W2RH12
A0AAV0UHX2	A0A6G0PUV7
A0AAV0UHX2	A0ABD3F470
A0AAV0UHX2	H3GWH4
A0AAV0UHX2	A0AAV0U599
A0AAV0UHX2	A0AAV0UEV0
A0AAV1HBX4	A0AAV1HBX4
A0AAV1HBX4	A0A3B4UZ16
A0AAV1HBX4	A0A3P8SBR7
A0AAV1HBX4	A0A3Q3GLS3
A0AAV1HBX4	A0A3Q3WY23
A0AAV1HBX4	A0A484CJY2
A0AAV1HBX4	A0A672GHB4
A0AAV1HBX4	A0A674F2Q6
A0AAV1HBX4	A0A6A5F139
A0AAV1HBX4	A0A6G0HS82
A0AAV1HBX4	A0A6I9PNP2
A0AAV1HBX4	A0A6J2WMI6
A0AAV1HBX4	A0A6P8UJY7
A0AAV1HBX4	A0A8C7UBV7
A0AAV1HBX4	A0A9N7V3F4
A0AAV1HBX4	A0A9Y4K3S8
A0AAV1HBX4	A0AAD3R856
A0AAV1HBX4	A0A060WEP1
A0AAV1HBX4	A0A3B4BHR1
A0AAV1HBX4	A0A3B4UZB8
A0AAV1HBX4	A0A3B5B4C1
A0AAV1HBX4	A0A3P8SBQ8
A0AAV1HBX4	A0A667WTR7
A0AAV1HBX4	A0A672Z5M1
A0AAV1HBX4	A0A672Z5V2
A0AAV1HBX4	A0A672Z6U5
A0AAV1HBX4	A0A672Z7F4
A0AAV1HBX4	A0A674F2G6
A0AAV1HBX4	A0A674F2S9
A0AAV1HBX4	A0A8C3A8A3
A0AAV1HBX4	A0A8C7GBZ2
A0AAV1HBX4	A0A2U9D0R3
A0AAV1HBX4	A0A3B4BFI4
A0AAV1HBX4	A0A3B4UTS6
A0AAV1HBX4	A0A3B4UYM0
A0AAV1HBX4	A0A3B4XSL5
A0AAV1HBX4	A0A3Q2GNH2
A0AAV1HBX4	A0A3Q3WY32
A0AAV1HBX4	A0A3Q3X4Z6
A0AAV1HBX4	A0A3Q3X9M0
A0AAV1HBX4	A0A3Q3XGQ4
A0AAV1HBX4	A0A3Q3XIL3
A0AAV1HBX4	A0A3Q4BQE4
A0AAV1HBX4	A0A672Z7P8
A0AAV1HBX4	A0A6P7HGT1
A0AAV1HBX4	A0A6Q2YUY6
A0AAV1HBX4	A0A8C3A8S6
A0AAV1HBX4	A0A8C3AAM4
A0AAV1HBX4	A0A8C8EVF7
A0AAV1HBX4	A0AAV1MRI1
A0AAV1HBX4	G3NJS1
A0AAV1HBX4	A0A3B4V100
A0AAV1HBX4	A0A3P8SC47
A0AAV1HBX4	A0A3Q2ZPE1
A0AAV1HBX4	A0A4W6FEK1
A0AAV1HBX4	A0A5C6NDV5
A0AAV1HBX4	A0A674F304
A0AAV1HBX4	A0A8C5DKA9
A0AAV1HBX4	A0A8C9YSY5
A0AAV1HBX4	A0A8S4AQ69
A0AAV1HBX4	A0A8U0TP19
A0AAV1HBX4	A0AAN7X6H5
A0AAV1HBX4	A0AAN8CX19
A0AAV1HBX4	A0AAW1EWX7
A0AAV1HBX4	A0A3B4BHQ5
A0AAV1HBX4	A0A3B4BIJ5
A0AAV1HBX4	A0A3B4BIL4
A0AAV1HBX4	A0A3B5BKK1
A0AAV1HBX4	A0A3P8W333
A0AAV1HBX4	A0A3Q3AE55
A0AAV1HBX4	A0A4W5PSB3
A0AAV1HBX4	A0A667WQJ2
A0AAV1HBX4	A0A667X3R6
A0AAV1HBX4	A0A667X471
A0AAV1HBX4	A0A671VW32
A0AAV1HBX4	A0A671W1D8
A0AAV1HBX4	A0A672FR39
A0AAV1HBX4	A0A674F1W8
A0AAV1HBX4	A0A6J2WGA1
A0AAV1HBX4	A0A8C3AA63
A0AAV1HBX4	A0AAV1HDK8
A0AAV1HBX4	A0AAV2K4J4
A0AAV1HBX4	A0AAW0NJX2
A0AAV1HBX4	A0ABD2FPD7
A0AAV1HBX4	A0A3B4BFK2
A0AAV1HBX4	A0A3B4BFI8
A0AAV1HBX4	A0A3B4BET9
A0AAV1HBX4	A0A3B4BHP2
A0AAV1HBX4	A0A672Z7G9
A0AAV1HBX4	A0A7J5XAY0
A0AAV1HBX4	A0A8C3A8B8
A0AAV1HBX4	A0A8C3G6R7
A0AAV1HBX4	A0A8C3A6M6
A0AAV1HBX4	A0A667WQK9
A0AAV1HBX4	A0A672FUQ9
A0AAV1HBX4	A0A672FX92
A0AAV1HBX4	A0A8C3AAF9
A0AAV1HBX4	A0A8C6S523
A0AAV1HBX4	A0A3P8S929
A0AAV1HBX4	A0A3Q3X557
A0AAV1HBX4	A0A672Z739
A0AAV1HBX4	A0A672Z7I1
A0AAV1HBX4	A0A3B5B486
A0AAV1HBX4	A0A3B5B5F0
A0AAV1HBX4	A0A3P8SCH0
A0AAV1HBX4	A0A3P8SCI2
A0AAV1HBX4	A0A3Q3WY27
A0AAV1HBX4	A0A3B5B456
A0AAV1HBX4	A0A3Q3X5N7
A0AAV1HBX4	A0A665T3V7
A0AAV1HBX4	A0A665TEV3
A0AAV1HBX4	A0A665TF52
A0AAV1HBX4	A0A667WFF7
A0AAV1HBX4	A0A667WNV1
A0AAV1HBX4	A0A667WPF4
A0AAV1HBX4	A0A672FW31
A0AAV1HBX4	A0A3B4UZ97
A0AAV1HBX4	A0A3B4V0I9
A0AAV1HBX4	A0A672FVU8
A0AAV1HBX4	A0A672FUW2
A0AAV1HBX4	A0A3B4UYL1
A0AAV1HBX4	A0A672FZH6
A0AAV1HBX4	A0A672FZL7
A0AAV1HBX4	A0A672Z565
A0AAV1HBX4	A0A6P3VZJ2
A0AAV1HBX4	A0A8C3AA22
A0AAV1HBX4	A0A3B4UX10
A0AAV1HBX4	A0A3P8SCI5
A0AAV1HBX4	A0A665T4D6
A0AAV1HBX4	A0A674F106
A0AAV1HBX4	A0A674F2S4
A0AAV1HBX4	A0AAV6FRS5
A0AAV1HBX4	A0A672Z7V3
A0AAV1HBX4	A0A8C4F2Q9
A0AAV1HBX4	A0A8C6S6J9
A0AAV1HBX4	A0A8D2ZRX4
A0AAV1HBX4	A0A3Q1FXH2
A0AAV1HBX4	A0A672FS75
A0AAV1HBX4	A0A3Q2PAR9
A0AAV1HBX4	A0A665TEX7
A0AAV1HBX4	A0A6P3WFT6
A0AAV1HBX4	A0A6P8FYW1
A0AAV1HBX4	A0A8C3A9S1
A0AAV1HIR7	A0AAV1HIR7
A0AAV1J3L7	A0AAV1J3L7
A0AAV1J7P0	A0AAV1J7P0
A0AAV1J9C6	A0AAV1J9C6
A0AAV1JB04	A0AAV1JB04
A0AAV1JB72	A0AAV1JB72
A0AAV1JB72	A0AAV1J8N6
A0AAV1JC22	A0AAV1JC22
A0AAV1JGX1	A0AAV1JGX1
A0AAV1JHT8	A0AAV1JHT8
A0AAV1KJ85	A0AAV1KJ85
A0AAV1KJ85	A0A194PCH8
A0AAV1KKK5	A0AAV1KKK5
A0AAV1M8A6	A0AAV1M8A6
A0AAV1PUA9	A0AAV1PUA9
A0AAV1PUA9	A0AAV1PRR8
A0AAV1PUA9	A0AAV1PTQ0
A0AAV1PUA9	A0AAV1PR64
A0AAV1PUA9	A0AAV1PRR1
A0AAV1PUA9	A0AAV1PT73
A0AAV2NTX5	A0AAV2NTX5
A0AAV2NTX5	A0AAW2F9T9
A0AAV2NV38	A0AAV2NV38
A0AAV2NV38	E2A5X1
A0AAV2NW90	A0AAV2NW90
A0AAV2NW90	A0AAV2NZ67
A0AAV2NX75	A0AAV2NX75
A0AAV2NX75	A0A026WJN5
A0AAV2NX75	A0AAV2NVD6
A0AAV2NX75	E2A5W9
A0AAV2NX75	A0AAW2F7K4
A0AAV2NX75	A0AAW2FCP4
A0AAV2NYX2	A0AAV2NYX2
A0AAV2P6T6	A0AAV2P6T6
A0AAV6GQE7	A0AAV6GQE7
A0AAV6GQE7	A0A6P8FUG5
A0AAV6H6B5	A0AAV6H6B5
A0AAV6H6B5	A0AAV6H6C6
A0AAV7BBI8	A0AAV7BBI8
A0AAV7BBI8	A0A8C5QG12
A0AAV7BBI8	Q6GN82
A0AAV7BBI8	A0A974CHM1
A0AAV7BBI8	F6Z7Y2
A0AAV7BBI8	A0A2G9R534
A0AAV7IPS2	A0AAV7IPS2
A0AAV7IXT9	A0AAV7IXT9
A0AAV7J2U1	A0AAV7J2U1
A0AAV7XC25	A0AAV7XC25
A0AAV7XWQ8	A0AAV7XWQ8
A0AAV8VVE0	A0AAV8VVE0
A0AAV8WDI2	A0AAV8WDI2
A0AAV8XRJ6	A0AAV8XRJ6
A0AAV8YW67	A0AAV8YW67
A0AAV8YW67	A0AAV8YW71
A0AAV8YW67	A0AAV8YUC5
A0AAV8Z2U8	A0AAV8Z2U8
A0AAD9DM47	A0AAD9DM47
A0AAD9DM47	A0A4W4E8D7
A0AAD9DM47	A0A4W4E8S1
A0AAD9DM47	A0A4W4E865
A0AAD9DM47	A0A4W4E877
A0AAD9RDY4	A0AAD9RDY4
A0AAD9RPX9	A0AAD9RPX9
A0AAD9RW63	A0AAD9RW63
A0AAD9VKC9	A0AAD9VKC9
A0AAE0VQ14	A0AAE0VQ14
A0AAE0VQ14	A0ABD3WXQ1
A0AAE0VQ14	A0ABD3WX34
A0AAE1PH59	A0AAE1PH59
A0AAE1UEX6	A0AAE1UEX6
A0AAE1UEX6	A0AAE1G0Z6
A0AAG5CQL6	A0AAG5CQL6
A0AAG5DL86	A0AAG5DL86
A0AAG5DTV7	A0AAG5DTV7
A0AAJ6VLL7	A0AAJ6VLL7
A0AAJ6Z738	A0AAJ6Z738
A0AAJ6Z738	A0A194PRR2
A0AAJ6Z738	A0A194QMQ6
A0AAJ6Z738	A0AAV1LZ27
A0AAJ6ZE77	A0AAJ6ZE77
A0AAJ6ZL51	A0AAJ6ZL51
A0AAJ6ZL51	A0A194R4S0
A0AAJ7CAI3	A0AAJ7CAI3
A0AAJ7DYT1	A0AAJ7DYT1
A0AAJ7J9K6	A0AAJ7J9K6
A0AAJ7LHJ4	A0AAJ7LHJ4
A0AAJ7LHJ4	A0A4W6E5Z5
A0AAJ7LHJ4	A0AAJ7VCC1
A0AAJ7TUL4	A0AAJ7TUL4
A0AAJ7UEF7	A0AAJ7UEF7
A0AAN7P7Q2	A0AAN7P7Q2
A0AAN7P827	A0AAN7P827
A0AAN7P8U5	A0AAN7P8U5
A0AAN7S694	A0AAN7S694
A0AAN7UV26	A0AAN7UV26
A0AAN7VN06	A0AAN7VN06
A0AAN7X7I9	A0AAN7X7I9
A0AAN7XK73	A0AAN7XK73
A0AAN8MH31	A0AAN8MH31
A0AAN8NZL7	A0AAN8NZL7
A0AAN9VLJ8	A0AAN9VLJ8
A0AAP4F4P3	A0AAP4F4P3
A0AAP4F4P3	A0AAP4BTK8
A0AAQ6IH91	A0AAQ6IH91
A0AAQ6IH91	A0A3Q1JIG5
A0AAR2ITP7	A0AAR2ITP7
A0AAR2ITP7	A0A3B4BPB2
A0AAR2KUC0	A0AAR2KUC0
A0AAR2KUC0	A0AAR2KPH5
A0AAU9FIW4	A0AAU9FIW4
A0AAU9FM76	A0AAU9FM76
A0AAU9FM76	A0A3B0J8D9
A0AAU9FM76	A0AAU9FN55
A0AAU9FM76	A0A3B0J444
A0AAU9G2D6	A0AAU9G2D6
A0AAU9G2D6	A0A3B0JVK3
A0AAU9TN70	A0AAU9TN70
A0AAU9TSB4	A0AAU9TSB4
A0AAU9TXC5	A0AAU9TXC5
A0AAU9TXC5	A0AAU9U3L7
A0AAU9TXC5	A0AAU9U683
A0AAU9TZB3	A0AAU9TZB3
A0AAU9U6G7	A0AAU9U6G7
A0AAU9U6V1	A0AAU9U6V1
A0AAU9U6V1	A0AAU9UB63
A0AAU9U6V1	A0AAU9U796
A0AAU9U6V1	A0AAU9UBB9
A0AAU9U6V1	A0AAU9UD95
A0AAU9U821	A0AAU9U821
A0AAU9U821	A0A8J9UH59
A0AAU9UQV8	A0AAU9UQV8
A0AAU9UQV8	A0AAU9UVL9
A0AAU9UQV8	A0AAU9TH33
A0AAU9USR0	A0AAU9USR0
A0AAU9USV3	A0AAU9USV3
A0AAU9UWB4	A0AAU9UWB4
A0AAU9UX59	A0AAU9UX59
A0AAU9UX59	A0AAU9USJ8
A0AAV0T9X2	A0AAV0T9X2
A0AAV0T9X2	A0A6A3FHA9
A0AAV0T9X2	A0A080ZSF0
A0AAV0T9X2	H3GLZ1
A0AAV0WBA6	A0AAV0WBA6
A0AAV1IX94	A0AAV1IX94
A0AAV1IX94	A0AAV1IVG5
A0AAV1IX94	A0AAV1IWC5
A0AAV1IZR6	A0AAV1IZR6
A0AAV1JF80	A0AAV1JF80
A0AAV1JFQ5	A0AAV1JFQ5
A0AAV1JJL5	A0AAV1JJL5
A0AAV1JJL5	A0AAV1JN57
A0AAV1JJL5	A0A9P0TMF3
A0AAV1JJL5	A0A821P6D5
A0AAV1KKR5	A0AAV1KKR5
A0AAV1KKX7	A0AAV1KKX7
A0AAV1LEC8	A0AAV1LEC8
A0AAV1LIL2	A0AAV1LIL2
A0AAV1LIL2	A0AAJ7EEW4
A0AAV1LIL2	A0AAV1LM04
A0AAV1LIL2	A0A194PVU9
A0AAV1LIL2	A0AAV1LJN7
A0AAV1M3R3	A0AAV1M3R3
A0AAV1M3R3	A0AAV1M3Q2
A0AAV1M5G6	A0AAV1M5G6
A0AAV1M5G6	A0AAV1M5E6
A0AAV1M5X0	A0AAV1M5X0
A0AAV1M5X0	A0AAV1M616
A0AAV1M7J1	A0AAV1M7J1
A0AAV1M7J1	P35042
A0AAV1M7J1	A0AAV1M3P8
A0AAV1M7J1	A0AAV1M3Q5
A0AAV1M7J1	A0AAV1M5A0
A0AAV1M7J1	A0AAV1M7E9
A0AAV1M7J1	A0AAV1M8S3
A0AAV1M7J1	A0AAV1M3R2
A0AAV1M7J1	A0AAV1M3T8
A0AAV1M7J1	A0AAV1M7R3
A0AAV1M7J1	A0AAV1M567
A0AAV1M7J1	A0AAV1M5B9
A0AAV1QBJ6	A0AAV1QBJ6
A0AAV1QBJ6	A0AAV1Q8K7
A0AAV2AU34	A0AAV2AU34
A0AAV2NXX5	A0AAV2NXX5
A0AAV2RPN2	A0AAV2RPN2
A0AAV2ZR63	A0AAV2ZR63
A0AAV2ZR63	A0A8T2J5P5
A0AAV2ZR63	A0A8D2JCD6
A0AAV4CAV9	A0AAV4CAV9
A0AAV6GKU1	A0AAV6GKU1
A0AAV6H506	A0AAV6H506
A0AAV7HSQ8	A0AAV7HSQ8
A0AAV7HSQ8	A0AAV7HXA1
A0AAV7HSQ8	A0AAV7IA87
A0AAV7I6X6	A0AAV7I6X6
A0AAV7IZX2	A0AAV7IZX2
A0AAV7L711	A0AAV7L711
A0AAV7QSU5	A0AAV7QSU5
A0AAV7RIF4	A0AAV7RIF4
A0AAV7RIF4	A0AA97KGR0
A0AAV7XA73	A0AAV7XA73
A0AAV8VQ21	A0AAV8VQ21
A0AAV8W7L3	A0AAV8W7L3
A0AAV8WX49	A0AAV8WX49
A0AAV8YYU0	A0AAV8YYU0
A0AAW0MDI0	A0AAW0MDI0
A0ABD1DF94	A0ABD1DF94
A0ABD1DHX2	A0ABD1DHX2
A0ABD1DHX2	B0WH74
A0ABD1DHX2	B0WH75
A0ABD1DS38	A0ABD1DS38
A0ABD1DS38	A0ABD1DSX1
A0ABD1EKV5	A0ABD1EKV5
A0ABD1ELZ6	A0ABD1ELZ6
A0ABD1JWA6	A0ABD1JWA6
A0ABD2AZ57	A0ABD2AZ57
A0ABD2AZ57	A0A834PJ49
A0ABD2AZ57	A0A834NKN9
A0ABD2AZ57	A0A834NW27
A0ABD2AZ57	A0ABD2ABK0
A0ABD2CJ93	A0ABD2CJ93
A0ABD2CJ93	A0A834K284
A0ABD2CJ93	A0A834NZ98
A0ABD2CJ93	A0A834JUS6
A0ABD2CJ93	A0AAD9RGS7
A0ABD2GS77	A0ABD2GS77
A0ABD2NML0	A0ABD2NML0
A0ABD2VSX9	A0ABD2VSX9
A0ABD2VSZ3	A0ABD2VSZ3
A0ABD2VVK2	A0ABD2VVK2
A0ABD3X567	A0ABD3X567
A0ABD3X567	A0AAE0RVB2
A0ABD3X567	A0ABD3X753
A0ABD3X567	A0AAE0RUK2
A0ABD3X567	A0AAE0RUM4
A0ABM1DI40	A0ABM1DI40
A0ABM1PDI1	A0ABM1PDI1
A0ABM1PDI1	A0A484BRW5
A0ABM1PDI1	B4KTP1
A0ABM1PT87	A0ABM1PT87
A0ABM1PT87	A0A6J1MK73
A0ABM1PT87	B4L1P3
A0ABM1PT87	A0A484B126
A0ABM1PT87	A0A0M5J845
A0ABM1Y8S0	A0ABM1Y8S0
A0ABM1Y8S0	A0A1S4FPL1
A0ABM1Y8S0	A0ABM1ZA07
A0ABM1Y8S0	A0ABM2A1C0
A0ABM1Y8S0	Q16TL8
A0ABM1ZLW5	A0ABM1ZLW5
A0ABM1ZLW5	Q174G2
A0ABM1ZLW5	A0A1S4FEX2
A0ABM3V135	A0ABM3V135
A0ABM3V135	A0A1I8NHJ9
A0ABM3V135	A0A1I8PQ52
A0ABM4AR42	A0ABM4AR42
A0ABM4AR42	A0A1B3TNW3
A0ABM4AR42	A0A8J9V7N8
A0ABM4AR42	A0A1B3TNY5
A0ABM4AR42	A0A1B3TP02
A0ABM4AR42	A0A8J9UJL1
A0ABM4AR42	A0A1B3TP20
A0ABM4GRC5	A0ABM4GRC5
A0ABQ7PXV1	A0ABQ7PXV1
A0ABQ7PXV1	A0A8S4FI47
A0ABW9P255	A0ABW9P255
A0ABW9P255	A0A646KE70
A4X8W3	A4X8W3
A7S0L7	A7S0L7
A7SDB3	A7SDB3
A7UNU4	A7UNU4
A7UNU8	A7UNU8
A7UTT8	A7UTT8
A7UTT8	A0A904A3E6
A7UTT8	A0A8W7PWL0
B0LM16	B0LM16
B0LM16	B0LM10
B0LM16	B0LM17
B0LM16	B0LM28
B0LM16	B0LM08
B0LM16	B0LM12
B0LM16	B0LM07
B0LM16	B0LM13
B0LM16	B0LM14
B0LM16	B0LM15
B0LM16	B0LM06
B0LM16	B0LM09
B0LM16	B0LM22
B0LM16	B0LM27
B0W774	B0W774
B0W774	A0ABD1DAP9
B0WAK4	B0WAK4
B0WAK4	A0ABD1CYU6
B0WAK4	A0A903TSY4
B0WBU2	B0WBU2
B0WBU2	A0A8D8NBE4
B0WBU2	A0A8D8CJD5
B0WG95	B0WG95
B0WSD7	B0WSD7
B0WSD7	A0A8D8IHC6
B0WSD7	A0A8D8EVE4
B0WSD7	A0A8D8II08
B0WSD7	A0ABD1DSW8
B0WSD7	A0A8D8A1G4
B0WSD7	A0ABD1D6R1
B0XGV4	B0XGV4
B0ZBN2	B0ZBN2
B0ZBN2	B0ZBN1
B0ZBN2	B0ZBN3
B3LZL1	B3LZL1
B3M5T8	B3M5T8
B3M604	B3M604
B3M604	A0AB39ZB29
B3M604	Q9VS87
B3M604	A0A6P8JLV1
B3M604	B4PC93
A0A8C2FE20	A0A8C2FE20
A0A8C2FE20	A0ABD0S364
A0A8C2NQ18	A0A8C2NQ18
A0A8C2NQ18	F1MDE9
A0A8C2NQ18	A0A8C2QTR0
A0A8C2NQ18	A0A452FCK0
A0A8C2NQ18	A0A8C0DFB3
A0A8C2NQ18	A0A8C3YLU2
A0A8C2NQ18	F1SRS1
A0A8C2NQ18	A0A2Y9EKF2
A0A8C2P822	A0A8C2P822
A0A8C2P822	A0A452ENQ0
A0A8C2P822	A0A452E990
A0A8C2P822	A0A452EP79
A0A8C2P822	A0A452EP58
A0A8C2YIS4	A0A8C2YIS4
A0A8C3A7L9	A0A8C3A7L9
A0A8C3A7L9	A0A3Q3WGC0
A0A8C3A7L9	A0A1A8F8E4
A0A8C3A7L9	A0A1A8P9D2
A0A8C3A7L9	A0AAN8C1T5
A0A8C3PF22	A0A8C3PF22
A0A8C3PF22	A0A8C0JD85
A0A8C3PF22	A0A8C3T312
A0A8C3PF22	A0A8C0JC24
A0A8C3PF22	A0A8C3ISR7
A0A8C3PF22	A0A8C3IQW0
A0A8C3PF22	A0A8C3T7H5
A0A8C3PF22	A0A8C3IRX9
A0A8C3PF22	A0A8C3PF59
A0A8C3PF22	A0A8C3IVW7
A0A8C3UNU0	A0A8C3UNU0
A0A8C4LHZ1	A0A8C4LHZ1
A0A8C4LHZ1	A0A287AXU1
A0A8C4LHZ1	A0A6J0ZCG0
A0A8C4LHZ1	A0A9L0KG68
A0A8C4LHZ1	A0A8C0PE82
A0A8C4LHZ1	Q7RTY3
A0A8C4LHZ1	A2VE36
A0A8C4LHZ1	A0A3Q1MFM7
A0A8C4LHZ1	A0A6P3JBB3
A0A8C4LHZ1	A0A6P5DPP2
A0A8C4LHZ1	A0A452ESA5
A0A8C4LHZ1	A0A9X9MCN0
A0A8C4RS53	A0A8C4RS53
A0A8C4RS53	A0A8C4X506
A0A8C4RS88	A0A8C4RS88
A0A8C4T3A9	A0A8C4T3A9
A0A8C4T901	A0A8C4T901
A0A8C4T9R3	A0A8C4T9R3
A0A8C4TG88	A0A8C4TG88
A0A8C4X6M7	A0A8C4X6M7
A0A8C4X6M7	A0A8X7WW71
A0A8C4X6M7	A0A8C4RYA4
A0A8C4X6M7	A0A8C4RXY7
A0A8C4YJA8	A0A8C4YJA8
A0A8C4YND5	A0A8C4YND5
A0A8C5AUJ7	A0A8C5AUJ7
A0A8C5AUJ7	A0A667YWS2
A0A8C5AUJ7	A0A667ZHI0
A0A8C5AUJ7	A0A8C4Z0G2
A0A8C5AUJ7	A0A8T3CRX7
A0A8C5AUJ7	A0A3P8YZJ8
A0A8C5AUJ7	A0A4W6CRQ6
A0A8C5AUJ7	A0A6G1PNL1
A0A8C5AUJ7	A0A8C4ZQE7
A0A8C5AUJ7	A0A4W6CR17
A0A8C5AUJ7	A0A667ZHB3
A0A8C5AUJ7	A0A8C5A331
A0A8C5AUJ7	A0A8C5CNI0
A0A8C5AUJ7	A0A3P8TP71
A0A8C5AUJ7	A0A3B5AZK3
A0A8C5BAI5	A0A8C5BAI5
A0A8C5GIF6	A0A8C5GIF6
A0A8C5H1C8	A0A8C5H1C8
A0A8C5H1C8	A0A8C5H1Q5
A0A8C5H1C8	A0A8C5H1R8
A0A8C5H1C8	A0A8C5N9E7
A0A8C5L932	A0A8C5L932
A0A8C5LXD5	A0A8C5LXD5
A0A8C5NZ78	A0A8C5NZ78
A0A8C5X0R5	A0A8C5X0R5
A0A8C6M5S2	A0A8C6M5S2
A0A8C6M5S2	A0A673AY01
A0A8C6M5S2	A0A8C6M2D4
A0A8C6M5S2	A0A3B4UBW3
A0A8C6M5S2	A0A3B5AQ22
A0A8C6M5S2	A0A3B5L3J8
A0A8C6M5S2	A0A3B5LGH9
A0A8C6M5S2	A0A3P9NDR6
A0A8C6M5S2	A0A3Q2QID9
A0A8C6M5S2	A0A3B5LJG9
A0A8C6M5S2	A0A3B5LD29
A0A8C6M5S2	A0A3Q0RLJ9
A0A8C6M5S2	A0A665SZM0
A0A8C6M5S2	A0A669C080
A0A8C6M5S2	A0A673B1W2
A0A8C6M5S2	A0A8C2Z8H4
A0A8C6M5S2	A0A8C2Z8J6
A0A8C6M5S2	A0A8C2Z930
A0A8C6M5S2	A0A8C6M0U8
A0A8C6M5S2	A0A3B3CDR8
A0A8C6M5S2	A0A3B3CG64
A0A8C6M5S2	A0A3B3DQC4
A0A8C6M5S2	A0A3B3TVQ8
A0A8C6M5S2	A0A3B3XTE4
A0A8C6M5S2	A0A3B3XU15
A0A8C6M5S2	A0A3B3Z0A1
A0A8C6M5S2	A0A3B3ZTE0
A0A8C6M5S2	A0A3B3ZNZ2
A0A8C6M5S2	A0A3B4A085
A0A8C6M5S2	A0A3B4A5R9
A0A8C6M5S2	A0A3B4UCU2
A0A8C6M5S2	A0A3B5L7K4
A0A8C6M5S2	A0A3P9NEH2
A0A8C6M5S2	A0A3Q1IBK4
A0A8C6M5S2	A0A3Q0RLT9
A0A8C6M5S2	A0A3Q1I619
A0A8C6M5S2	A0A3Q2CJE6
A0A8C6M5S2	A0A665SZP6
A0A8C6M5S2	A0A667Z0U8
A0A8C6M5S2	A0A673AXM0
A0A8C6M5S2	A0A673B270
A0A8C6M5S2	A0A8C2Z8Y6
A0A8C6M5S2	A0A8C2Z8M5
A0A8C6M5S2	A0A8C3FZ97
A0A8C6M5S2	A0AA47P9R8
A0A8C6M5S2	A0AAV6G7W6
A0A8C6M5S2	A0A3B3DSA3
A0A8C6M5S2	A0A3B3TUC4
A0A8C6M5S2	A0A3B3XT57
A0A8C6M5S2	A0A3B3XVD0
A0A8C6M5S2	A0A3B4A2U6
A0A8C6M5S2	A0A3B4A319
A0A8C6M5S2	A0A3B4A469
A0A8C6M5S2	A0A3Q0RFZ5
A0A8C6M5S2	A0A3Q0RFY6
A0A8C6M5S2	A0A673AZI2
A0A8C6M5S2	A0A673B138
A0A8C6M5S2	A0A6P7KYL3
A0A8C6M5S2	A0A3Q1IHJ9
A0A8C6M5S2	A0A3Q3G0C5
A0A8C6M5S2	A0A4U5V2G2
A0A8C6M5S2	A0A6I9NR78
A0A8C6M5S2	A0A8C4F993
A0A8C6M5S2	A0AAD3N0B9
A0A8C6M5S2	A0AAN8APK5
A0A8C6M5S2	A0AAV1FJH9
A0A8C6M5S2	A0AAW0PJS5
A0A8C6M5S2	A0A3B4F551
A0A8C6M5S2	A0A3B4UB38
A0A8C6M5S2	A0A3B4UBV3
A0A8C6M5S2	A0A3P8V868
A0A8C6M5S2	A0A3P9MIY7
A0A8C6M5S2	A0A3Q0RMM9
A0A8C6M5S2	A0A3Q2CJX2
A0A8C6M5S2	A0A3Q2QIH7
A0A8C6M5S2	A0A3Q2VRU3
A0A8C6M5S2	A0A665T0N0
A0A8C6M5S2	A0A6P7JU19
A0A8C6M5S2	A0AA88SQ99
A0A8C6M5S2	A0AAQ4PLN6
A0A8C6M5S2	A0A315WC71
A0A8C6M5S2	A0A3B3ZYA0
A0A8C6M5S2	A0A3B4A5U5
A0A8C6M5S2	A0A3B4XVM9
A0A8C6M5S2	A0A3B5LGT0
A0A8C6M5S2	A0A3P9C3Z3
A0A8C6M5S2	A0A3Q2P8X0
A0A8C6M5S2	A0A3Q2P9B4
A0A8C6M5S2	A0A3Q2QK28
A0A8C6M5S2	A0A3Q2YPR2
A0A8C6M5S2	A0A3Q3F3Z1
A0A8C6M5S2	A0A3Q4MEV5
A0A8C6M5S2	A0A665SZF2
A0A8C6M5S2	A0A671XIK9
A0A8C6M5S2	A0A673AYC0
A0A8C6M5S2	A0A6J2RAP2
A0A8C6M5S2	A0A6P8VDF3
A0A8C6M5S2	A0A8C5CFQ7
A0A8C6M5S2	M4A834
A0A8C6M5S2	A0A2I4BWB8
A0A8C6M5S2	A0A3B4UDV4
A0A8C6M5S2	A0A3P9H466
A0A8C6M5S2	A0A3P9NDZ2
A0A8C6M5S2	A0A3Q0RGH2
A0A8C6M5S2	A0A3Q0RLW2
A0A8C6M5S2	A0A3Q2CK93
A0A8C6M5S2	A0A3Q2P9D4
A0A8C6M5S2	A0A3Q2PAP5
A0A8C6M5S2	A0A8C3FYX9
A0A8C6M5S2	A0A8C5G422
A0A8C6M5S2	A0A8C7YX92
A0A8C6M5S2	A0A8C9Z4C5
A0A8C6M5S2	A0AAW1DVR8
A0A8C6M5S2	A0ABD2HRK1
A0A8C6M5S2	H2LPB8
A0A8C6M5S2	A0A3B5LGS5
A0A8C6M5S2	A0A3Q2P8E3
A0A8C6M5S2	A0A3S2P287
A0A8C6M5S2	A0A673AV63
A0A8C6M5S2	A0A6A5FDJ1
A0A8C6M5S2	A0A6G1PN61
A0A8C6M5S2	A0A6P8GB83
A0A8C6M5S2	A0AAJ7VA01
A0A8C6M5S2	A0AAV1NN82
A0A8C6M5S2	A0A7J5XS55
A0A8C6M5S2	A0A8C6LXE0
A0A8C6M5S2	A0A8C6M4B5
A0A8C6M5S2	A0A8C6LZ29
A0A8C6M5S2	A0A9D3B8W6
A0A8C6M5S2	A0A8C6M5G5
A0A8C6M5S2	A0A8C6NVE8
A0A8C6M5S2	A0A3B3CDN4
A0A8C6M5S2	A0A3B3TUU3
A0A8C6M5S2	A0A3B3VBZ9
A0A8C6M5S2	A0A3B3Z1B1
A0A8C6M5S2	A0A3B3ZZJ4
A0A8C6M5S2	A0A3B5LI87
A0A8C6M5S2	A0A3P8R7Z6
A0A8C6M5S2	A0A3P9NDU4
A0A8C6M5S2	A0A3Q1I9Z4
A0A8C6M5S2	A0A3Q1I6I4
A0A8C6M5S2	A0A4W6CS73
A0A8C6M5S2	A0A667ZMA2
A0A8C6M5S2	A0A3Q1IHD1
A0A8C6M5S2	A0A3Q2CL15
A0A8C6M5S2	A0A667Z5J1
A0A8C6M5S2	A0A3Q1I671
A0A8C6M5S2	A0A3Q1IBS6
A0A8C6M5S2	A0A3Q2FLU6
A0A8C6M5S2	A0A665TKE9
A0A8C6M5S2	A0A8C2Z8P8
A0A8C6M5S2	A0A3Q1IHE7
A0A8C6M5S2	A0A4W6CS45
A0A8C6M5S2	A0A4W6CS50
A0A8C6M5S2	A0A667ZD51
A0A8C6M5S2	A0A3Q2CKV8
A0A8C6M5S2	A0A665T8G5
A0A8C6M5S2	A0A667YU71
A0A8C6M5S2	A0A667ZBS6
A0A8C6M5S2	A0A3Q2P8L2
A0A8C6M5S2	A0A667ZMB9
A0A8C6M5S2	A0A673B1Y2
A0A8C6M5S2	A0A8C2Z997
A0A8C6M5S2	A0A8C2Z8X4
A0A8C6M5S2	I3JWQ6
A0A8C6M5S2	A0A3B5LKQ6
A0A8C6M5S2	A0A3B3VAW0
A0A8C6M5S2	A0A3B3YZP5
A0A8C6M5S2	A0A3Q2FLM3
A0A8C6M5S2	A0A3B3V8E0
A0A8C6M5S2	A0A3P8TBJ7
A0A8C6M5S2	A0A3Q1HGT5
A0A8C6M5S2	A0A8S4BYG6
A0A8C6M5S2	A0A665TAT8
A0A8C6M5S2	A0A3P9NDK3
A0A8C6M5S2	A0A3B3VAA3
A0A8C6M5S2	H2UMW1
A0A8C6M5S2	A0A3P9NDP4
A0A8C6M5S2	A0A3P9NDJ6
A0A8C6M5S2	A0A3B3TX20
A0A8C6M5S2	A0A3B3XW45
A0A8C6M5S2	A0A3B3Z0L5
A0A8C6M5S2	A0A3P9NDV7
A0A8C6M5S2	A0A3B3TVR6
A0A8C6M5S2	A0A3B3TW89
A0A8C6M5S2	A0A3B3XVP7
A0A8C6M5S2	A0A3B5LQM7
A0A8C6M5S2	A0A3P9NE62
A0A8C6M5S2	A0A3P9NEF9
A0A8C6M5S2	A0A3Q0RNY1
A0A8C6M5S2	A0A3Q0RSR4
A0A8C6M5S2	A0A3Q0RNV2
A0A8C6M5S2	A0A667Z548
A0A8C6M5S2	A0A668VT59
A0A8C6M5S2	A0A668VTB1
A0A8C6M5S2	A0A668VTY1
A0A8C6M5S2	A0A669C4E1
A0A8C6M5S2	A0A669CBA7
A0A8C6M5S2	A0A669BIB7
A0A8C6M5S2	A0A8C6SP67
A0A8C6M5S2	A0A3Q2CJ35
A0A8C6MBE3	A0A8C6MBE3
A0A8C6MBE3	A0A8C6PXT7
A0A8C6MBE3	A0A1A8A048
A0A8C6MBE3	A0A9D2XJT0
A0A8C6MBE3	A0A9D3C519
A0A8C6R4N3	A0A8C6R4N3
A0A9N9S9R8	A0A9N9S9R8
A0A9N9SBJ5	A0A9N9SBJ5
A0A9N9WBP6	A0A9N9WBP6
A0A9N9WBP6	A0A9N9WD61
A0A9N9WS65	A0A9N9WS65
A0A9P0BSP9	A0A9P0BSP9
A0A9P0BV47	A0A9P0BV47
A0A9P0BV47	A0A7E5WEG8
A0A9P0C0E1	A0A9P0C0E1
A0A9P0C7B0	A0A9P0C7B0
A0A9P0C7B0	A0A0M4M1X5
A0A9P0C7B0	A0A9P0C7B9
A0A9P0C7B0	A0A9P0C0N7
A0A9P0C7B0	A0A9P0CAY7
A0A9P0DCB0	A0A9P0DCB0
A0A9P0DCU9	A0A9P0DCU9
A0A9P0DHQ8	A0A9P0DHQ8
A0A9P0DWX5	A0A9P0DWX5
A0A9P0FWG1	A0A9P0FWG1
A0A9P0FZ55	A0A9P0FZ55
A0A9P0HF71	A0A9P0HF71
A0A9P0HFN1	A0A9P0HFN1
A0A9P0HFN1	A0A9P0HG25
A0A9P0HJ08	A0A9P0HJ08
A0A9P0J4N2	A0A9P0J4N2
A0A9P0JVK2	A0A9P0JVK2
A0A9P0KZC1	A0A9P0KZC1
A0A9P0MZB8	A0A9P0MZB8
A0A9P0MZB8	A0AAD8DSK2
A0A9P0MZB8	A0A2H1X112
A0A9P0MZB8	A0A922MBG3
A0A9P0MZB8	A0A9N8L0R7
A0A9P0MZJ3	A0A9P0MZJ3
A0A9P0MZJ3	A0A9J7DR27
A0A9P0MZJ3	A0A2H1WEE4
A0A9P0MZJ3	A0A835KYW7
A0A9P0MZJ3	A0A9R0DH53
A0A9P0P4B0	A0A9P0P4B0
A0A9P0PT75	A0A9P0PT75
A0A9P0PT75	A0A9P0MFI5
A0A9P0SVE5	A0A9P0SVE5
A0A9P0SVE5	A0A821QAT2
A0A9P0SZA1	A0A9P0SZA1
A0A9P0SZA1	A0A821V6U3
A0A9P0T4B6	A0A9P0T4B6
A0A9P0T4B6	A0A821LNX4
A0A9P0TN68	A0A9P0TN68
A0A9P0TTM3	A0A9P0TTM3
A0A9P0TTM3	A0A821SD76
A0A9P0XCU0	A0A9P0XCU0
A0A9P0XDZ1	A0A9P0XDZ1
A0A9P0XDZ1	A0A821P527
A0A9P0XHJ4	A0A9P0XHJ4
A0A9P0XHJ4	A0A821R3N3
A0A9P9YQ82	A0A9P9YQ82
A0A9P9YQ82	A0A6P4FK74
A0A9P9YQ82	B4HV93
A0A9P9YQ82	B4PC94
A0A9P9YQ82	Q8IQ89
A0A9Q0BQJ9	A0A9Q0BQJ9
A0A9Q0MCW2	A0A9Q0MCW2
A0A9Q0MGF2	A0A9Q0MGF2
A0A9Q0MLU2	A0A9Q0MLU2
A0A9Q0MLU2	A0A9J6BBD5
A0A9Q0MLU2	A0A9N9S3T5
A0A9Q0N4P6	A0A9Q0N4P6
A0A9Q0XLZ9	A0A9Q0XLZ9
A0A9Q1DQX2	A0A9Q1DQX2
A0A9Q1G336	A0A9Q1G336
A0A9Q1G336	A0A9D3QCK5
A0A9R0DD26	A0A9R0DD26
A0A9R0DD26	A0A9J7IPU9
A0A9R0DD26	A0A9P0BM49
A0A9R0DMR8	A0A9R0DMR8
A0A9R0DMR8	A0A9R0DNF8
A0A9R0DMR8	A0A9J7ITR6
A0A9R0DMR8	A0A9R0DNX5
A0A9R0DMR8	A0A9R0DP35
A0A9R0DMR8	A0A9R0DNA4
A0A9R0DMR8	A0A9R0DNC1
A0A9R0DMR8	A0A9R0DNL6
A0A9R0DZ48	A0A9R0DZ48
A0A9R0DZ48	A0A9J7EWC6
A0A9R0EPB7	A0A9R0EPB7
A0A9R0EUU3	A0A9R0EUU3
A0A9R0EUU3	A0A9R0DPD5
A0A9R0EZI2	A0A9R0EZI2
A0A9W3B0E6	A0A9W3B0E6
A0A9W3F800	A0A9W3F800
A0A9W3F800	A0A8B6Y706
A0A9X0ADX4	A0A9X0ADX4
A0A9X8H8P8	A0A9X8H8P8
A0A9X8H8P8	A0A397B633
A0A9X8H8P8	A0A3R6XL79
A0A9X8H8P8	A0A418C292
A0A9X9LQV0	A0A9X9LQV0
A0A9X9LQV0	Q9UNI1
A0A9X9LQV0	Q28153
A0A9X9LQV0	P00773
A0A9X9LQV0	Q91X79
A0A9X9LQV0	P00772
A0A9X9LQV0	O46644
A0A9X9LQV0	Q5R1M5
A0A9X9LQV0	Q867B0
A0A9X9LQV0	A6KCL6
A0A9X9LQV0	A0A2K5QNP1
A0A9X9LQV0	A0A452E6K9
A0A9X9LQV0	H0WXH4
A0A9X9LQV0	H2Q5Y1
A0A9X9LQV0	A0A452TT96
A0A9X9LQV0	A0A4X2KK81
A0A9X9LQV0	A0A6P5R2S2
A0A9X9LQV0	H0V392
A0A9X9LQV0	M3Y936
A0A9X9LQV0	A0A2K5F8U4
A0A9X9LQV0	A0A671FIK5
A0A9X9LQV0	A0A8C2YIR3
A0A9X9LQV0	G1SUW7
A0A9X9LQV0	A0A0D9R0R2
A0A9X9LQV0	A0A1U7Q419
A0A9X9LQV0	A0A2K6UC90
A0A9X9LQV0	A0A8C4LGG2
A0A9X9LQV0	A0A8C6RBL5
A0A9X9LQV0	G1PF40
A0A9X9LQV0	G3R1Y2
A0A9X9LQV0	G3VX51
A0A9X9LQV0	A0A6I9LFI8
A0A9X9LQV0	A0A6P3FHU2
A0A9X9LQV0	A0A8C5JXC8
A0A9X9LQV0	A0A8C8YVS4
A0A9X9LQV0	G1S7U1
A0A9X9LQV0	A0A096NAQ3
A0A9X9LQV0	A0A2K5M474
A0A9X9LQV0	A0A5G2QIP4
A0A9X9LQV0	A0A8C8WDK9
A0A9X9LQV0	A0A8C9J0H5
A0A9X9LQV0	A0A8D0GNV9
A0A9X9LQV0	H2NHB4
A0A9X9LQV0	A0A2K6E0B2
A0A9X9LQV0	A0A2K6EJ47
A0A9X9LQV0	A0A8C3WVI3
A0A9X9LQV0	A0A8C5UV96
A0A9X9LQV0	A0A2K6AA93
A0A9X9LQV0	A0A8C6F9G1
A0A9X9LQV0	A0A8C9BM08
A0A9X9LQV0	F7DZ89
A0A9X9LQV0	F7FDF9
A0A9X9LQV0	A0A8C0DZ79
A0A9X9LQV0	A0A8C2LNF0
A0A9X9LQV0	A0A8C6E5P4
A0A9X9LQV0	A0A8C6HQ15
A0A9X9LQV0	A0A091RLJ0
A0A9X9LQV0	A0A094L8B2
A0A9X9LQV0	A0A1S2ZEV7
A0A9X9LQV0	A0A2Y9L1C9
A0A9X9LQV0	A0A3Q7S937
A0A9X9LQV0	A0A4U1FQZ3
A0A9X9LQV0	A0A4X2KKN6
A0A9X9LQV0	A0A5N3WH41
A0A9X9LQV0	A0A667IDF0
A0A9X9LQV0	A0A6J0XFR6
A0A9X9LQV0	A0A6P3IPE5
A0A9X9LQV0	A0A6P3RFN9
A0A9X9LQV0	A0A7J8JBC4
A0A9X9LQV0	A0A7K8Y717
A0A9X9LQV0	A0A7K9VDV0
A0A9X9LQV0	A0A7L0C8X6
A0A9X9LQV0	A0A7L1A341
A0A9X9LQV0	A0A7L2H191
A0A9X9LQV0	A0A811YVY1
A0A9X9LQV0	A0A8B9WJF4
A0A9X9LQV0	A0A8C0PRK1
A0A9X9LQV0	A0A8C0X4M6
A0A9X9LQV0	A0A8C9GB56
A0A9X9LQV0	A0A8D2EHR2
A0A9X9LQV0	A0A8I3NL56
A0A9X9LQV0	A0A8T1SD21
A0A9X9LQV0	A0A9J7K2B2
A0A9X9LQV0	A0A9L0SHM6
A0A9X9LQV0	A0AA97KJD3
A0A9X9LQV0	A0ABM0Q7M7
A0A9X9LQV0	A0ABM1CQX6
A0A9X9LQV0	A0ABM3QE82
A0A9X9LQV0	D2HHE4
A0A9X9LQV0	G1L5J1
A0A9X9LQV0	R0KZV3
A0A9X9LQV0	A0A091I1J0
A0A9X9LQV0	A0A093IMD5
A0A9X9LQV0	A0A0A0AB78
A0A9X9LQV0	A0A1U7T5M1
A0A9X9LQV0	A0A2K5VMI9
A0A9X9LQV0	A0A2K6P9L9
A0A9X9LQV0	A0A2U3YVE3
A0A9X9LQV0	A0A452SMI0
A0A9X9LQV0	A0A7F8PZW7
A0A9X9LQV0	A0A7J7Z2H5
A0A9X9LQV0	A0A7K8NTJ8
A0A9X9LQV0	A0A7K9BHC5
A0A9X9LQV0	A0A7K9TLR3
A0A9X9LQV0	A0A7L1H2F5
A0A9X9LQV0	A0A850VVF0
A0A9X9LQV0	A0A8B7B9W4
A0A9X9LQV0	A0A8B7PUP8
A0A9X9LQV0	A0A8B8YIX6
A0A9X9LQV0	A0A8B9DGI6
A0A9X9LQV0	A0A8C9FRP5
A0A9X9LQV0	A0A8D0WUS3
A0A9X9LQV0	A0A8D2JW96
A0A9X9LQV0	A0A8I3NVA0
A0A9X9LQV0	A0A8M1MBG4
A0A9X9LQV0	A0A9B0WVA8
A0A9X9LQV0	A0A9W2UVZ5
A0A9X9LQV0	A0A9W3F2I9
A0A9X9LQV0	A0ABM4FYY8
A0A9X9LQV0	A0A094MRM0
A0A9X9LQV0	A0A2K6P9M1
A0A9X9LQV0	A0A2Y9FCA3
A0A9X9LQV0	A0A452SMF9
A0A9X9LQV0	A0A6J0SZN6
A0A9X9LQV0	A0A7K6RML4
A0A9X9LQV0	A0A7K9DMV4
A0A9X9LQV0	A0A7L0EQD7
A0A9X9LQV0	A0A7L2YAL4
A0A9X9LQV0	A0AAU9ZFX8
A0A9X9LQV0	A0ABI7ZR13
A0A9X9LQV0	A0ABM0HKT6
A0A9X9LQV0	F6SGS9
A0A9X9LQV0	G7N703
A0A9X9LQV0	A0A091VPP5
A0A9X9LQV0	A0A0P6J1N0
A0A9X9LQV0	A0A2J8KDQ3
A0A9X9LQV0	A0A2K5I0J9
A0A9X9LQV0	A0A2K6P9M8
A0A9X9LQV0	A0A383ZWC1
A0A9X9LQV0	A0A663EFG2
A0A9X9LQV0	A0A6P6IDG9
A0A9X9LQV0	A0A7K7VRX2
A0A9X9LQV0	A0A7K8XFL1
A0A9X9LQV0	A0A7L0X142
A0A9X9LQV0	A0A7N5KQH2
A0A9X9LQV0	A0A7N5P686
A0A9X9LQV0	A0A852BTU6
A0A9X9LQV0	A0A8B9IH13
A0A9X9LQV0	A0A8B9QVR8
A0A9X9LQV0	A0A8C2N5S6
A0A9X9LQV0	A0A8C4KYH8
A0A9X9LQV0	A0A8C8SKD1
A0A9X9LQV0	A0A8C9FSB6
A0A9X9LQV0	A0A8U0T5C8
A0A9X9LQV0	A0A9F2N5C4
A0A9X9LQV0	A0AA40I181
A0A9X9LQV0	L8HRJ7
A0A9X9LQV0	A0A091WLR2
A0A9X9LQV0	A0A286XYW7
A0A9X9LQV0	A0A2J8SXS7
A0A9X9LQV0	A0A2Y9MXK4
A0A9X9LQV0	A0A341ARX5
A0A9X9LQV0	A0A384D7R1
A0A9X9LQV0	A0A452E6N3
A0A9X9LQV0	A0A484GJY7
A0A9X9LQV0	A0A5N4DFP0
A0A9X9LQV0	A0A6I9I5G4
A0A9X9LQV0	A0A6J2NA78
A0A9X9LQV0	A0A6J3IDW4
A0A9X9LQV0	A0A7J7ZGE1
A0A9X9LQV0	A0A7J8FWB4
A0A9X9LQV0	A0A7K7BIT5
A0A9X9LQV0	A0A7L4E0A0
A0A9X9LQV0	A0A8C3QSB8
A0A9X9LQV0	A0A8C8WCU5
A0A9X9LQV0	A0A8C9FS04
A0A9X9LQV0	A0A8D0QTI1
A0A9X9LQV0	A0A8J6DIM0
A0A9X9LQV0	A0AAX6R319
A0A9X9LQV0	A0ABM4H4K5
A0A9X9LQV0	A0ABN8Z1L5
A0A9X9LQV0	A0A2K6JNW4
A0A9X9LQV0	A0ABK0LKT9
A0A9X9LQV0	A0A2U4CBK1
A0A9X9LQV0	A0A8C4YCS8
A0A9X9LQV0	A0A8K1LFE4
A0A9X9LQV0	A0A8C2Y6Y8
A0A9X9LQV0	A0A1D5PGJ4
A0A9X9LQV0	A0A8B9I393
A0A9X9LQV0	A0A218U850
A0A9X9LQV0	A0A7L0FYQ8
A0A9X9LQV0	A0A7L3B6M5
A0A9X9LQV0	A0A851NXK6
A0A9X9LQV0	A0A7K6TMA8
A0A9X9LQV0	A0A7K7NWA7
A0A9X9LQV0	A0A8B9DLF7
A0A9X9LQV0	A0A8C0VKW0
A0A9X9LQV0	A0A8K1G4M3
A0A9X9LQV0	A0A3L8Q679
A0A9X9LQV0	A0A7K4X1M7
A0A9X9LQV0	A0A7K5Z8H7
A0A9X9LQV0	A0A7K9YVY4
A0A9X9LQV0	A0AAN7NBM3
A0A9X9LQV0	A0A093BI30
A0A9X9LQV0	A0A218UCT5
A0A9X9LQV0	A0A7K5KN84
A0A9X9LQV0	A0A7K7WT64
A0A9X9LQV0	A0A8B9Z4U3
A0A9X9LQV0	A0A7K8GB44
A0A9X9LQV0	A0AAD4UL14
A0A9X9LQV0	A0A7K7AA44
A0A9X9LQV0	A0A835NEQ5
A0A9X9LQV0	A0A091RRR6
A0A9X9LQV0	A0A1V4KRY4
A0A9X9LQV0	A0A212DFA7
A0A9X9LQV0	A0A852ICX8
A0A9X9LQV0	A0AAV7S9Y7
A0A9X9LQV0	K7FAM7
A0A9X9LQV0	A0A087VCZ5
A0A9X9LQV0	A0A2U3VZ53
A0A9X9LQV0	A0A643C4H5
A0A9X9LQV0	A0A667HNT9
A0A9X9LQV0	A0A673TS44
A0A9X9LQV0	A0A673TJ09
A0A9X9LQV0	A0A6J2D0J4
A0A9X9LQV0	A0A6J2D1Y4
A0A9X9LQV0	A0A7K9X4V8
A0A9X9LQV0	A0A7L0UNU0
A0A9X9LQV0	A0A8C3V1L3
A0A9X9LQV0	A0A8C3Y6Y0
A0A9X9LQV0	A0A8B9Z4T7
A0A9X9LQV0	A0A8B9Z213
A0A9X9LQV0	A0A8C0ANV9
A0A9X9LQV0	A0A8C3UW99
A0A9X9LQV0	A0A8D2GSY7
A0A9X9LQV0	A0A8C6EZI5
A0A9X9LQV0	I3MD53
A0A9X9LQV0	A0A8D2D369
A0A9X9LQV0	A0A5E4A8W0
A0A9X9LQV0	A0A8C9UNA2
A0A9X9LQV0	A0A1S3FDL5
A0A9X9LQV0	A0A7K9C1V9
A0A9X9LQV0	A0A8C3DGQ8
A0A9X9LQV0	U3JQ49
A0A9X9LQV0	A0A803W3P9
A0A9X9LQV0	A0A851ZG48
A0A9X9LQV0	A0A7L1MZQ3
A0A9X9LQV0	A0A851Y556
A0A9X9LQV0	A0A7K5FQY0
A0A9X9LQV0	A0A6P5III6
A0A9X9LQV0	A0ABM0KW27
A0A9Y2JKM7	A0A9Y2JKM7
A0A9Y3S1R6	A0A9Y3S1R6
A0A9Y3S1R6	A0A3Q4GB37
A0A9Y3S1R6	A0A3B4EY82
A0A9Y3S1R6	A0A3Q4FXR9
A0A9Y3S1R6	A0A3P9BBS1
A0A9Y4K7A6	A0A9Y4K7A6
A0A9Y4K7A6	A0A3B5A532
A0AA36MJE2	A0AA36MJE2
A0AA38IFI7	A0AA38IFI7
A0AA38ME30	A0AA38ME30
A0AA38MEF6	A0AA38MEF6
A0AA38MEF6	A0AA38ME74
A0AA38MEF6	A0AA38IPD0
A0AA39FHD2	A0AA39FHD2
A0AA39FYB4	A0AA39FYB4
A0AA39FYB4	A0AA39G5S6
A0AA39FYK7	A0AA39FYK7
A0AA39KV42	A0AA39KV42
A0AA39KV42	A0AA39CAM8
A0AA39LLW2	A0AA39LLW2
A0AA39M3A1	A0AA39M3A1
A0AA40KJJ7	A0AA40KJJ7
A0AA40KJJ7	A0AAW1AFD8
A0AA40KJJ7	A0A0M9A924
A0AA40KJJ7	A0AA40KJE1
A0AA40KJJ7	A0A833SAX0
A0AA40KJJ7	A0AAW1AIA0
A0AA85C4E9	A0AA85C4E9
A0AA88LZG2	A0AA88LZG2
A0AA88LZG2	A0A8J4UU50
A0AA88MWG0	A0AA88MWG0
A0AA88TQD1	A0AA88TQD1
A0AAD4JUR5	A0AAD4JUR5
A0AAD4JXU7	A0AAD4JXU7
A0AAD4JXU7	B4L9Q5
A0AAD4JXU7	A0A6J1LQC4
A0AAD4JXU7	A0AAD4K3N6
A0AAD4JXU7	A0A484B1H8
A0AAD4JXU7	A0AAU9G949
A0AAD4JXU7	B4MLN2
A0AAD4JXU7	A0A6J2UCZ9
A0AAD4JXU7	A0A6P4IFZ1
A0AAD4JXU7	Q7JX43
A0AAD4JXU7	A0A6P8JM58
A0AAD4JXU7	B3MFU9
A0AAD4JXU7	B3MFV0
A0AAD4JXU7	B4P3A9
A0AAD5KRT3	A0AAD5KRT3
A0AAD5KRT3	A0A164U5Z1
A0AAD7Y945	A0AAD7Y945
A0AAD8ZHX0	A0AAD8ZHX0
A0AAD8ZHX0	Q7SIG3
A0AAD8ZHX0	Q6DGW4
A0AAD8ZHX0	A0A8M9PRR3
A0AAD8ZHX0	Q6AZC0
A0AAD8ZHX0	A0A087YET1
A0AAD8ZHX0	A0A2U9BEN1
A0AAD8ZHX0	A0A2U9BFJ0
A0AAD8ZHX0	A0A3B1J9X1
A0AAD8ZHX0	A0A3B3VPT7
A0AAD8ZHX0	A0A3B3ZIC4
A0AAD8ZHX0	A0A3B4ERJ8
A0AAD8ZHX0	A0A3B4UXA7
A0AAD8ZHX0	A0A3B5B6B2
A0AAD8ZHX0	A0A3B5QVC9
A0AAD8ZHX0	A0A3P9A7M8
A0AAD8ZHX0	A0A3P9B6W1
A0AAD8ZHX0	A0A3Q1C3K5
A0AAD8ZHX0	A0A3Q1JWX4
A0AAD8ZHX0	A0A3Q2UIT9
A0AAD8ZHX0	A0A3Q3B5F2
A0AAD8ZHX0	A0A3Q3LCR3
A0AAD8ZHX0	A0A4W4EWB9
A0AAD8ZHX0	A0A4W5RFZ0
A0AAD8ZHX0	A0A668UVJ3
A0AAD8ZHX0	A0A669BSB8
A0AAD8ZHX0	A0A669FCI1
A0AAD8ZHX0	A0A673BKR5
A0AAD8ZHX0	A0A673BNB7
A0AAD8ZHX0	A0A673BSP6
A0AAD8ZHX0	A0A673M6B5
A0AAD8ZHX0	A0A6P6IZH9
A0AAD8ZHX0	A0A6P7HZS7
A0AAD8ZHX0	A0A7J6BQX6
A0AAD8ZHX0	A0A7N8WYW3
A0AAD8ZHX0	A0A7N8X075
A0AAD8ZHX0	A0A8B9H548
A0AAD8ZHX0	A0A8B9HA20
A0AAD8ZHX0	A0A8C6LLU2
A0AAD8ZHX0	A0A8C7S7T6
A0AAD8ZHX0	A0A8C7YBS8
A0AAD8ZHX0	A0A8D3AG38
A0AAD8ZHX0	A0A8T0AKJ5
A0AAD8ZHX0	A0A9D3Q6E5
A0AAD8ZHX0	A0AA88IWJ7
A0AAD8ZHX0	A0AAN8AXH6
A0AAD8ZHX0	A0AAN9CJ02
A0AAD8ZHX0	A0AAR2K3H7
A0AAD8ZHX0	A0AAR2L0J0
A0AAD8ZHX0	A0AAZ1XNZ6
A0AAD8ZHX0	I3JIE9
A0AAD8ZHX0	A0A2I4B8M7
A0AAD8ZHX0	A0A3B3TYR2
A0AAD8ZHX0	A0A3B3ZIH3
A0AAD8ZHX0	A0A3B5QC95
A0AAD8ZHX0	A0A3P8QPL2
A0AAD8ZHX0	A0A3Q0SAA9
A0AAD8ZHX0	A0A4W6E176
A0AAD8ZHX0	A0A556U3U1
A0AAD8ZHX0	A0A5A9NS90
A0AAD8ZHX0	A0A668A368
A0AAD8ZHX0	A0A671UHA3
A0AAD8ZHX0	A0A672MAG1
A0AAD8ZHX0	A0A673BRR8
A0AAD8ZHX0	A0A673K601
A0AAD8ZHX0	A0A673YY83
A0AAD8ZHX0	A0A6P6NY60
A0AAD8ZHX0	A0A6P8FL63
A0AAD8ZHX0	A0A7J6BR29
A0AAD8ZHX0	A0A7N8X3U3
A0AAD8ZHX0	A0A7N8XCJ9
A0AAD8ZHX0	A0A8C1P5B8
A0AAD8ZHX0	A0A8C1P9H8
A0AAD8ZHX0	A0A8C5GZL6
A0AAD8ZHX0	A0A8C7YE53
A0AAD8ZHX0	A0A8C9WMA5
A0AAD8ZHX0	A0A8D8NGB6
A0AAD8ZHX0	A0A8U1EV61
A0AAD8ZHX0	A0A9D3N9T1
A0AAD8ZHX0	A0AA88NP92
A0AAD8ZHX0	A0AAD6FAV9
A0AAD8ZHX0	A0AAR2LXN8
A0AAD8ZHX0	A0AAV6GLR4
A0AAD8ZHX0	A0AAW2A0K0
A0AAD8ZHX0	A0AAW2A3P5
A0AAD8ZHX0	A0ABD1JVW6
A0AAD8ZHX0	A0ABD1JW05
A0AAD8ZHX0	H2LRQ0
A0AAD8ZHX0	M4AUG2
A0AAD8ZHX0	Q9W7Q1
A0AAD8ZHX0	W5L3V1
A0AAD8ZHX0	A0A087X630
A0AAD8ZHX0	A0A2D0PJ89
A0AAD8ZHX0	A0A3B3IHD5
A0AAD8ZHX0	A0A3B3WQ87
A0AAD8ZHX0	A0A3B3ZIG1
A0AAD8ZHX0	A0A3P8ST59
A0AAD8ZHX0	A0A3P8WSB0
A0AAD8ZHX0	A0A3Q0S7W0
A0AAD8ZHX0	A0A3Q2EDF0
A0AAD8ZHX0	A0A3Q2PM20
A0AAD8ZHX0	A0A3Q2UW28
A0AAD8ZHX0	A0A3Q2YDX1
A0AAD8ZHX0	A0A3Q3JBN8
A0AAD8ZHX0	A0A3Q3LFG7
A0AAD8ZHX0	A0A437DDI8
A0AAD8ZHX0	A0A4W6DYE2
A0AAD8ZHX0	A0A665UFG6
A0AAD8ZHX0	A0A665UH45
A0AAD8ZHX0	A0A667ZU22
A0AAD8ZHX0	A0A672IZZ9
A0AAD8ZHX0	A0A673MDS6
A0AAD8ZHX0	A0A673YWL0
A0AAD8ZHX0	A0A673YXJ2
A0AAD8ZHX0	A0A6G1PJ03
A0AAD8ZHX0	A0A6J2VK28
A0AAD8ZHX0	A0A6P7ILK5
A0AAD8ZHX0	A0A6P8FL61
A0AAD8ZHX0	A0A7N8XJI1
A0AAD8ZHX0	A0A7N8Y1J4
A0AAD8ZHX0	A0A7N8Y7S8
A0AAD8ZHX0	A0A8B9H4U3
A0AAD8ZHX0	A0A8C1NW12
A0AAD8ZHX0	A0A8C2DJL4
A0AAD8ZHX0	A0A8C2JZE3
A0AAD8ZHX0	A0A8D3CZQ3
A0AAD8ZHX0	A0A8D3D7C0
A0AAD8ZHX0	A0A8T2KM32
A0AAD8ZHX0	A0AAD9CF17
A0AAD8ZHX0	A0AAN8E9A7
A0AAD8ZHX0	A0AAR2JM79
A0AAD8ZHX0	A0AAV1ENM1
A0AAD8ZHX0	A0AAY4A5E3
A0AAD8ZHX0	G3NQQ9
A0AAD8ZHX0	A0A3B3C1D2
A0AAD8ZHX0	A0A3B3ZIQ8
A0AAD8ZHX0	A0A3B5MGF3
A0AAD8ZHX0	A0A3P9KVC1
A0AAD8ZHX0	A0A3P9KVF7
A0AAD8ZHX0	A0A3Q1EYM1
A0AAD8ZHX0	A0A3Q3L777
A0AAD8ZHX0	A0A3Q4GIM1
A0AAD8ZHX0	A0A498NIE7
A0AAD8ZHX0	A0A665UHD3
A0AAD8ZHX0	A0A667ZTW8
A0AAD8ZHX0	A0A668UT64
A0AAD8ZHX0	A0A669DRF4
A0AAD8ZHX0	A0A671QSW2
A0AAD8ZHX0	A0A671UH69
A0AAD8ZHX0	A0A672J2R3
A0AAD8ZHX0	A0A673BSR7
A0AAD8ZHX0	A0A7N8WVF8
A0AAD8ZHX0	A0A7N8X6Y4
A0AAD8ZHX0	A0A7N8XA92
A0AAD8ZHX0	A0A8C7GK60
A0AAD8ZHX0	A0A8C7GKA1
A0AAD8ZHX0	A0A8C9U5N2
A0AAD8ZHX0	A0A8C9V9M2
A0AAD8ZHX0	A0A8C9WI22
A0AAD8ZHX0	A0A8J4V3N2
A0AAD8ZHX0	A0A8T2NIU6
A0AAD8ZHX0	A0A9N7UVW5
A0AAD8ZHX0	A0AAQ5XUE3
A0AAD8ZHX0	A0AAR2IKC7
A0AAD8ZHX0	A0AAR2LRN4
A0AAD8ZHX0	A0AAV1ENL9
A0AAD8ZHX0	A0AAV1N2B0
A0AAD8ZHX0	M4AY61
A0AAD8ZHX0	A0A060YMY3
A0AAD8ZHX0	A0A3B3YVG9
A0AAD8ZHX0	A0A3B3ZII4
A0AAD8ZHX0	A0A3B4X9V5
A0AAD8ZHX0	A0A3B5M5G7
A0AAD8ZHX0	A0A3P9HJS6
A0AAD8ZHX0	A0A3Q0S176
A0AAD8ZHX0	A0A3Q3DM36
A0AAD8ZHX0	A0A3Q3LPS0
A0AAD8ZHX0	A0A3Q3RWG3
A0AAD8ZHX0	A0A3Q3W606
A0AAD8ZHX0	A0A4W4EUR8
A0AAD8ZHX0	A0A5N5L3C3
A0AAD8ZHX0	A0A665UH32
A0AAD8ZHX0	A0A668A336
A0AAD8ZHX0	A0A671UDQ0
A0AAD8ZHX0	A0A672MPA7
A0AAD8ZHX0	A0A673YYJ7
A0AAD8ZHX0	A0A6G0J4A6
A0AAD8ZHX0	A0A6J2PMQ1
A0AAD8ZHX0	A0A6P7MMT7
A0AAD8ZHX0	A0A7J6BFQ2
A0AAD8ZHX0	A0A7N8XQL8
A0AAD8ZHX0	A0A8B9H5W4
A0AAD8ZHX0	A0A8C1P3T1
A0AAD8ZHX0	A0A8C4ZG29
A0AAD8ZHX0	A0A8C5H0I2
A0AAD8ZHX0	A0A8C7SBH9
A0AAD8ZHX0	A0A8C7YBT4
A0AAD8ZHX0	A0A8C7YEU2
A0AAD8ZHX0	A0A9Y4N0I4
A0AAD8ZHX0	A0AAV1ENR1
A0AAD8ZHX0	A0AAV6GNA5
A0AAD8ZHX0	A0AAW2A1C4
A0AAD8ZHX0	A0ABD1JW21
A0AAD8ZHX0	B2ZA46
A0AAD8ZHX0	Q4QRH5
A0AAD8ZHX0	A0A3B5Q845
A0AAD8ZHX0	A0A3B5LY34
A0AAD8ZHX0	A0A3B5LV24
A0AAD8ZHX0	A0A3B5QU28
A0AAD8ZHX0	A0A3Q3EE11
A0AAD8ZHX0	A0A3Q3EHZ9
A0AAD8ZHX0	A0A3Q3EDU9
A0AAD8ZHX0	A0A3Q3EEP4
A0AAD8ZHX0	A0A673BKZ4
A0AAD8ZHX0	A0A6G1PJD2
A0AAD8ZHX0	A0AA88NR88
A0AAD8ZHX0	A0A6J2VPW5
A0AAD8ZHX0	A0AAR2INF8
A0AAD8ZHX0	A0A8C4ZVY5
A0AAD8ZHX0	A0A8C5CM05
A0AAD8ZHX0	A0A8C6S9F1
A0AAD8ZHX0	A0A8C6WEU5
A0AAD8ZHX0	A0A8C6SCX9
A0AAD8ZHX0	A0A8L0DUE5
A0AAD8ZHX0	A0A8C8BWX3
A0AAD8ZHX0	A0A8U0PFR1
A0AAD8ZHX0	A0AAY5K980
A0AAD8ZHX0	A0A8C8BYG0
A0AAD8ZHX0	A0A8C8C3X1
A0AAD8ZHX0	A0A1S3LF92
A0AAD8ZHX0	A0A8C7S5T5
A0AAD8ZHX0	A0ABM3CMW5
A0AAD8ZHX0	A0A3B5M7Q6
A0AAD8ZHX0	A0A6P7IE61
A0AAD8ZHX0	A0A6P7I5J8
A0AAD8ZHX0	A0A8C7GP76
A0AAD8ZHX0	A0A8C7GN36
A0AAD8ZHX0	A0A3B5M2R0
A0AAD8ZHX0	A0A3B5LY15
A0AAD8ZHX0	A0A3P8YHP4
A0AAD8ZHX0	A0A3P9DLL1
A0AAD8ZHX0	A0A3Q0SEW5
A0AAD8ZHX0	A0A3Q4AS12
A0AAD8ZHX0	A0A3B4DDE1
A0AAD8ZHX0	A0AAR2JFJ3
A0AAD8ZHX0	A0A665UH60
A0AAD8ZHX0	A0A3Q0SEK1
A0AAD8ZHX0	A0A3Q3EF18
A0AAD8ZHX0	A0A673KB07
A0AAD8ZHX0	A0A8C2ZB62
A0AAD8ZHX0	A0A8C4S902
A0AAD8ZHX0	A0AAV1N1Z1
A0AAD8ZHX0	A0A3Q0S107
A0AAD8ZHX0	A0A3Q3VZP1
A0AAD8ZHX0	A0A7L3LVU6
A0AAD8ZHX0	A0AAE0Q258
A0AAD8ZHX0	A0ABD1JVV1
A0AAD8ZHX0	A0ABD1JVW4
A0AAD8ZHX0	A0ABD1JW13
A0AAD8ZHX0	A0A8C3FZV7
A0AAD8ZHX0	A0A484DEL7
A0AAD8ZHX0	A0A4W5R4U4
A0AAD8ZHX0	A0A6I9PJT4
A0AAD8ZHX0	A0A8C9XTG5
A0AAD8ZHX0	A0A3Q3VVY4
A0AAD8ZHX0	A0A3Q3VWA2
A0AAD8ZHX0	A0A3Q4ARG9
A0AAD8ZHX0	A0A6J2PMH1
A0AAD8ZHX0	A0ABD2GX89
A0AAD8ZHX0	A0A6A5FII5
A0AAD8ZHX0	A0AAW1F388
A0AAD8ZHX0	A0A6P8TTI4
A0AAD8ZHX0	A0A3N0YUB7
A0AAD8ZHX0	A0A3N0YTF5
A0AAD8ZHX0	A0A3Q3JBQ1
A0AAD8ZHX0	A0A8C2JFG8
A0AAD8ZHX0	A0A3B3DJ82
A0AAD8ZHX0	A0A3Q3ASL7
A0AAD8ZHX0	A0A8C2JDU4
A0AAD8ZHX0	A0AA88TSV8
A0AAD8ZHX0	A0A8D3CD21
A0AAD8ZHX0	A0A3P9KVS6
A0AAD8ZHX0	A0A8C1V753
A0AAD8ZHX0	A0A9W7T6W2
A0AAD8ZHX0	A0A834CM67
A0AAD8ZHX0	A0A8C1Z265
A0AAD8ZHX0	A0A9J7YZT1
A0AAD8ZHX0	A0A3B3QT00
A0AAD8ZHX0	A0A3B3QV13
A0AAD8ZHX0	A0A8C6LLX0
A0AAD8ZHX0	A0A1A8VD25
A0AAD8ZHX0	A0A9D2XVT7
A0AAD8ZHX0	A0A8C9TY40
A0AAD8ZHX0	A0A8C9SW07
A0AAD8ZHX0	A0A8C9TA95
A0AAD8ZHX0	A0A8C9W7A6
A0AAD8ZHX0	A0A8C9TTS9
A0AAD8ZHX0	A0A8C9VLK6
A0AAD8ZHX0	A0A8C9VI87
A0AAD8ZHX0	A0A8D0CB60
A0AAD8ZHX0	A0A8D0CBY4
A0AAD8ZHX0	A0A8C9WG89
A0AAD8ZHX0	A0A8C9T1U9
A0AAD8ZHX0	A0A8C9U1J7
A0AAD8ZHX0	A0A8C9VRR7
A0AAD8ZHX0	A0A8C9VTW2
A0AAD8ZHX0	A0A8C9WFJ4
A0AAD9C9X0	A0AAD9C9X0
P00764	P00764
P24664	P24664
P35588	P35588
P80420	P80420
P80420	P00775
Q00871	Q00871
Q00871	P00771
Q00871	P36178
Q00871	D0VYM6
Q00871	U5KFM4
Q00871	U5KG35
Q00871	U5KGX4
Q00871	O18487
Q71QI5	Q71QI5
Q71QI5	Q71QI7
Q71QI5	Q71QJ0
Q71QI5	Q71QJ3
Q71QI5	O13062
Q71QI5	Q71QH5
Q71QI5	Q71QI8
Q71QI5	Q71QJ1
Q71QI5	A0A1W7RJW0
Q71QI5	A0A6B2F1I5
Q71QI5	A0A6B2F6G6
Q71QI5	B0VXU3
Q71QI5	A0A194ATE7
Q71QI5	J3S832
Q71QI5	A0A194AM86
Q71QI5	A0A2I7YS29
Q71QI5	A0A2I7YS18
Q71QI5	A0A2I7YSA7
Q71QI5	A0A2I7YSB8
Q71QI5	A0A194ASU5
Q71QI5	A0A194ATR6
Q71QI5	A0A2I7YS58
Q71QI5	A0A2I7YS76
Q71QI5	A0A2I7YSA5
Q71QI5	A0A2I7YS60
Q71QI5	A0A1Y0DIC1
Q8QG86	Q8QG86
Q8QG86	A0A1L8D620
Q8QG86	K4LLQ2
B1AC88	B1AC88
B1AC88	B1AC89
B1AC88	A0A081A1U0
B1AC88	W2Q3J5
O97398	O97398
P35048	P35048
Q6P326	Q6P326
Q6P326	Q63ZK0
O97399	O97399
P35587	P35587
Q9I8W9	Q9I8W9
Q9I8W9	J7LCB0
A1KXI1	A1KXI1
A4QD57	A4QD57
A4QD57	Q8NRF6
A0AAV7DCA6	A0AAV7DCA6
A0AAV7DCA6	Q2VPG1
A0AAV7DCA6	A0A8J6KEW3
A0AAV7DCA6	Q6DF10
A0AAV7J1G5	A0AAV7J1G5
A0AAV7X3R3	A0AAV7X3R3
A0AAV7XJ91	A0AAV7XJ91
A0AAV8VV39	A0AAV8VV39
A0AAV8W6W6	A0AAV8W6W6
A0AAV8X7H1	A0AAV8X7H1
A0AAV8XZX6	A0AAV8XZX6
A0AAV8XZX6	A0A9P0CHZ8
A0AAV8YUR6	A0AAV8YUR6
A0AAV8YUR6	A0AAV8YW54
A0AAV8ZBK6	A0AAV8ZBK6
A0AAW0MXK4	A0AAW0MXK4
A0AAW0SD60	A0AAW0SD60
A0AAW0UEF3	A0AAW0UEF3
A0AAW0XEG4	A0AAW0XEG4
A0AAW1AAW0	A0AAW1AAW0
A0AAW1AAW0	A0AAW1AAJ4
A0AAW1AAW0	A0AAJ7W8B5
A0AAW1D4Q1	A0AAW1D4Q1
A0AAW1EA98	A0AAW1EA98
A0AAW1EA98	A0AAW1E9C8
A0AAW1EA98	A0AAW1E978
A0AAW1EA98	A0AAW1EA17
A0AAW1EAG0	A0AAW1EAG0
A0AAW1TM14	A0AAW1TM14
A0AAW1TW35	A0AAW1TW35
A0AAW1UJX6	A0AAW1UJX6
A0AAW2F5E5	A0AAW2F5E5
A0AAW2HZ24	A0AAW2HZ24
A0AAX6RRZ7	A0AAX6RRZ7
A0AAX6RRZ7	A0AAX6RQF3
A0AAY4AN71	A0AAY4AN71
A0AAY5ECS3	A0AAY5ECS3
A0AAZ1WV12	A0AAZ1WV12
A0AAZ3NM71	A0AAZ3NM71
A0A8H7NJ33	A0A8H7NJ33
A0A8I3NV42	A0A8I3NV42
A0A8I5MXH0	A0A8I5MXH0
A0A8I5MXH0	A4D1T9
A0A8I5MXH0	Q4R7Y7
A0A8I5MXH0	A0A2K5D4Q3
A0A8I5MXH0	A0A2K6EB66
A0A8I5MXH0	A0A2Y9EKK4
A0A8I5MXH0	A0A3Q7S9D6
A0A8I5MXH0	A0A8B8Y9D8
A0A8I5MXH0	A0A8C2VHR0
A0A8I5MXH0	A0A8C7C549
A0A8I5MXH0	A0A8C8YXZ4
A0A8I5MXH0	G1SQE3
A0A8I5MXH0	H0V374
A0A8I5MXH0	I3MN25
A0A8I5MXH0	M3XVU6
A0A8I5MXH0	A0A0D9R6W0
A0A8I5MXH0	A0A8C0QPA8
A0A8I5MXH0	A0A8C8WYR6
A0A8I5MXH0	A0A452RUC7
A0A8I5MXH0	A0A6D2WK99
A0A8I5MXH0	A0A8C0L6H5
A0A8I5MXH0	A0A8D0UNJ0
A0A8I5MXH0	A0A8D2B833
A0A8I5MXH0	A0A8D2HWB4
A0A8I5MXH0	A0A9W3GMM3
A0A8I5MXH0	A0A9X9Q623
A0A8I5MXH0	G1M9D0
A0A8I5MXH0	G3SGQ5
A0A8I5MXH0	A0A2K6FRC8
A0A8I5MXH0	A0A2K6S397
A0A8I5MXH0	A0A8B7GLR6
A0A8I5MXH0	A0A8C3X823
A0A8I5MXH0	A0A8C5ZFH1
A0A8I5MXH0	A0A8C6CTF3
A0A8I5MXH0	A0AAJ7IFH9
A0A8I5MXH0	A0AB34GR38
A0A8I5MXH0	A0A2K5NDX2
A0A8I5MXH0	A0A2R9AXF9
A0A8I5MXH0	A0A8C4PLA5
A0A8I5MXH0	A0A8C6BBH7
A0A8I5MXH0	A0A8C9E518
A0A8I5MXH0	A0A8C9JD95
A0A8I5MXH0	A0A2K5HN85
A0A8I5MXH0	A0A2K6QPW3
A0A8I5MXH0	G1QPL1
A0A8I5MXH0	A0A5F7ZJJ5
A0A8I5NFY4	A0A8I5NFY4
A0A8I5NFY4	A0A2K6BK54
A0A8I5NFY4	A0A8I5UDG5
A0A8I5NFY4	A0A1D5QNR0
A0A8I5NFY4	A0A5F4VR49
A0A8I5NFY4	H0XJ29
A0A8I5NFY4	A0A2K5X354
A0A8I5NFY4	G1M8L2
A0A8I5NFY4	A0A452RWJ3
A0A8I5NFY4	A0A8C7EVK4
A0A8I5NFY4	A0A8C0RFW5
A0A8I5NFY4	A0A9X9M1L1
A0A8I5NFY4	H0XMG9
A0A8I5NFY4	A0A673SZZ8
A0A8I6RLX7	A0A8I6RLX7
A0A8I6RX43	A0A8I6RX43
A0A8J2HMJ7	A0A8J2HMJ7
A0A8J2QUC3	A0A8J2QUC3
A0A8J2QUC3	A0A921YZN4
A0A8J2QUC3	A0AAJ6ZKV1
A0A8J2QUC3	A0A821V5Q1
A0A8J2QUC3	A0A9P0XIE0
A0A8J2R000	A0A8J2R000
A0A8J2VWK6	A0A8J2VWK6
A0A8J2VWK6	A0A212FBT4
A0A8J3C7S5	A0A8J3C7S5
A0A8J5MUV5	A0A8J5MUV5
A0A8J6HQ34	A0A8J6HQ34
A0A8J6HQ34	A0A9P0NSV8
A0A8J9UCV1	A0A8J9UCV1
A0A8J9UXH9	A0A8J9UXH9
A0A8J9UXH9	A0A8J9UJV5
A0A8J9UXH9	A0A1B3TNW8
A0A8J9UZV2	A0A8J9UZV2
A0A8J9VN20	A0A8J9VN20
A0A8K0C809	A0A8K0C809
A0A8K0CEG5	A0A8K0CEG5
A0A8K0CSC0	A0A8K0CSC0
A0A8K0DGD0	A0A8K0DGD0
A0A8K0GFM7	A0A8K0GFM7
A0A8K0GHN7	A0A8K0GHN7
A0A8K0NWH0	A0A8K0NWH0
A0A8K0P491	A0A8K0P491
A0A8R2AQQ4	A0A8R2AQQ4
A0A8R2AW13	A0A8R2AW13
A0A8R2NRR4	A0A8R2NRR4
A0A8R2R5M4	A0A8R2R5M4
A0A8S0ZBL0	A0A8S0ZBL0
A0A8S0ZQR7	A0A8S0ZQR7
A0A8S0ZQR7	A0A8S1AVV9
A0A8S1AIC1	A0A8S1AIC1
A0A8S1AIC1	A0A8S1AGY4
A0A8S1AVG7	A0A8S1AVG7
A0A8S1C2L1	A0A8S1C2L1
A0A8S1CD17	A0A8S1CD17
A0A8S1D1I7	A0A8S1D1I7
A0A8S1DC03	A0A8S1DC03
A0A8S1DCV0	A0A8S1DCV0
A0A8S1E0L6	A0A8S1E0L6
A0A8S3ZNI5	A0A8S3ZNI5
A0A8S4DRX5	A0A8S4DRX5
A0A8S4EEA5	A0A8S4EEA5
A0A8S4ENV6	A0A8S4ENV6
A0A8S4G6V1	A0A8S4G6V1
A0A8S4G721	A0A8S4G721
A0A8S4R062	A0A8S4R062
A0A8S4S4F9	A0A8S4S4F9
A0A8S4SE06	A0A8S4SE06
A0A8S4SI01	A0A8S4SI01
A0A8S4SPN4	A0A8S4SPN4
A0A8S9Y219	A0A8S9Y219
A0A8S9Y219	A0A8S9Y3J0
A0A8T2L6L2	A0A8T2L6L2
A0A8T2L6L2	A0A8B9RC66
A0A8T2L700	A0A8T2L700
A0A8T2L700	W5L8F3
A0A8T2L700	A0A8B9L0K6
A0A8C7EVQ7	A0A8C7EVQ7
A0A8C7QBC0	A0A8C7QBC0
A0A8C7QBC0	A0A8U1BJC7
A0A8C7QBC0	F4NCE0
A0A8C7QBC0	A0A4W5M4S6
A0A8C7QBC0	A0AAN8LGW1
A0A8C7QBC0	B5XEN8
A0A8C7QBC0	A0A8C7DML5
A0A8C7QBC0	A0A8C8M197
A0A8C7QBC0	A0A8U0R3J5
A0A8C7QBC0	A0A674DZM4
A0A8C7QBC0	A0A060WYN4
A0A8C7QBC0	A0A1S3T5D6
A0A8C7QBC0	A0A673XJ55
A0A8C8M9F4	A0A8C8M9F4
A0A8C8M9F4	A0AAY4DN02
A0A8C8M9F4	A0AAY4DN12
A0A8C8SCW0	A0A8C8SCW0
A0A8C8SCW0	A0A8C8S9U2
A0A8C9A8B8	A0A8C9A8B8
A0A8C9A8B8	A0A8C9DQ80
A0A8C9CIN3	A0A8C9CIN3
A0A8C9CIN3	A0A8C9C1N6
A0A8C9CIN3	A0A8C9C2R8
A0A8C9CIN3	A0A8C9E564
A0A8C9CIN3	A0A8C9C3S3
A0A8C9MQJ8	A0A8C9MQJ8
A0A8C9MQJ8	A0A8C9MQZ8
A0A8C9MQJ8	A0A8C9U858
A0A8C9MQJ8	A0A8C9MQ58
A0A8C9MQJ8	A0A7L2RVL4
A0A8C9MQJ8	A0A973YC04
A0A8C9NNL5	A0A8C9NNL5
A0A8C9NNL5	A0A7K5AVM4
A0A8C9NNL5	A0A7K5MW13
A0A8C9NNL5	A0A7K6BXG8
A0A8C9NNL5	A0A7K6JX16
A0A8C9NNL5	A0A7K6QX70
A0A8C9NNL5	A0A7K7YUE2
A0A8C9NNL5	A0A7K8FVT7
A0A8C9NNL5	A0A7K8IV15
A0A8C9NNL5	A0A7K8KJZ8
A0A8C9NNL5	A0A7K8RLL9
A0A8C9NNL5	A0A7L1DU13
A0A8C9NNL5	A0A7L1UDT4
A0A8C9NNL5	A0A7L1V3Z8
A0A8C9NNL5	A0A7L1Y8Z3
A0A8C9NNL5	A0A7L2A9A1
A0A8C9NNL5	A0A7L2FGI3
A0A8C9NNL5	A0A7L2L343
A0A8C9NNL5	A0A7L2LGQ3
A0A8C9NNL5	A0A7L3VC49
A0A8C9NNL5	A0A850UJG2
A0A8C9NNL5	A0A851E681
A0A8C9NNL5	A0A851MN48
A0A8C9NNL5	A0A851QZF6
A0A8C9NNL5	A0A851ZVH1
A0A8C9NNL5	A0A852B5M8
A0A8C9NNL5	A0A852EVY0
A0A8C9NNL5	A0A852MT88
A0A8C9NNL5	A0A7K5J101
A0A8C9NNL5	A0A7K5LBS0
A0A8C9NNL5	A0A7K5UCJ0
A0A8C9NNL5	A0A7K6FX63
A0A8C9NNL5	A0A7K7CYV1
A0A8C9NNL5	A0A7K7MD60
A0A8C9NNL5	A0A7K7QQX1
A0A8C9NNL5	A0A7K8DBR9
A0A8C9NNL5	A0A7K8ETW5
A0A8C9NNL5	A0A7K9IYA8
A0A8C9NNL5	A0A7K9LB00
A0A8C9NNL5	A0A7K9NKR2
A0A8C9NNL5	A0A7K9W7Z1
A0A8C9NNL5	A0A7L0LC86
A0A8C9NNL5	A0A7L0YZU8
A0A8C9NNL5	A0A7L1BFG8
A0A8C9NNL5	A0A7L1FE87
A0A8C9NNL5	A0A7L1Q137
A0A8C9NNL5	A0A7L2D7B4
A0A8C9NNL5	A0A7L2EQB5
A0A8C9NNL5	A0A7L3EBS0
A0A8C9NNL5	A0A851D1D9
A0A8C9NNL5	A0A851Q9Z7
A0A8C9NNL5	A0A851U3R4
A0A8C9NNL5	A0A852D450
A0A8C9NNL5	A0A8J4PHH5
A0A8C9NNL5	A0AA97MR14
A0A8C9NNL5	A0AA97MXK9
A0A8C9NNL5	A0A7K4R679
A0A8C9NNL5	A0A7K4TMR1
A0A8C9NNL5	A0A7K4V1C2
A0A8C9NNL5	A0A7K5CEQ5
A0A8C9NNL5	A0A7K5KCM4
A0A8C9NNL5	A0A7K5Q1T3
A0A8C9NNL5	A0A7K5SZR4
A0A8C9NNL5	A0A7K7BWV9
A0A8C9NNL5	A0A7K7DWE4
A0A8C9NNL5	A0A7K7PC64
A0A8C9NNL5	A0A7K7SYK3
A0A8C9NNL5	A0A7K7XG67
A0A8C9NNL5	A0A7K8B914
A0A8C9NNL5	A0A7K8QHD2
A0A8C9NNL5	A0A7K8Z951
A0A8C9NNL5	A0A7K9G7R0
A0A8C9NNL5	A0A7K9QND0
A0A8C9NNL5	A0A7K9RG93
A0A8C9NNL5	A0A7K9VXF0
A0A8C9NNL5	A0A7L0J4V6
A0A8C9NNL5	A0A7L0QWZ6
A0A8C9NNL5	A0A7L1MJ94
A0A8C9NNL5	A0A7L1QBV0
A0A8C9NNL5	A0A7L1VUP8
A0A8C9NNL5	A0A7L2BP54
A0A8C9NNL5	A0A7L2ZAN1
A0A8C9NNL5	A0A7L4KW67
A0A8C9NNL5	A0A851JG58
A0A8C9NNL5	A0A852NGW6
A0A8C9NNL5	A0A8J4JR38
A0A8C9NNL5	A0A7K4PPS9
A0A8C9NNL5	A0A7K4SGZ4
A0A8C9NNL5	A0A7K4WDD0
A0A8C9NNL5	A0A7K5E5T1
A0A8C9NNL5	A0A7K5RD94
A0A8C9NNL5	A0A7K5RTB2
A0A8C9NNL5	A0A7K5W291
A0A8C9NNL5	A0A7K6H2G5
A0A8C9NNL5	A0A7K6MRF4
A0A8C9NNL5	A0A7K6VMC2
A0A8C9NNL5	A0A7K7JNZ2
A0A8C9NNL5	A0A7K7S4B3
A0A8C9NNL5	A0A7K8H6W6
A0A8C9NNL5	A0A7K8W656
A0A8C9NNL5	A0A7K9K9Y4
A0A8C9NNL5	A0A7L0XNX8
A0A8C9NNL5	A0A7L0ZMV8
A0A8C9NNL5	A0A7L1S1B4
A0A8C9NNL5	A0A7L2NJD9
A0A8C9NNL5	A0A7L2TKS5
A0A8C9NNL5	A0A7L2XM30
A0A8C9NNL5	A0A7L3K6V4
A0A8C9NNL5	A0A7L3NXE6
A0A8C9NNL5	A0A7L3QJJ0
A0A8C9NNL5	A0A7L4EDC7
A0A8C9NNL5	A0A851KRV9
A0A8C9NNL5	A0A851W5I5
A0A8C9NNL5	A0A852ETW9
A0A8C9NNL5	A0A8J4MQ06
A0A8C9NNL5	A0A7K5DEW1
A0A8C9NNL5	A0A7K5QSI1
A0A8C9NNL5	A0A7K5V3S9
A0A8C9NNL5	A0A7K5ZSN6
A0A8C9NNL5	A0A7K6CWT9
A0A8C9NNL5	A0A7K6I8C7
A0A8C9NNL5	A0A7K6IGY7
A0A8C9NNL5	A0A7K6P803
A0A8C9NNL5	A0A7K6X2W2
A0A8C9NNL5	A0A7K7GUL2
A0A8C9NNL5	A0A7K8BXJ7
A0A8C9NNL5	A0A7K8GAW6
A0A8C9NNL5	A0A7K9ZLR9
A0A8C9NNL5	A0A7L0NNN9
A0A8C9NNL5	A0A7L0UT69
A0A8C9NNL5	A0A7L1C8X7
A0A8C9NNL5	A0A7L1PV09
A0A8C9NNL5	A0A7L2JBC4
A0A8C9NNL5	A0A7L2NB75
A0A8C9NNL5	A0A7L2Q079
A0A8C9NNL5	A0A7L3GSI7
A0A8C9NNL5	A0A7L3I336
A0A8C9NNL5	A0A7L4IP71
A0A8C9NNL5	A0A850YRV3
A0A8C9NNL5	A0A850Z2R4
A0A8C9NNL5	A0A851B1Z8
A0A8C9NNL5	A0A851VG63
A0A8C9NNL5	A0A973Y754
A0A8C9NNL5	A0A7K4XSQ1
A0A8C9NNL5	A0A7K7TKY3
A0A8C9NNL5	A0A852IDP8
A0A8C9NNL5	A0A7L4ADH5
A0A8C9NNL5	A0A7K7NSV2
A0A8C9QWK2	A0A8C9QWK2
A0A8C9QWK2	A0A8C9QUX1
A0A8C9QWK2	Q99895
A0A8C9QWK2	Q7M3E1
A0A8C9QWK2	P55091
A0A8C9QWK2	Q3SYP2
A0A8C9V734	A0A8C9V734
A0A8C9VFZ6	A0A8C9VFZ6
A0A8C9VFZ6	A0A0P7XUM9
A0A8C9VFZ6	A0A8C9SCQ4
A0A8C9VFZ6	A0A8C9SFY3
A0A8C9VFZ6	A0A8C9SFS7
A0A8C9VFZ6	A0A8C9SBP1
A0A8C9VFZ6	A0A8D0CF10
A0A8C9VFZ6	A0A8C9SEK5
A0A8C9VFZ6	A0A8C9W7E6
A0A8C9VFZ6	A0A8C9TU50
A0A8C9VFZ6	A0A8C9S588
A0A8C9XBL0	A0A8C9XBL0
A0A8C9XBL0	A0A8C9XBC9
A0A8C9XBL0	A0A8D0CSR8
A0A8C9XBL0	A0A8C9XGS0
A0A8C9ZXE8	A0A8C9ZXE8
A0A8C9ZXE8	A0A8C9ZXP2
A0A8C9ZXE8	A0A8C9ZXW2
A0A5E4PV50	A0A5E4PV50
A0A5E4PV97	A0A5E4PV97
A0A5E4PV97	A0A5E4QLY0
A0A5F7ZVW8	A0A5F7ZVW8
A0A5N4A185	A0A5N4A185
A0A5N5SZA6	A0A5N5SZA6
A0A5S6QUX9	A0A5S6QUX9
A0A665T5Z5	A0A665T5Z5
A0A665T5Z5	A0A673AUA1
A0A665T5Z5	A0A8C2X399
A0A665T5Z5	A0A8C2Z0T3
A0A665T5Z5	A0A8C2WYV2
A0A665T5Z5	A0A8C2X826
A0A665T5Z5	A0A3B5ARK4
A0A665T5Z5	A0A667XAG4
A0A665T5Z5	A0A667X0U6
A0A665T5Z5	A0A667XP76
A0A665T5Z5	A0A667XAE1
A0A665T5Z5	A0A8C2X4L9
A0A665T5Z5	A0A667WZB6
A0A665T5Z5	A0A672IIA7
A0A665T5Z5	A0A8C2X010
A0A665T5Z5	A0AAN8GWD6
A0A665T5Z5	A0AAW1DZZ5
A0A665T5Z5	A0A087XW49
A0A665T5Z5	A0A3B3VXP2
A0A665T5Z5	A0A665SXL1
A0A665T5Z5	A0A665T8K6
A0A665T5Z5	A0A673AQ03
A0A665T5Z5	A0A673AQH0
A0A665T5Z5	A0AAQ4QUH0
A0A665T5Z5	A0A665SXJ6
A0A665T5Z5	A0A673ARB4
A0A665T5Z5	A0A6P7IDU7
A0A665T5Z5	A0A6P8TMS8
A0A665T5Z5	A0A8C9Y9E1
A0A665T5Z5	A0AAV1HJS8
A0A665T5Z5	A0A674PAK6
A0A665T5Z5	A0AAD6B1C7
A0A665T5Z5	H2UJF6
A0A665T5Z5	A0A672IJF9
A0A665T5Z5	A0A673ARJ8
A0A665T5Z5	A0A9N7YRM9
A0A665T5Z5	A0AAN8HQ41
A0A665T5Z5	A0A3Q3X8N5
A0A665T5Z5	A0A3B5ADW2
A0A665WUC1	A0A665WUC1
A0A665WUC1	A0A665WUG1
A0A665WUC1	A0A665WVH8
A0A667XAZ9	A0A667XAZ9
A0A667XAZ9	A0A667XFI6
A0A667Z3Z9	A0A667Z3Z9
A0A667Z682	A0A667Z682
A0A667ZI68	A0A667ZI68
A0A667ZI68	A0A668A5I2
A0A668TZ21	A0A668TZ21
A0A669C0K4	A0A669C0K4
A0A669C0K4	A0A669F0Y8
A0A669C0K4	A0A673M803
A0A672NPN9	A0A672NPN9
A0A672YWK0	A0A672YWK0
A0A672YWK0	A0A672YW98
A0A672YWK0	A0A672YWS8
A0A673CG82	A0A673CG82
A0A673CG82	A0A673CPS8
A0A673CG82	A0A673CK53
A0A673CG82	A0A673CJX9
A0A673CG82	A0A1A8UIK2
A0A673K7I8	A0A673K7I8
A0A673K7I8	A0A671LZU3
A0A673K7I8	A0A673K8C1
A0A673MU19	A0A673MU19
A0A673MU19	A0A673MSH0
A0A673MU19	A0A673MR69
A0A673MU19	A0A671NHC4
A0A673MU19	A0A671NDM8
A0A673MU19	A0A671NDV6
A0A673MU19	A0A673GXX9
A0A673MU19	A0A673GX84
A0A673MU19	A0A671NMJ0
A0A673MU19	A0A671NMJ6
A0A673MU19	A0A671NML5
A0A673MU19	A8WIQ4
A0A673MU19	A0A6P6KN21
A0A673MU19	A8WIQ2
A0A673MU19	A0A6P6PZA1
A0A674GSR0	A0A674GSR0
A0A674GSR0	A0A8C3U8V3
A0A674KHX0	A0A674KHX0
A0A674KHX0	H9GJ56
A0A674KHX0	A0AAD4YEX8
A0A674KHX0	P08861
A0A674KHX0	P09093
A0A674KHX0	Q9CQ52
A0A674KHX0	P05805
A0A674KHX0	O19023
A0A674KHX0	H0X212
A0A674KHX0	A0A452G7X1
A0A674KHX0	G1U8F6
A0A674KHX0	H0VUY6
A0A674KHX0	Q6AZF9
A0A6E8VUT9	A0A6E8VUT9
A0A6E8VUT9	Q5TQD6
A0A6E8VUT9	A0A2C9GS86
A0A6E8VUT9	A0A2Y9D3L8
A0A8X7XC21	A0A8X7XC21
A0A903VJU1	A0A903VJU1
A0A914Z8Y3	A0A914Z8Y3
A0A921Z324	A0A921Z324
A0A921Z6C5	A0A921Z6C5
A0A921ZI20	A0A921ZI20
A0A921ZLZ2	A0A921ZLZ2
A0A921ZWM4	A0A921ZWM4
A0A922D1M5	A0A922D1M5
A0A922HWI9	A0A922HWI9
A0A922HWI9	A0A6P6XST8
A0A922MHU0	A0A922MHU0
A0A922MWI6	A0A922MWI6
A0A922MWI6	A0A9J7DZY6
A0A976FHM0	A0A976FHM0
A0A9C6T6U7	A0A9C6T6U7
A0A9C6T6U7	A0A6P8XMN8
A0A9D3PH28	A0A9D3PH28
A0A9D3QF30	A0A9D3QF30
A0A9J6BIY1	A0A9J6BIY1
A0A9J6CR11	A0A9J6CR11
A0A9J6GS99	A0A9J6GS99
A0A9J7E4B0	A0A9J7E4B0
A0A9J7E4B0	A0A9J7E5N8
A0A9J7E5M8	A0A9J7E5M8
A0A9J7E5M8	A0A9R0ENT3
A0A9J7EEE8	A0A9J7EEE8
A0A9J7EEE8	A0A9R0D2B4
A0A9J7EEE8	A0A9J7EB63
A0A9J7EEE8	A0AAD7YKG2
A0A9J7EEE8	A0AAD7YLC5
A0A9J7EEE8	A0AAD7YKE5
A0A9J7EG08	A0A9J7EG08
A0A9J7EG08	A0A922MMC8
A0A9J7ELV4	A0A9J7ELV4
A0A9J7ELV4	A0A922SHW5
A0A6J2HS45	A0A6J2HS45
A0A6J2HS45	A0A7K8WNB6
A0A6J2HS45	A0A6J2HQK4
A0A6J2HS45	A0A6J2HR69
A0A6J2HS45	A0A7K4R9M8
A0A6J2HS45	A0A7K5DJ64
A0A6J2HS45	A0A7K5JJZ2
A0A6J2HS45	A0A973YP71
A0A6J2JNM5	A0A6J2JNM5
A0A6J2JNM5	A0A8R1WJ96
A0A6J2K492	A0A6J2K492
A0A6J2TI76	A0A6J2TI76
A0A6J2TMC6	A0A6J2TMC6
A0A6J2TMM0	A0A6J2TMM0
A0A6J2TMM0	Q24091
A0A6J2TZ76	A0A6J2TZ76
A0A6J2U1P2	A0A6J2U1P2
A0A6J2U6J1	A0A6J2U6J1
A0A6J2U6N5	A0A6J2U6N5
A0A6J2UE25	A0A6J2UE25
A0A6J2UEY5	A0A6J2UEY5
A0A6J2UEY5	A0A0M3QVS8
A0A6J2UH56	A0A6J2UH56
A0A6J2UHC1	A0A6J2UHC1
A0A6J2UHC1	A0A6J2UDJ3
A0A6J2W7H6	A0A6J2W7H6
A0A6J2W9X5	A0A6J2W9X5
A0A6J2WAV3	A0A6J2WAV3
A0A6J2WBX0	A0A6J2WBX0
A0A6J3C3F6	A0A6J3C3F6
A0A6J3GUR0	A0A6J3GUR0
A0A6J8BP45	A0A6J8BP45
A0A6J8BP45	A0A8B6HT38
A0A6M2DSE0	A0A6M2DSE0
A0A6P3DSX7	A0A6P3DSX7
A0A6P3DSX7	A0A9B0F7L5
A0A6P3FFC1	A0A6P3FFC1
A0A6P3FFC1	Q91VE3
A0A6P3FFC1	A0A286XDI2
A0A6P3FFC1	A0A1R3UGM7
A0A6P3FFC1	A0AAX6S0B9
A0A6P3FFC1	A0A8C2YJ11
A0A6P3FFC1	A0A1A6H740
A0A6P3FJT4	A0A6P3FJT4
A0A6P3FJT4	A0A6P3V987
A0A6P3HIU9	A0A6P3HIU9
A0A6P3HIU9	F1MTU4
A0A6P3HIU9	A0A5N3WQU0
A0A6P3HIU9	A0A8C6E4W7
A0A6P3HIU9	A0A4W2H4E9
A0A6P3HIU9	A0A6P5D7E4
A0A6P3HIU9	A0A4W2C2S8
A0A6P3HIU9	A0A8C2SKQ0
A0A6P3J9V9	A0A6P3J9V9
A0A6P3J9V9	A0A8C2Y3Q5
A0A6P3J9V9	A0A8C6EFS7
A0A6P3J9V9	A0A8C6E9B0
A0A6P3J9V9	A0A6P5DRP9
A0A6P3J9V9	A0A8B9XC41
A0A6P3J9V9	A0A8B9XJ73
A0A6P3J9V9	A0A4W2GJW9
A0A6P3J9V9	A0A4W2DVL8
A0A6P4E5R3	A0A6P4E5R3
A0A6P4E5R3	A0AB39ZMC5
A0A6P4EAA1	A0A6P4EAA1
A0A6P4EAA1	Q9W174
A0A6P4EAA1	B4QBY8
A0A6P4EAA1	B4IHG1
A0A6P4EAA1	A0A6P8JMI0
A0A6P4EAA1	A0A9Q0BQ02
A0A6P4EAA1	B3NQJ3
A0A6P4EAA1	A0AB39Z4F0
A0A6P4EE42	A0A6P4EE42
A0A6P4EE42	A0ABM5H8L6
A0A6P4EQB9	A0A6P4EQB9
A0A6P4EQJ9	A0A6P4EQJ9
A0A6P4IFF9	A0A6P4IFF9
A0A6P4IKY7	A0A6P4IKY7
A0A6P4J2P2	A0A6P4J2P2
A0A6P4J3K8	A0A6P4J3K8
A0A6P6J3L5	A0A6P6J3L5
A0A6P6J3L5	A0A6P6J5R2
A0A6P6MY24	A0A6P6MY24
A0A6P6MY24	A0A671KGF5
A0A6P6MY24	A0A9J7YQ43
A0A6P6MY24	A0A673KJG3
A0A6P6MY24	A0A6P6NHD9
A0A6P6MY24	A0A8C2AKU9
A0A6P7F3U3	A0A6P7F3U3
A0A6P7FFH9	A0A6P7FFH9
A0A6P7I4E8	A0A6P7I4E8
A0A6P7MDW8	A0A6P7MDW8
A0A6P8FHL3	A0A6P8FHL3
A0A6P8FHL3	A0ABD1JVY7
A0A6P8NLT9	A0A6P8NLT9
A0A6P8NLT9	A0A9B2JMT9
A0A6P8NLT9	A0A6P3UW87
A0A6P8NLT9	A0A310SL09
A0A6P8NLT9	A0AA40G0V4
A0A6P8WLJ4	A0A6P8WLJ4
A0A6P8Y622	A0A6P8Y622
A0A6P8Y622	A0A484B3H6
A0A6P8Y622	B4L1P2
A0A6P8Y622	A0A6J1MFM5
A0A6P8Y622	A0ABM1PT79
A0A6P8Y622	B4M275
A0A6Q2Z8U6	A0A6Q2Z8U6
A0A7E4VYY0	A0A7E4VYY0
A0A7E5WG32	A0A7E5WG32
A0A7E5WWP5	A0A7E5WWP5
A0A7E5WWP5	A0A9P0BMQ9
A0A7E5WWP5	A0A7E5WVR6
A0A7F8K9K6	A0A7F8K9K6
A0A7F8QCM3	A0A7F8QCM3
A0A7J5Z5U2	A0A7J5Z5U2
A0A7J6AKN1	A0A7J6AKN1
A0A7J7UE36	A0A7J7UE36
A0A7J7UE36	A0A7J8DCI2
A0A7J7UE36	A0AA40HLA6
A0A7J7XJC0	A0A7J7XJC0
A0A7J7XJC0	G1NXP8
A0A7J7XJC0	A0A7J7XD38
A0A7J7XJC0	A0A7J7U2D4
A0A7J7XJC0	A0A671E890
A0A7J7XJC0	A0A7J8BUR9
A0A7K4J1V5	A0A7K4J1V5
A0A7K4K605	A0A7K4K605
A0A7K4K605	A0A7K7VQN2
A0A4X2KHU5	A0A4X2KHU5
A0A4X2M8I6	A0A4X2M8I6
A0A4X2M8I6	A0A4X2M883
A0A4X2M8I6	A0A4X2M885
A0A4X2M8I6	A0A4X2M6Q1
A0A4X2M8I6	A0A6P5L6Q0
A0A4X2M8I6	A0A4X2M878
A0A4X2M8I6	A0A4X2M6R0
A0A4X2M8I6	F7A744
A0A4Y0BI78	A0A4Y0BI78
A0A4Y0BRJ7	A0A4Y0BRJ7
A0A4Y0BRJ7	A0A182QFW6
A0A4Y0BRJ7	A0A182MKI1
A0A4Y2QJW7	A0A4Y2QJW7
A0A4Y2QJW7	A0A8T0FBY2
A0A4Y5UGE5	A0A4Y5UGE5
A0A553P6C6	A0A553P6C6
A0A553PTC4	A0A553PTC4
A0A5E4PNZ8	A0A5E4PNZ8
A0A5F9C8L7	A0A5F9C8L7
A0A5N4AKB7	A0A5N4AKB7
A0A5N4C783	A0A5N4C783
A0A5N5L2E6	A0A5N5L2E6
A0A5N5L2E6	A0AAE0Q2S0
A0A5N5L2E6	A0A9D3NCX3
A0A5N5L2E6	A0AA88J7G3
A0A5N5L2E6	A0AAD5AD06
A0A653CAQ9	A0A653CAQ9
A0A662YMB4	A0A662YMB4
A0A667Z000	A0A667Z000
A0A667Z000	A0A672HK80
A0A667ZJ81	A0A667ZJ81
A0A667ZJ81	A0A667ZJ84
A0A667ZJ81	A0A667YYF2
A0A667ZJ81	A0A667ZA45
A0A667ZJ81	A0A667Z486
A0A668ABM9	A0A668ABM9
A0A668ABM9	E6ZF37
A0A668ABM9	A0A673BSV0
A0A668ABM9	A0A673BPW6
A0A668ABM9	A0A673BKW3
A0A668ABM9	A0A3P8WWA4
A0A668ABM9	A0A667ZNB5
A0A668ABM9	A0A1A8UG89
A0A668ABM9	A0ABD1JVZ6
A0A668ABM9	A0A8C6WF17
A0A668ABM9	A0A8C6S7T9
A0A668ABM9	A0A8C6S799
A0A668ABM9	A0A8C6S7J7
A0A668ABM9	A0A8C6S5N9
A0A668ABM9	A0A6P8FH23
A0A669CH06	A0A669CH06
A0A669CH06	I3J2F9
A0A669CH06	A0A668UW89
A0A669CH06	A0A3Q4I9D0
A0A669CH06	A0A3B4H1F0
A0A669CH06	A0A3P9BUE6
A0A669CH06	A0A3Q2VCJ2
A0A670JD41	A0A670JD41
A0A670JJR7	A0A670JJR7
A0A670JUF5	A0A670JUF5
A0A670JUF5	A0A670JQ21
A0A670JUF5	A0A670JPY4
A0A670JUP7	A0A670JUP7
A0A670JUP7	A0A8D2IK89
A0A670JUP7	A0A670YZL3
A0A670JVW2	A0A670JVW2
A0A670JVW2	A0A8C6XG31
A0A670JVW2	A0A8D2ISV4
A0A670JVW2	A0A670YSZ9
A0A670JVW2	A0A670JUK7
A0A670K556	A0A670K556
A0A670YRH1	A0A670YRH1
A0A670YRH1	A0AAW1B5H4
A0A670YRH1	A0A8D2LZ32
A0A671SIE1	A0A671SIE1
A0A671SIE1	A0A671SH15
A0A671SIE1	A0A673JM49
A0A671SIE1	A0A673JS38
A0A671SIE1	A0A673JM44
A0A671SIE1	A0A8C2I2W8
A0A671SIE1	A0A7J6BRU7
A0A671SIE1	A0A8C1X0Z1
A0A671SIE1	A0A6P6J3N2
A0A671SIE1	A0A6P6MZM7
A0A671SIE1	A0A8C1JKC5
A0A671SJ59	A0A671SJ59
A0A671SJ59	A0A673JII0
A0A671SJ59	A0A8C2AD46
A0A671SJ59	A0A8C2AF01
A0A671SJ59	A0A673JRP7
A0A671SJ59	A0A8C1JKJ7
A0A671SJ59	A0A672NVW8
A0A671SJ59	A0A8C2GM56
A0A671SJ59	A0A8C1V254
A0A671SJ59	A0A8C2PPD9
A0A671SJ59	A0A6P6MZJ1
A0A671SJ59	A0A8C2BPI7
A0A671SJ59	A0A8C1QPY4
A0A671SJ59	A0A8C2I2W4
A0A671SJ59	A0A671KIZ5
A0A671SJ59	A0A672LI63
A0A671SJ59	A0A673JGH5
A0A671SJ59	A0A673KMN1
A0A671SJ59	A0A8C2DN50
A0A671SJ59	A0A8C1LQQ3
A0A671SJ59	A0A8C2BPE0
A0A671SJ59	A0A8C2BW53
A0A671UD74	A0A671UD74
A0A671UD74	A0A671UD69
A0A671UD74	A0A671UCK6
A0A671UD74	A0A671UG82
A0A671UDT7	A0A671UDT7
A0A671UDT7	A0A2I4B8C4
A0A671UDT7	A0A671UE83
A0A671UDT7	A0A671UH78
A0A671UDT7	A0A8C6SAC7
A0A671UDT7	A0AAV2M8J9
A0A671UDT7	A0A8C6S828
A0A671UDT7	A0AAW0PE53
A0A671UDT7	A0A8C6S6A3
A0A671UDT7	A0A8C6S985
A0A671UDT7	A0A8C6SA81
A0A671UDT7	A0A8C6WF33
A0A671UDT7	A0A3B3ZHE7
A0A671UDT7	A0A8C6S9R5
A0A671UDT7	A0A8C6WEW8
A0A671UDT7	A0A3B3ZHC1
A0A671UDT7	A0A3B3ZH17
A0A671UDT7	A0AAD9FI16
A0A671UJP4	A0A671UJP4
A0A671UJP4	A0A671UGK7
A0A671UJP4	A0A671UJV2
A0A671UJP4	A0A671UET2
A0A671VPS5	A0A671VPS5
A0A671VPS5	A0A671UF07
A0A671VPS5	A0A671UGA1
A0A674ISF1	A0A674ISF1
A0A674ISF1	A0A674IUU7
A0A6A3GT60	A0A6A3GT60
A0A6A3K6M3	A0A6A3K6M3
A0A6A3K6M3	G5AE44
A0A6A3K6M3	A0A6A4CAE2
A0A6A3K6M3	G5AE57
A0A6A3M4X2	A0A6A3M4X2
A0A6A4FJL2	A0A6A4FJL2
A0A6A4FJL2	A0A6A3NAR4
A0A6A4FJL2	A0A6A3IB60
A0A6B0RSQ5	A0A6B0RSQ5
A0A6B2EKJ0	A0A6B2EKJ0
A0A6B2EKJ0	F4MI40
A0A6B8VD45	A0A6B8VD45
A0A6G0HWJ7	A0A6G0HWJ7
A0A6G0IS40	A0A6G0IS40
A0A6G0IS40	A0A4U5UIY0
A0A6G1PLL6	A0A6G1PLL6
A0A6G1PNR0	A0A6G1PNR0
A0A6G1PNR0	Q66HW9
A0A6G1PNR0	A0A060X1S1
A0A6G1PNR0	A0A3B3CGE3
A0A6G1PNR0	A0A3B3XVK1
A0A6G1PNR0	A0A3B4FMY7
A0A6G1PNR0	A0A3B4UI39
A0A6G1PNR0	A0A3B5JVK1
A0A6G1PNR0	A0A3P8V8F2
A0A6G1PNR0	A0A3Q2WS01
A0A6G1PNR0	A0A4U5V2E8
A0A6G1PNR0	A0A4Z2CE95
A0A6G1PNR0	A0A668TFS7
A0A6G1PNR0	A0A6I9PRC9
A0A6G1PNR0	A0A6P8V1R9
A0A6G1PNR0	A0A8C6P964
A0A6G1PNR0	A0A8S4BL42
A0A6G1PNR0	A0AAD7W496
A0A6G1PNR0	A0AAJ7VA19
A0A6G1PNR0	A0AAN8GVZ3
A0A6G1PNR0	A0AAQ6IST4
A0A6G1PNR0	A0AAV1FMV0
A0A6G1PNR0	A0ABD1JKC9
A0A6G1PNR0	D6PVS6
A0A6G1PNR0	G3NXK1
A0A6G1PNR0	Q4RHR8
A0A6G1PNR0	A0A0P7TWG0
A0A6G1PNR0	A0A3B5B0D4
A0A6G1PNR0	A0A3B5L1T4
A0A6G1PNR0	A0A3N0Z155
A0A6G1PNR0	A0A3P9DIK6
A0A6G1PNR0	A0A3P9N758
A0A6G1PNR0	A0A3Q1GPR0
A0A6G1PNR0	A0A3Q1I8H8
A0A6G1PNR0	A0A3Q1JFN3
A0A6G1PNR0	A0A671SP74
A0A6G1PNR0	A0A6J2RCZ7
A0A6G1PNR0	A0A6P6NC34
A0A6G1PNR0	A0A6P6PEZ2
A0A6G1PNR0	A0A6P7KYL6
A0A6G1PNR0	A0A7J6CAM8
A0A6G1PNR0	A0A8C2EUB0
A0A6G1PNR0	A0A8C2HHR7
A0A6G1PNR0	A0A8C8DNW9
A0A6G1PNR0	A0A8C9QV43
A0A6G1PNR0	A0A8S4BNZ1
A0A6G1PNR0	A0A8U0UEE5
A0A6G1PNR0	A0A9D2YXG1
A0A6G1PNR0	A0AAN9HGF8
A0A6G1PNR0	A0ABD0X1L5
A0A6G1PNR0	C3KIL5
A0A6G1PNR0	G5EMQ9
A0A6G1PNR0	A0A1A8V9D1
A0A6G1PNR0	A0A2I4B8T2
A0A6G1PNR0	A0A3B5L515
A0A6G1PNR0	A0A3P9C2D9
A0A6G1PNR0	A0A3Q3IL03
A0A6G1PNR0	A0A3Q3MF55
A0A6G1PNR0	A0A3Q4MFI4
A0A6G1PNR0	A0A4W5L9Y5
A0A6G1PNR0	A0A4W5LA43
A0A6G1PNR0	A0A4W5LAA5
A0A6G1PNR0	A0A4W6CY37
A0A6G1PNR0	A0A673LW27
A0A6G1PNR0	A0A6G0IAZ0
A0A6G1PNR0	A0A6P7JVQ0
A0A6G1PNR0	A0A6P8F184
A0A6G1PNR0	A0A8C2ZAM5
A0A6G1PNR0	A0A8C7FQL2
A0A6G1PNR0	A0A8K9WUH6
A0A6G1PNR0	A0A9N7TQT5
A0A6G1PNR0	A0AAD9C890
A0A6G1PNR0	A0AAV9RQX9
A0A6G1PNR0	Q9W7Q4
A0A6G1PNR0	A0A087XMJ1
A0A6G1PNR0	A0A315WGI1
A0A6G1PNR0	A0A3B3XV16
A0A6G1PNR0	A0A3B4XU77
A0A6G1PNR0	A0A3P8TAS7
A0A6G1PNR0	A0A3P9ISY0
A0A6G1PNR0	A0A3Q2XN83
A0A6G1PNR0	A0A3Q3F3G7
A0A6G1PNR0	A0A672FZG4
A0A6G1PNR0	A0A673AL19
A0A6G1PNR0	A0A673XGA1
A0A6G1PNR0	A0A6J2W7I0
A0A6G1PNR0	A0A8C6P9W8
A0A6G1PNR0	A0A8D8LC01
A0A6G1PNR0	A0AAV2MDR6
A0A6G1PNR0	A0AAW0PJK3
A0A6G1PNR0	A0AAW1DTG9
A0A6G1PNR0	A0ABD1JHE9
A0A6G1PNR0	B5XGF5
A0A6G1PNR0	M4A7Z5
A0A6G1PNR0	Q0GYP6
A0A6G1PNR0	A0A3B3V749
A0A6G1PNR0	A0A3P9AJ73
A0A6G1PNR0	A0A3Q1AP78
A0A6G1PNR0	A0A3Q1AYW7
A0A6G1PNR0	A0A3Q2QYI8
A0A6G1PNR0	A0A3Q3B4L7
A0A6G1PNR0	A0A672FZY2
A0A6G1PNR0	A0A6P6QWP8
A0A6G1PNR0	A0A8C8JAI7
A0A6G1PNR0	A0A8C8JC73
A0A6G1PNR0	A0A9D3T6P1
A0A6G1PNR0	A0AA88PFG0
A0A6G1PNR0	A0AAD3MZV3
A0A6G1PNR0	A0AAN7XKK1
A0A6G1PNR0	A0AAQ5Z260
A0A6G1PNR0	A0AAW1ZPE4
A0A6G1PNR0	A0ABD2H200
A0A6G1PNR0	A0A2D0STE2
A0A6G1PNR0	A0A7J6AUL8
A0A6G1PNR0	A0A8T0B393
A0A6G1PNR0	A0A3B3ZKG9
A0A6G1PNR0	A0A3B4UI51
A0A6G1PNR0	A0A8C7VW18
A0A6G1PNR0	A0A673XS64
A0A6G1PNR0	A0A8C7FQD5
A0A6G1PNR0	A0A8C8GUR6
A0A6G1PNR0	A0A8J7NID1
A0A6G1PNR0	A0AAY4EU39
A0A6G1PNR0	W5KAX5
A0A6G1PNR0	A0A9J7XX96
A0A6G1PNR0	A0AAV6GUF1
A0A6G1PNR0	W5M919
A0A6G1PNR0	A0A3B5KXE3
A0A6G1PNR0	A0A3Q3XC90
A0A6G1PNR0	A0A667Z467
A0A6G1PNR0	A0A667ZQ84
A0A6G1PNR0	A0A667Z8P6
A0A6G1PNR0	A0A9Q0E0B4
A0A6G1PNR0	A0AAD8FTW0
A0A6G1PNR0	A0AAD8CTG9
A0A6G1PNR0	A0A3B3XVI5
A0A6G1PNR0	A0A3Q2E057
A0A6G1PNR0	A0A3Q3IB35
A0A6G1PNR0	A0A484D9A8
A0A6G1PNR0	A0AA88M9S6
A0A6G1PNR0	A0A5N5M6A7
A0A6G1PNR0	A0A6A5FDQ1
A0A6G1PNR0	A0A9D3NFY6
A0A6G1PNR0	A0A6P6NC95
A0A6G1PNR0	A0A8C9ZRL1
A0A6G1PNR0	H3DM98
A0A6G1PNR0	A0A3B3Z1S3
A0A6G1PNR0	A0A3S2MM38
A0A6G1PNR0	A0A8C6SMV9
A0A6G1PNR0	A0A8C6WHF5
A0A6G1PNR0	A0A8C8HP30
A0A6G1PNR0	A0A8D0D9M4
A0A6G1PNR0	A0A8C4T1Z3
A0A6G1PNR0	A0A4W4E9V2
A0A6G1PNR0	A0A3B4C975
A0A6G1PNR0	A0A8C1GG95
A0A6G1PNR0	A0A8C1XMD5
A0A6H5ILZ5	A0A6H5ILZ5
A0A6I8N914	A0A6I8N914
A0A6I8U8F9	A0A6I8U8F9
A0A6I8UCE1	A0A6I8UCE1
A0A6I8UCE1	A0AAU9FQN3
A0A6I8UCE1	B4GUS3
A0A6I8UCR6	A0A6I8UCR6
A0A6I8UCR6	B4GRP5
A0A6I8UCR6	A0AAU9FMF1
A0A6I8VH41	A0A6I8VH41
A0A6I8VH41	B4H676
A0A6I8VH41	A0A3B0J2M2
A0A6I8VH41	A0AAU9GCL7
A0A6I9N7R9	A0A6I9N7R9
A0A6I9NLS7	A0A6I9NLS7
A0A6I9NLS7	A0AAD6FPQ0
A0A6I9NLS7	A0A6P8U600
A0A6I9NLS7	A0A6P8U5W3
A0A6I9NLS7	A0AAD9FCL8
A0A6I9NLS7	A0ABD2G2V8
A0A6I9NLS7	A0AAN8DX84
A0A6I9VW82	A0A6I9VW82
A0A6I9VW82	A0A195BS26
A0A6I9VW82	A0A158NYS0
A0A6I9VW82	A0A836FRQ7
A0A6I9VW82	A0A195DD27
A0A6I9VW82	A0A195EY48
A0A6I9VW82	A0A151WKF1
A0A6I9VW82	A0A836K5E1
A0A6I9VW82	A0A195CEE3
A0A6I9VW82	A0A836K9M5
A0A6I9VW82	A0AAV2N2Y9
A0A6I9VW82	A0AAW2GS66
A0A6I9VW82	A0AAW2GSA7
A0A6I9VW82	A0AAW2GSA0
A0A6J0C389	A0A6J0C389
A0A6J1L2V9	A0A6J1L2V9
A0A6J1L2V9	B4KTW6
A0A6J1L2V9	A0ABM1PC56
A0A6J1L2V9	A0A484B5H4
A0A6J1L2V9	A0A9C6SSI4
A0A6J1L2V9	B4LJ18
A0A6J1L2V9	O18600
A0A6J1LTB7	A0A6J1LTB7
A0A6J1LTM8	A0A6J1LTM8
A0A6J1LTM8	B4L9Q6
A0A6J1LTM8	A0A6P8WWG5
A0A6J1LTM8	B4L9Q4
A0A6J1LTM8	A0A6P8X391
A0A6J1LTM8	A0A6J1LMI1
A0A6J1LTM8	A0A484B0T6
A0A6J1LTM8	A0A9C6W9F7
A0A6J1LTM8	B4LD05
A0A6J1LTM8	A0A6J2UBY3
A0A6J1LTM8	A0A6J2UGW0
A0A6J1LTM8	A0A6P8X385
A0A6J1LTM8	A0A6J2UC02
A0A6J1LTM8	A0A6P8WSE3
A0A6J1LTM8	B4MLN0
A0A6J1LTM8	B4MLM9
A0A6J1LTM8	A0A9P9YT31
A0A6J1LTM8	Q9VMX7
A0A6J1LTM8	B4NWA1
A0A6J1LTM8	B3MVK9
A0A6J1LTM8	B3N4C4
A0A6J1LTM8	B4N1B8
A0A6J1M2S1	A0A6J1M2S1
A0A6J1MFQ3	A0A6J1MFQ3
A0A6J1PZI6	A0A6J1PZI6
A0A6J1PZI6	A0AAW2FUX0
A0A6J1QP79	A0A6J1QP79
A0A6J1S3D4	A0A6J1S3D4
A0A6J1TSZ2	A0A6J1TSZ2
A0A6J1X6P1	A0A6J1X6P1
A0A6J2K419	A0A6J2K419
A0A6J2K419	A0A8R2C593
A0A6J2K907	A0A6J2K907
A0A6J2K907	Q18NR4
A0A6J2K907	A2TGR7
A0A6J2K907	A7UNZ4
A0A6J2K907	E5RVK3
A0A6J2KKS8	A0A6J2KKS8
A0A6J2KKS8	A0A8R2AN66
A0A6J2KQ31	A0A6J2KQ31
A0A6J2KQ31	B9X252
A0A6J2PJS6	A0A6J2PJS6
A0A6J2PJS6	A0A6J2PL27
A0AAR2LGF6	A0AAR2LGF6
A0AAU9FLT9	A0AAU9FLT9
A0AAU9LIZ9	A0AAU9LIZ9
A0AAU9LIZ9	W2WJ98
A0AAU9LIZ9	H3HC53
A0AAU9LIZ9	A0A329SM05
A0AAU9LIZ9	D0N492
A0AAU9LIZ9	W2GFH2
A0AAU9LIZ9	A0A6A3YTX6
A0AAU9TKD8	A0AAU9TKD8
A0AAU9TTI9	A0AAU9TTI9
A0AAU9U9I7	A0AAU9U9I7
A0AAU9UD30	A0AAU9UD30
A0AAU9UE42	A0AAU9UE42
A0AAU9UE42	A0A8B8IRH0
A0AAU9UMV1	A0AAU9UMV1
A0AAU9UX81	A0AAU9UX81
A0AAU9UX81	A0AAU9UT51
A0AAU9UYR9	A0AAU9UYR9
A0AAU9UYR9	A0AAU9UYE9
A0AAV0TD02	A0AAV0TD02
A0AAV1IT05	A0AAV1IT05
A0AAV1IW97	A0AAV1IW97
A0AAV1IX56	A0AAV1IX56
A0AAV1J1M3	A0AAV1J1M3
A0AAV1J1M3	A0A821S3A7
A0AAV1J1M3	A0A9P0TKP1
A0AAV1JE59	A0AAV1JE59
A0AAV1JFA5	A0AAV1JFA5
A0AAV1JFA5	A0A821XE82
A0AAV1JFR9	A0AAV1JFR9
A0AAV1JNQ3	A0AAV1JNQ3
A0AAV1JPX7	A0AAV1JPX7
A0AAV1JQY4	A0AAV1JQY4
A0AAV1JSW2	A0AAV1JSW2
A0AAV1KIK6	A0AAV1KIK6
A0AAV1KLT4	A0AAV1KLT4
A0AAV1KLT4	A0A194PCP7
A0AAV1KLT4	A0A0N0PD42
A0AAV1KLT4	A0AAJ6YZR4
A0AAV1M8T7	A0AAV1M8T7
A0AAV1TTT1	A0AAV1TTT1
A0AAV1TTT1	A0AAV0TGG9
A0AAV1V5Z7	A0AAV1V5Z7
A0AAV2LZC7	A0AAV2LZC7
A0AAV2LZC7	A0A3B4B613
A0AAV2R6L2	A0AAV2R6L2
A0AAV2ZS12	A0AAV2ZS12
A0AAV4N6L7	A0AAV4N6L7
A0AAV4NMG0	A0AAV4NMG0
A0AAV4UEA4	A0AAV4UEA4
A0AAV6GC26	A0AAV6GC26
A0AAV6GC26	A0A3N0YNR2
A0AAV6GC26	A0A672QU24
A0AAV6GC26	A0A8C1GSI7
A0AAV6GC26	A0AAD7W9I5
A0AAV6GC26	A0AAR2IHV1
A0AAV6GC26	A0ABD1JAX6
A0AAV6GC26	A0A3B4D609
A0AAV6GC26	A0A5N5Q618
A0AAV6GC26	A0A8T0BP83
A0AAV6GC26	A0A8T2N7J3
A0AAV6GC26	A0A9D3MXV3
A0AAV6GC26	A0AAD5FKK5
A0AAV6GC26	A0AAY4AK76
A0AAV6GC26	A0A2D0QWV3
A0AAV6GC26	A0A556U1B8
A0AAV6GC26	A0A673JUH0
A0AAV6GC26	A0A8T2M2T6
A0AAV6GC26	A0AA88NBG9
A0AAV6GC26	A0A3B1IW86
A0AAV6GC26	A0A3B4D5I5
A0AAV6GC26	A0A3N0YNP4
A0AAV6GC26	A0A6P3VIV7
A0AAV6GC26	A0A9D3SY11
A0AAV6GC26	A0AAW1ZJX5
A0AAV6GC26	A0A671Q7E4
A0AAV6GC26	A0A8C1YEP2
A0AAV6GC26	A0A9Q1E122
A0AAV6GC26	A0AA88TTU5
A0AAV6GC26	A0AAN9D4B0
A0AAV6GC26	A0A6P6LEX1
A0AAV6GC26	Q5XIZ0
A0AAV6GC26	A0A6P6N945
A0AAV6GC26	A0A7J6C7G0
A0AAV6GC26	A0A7J6C7J0
A0AAV6GC26	A0A6J2W7G1
A0AAV6GC26	A0A8T0BM04
A0AAV6GC26	A0AAD5FM46
A0AAV6GC26	A0A9W7WQ58
A0AAV6GC26	A0AAY4AHV7
A0AAV6GC26	A0AAY4AFU5
A0AAV6GC26	A0AAY4AFD6
A0AAV6GC26	A0A6J2W7M9
A0AAV6GC26	A0AAY4AFU0
A0AAV6GC26	A0AAY4AFP9
A0AAV6GC26	A0AAY4AHS8
A0AAV6GC26	A0A4W4GGG2
A0AAV6GC26	A0A4W4GCJ6
A0AAV6GC26	A0A4W4GDW1
A0AAV6GC26	A0A4W4GDW6
A0AAV6GC26	A0A4W4GD80
A0AAV6GC26	A0A4W4GGJ3
A0AAV6GC26	A0A4W4GGX5
A0AAV6GC26	A0A4W4GC72
A0AAV6GC26	A0A4W4GH16
A0AAV6GC26	A0A4W4GBB2
A0AAV6ZI65	A0AAV6ZI65
A0AAV7CMQ8	A0AAV7CMQ8
A0AAV7CMQ8	A0A8J6FRY3
A0AAV7CMQ8	A0AAV7CM16
A0AAV7I8P2	A0AAV7I8P2
A0A8B9R285	A0A8B9R285
A0A8B9R285	A0A8B9EFF8
A0A8C0I7A7	A0A8C0I7A7
A0A8C0WYR3	A0A8C0WYR3
A0A8C0WYR3	A0A8C0WUL3
A0A8C1BPH5	A0A8C1BPH5
A0A8C1BPH5	P35031
A0A8C1BPH5	F1R894
A0A8C1BPH5	A0A060YI67
A0A8C1BPH5	A0A087XBG0
A0A8C1BPH5	A0A3B3ZRC0
A0A8C1BPH5	A0A3B4GAT1
A0A8C1BPH5	A0A3B4T667
A0A8C1BPH5	A0A3B4TNR9
A0A8C1BPH5	A0A3B4TQI3
A0A8C1BPH5	A0A3B5M665
A0A8C1BPH5	A0A3B5MP33
A0A8C1BPH5	A0A3B5MPP4
A0A8C1BPH5	A0A3P8W897
A0A8C1BPH5	A0A3P9AGY3
A0A8C1BPH5	A0A3P9B3M0
A0A8C1BPH5	A0A3P9B3U7
A0A8C1BPH5	A0A3Q1C991
A0A8C1BPH5	A0A3Q3E5P4
A0A8C1BPH5	A0A3Q3E9J1
A0A8C1BPH5	A0A3Q3L1F8
A0A8C1BPH5	A0A4P2UZV7
A0A8C1BPH5	A0A4W5MAU2
A0A8C1BPH5	A0A5C6MJ84
A0A8C1BPH5	A0A665WFL4
A0A8C1BPH5	A0A665WFW6
A0A8C1BPH5	A0A667ZN32
A0A8C1BPH5	A0A668A8Q5
A0A8C1BPH5	A0A671M4V9
A0A8C1BPH5	A0A672FEV7
A0A8C1BPH5	A0A674BA52
A0A8C1BPH5	A0A6A5EG17
A0A8C1BPH5	A0A6J2W1U7
A0A8C1BPH5	A0A6J2W5C6
A0A8C1BPH5	A0A6P7JYW8
A0A8C1BPH5	A0A6P8FZP1
A0A8C1BPH5	A0A6P8UJL1
A0A8C1BPH5	A0A6P8UK22
A0A8C1BPH5	A0A6P8UY15
A0A8C1BPH5	A0A8C1IZ08
A0A8C1BPH5	A0A8C1STX3
A0A8C1BPH5	A0A8C4ZGR4
A0A8C1BPH5	A0A8C4ZIJ0
A0A8C1BPH5	A0A8C5BT49
A0A8C1BPH5	A0A8C5D7T7
A0A8C1BPH5	A0A8C5DAK3
A0A8C1BPH5	A0A8C5DBL2
A0A8C1BPH5	A0A8C5DCD4
A0A8C1BPH5	A0A8C5DCU1
A0A8C1BPH5	A0A8C5FTA5
A0A8C1BPH5	A0A8C7M4G7
A0A8C1BPH5	A0A8D0A1M8
A0A8C1BPH5	A0A8D3BU73
A0A8C1BPH5	A0A8D3CEM6
A0A8C1BPH5	A0A8T3CMG6
A0A8C1BPH5	A0A8U0QWK8
A0A8C1BPH5	A0A9D3PZZ5
A0A8C1BPH5	A0A9Y4U2H1
A0A8C1BPH5	A0AAD5A7W1
A0A8C1BPH5	A0AAD6A948
A0A8C1BPH5	A0AAE0QAF5
A0A8C1BPH5	A0AAE0QBC2
A0A8C1BPH5	A0AAN8BUR0
A0A8C1BPH5	A0AAN8DFK2
A0A8C1BPH5	A0AAN8DGJ0
A0A8C1BPH5	A0AAQ4QMN0
A0A8C1BPH5	A0AAV1FNK9
A0A8C1BPH5	A0AAV1QCD9
A0A8C1BPH5	A0AAZ1WZC5
A0A8C1BPH5	B5X8D4
A0A8C1BPH5	B5XEC7
A0A8C1BPH5	D2D389
A0A8C1BPH5	F2XFT4
A0A8C1BPH5	F2XFV9
A0A8C1BPH5	F2XFX3
A0A8C1BPH5	G3NG42
A0A8C1BPH5	H9D159
A0A8C1BPH5	Q92099
A0A8C1BPH5	A0A060YAQ4
A0A8C1BPH5	A0A3B3ZWB9
A0A8C1BPH5	A0A3B4A0M4
A0A8C1BPH5	A0A3B4A112
A0A8C1BPH5	A0A3B4B0L6
A0A8C1BPH5	A0A3B4W9P2
A0A8C1BPH5	A0A3B5MB56
A0A8C1BPH5	A0A3B5MI83
A0A8C1BPH5	A0A3B5MPV5
A0A8C1BPH5	A0A3P8SE18
A0A8C1BPH5	A0A3Q1AUD8
A0A8C1BPH5	A0A3Q3E9E8
A0A8C1BPH5	A0A4U5V3F5
A0A8C1BPH5	A0A4U5V4A0
A0A8C1BPH5	A0A5A9N0U3
A0A8C1BPH5	A0A667ZTU7
A0A8C1BPH5	A0A672FEN0
A0A8C1BPH5	A0A672FID7
A0A8C1BPH5	A0A673CHT8
A0A8C1BPH5	A0A6P3WC07
A0A8C1BPH5	A0A6P8UJV0
A0A8C1BPH5	A0A8B9H028
A0A8C1BPH5	A0A8C1BRD8
A0A8C1BPH5	A0A8C1NIF3
A0A8C1BPH5	A0A8C2I3V8
A0A8C1BPH5	A0A8C2WRW1
A0A8C1BPH5	A0A8C2WS35
A0A8C1BPH5	A0A8C4F832
A0A8C1BPH5	A0A8C5DBB8
A0A8C1BPH5	A0A8C5DH68
A0A8C1BPH5	A0A8C7LT51
A0A8C1BPH5	A0A8C8GMJ9
A0A8C1BPH5	A0A8D3BX02
A0A8C1BPH5	A0A8D3E620
A0A8C1BPH5	A0A8P4K5A2
A0A8C1BPH5	A0A8U0QUN1
A0A8C1BPH5	A0A8U0UG90
A0A8C1BPH5	A0A9D3N8W4
A0A8C1BPH5	A0A9D3PDH4
A0A8C1BPH5	A0AA88PW20
A0A8C1BPH5	A0AAD6A9F6
A0A8C1BPH5	A0AAD7RR27
A0A8C1BPH5	A0AAN8ANZ3
A0A8C1BPH5	A0AAN8DKX0
A0A8C1BPH5	A0AAN8DPJ2
A0A8C1BPH5	A0AAV1FN49
A0A8C1BPH5	A0AAV1FNU5
A0A8C1BPH5	A0AAV1FNZ5
A0A8C1BPH5	A0AAV1QDG0
A0A8C1BPH5	A0AAW1DUN5
A0A8C1BPH5	A0ABD2H0A6
A0A8C1BPH5	A0ABD2H0V6
A0A8C1BPH5	B3GEG3
A0A8C1BPH5	B3GEG4
A0A8C1BPH5	B3IYE4
A0A8C1BPH5	B6VRV3
A0A8C1BPH5	E0DBK2
A0A8C1BPH5	E1CJC4
A0A8C1BPH5	G3NGE3
A0A8C1BPH5	G5EMQ3
A0A8C1BPH5	M3ZX03
A0A8C1BPH5	Q9W7Q7
A0A8C1BPH5	A0A2D0Q2J9
A0A8C1BPH5	A0A2Z2CC11
A0A8C1BPH5	A0A2Z2CLZ8
A0A8C1BPH5	A0A3B3X4P6
A0A8C1BPH5	A0A3B3ZRM1
A0A8C1BPH5	A0A3B4AWH0
A0A8C1BPH5	A0A3B4AZH8
A0A8C1BPH5	A0A3B4GEU5
A0A8C1BPH5	A0A3B4TRU3
A0A8C1BPH5	A0A3B4U1S9
A0A8C1BPH5	A0A3B4WCF9
A0A8C1BPH5	A0A3B5M971
A0A8C1BPH5	A0A3B5MM98
A0A8C1BPH5	A0A3B5MMY5
A0A8C1BPH5	A0A3Q1C965
A0A8C1BPH5	A0A3Q3AFW7
A0A8C1BPH5	A0A3Q3DVA9
A0A8C1BPH5	A0A3Q3E9I6
A0A8C1BPH5	A0A4P2UZ55
A0A8C1BPH5	A0A4U5V3H2
A0A8C1BPH5	A0A4W5MAV2
A0A8C1BPH5	A0A4W5MCL0
A0A8C1BPH5	A0A4W6BIH9
A0A8C1BPH5	A0A4W6BNX1
A0A8C1BPH5	A0A5A9N2S0
A0A8C1BPH5	A0A665WFW9
A0A8C1BPH5	A0A665WGD3
A0A8C1BPH5	A0A665WGH7
A0A8C1BPH5	A0A667ZTP4
A0A8C1BPH5	A0A668T468
A0A8C1BPH5	A0A674MNU3
A0A8C1BPH5	A0A6P7JZW3
A0A8C1BPH5	A0A6P8V961
A0A8C1BPH5	A0A8B9H6T6
A0A8C1BPH5	A0A8C1BSJ5
A0A8C1BPH5	A0A8C1BUH9
A0A8C1BPH5	A0A8C1X3D2
A0A8C1BPH5	A0A8C2WSA4
A0A8C1BPH5	A0A8C2YZ96
A0A8C1BPH5	A0A8C5BGH5
A0A8C1BPH5	A0A8C5DAB2
A0A8C1BPH5	A0A8C8EYC4
A0A8C1BPH5	A0A8C8GQL2
A0A8C1BPH5	A0A8D3A129
A0A8C1BPH5	A0A8D3C7B7
A0A8C1BPH5	A0A8D3DG85
A0A8C1BPH5	A0A8D3DSB1
A0A8C1BPH5	A0A8D3EDB2
A0A8C1BPH5	A0A9D3SVN1
A0A8C1BPH5	A0A9N7V1T0
A0A8C1BPH5	A0AAD6A9N1
A0A8C1BPH5	A0AAD9C649
A0A8C1BPH5	A0AAN8M7Y3
A0A8C1BPH5	A0AAN8MBK3
A0A8C1BPH5	A0AAQ4NQ23
A0A8C1BPH5	A0AAV1FNA3
A0A8C1BPH5	A0AAV2MAL9
A0A8C1BPH5	A0AAW0MYM9
A0A8C1BPH5	A0AAY4AJ34
A0A8C1BPH5	A0ABD0WXH2
A0A8C1BPH5	A7VMR6
A0A8C1BPH5	B3Y8K6
A0A8C1BPH5	B5X8T3
A0A8C1BPH5	C3UV51
A0A8C1BPH5	F2XFT3
A0A8C1BPH5	F2XFW0
A0A8C1BPH5	O93266
A0A8C1BPH5	A0A023I4N4
A0A8C1BPH5	A0A2R3TVM0
A0A8C1BPH5	A0A2Z2CCH1
A0A8C1BPH5	A0A3B4U480
A0A8C1BPH5	A0A3B4W9H6
A0A8C1BPH5	A0A3B5MW19
A0A8C1BPH5	A0A3B5MW46
A0A8C1BPH5	A0A3N0YNL3
A0A8C1BPH5	A0A3P8RH74
A0A8C1BPH5	A0A3P8SE45
A0A8C1BPH5	A0A3Q2P1A6
A0A8C1BPH5	A0A3Q2QE00
A0A8C1BPH5	A0A3Q3DXI1
A0A8C1BPH5	A0A484D8N9
A0A8C1BPH5	A0A484DAF8
A0A8C1BPH5	A0A673CHQ0
A0A8C1BPH5	A0A6G0ICW4
A0A8C1BPH5	A0A6J2R8R2
A0A8C1BPH5	A0A6P3WC08
A0A8C1BPH5	A0A7J6C7C2
A0A8C1BPH5	A0A8C2J5Q1
A0A8C1BPH5	A0A8C5CRU0
A0A8C1BPH5	A0A8D0A1F5
A0A8C1BPH5	A0A8D3BPB7
A0A8C1BPH5	A0A8D3D3B4
A0A8C1BPH5	A0AA88Q094
A0A8C1BPH5	A0AAD3N215
A0A8C1BPH5	A0AAD6A9M5
A0A8C1BPH5	A0AAD7W9X4
A0A8C1BPH5	A0AAD9C879
A0A8C1BPH5	A0AAN8DEW0
A0A8C1BPH5	A0AAN8GV20
A0A8C1BPH5	A0AAV1FNB5
A0A8C1BPH5	A0AAV1FPD7
A0A8C1BPH5	A0AAV1QF88
A0A8C1BPH5	A0AAV2MAI6
A0A8C1BPH5	A7VMR5
A0A8C1BPH5	B3Y604
A0A8C1BPH5	B3Y8K5
A0A8C1BPH5	B9V2X7
A0A8C1BPH5	C4TP29
A0A8C1BPH5	D3TJK1
A0A8C1BPH5	G3NG34
A0A8C1BPH5	Q1AMP9
A0A8C1BPH5	Q4ADV4
A0A8C1BPH5	Q6RI79
A0A8C1BPH5	Q91036
A0A8C1BPH5	S5TM67
A0A8C1BPH5	A0A060YKF2
A0A8C1BPH5	A0A2S0SSP4
A0A8C1BPH5	A0A2U9AXD0
A0A8C1BPH5	A0A2Z2CC28
A0A8C1BPH5	A0A3B1ICE2
A0A8C1BPH5	A0A3B3TZB2
A0A8C1BPH5	A0A3B3ZQW3
A0A8C1BPH5	A0A3B3ZVT9
A0A8C1BPH5	A0A3B4B026
A0A8C1BPH5	A0A3B4B238
A0A8C1BPH5	A0A3B4TR47
A0A8C1BPH5	A0A3B4U2V9
A0A8C1BPH5	A0A3B4U322
A0A8C1BPH5	A0A3B4W8R0
A0A8C1BPH5	A0A3B4WAB1
A0A8C1BPH5	A0A3B4WAJ0
A0A8C1BPH5	A0A3B5MA42
A0A8C1BPH5	A0A3P8RIZ1
A0A8C1BPH5	A0A3P8WGN1
A0A8C1BPH5	A0A3P9B3Y6
A0A8C1BPH5	A0A3Q1GI32
A0A8C1BPH5	A0A3Q2D2T2
A0A8C1BPH5	A0A3Q2Y1C6
A0A8C1BPH5	A0A4P2V9R6
A0A8C1BPH5	A0A4W6BPV5
A0A8C1BPH5	A0A5N5LAZ5
A0A8C1BPH5	A0A665WFR7
A0A8C1BPH5	A0A665WGJ6
A0A8C1BPH5	A0A669DXZ6
A0A8C1BPH5	A0A669EGK9
A0A8C1BPH5	A0A672FD06
A0A8C1BPH5	A0A673CLT4
A0A8C1BPH5	A0A673CRE2
A0A8C1BPH5	A0A673CT57
A0A8C1BPH5	A0A674D6N3
A0A8C1BPH5	A0A674D7Q3
A0A8C1BPH5	A0A674PGV2
A0A8C1BPH5	A0A6G0IC19
A0A8C1BPH5	A0A6J2RBP5
A0A8C1BPH5	A0A6P7JYW9
A0A8C1BPH5	A0A7S5GHJ7
A0A8C1BPH5	A0A8C2WS25
A0A8C1BPH5	A0A8C4D7U5
A0A8C1BPH5	A0A8C5D9D7
A0A8C1BPH5	A0A8C7C612
A0A8C1BPH5	A0A8C7C8I4
A0A8C1BPH5	A0A8C7CLI5
A0A8C1BPH5	A0A8C7FZF8
A0A8C1BPH5	A0A8C7SAT6
A0A8C1BPH5	A0A8C8GRD6
A0A8C1BPH5	A0A8C9ZXA9
A0A8C1BPH5	A0A8D3A124
A0A8C1BPH5	A0A8D3DXR5
A0A8C1BPH5	A0A9N7UZF7
A0A8C1BPH5	A0AAD6A960
A0A8C1BPH5	A0AAD6A9L5
A0A8C1BPH5	A0AAD9C5H6
A0A8C1BPH5	A0AAD9C7X4
A0A8C1BPH5	A0AAD9C8K6
A0A8C1BPH5	A0AAE0Q940
A0A8C1BPH5	A0AAQ4NXS4
A0A8C1BPH5	A0AAQ4R8P9
A0A8C1BPH5	A0AAW1DV63
A0A8C1BPH5	A0AAW1DVM5
A0A8C1BPH5	A7LD79
A0A8C1BPH5	A7VMR4
A0A8C1BPH5	B3Y6D5
A0A8C1BPH5	A0A6I9Q5Y6
A0A8C1BPH5	A0AAV6GC55
A0A8C1BPH5	A0AAV6GBQ0
A0A8C1BPH5	H3BVZ6
A0A8C1BPH5	H3C253
A0A8C1BPH5	A0AAN8BUW8
A0A8C1BPH5	A0AAV6G761
A0A8C1BPH5	A0A8C7FX18
A0A8C1BPH5	P16049
A0A8C1BPH5	P35032
A0A8C1BPH5	A0A1S3N655
A0A8C1BPH5	A0A3B4Z302
A0A8C1BPH5	A0A3P8RGW8
A0A8C1BPH5	A0A3P8RIP2
A0A8C1BPH5	A0A3P8YYA4
A0A8C1BPH5	A0A3P8YYG0
A0A8C1BPH5	A0A668T1U7
A0A8C1BPH5	A0A669EB58
A0A8C1BPH5	A0A671PQK7
A0A8C1BPH5	A0A6A5FI20
A0A8C1BPH5	A0A6P8UY57
A0A8C1BPH5	A0A8C4GE95
A0A8C1BPH5	A0A8C5DCE5
A0A8C1BPH5	A0A8C5F820
A0A8C1BPH5	A0A8C7M7Q8
A0A8C1BPH5	A0A8C8EY57
A0A8C1BPH5	A0A8C8FQK9
A0A8C1BPH5	A0A8D0A0U9
A0A8C1BPH5	A0A8U0QW91
A0A8C1BPH5	A0AAD6A9C0
A0A8C1BPH5	A0AAR2L6Q2
A0A8C1BPH5	A0ABD0WX87
A0A8C1BPH5	A0ABD0WYH7
A0A8C1BPH5	F2XFV5
A0A8C1BPH5	I3JZT1
A0A8C1BPH5	A0A3B4D6K1
A0A8C1BPH5	A0A3B4TD31
A0A8C1BPH5	A0A3B4U3D4
A0A8C1BPH5	A0A3Q1JV01
A0A8C1BPH5	A0A3Q3JK39
A0A8C1BPH5	A0A3Q3LDB6
A0A8C1BPH5	A0A4W6BM48
A0A8C1BPH5	A0A669BBW3
A0A8C1BPH5	A0A669BPM5
A0A8C1BPH5	A0A672QYU8
A0A8C1BPH5	A0A673CLP6
A0A8C1BPH5	A0A6A5FEP0
A0A8C1BPH5	A0A6P7JYY3
A0A8C1BPH5	A0A6Q2WRQ3
A0A8C1BPH5	A0A7J5XQX6
A0A8C1BPH5	A0A8C5DBS6
A0A8C1BPH5	A0A8C7SC05
A0A8C1BPH5	A0A8D0A4H9
A0A8C1BPH5	A0A8J4UJH3
A0A8C1BPH5	A0AAN8NFY0
A0A8C1BPH5	A0ABD0WX91
A0A8C1BPH5	C3KIJ2
A0A8C1BPH5	A0A060Y9J1
A0A8C1BPH5	A0A3P8RGA4
A0A8C1BPH5	A0A3P8RH70
A0A8C1BPH5	A0A3P8RJ12
A0A8C1BPH5	A0A3P8YX20
A0A8C1BPH5	A0A3Q1B6S0
A0A8C1BPH5	A0A668T282
A0A8C1BPH5	A0A669DX66
A0A8C1BPH5	A0A673JF83
A0A8C1BPH5	A0A6J2R7W3
A0A8C1BPH5	A0A8C5CIV3
A0A8C1BPH5	A0A8C7M7Z9
A0A8C1BPH5	A0A8C7S8Q7
A0A8C1BPH5	A0A8U0UFD0
A0A8C1BPH5	A0AAD3RCI4
A0A8C1BPH5	I3JZT2
A0A8C1BPH5	A0A3P8RGB9
A0A8C1BPH5	A0A3Q3EFL1
A0A8C1BPH5	A0A4Z2JGX6
A0A8C1BPH5	A0A673CR92
A0A8C1BPH5	A0A6P7KUN9
A0A8C1BPH5	A0A6P8V1R0
A0A8C1BPH5	A0A8C7FWZ5
A0A8C1BPH5	A0A8C7FXJ3
A0A8C1BPH5	A0A8C7SAV4
A0A8C1BPH5	A0A8C7VZK4
A0A8C1BPH5	A0A8D0D8Y1
A0A8C1BPH5	A0AAN7XGV0
A0A8C1BPH5	A0AAN7XJE9
A0A8C1BPH5	Q5XUG4
A0A8C1BPH5	A0A060ZX28
A0A8C1BPH5	A0A3B4WAK9
A0A8C1BPH5	A0A3P8RH46
A0A8C1BPH5	A0A3P9B3L3
A0A8C1BPH5	A0A484D7Y1
A0A8C1BPH5	A0A669C8B2
A0A8C1BPH5	A0A672FHR8
A0A8C1BPH5	A0A673KZC2
A0A8C1BPH5	A0A674D852
A0A8C1BPH5	A0A6I9NZB2
A0A8C1BPH5	A0A6Q2YDI7
A0A8C1BPH5	A0A8C5DD79
A0A8C1BPH5	A0A8C8LSC5
A0A8C1BPH5	A0A8C9ZXC9
A0A8C1BPH5	A0A8U0UFV0
A0A8C1BPH5	A0AAN7XJ23
A0A8C1BPH5	A0AAN8M9F6
A0A8C1BPH5	A0AAR2J6Q9
A0A8C1BPH5	A0AAX7FDW3
A0A8C1BPH5	A0ABD2H0G7
A0A8C1BPH5	A0ABD2H144
A0A8C1BPH5	A0A3B4TFD8
A0A8C1BPH5	A0A8C7CCF4
A0A8C1BPH5	A0A8C7S6G8
A0A8C1BPH5	A0A674BA77
A0A8C1BPH5	A0A674D833
A0A8C1BPH5	A0A8C7M1R9
A0A8C1BPH5	A0A674D867
A0A8C1BPH5	A0A8C8EY42
A0A8C1BPH5	A0A6J2R7V8
A0A8C1BPH5	A0A4W6BM38
A0A8C1BPH5	A0A6G1PQ82
A0A8C1BPH5	A0A8C2I3W5
A0A8C1BPH5	A0A8C1XDI1
A0A8C1BPH5	A0A8C1NEY4
A0A8C1BPH5	A0A8C1NCD4
A0A8C1QED7	A0A8C1QED7
A0A8C1V332	A0A8C1V332
A0A8C1V332	A0A9J8BA26
A0A8C1V332	A0A6P6M560
A0A8C1V332	A0AAN9CHB8
A0A8C2JZN8	A0A8C2JZN8
A0A8C2JZN8	A0A6P6KR90
A0A8C2JZN8	A0A8C2K4J9
A0A8C2JZN8	A0A6P6KR72
A0A8C2JZN8	A0A8C2Q3H8
A0A8C2JZN8	A0A8C0Y7B9
A0A8C2JZN8	A0A8C2K413
A0A8C2JZN8	A0AAN9DDA9
A0A8C2JZN8	A0A7J6CNP4
A0A8C2JZN8	A0A6P6Q6D8
A0A8C2JZN8	A0A8C1QEX2
A0A8C2SXD9	A0A8C2SXD9
A0A8C2SXD9	A0A8C2Y719
A0A8C2SXD9	A0A8C2SW66
A0A8C2SXD9	A0A8C2SY34
A0A8C2SXD9	A0A8C2SW65
A0A8C2SXD9	A0A8C9FLN9
A0A8C2SXD9	A0A8C9FN09
A0A8C2SXD9	A0A8B9MUA7
A0A8C2T1E0	A0A8C2T1E0
A0A8C2T1E0	A0A6J3E631
A0A8C2T1E0	A0A7K4TJE6
A0A8C2T1E0	A0A7K4ZMU0
A0A8C2T1E0	A0A7K5I4L4
A0A8C2T1E0	A0A7K6B4R9
A0A8C2T1E0	A0A7K6P8S6
A0A8C2T1E0	A0A7K7CAI6
A0A8C2T1E0	A0A7K7GIH8
A0A8C2T1E0	A0A7K7S419
A0A8C2T1E0	A0A7K7T554
A0A8C2T1E0	A0A7K7WZH6
A0A8C2T1E0	A0A7K8AKC5
A0A8C2T1E0	A0A7K8QIG5
A0A8C2T1E0	A0A7K8Y1Z0
A0A8C2T1E0	A0A7K9HIA7
A0A8C2T1E0	A0A7K9IKJ2
A0A8C2T1E0	A0A7K9NBQ5
A0A8C2T1E0	A0A7K9PDS0
A0A8C2T1E0	A0A7K9RBX6
A0A8C2T1E0	A0A7K9Z7N6
A0A8C2T1E0	A0A7L0D701
A0A8C2T1E0	A0A7L0QW48
A0A8C2T1E0	A0A7L0SIA5
A0A8C2T1E0	A0A7L1LFQ9
A0A8C2T1E0	A0A7L1ZHI7
A0A8C2T1E0	A0A7L2B2D8
A0A8C2T1E0	A0A7L2RJS3
A0A8C2T1E0	A0A7L2YEG5
A0A8C2T1E0	A0A7L3EEK2
A0A8C2T1E0	A0A7L3Y658
A0A8C2T1E0	A0A7L4GA35
A0A8C2T1E0	A0A7L4HMM3
A0A8C2T1E0	A0A7L4MVY6
A0A8C2T1E0	A0A851B7G4
A0A8C2T1E0	A0A851PEW8
A0A8C2T1E0	A0A851WTC8
A0A8C2T1E0	A0A852K2N8
A0A8C2T1E0	A0A8B9TZH8
A0A8C2T1E0	A0A8C3Q009
A0A8C2T1E0	A0A8C4KJV8
A0A8C2T1E0	A0A8C4VYR3
A0A8C2T1E0	A0A8C9MHY8
A0A8C2T1E0	A0AA97ML99
A0A8C2T1E0	H0YVZ7
A0A8C2T1E0	A0A670J754
A0A8C2T1E0	A0A6I9ZB15
A0A8C2T1E0	A0A7K5B0A7
A0A8C2T1E0	A0A7K5CUG7
A0A8C2T1E0	A0A7K5UM26
A0A8C2T1E0	A0A7K6T1A1
A0A8C2T1E0	A0A7K7Z117
A0A8C2T1E0	A0A7K8BMG8
A0A8C2T1E0	A0A7K8IN05
A0A8C2T1E0	A0A7K8PL07
A0A8C2T1E0	A0A7K8ZWT2
A0A8C2T1E0	A0A7K9EL37
A0A8C2T1E0	A0A7K9V2C6
A0A8C2T1E0	A0A7L0AVP9
A0A8C2T1E0	A0A7L0XAG5
A0A8C2T1E0	A0A7L0ZVC8
A0A8C2T1E0	A0A7L1AX73
A0A8C2T1E0	A0A7L1C4E8
A0A8C2T1E0	A0A7L1PFY7
A0A8C2T1E0	A0A7L2FNW0
A0A8C2T1E0	A0A7L2KQA1
A0A8C2T1E0	A0A7L2USY1
A0A8C2T1E0	A0A7L3JSM8
A0A8C2T1E0	A0A7L3VNT0
A0A8C2T1E0	A0A7L4ANP0
A0A8C2T1E0	A0A7L4HFH7
A0A8C2T1E0	A0A7M4FKY4
A0A8C2T1E0	A0A7M4G3C5
A0A8C2T1E0	A0A851K399
A0A8C2T1E0	A0A851NXM2
A0A8C2T1E0	A0A851QT05
A0A8C2T1E0	A0A852HLK4
A0A8C2T1E0	A0A8B9IAU9
A0A8C2T1E0	A0A8C0J650
A0A8C2T1E0	A0A8C2Y835
A0A8C2T1E0	A0A8C4KLR7
A0A8C2T1E0	U3K646
A0A8C2T1E0	A0A226N9R8
A0A8C2T1E0	A0A2I0M3B0
A0A8C2T1E0	A0A2P4SND1
A0A8C2T1E0	A0A7K4VQT0
A0A8C2T1E0	A0A7K5C3W0
A0A8C2T1E0	A0A7K5JFY8
A0A8C2T1E0	A0A7K5JW58
A0A8C2T1E0	A0A7K5LWK7
A0A8C2T1E0	A0A7K5N0J9
A0A8C2T1E0	A0A7K5SK37
A0A8C2T1E0	A0A7K5VE42
A0A8C2T1E0	A0A7K7VGI6
A0A8C2T1E0	A0A7K8HU64
A0A8C2T1E0	A0A7K8KLM0
A0A8C2T1E0	A0A7K8SM30
A0A8C2T1E0	A0A7K9TSI4
A0A8C2T1E0	A0A7L0J142
A0A8C2T1E0	A0A7L1MKK7
A0A8C2T1E0	A0A7L2DNF2
A0A8C2T1E0	A0A7L3AWP4
A0A8C2T1E0	A0A7L3G2P6
A0A8C2T1E0	A0A7L3N014
A0A8C2T1E0	A0A7L3T8R7
A0A8C2T1E0	A0A7L4E1F7
A0A8C2T1E0	A0A850WMH5
A0A8C2T1E0	A0A851A9E4
A0A8C2T1E0	A0A851YK86
A0A8C2T1E0	A0A852DVX1
A0A8C2T1E0	A0A8C0VDN8
A0A8C2T1E0	A0A8C3E3V4
A0A8C2T1E0	A0A8C3IGW4
A0A8C2T1E0	A0A8C3IJK7
A0A8C2T1E0	A0A8C3JQK4
A0A8C2T1E0	A0A8C3P0S7
A0A8C2T1E0	A0A8V0Z1Z3
A0A8C2T1E0	A0A218UB21
A0A8C2T1E0	A0A7K4Q443
A0A8C2T1E0	A0A7K4RWT0
A0A8C2T1E0	A0A7K5G9N4
A0A8C2T1E0	A0A7K5YCB6
A0A8C2T1E0	A0A7K6CIE9
A0A8C2T1E0	A0A7K6RS08
A0A8C2T1E0	A0A7K6YQL2
A0A8C2T1E0	A0A7K7F2L7
A0A8C2T1E0	A0A7K7Q234
A0A8C2T1E0	A0A7K7UJD7
A0A8C2T1E0	A0A7K8FXE5
A0A8C2T1E0	A0A7K8RRJ7
A0A8C2T1E0	A0A7K9D431
A0A8C2T1E0	A0A7K9FAD3
A0A8C2T1E0	A0A7K9L1M6
A0A8C2T1E0	A0A7K9T2V4
A0A8C2T1E0	A0A7K9WN94
A0A8C2T1E0	A0A7L0JQW0
A0A8C2T1E0	A0A7L0NHM9
A0A8C2T1E0	A0A7L1I740
A0A8C2T1E0	A0A7L1J8V5
A0A8C2T1E0	A0A7L1NMX4
A0A8C2T1E0	A0A7L1VPP7
A0A8C2T1E0	A0A7L1W874
A0A8C2T1E0	A0A7L1X8Z2
A0A8C2T1E0	A0A7L2FZW7
A0A8C2T1E0	A0A7L2IKJ3
A0A8C2T1E0	A0A7L2XPE8
A0A8C2T1E0	A0A7L3HKD7
A0A8C2T1E0	A0A7L3P2R2
A0A8C2T1E0	A0A7L4CZS6
A0A8C2T1E0	A0A7L4J317
A0A8C2T1E0	A0A7L4M0R1
A0A8C2T1E0	A0A851EMC6
A0A8C2T1E0	A0A851M9J9
A0A8C2T1E0	A0A851S6F1
A0A8C2T1E0	A0A852LT86
A0A8C2T1E0	A0A852MXF0
A0A8C2T1E0	A0A852P673
A0A8C2T1E0	A0A8B9DVQ5
A0A8C2T1E0	A0A8C3UD05
A0A8C2T1E0	A0A8C4KMV2
A0A8C2T1E0	A0A669QQM9
A0A8C2T1E0	A0A670J4J8
A0A8C2T1E0	A0A7K4JH57
A0A8C2T1E0	A0A7K4W501
A0A8C2T1E0	A0A7K5E0U7
A0A8C2T1E0	A0A7K5KU44
A0A8C2T1E0	A0A7K5ZPX4
A0A8C2T1E0	A0A7K6G0S2
A0A8C2T1E0	A0A7K6IV27
A0A8C2T1E0	A0A7K6L4H7
A0A8C2T1E0	A0A7K6TQX5
A0A8C2T1E0	A0A7K6W8P3
A0A8C2T1E0	A0A7K8G8B7
A0A8C2T1E0	A0A7K8M7A1
A0A8C2T1E0	A0A7K8UBT1
A0A8C2T1E0	A0A7K8WFH0
A0A8C2T1E0	A0A7K9QE93
A0A8C2T1E0	A0A7L0I3G4
A0A8C2T1E0	A0A7L1DEG1
A0A8C2T1E0	A0A7L1G5D0
A0A8C2T1E0	A0A7L1JFK4
A0A8C2T1E0	A0A7L1TWV5
A0A8C2T1E0	A0A7L1YU04
A0A8C2T1E0	A0A7L2ELF2
A0A8C2T1E0	A0A7L2PW10
A0A8C2T1E0	A0A7L2SR03
A0A8C2T1E0	A0A7L3C1G9
A0A8C2T1E0	A0A7L3DC98
A0A8C2T1E0	A0A7L3FT27
A0A8C2T1E0	A0A7L3TPP2
A0A8C2T1E0	A0A7L3YTN6
A0A8C2T1E0	A0A850WRE8
A0A8C2T1E0	A0A851VSJ7
A0A8C2T1E0	A0A852BWT7
A0A8C2T1E0	A0A852FFN0
A0A8C2T1E0	A0A852GLB8
A0A8C2T1E0	A0A8B7I991
A0A8C2T1E0	A0A8B9PP14
A0A8C2T1E0	A0A8C0J6X5
A0A8C2T1E0	A0A8C3CX58
A0A8C2T1E0	A0A8C3NCS5
A0A8C2T1E0	A0A8C9MHR1
A0A8C2T1E0	A0A852IRK8
A0A8C2T1E0	A0A8C5NKG2
A0A8C2T1E0	A0A7K6KA01
A0A8C2T1E0	A0A7L3IDB2
A0A8C2T1E0	A0A8C3NB05
A0A8C2T1E0	A0A8D2KX44
A0A8C2T1E0	A0A8D2KX28
A0A8C2T1E0	A0A851FBD0
A0A8C2T1E0	A0A851JHX5
A0A8C2T1E0	A0A8D2PYH5
A0A8C2T1E0	A0A7K9BZV6
A0A8C2T1E0	A0A8D2KX40
A0A8C2T1E0	A0A7K6DZ33
A0A8C2T1E0	A0A7K6H7X3
A0A8C2T1E0	A0A7K6IDP6
A0A8C2T1E0	A0A7L1RU15
A0A8C2T1E0	A0A7L3RTJ1
A0A8C2T1E0	A0A6P8A0K5
A0A8C2T1E0	A0A973YGZ1
A0A8C2T1E0	A0A8C4UZM2
A0A8C2T1E0	A0A6J0IL64
A0A8C2T1E0	A0A7K7ZJQ5
A0A8C2T1E0	A0A7L2LJ93
A0A8C2T1E0	A0A7L3R4Q9
A0A8C2T1E0	A0A7L3W7V1
A0A8C2T1E0	A0A7L4KT46
A0A8C2T1E0	A0A8C4UWC4
A0A8C2T1E0	A0A7K4YKQ3
A0A8C2T1E0	A0A7K6V976
A0A8C2T1E0	A0A7L1FJ12
A0A8C2T1E0	A0A7L1QPY5
A0A8C2T1E0	A0A7L2JV62
A0A8C2T1E0	A0A7L4CD63
A0A8C2T1E0	A0A851CEH9
A0A8C2T1E0	A0A6J2HWI8
A0A8C2T1E0	A0A7K4UM39
A0A8C2T1E0	A0A7K5PME8
A0A8C2T1E0	A0A7K7EVA4
A0A8C2T1E0	A0A7K7MNG3
A0A8C2T1E0	A0A7L2ZS88
A0A8C2T1E0	A0A7L3L3M7
A0A8C2T1E0	A0A7L3M7A1
A0A8C2T1E0	A0A3L8S2I0
A0A8C2T1E0	A0A7K5XY66
A0A8C2T1E0	A0A7K6DTA0
A0A8C2T1E0	A0A7K7R0X9
A0A8C2T1E0	A0A7L0PII1
A0A8C2T1E0	A0A7L0TT44
A0A8C2T1E0	A0A7L0YV31
A0A8C2T1E0	A0A7L1TD90
A0A8C2T1E0	A0A7L2NZB3
A0A8C2T1E0	A0A7L2VCV0
A0A8C2T1E0	A0A7K6NE25
A0A8C2T1E0	A0A7K7DGN3
A0A8C2T1E0	A0A7K8EK52
A0A8C2T1E0	A0A7K8YKE0
A0A8C2T1E0	A0A7K9WZE0
A0A8C2T1E0	A0A7L0GF20
A0A8C2T1E0	A0A7L0L308
A0A8C2T1E0	A0A7L2MCH1
A0A8C2T1E0	A0A7L2SWF4
A0A8C2T1E0	A0A850T9J6
A0A8C2T1E0	A0A850YH12
A0A8C2T1E0	A0A852CZR4
A0A8C2T1E0	A0A8C4UW64
A0A8C2T1E0	A0A6J0SK87
A0A8C2T1E0	A0A1U7SL52
A0A8C2T1E0	A0A7M4FPA6
A0A8C2T1E0	A0AA35KSB6
A0A8C2T1E0	A0A670J7A9
A0A8C2T1E0	A0A670J7B4
A0A8C2T1E0	A0AA97LJR8
A0A8C2T1E0	A0AA97LIX3
A0A8U0W8V3	A0A8U0W8V3
A0A8U0W8V3	A0A1A9UPF2
A0A8U0W8V3	A0A1I8PSH6
A0A8U0WDR6	A0A8U0WDR6
A0A8U0WDR6	A0A1A9Z7X3
A0A8U0WDR6	A0A1A9V899
A0A8V0X3Y4	A0A8V0X3Y4
A0A8V0X3Y4	A0A8V0X116
A0A8W7M2P0	A0A8W7M2P0
A0A8W7M2P0	Q7Q2Q8
A0A8W7M2P0	A0A1S4GM45
A0A8W7M2P0	A0A6E8VJZ9
A0A8W7M2P0	A0A182WYK2
A0A8W7MU66	A0A8W7MU66
A0A8W7MU66	A0A182T4B8
A0A8W7MU66	A0A8D8PE94
A0A8W7P7P9	A0A8W7P7P9
A0A8W7P8I4	A0A8W7P8I4
A0A8W7P8I4	A0A182XKU7
A0A8W7P8I4	A0A182T6P7
A0A8W7PSB7	A0A8W7PSB7
A0A8W7PSB7	A0A182N236
A0A8W7PSB7	A0A182PUG2
A0A8W7PSB7	A0A182QV58
A0A8W7PSB7	A0A182RQ63
A0A8W7PSB7	A0A182WLW4
A0A8W7PSB7	A0A182SZ29
A0A8W7PSB7	A0A182KA91
A0A8W7PSB7	A0A182WS27
A0A8W7PSB7	A0A182MTM1
A0A8W7PSB7	A0AAG5D2Y4
A0A8W8LHQ2	A0A8W8LHQ2
A0A8X6VM56	A0A8X6VM56
A0A8X7XPK7	A0A8X7XPK7
A0A8X7XPK7	A0A8C4TMG1
A0A8X7XPK7	A0A8C4TK32
A0A8X7XPK7	A0A8C4XGN5
A0A8X7XPK7	A0A8C4TMZ1
A0A8X7XPK7	A0A8C4TNR1
A0A8X7XPK7	A0A8C4TQM1
A0A8X7XPK7	A0A8C4TKW1
A0A8X7XPK7	A0A8C4TTK8
A0A8X7XPK7	A0A8C4XI87
A0A904MUJ8	A0A904MUJ8
A0A914BTU6	A0A914BTU6
A0A914YEC0	A0A914YEC0
A0A914YEC0	A0A7E4ZT85
A0A918L7S0	A0A918L7S0
A0A921ZSS3	A0A921ZSS3
A0A922MKK5	A0A922MKK5
A0A922MKK5	A0A089QAL5
A0A922MXF4	A0A922MXF4
A0A922MXF4	A0A9J7INK5
A0A922MXG1	A0A922MXG1
A0A922MXG1	A0A9J7E3Q1
A0A922SPH4	A0A922SPH4
A0A922SPH4	A0A9J7E3G8
A0A974HD62	A0A974HD62
A0A976FQD5	A0A976FQD5
A0A976FR46	A0A976FR46
A0A9C6T0L5	A0A9C6T0L5
A0A9C6T0L5	A0A9C6SRG5
A0A9C6T0L5	A0A9C6WH29
A0A9C6T0L5	A0A6P8XVE8
A0A9C6T0L5	A0A9C6W4R4
A0A9C6T0L5	A0A9C6WDP2
A0A9C6T867	A0A9C6T867
A0A9D3QGW3	A0A9D3QGW3
A0A9D4PAH6	A0A9D4PAH6
A0A9J6BFN0	A0A9J6BFN0
A0A9J6BMT0	A0A9J6BMT0
A0A9J6BMT0	A0A9N9S0S1
A0A9J6BSV3	A0A9J6BSV3
A0A9J6BWX1	A0A9J6BWX1
A0A9J6CBN7	A0A9J6CBN7
A0A9J6DQ06	A0A9J6DQ06
A0A9L0R602	A0A9L0R602
A0A9L0R602	P49862
A0A9L0R602	E2FGH7
A0A9L0R602	A0A2K5NL70
A0A9L0R602	A0A2K6NMA9
A0A9L0R602	A0A2K6TS02
A0A9L0R602	A0A384BK01
A0A9L0R602	A0A452TZP8
A0A9L0R602	A0A5E4BW96
A0A9L0R602	A0A667HS06
A0A9L0R602	A0A671EK11
A0A9L0R602	A0A6J0A8X4
A0A9L0R602	A0A8C2MFZ7
A0A9L0R602	A0AAW0HTT3
A0A9L0R602	H2NZU4
A0A9L0R602	A0A0A0MVS2
A0A9L0R602	A0A6P3RGT7
A0A9L0R602	A0A6P3RQF6
A0A9L0R602	A0A7J7SIM6
A0A9L0R602	A0A7J8CHD8
A0A9L0R602	A0A8C0L4D5
A0A9L0R602	A0A8C3WIP1
A0A9L0R602	A0A8C9D6K3
A0A9L0R602	A0A8D0RIJ3
A0A9L0R602	A0A8D2E0R4
A0A9L0R602	A0A9X9PVI7
A0A9L0R602	G1STC0
A0A9L0R602	G3SJ49
A0A9L0R602	A0A2K5CHR1
A0A9L0R602	A0A2K6F679
A0A9L0R602	A0A2U3Y867
A0A9L0R602	A0A2Y9L2H5
A0A9L0R602	A0A671EBU7
A0A9L0R602	A0A6J2N5T5
A0A9L0R602	A0A7J8CHD3
A0A9L0R602	A0A8C4LLZ4
A0A9L0R602	A0A8C7C6R9
A0A9L0R602	A0A8C9A8U0
A0A9L0R602	A0A8D2KKP0
A0A9L0R602	D3K5N6
A0A9L0R602	I3NEM9
A0A9L0R602	A0A1S3A947
A0A9L0R602	A0A2K5QAU2
A0A9L0R602	A0A2Y9L7I1
A0A9L0R602	A0A384BKY7
A0A9L0R602	A0A673VCB3
A0A9L0R602	A0A6D2WD59
A0A9L0R602	A0A7J7SJQ4
A0A9L0R602	F6WAG9
A0A9L0R602	U3EFX4
A0A9L0R602	A0A2R9APY3
A0A9L0R602	A0A2U3WM82
A0A9L0R602	A0A2Y9GDL1
A0A9L0R602	A0A3Q2KTM6
A0A9L0R602	A0A6J2EW93
A0A9L0R602	A0A6J2F608
A0A9L0R602	A0A6P6H584
A0A9L0R602	A0AAA9S1D2
A0A9L0R602	Q08D90
A0A9L0R602	A0A8C6DCW8
A0A9L0R602	A0A452FJ76
A0A9L0R602	A0A6P3HZP8
A0A9L0R602	A0A8B9XUN6
A0A9L0R602	L8IG11
A0A9L0R602	A0A8C0DNF8
A0A9L0R602	A0A8C5KNG7
A0A9L0R602	A0A9B0LK92
A0A9L0R602	A0A2Y9PBC4
A0A9L0R602	A0A8C9CX00
A0A9L0R602	A0A341DC28
A0A9L0R602	A0A2Y9EL57
A0A9L0R602	A0A8C6B1B9
A0A9L0R602	A0A7J7R1T4
A0A9L0R602	G1PPZ4
A0A9L0R602	A0A7J7RFD3
A0A9L0R602	A0A7E6CNS6
A0A9L0R602	A0A8C8TBU4
A0A9L0R602	A0A8B8TPM5
A0A9L0RZZ3	A0A9L0RZZ3
A0A9N7U968	A0A9N7U968
A0A9N8KVC9	A0A9N8KVC9
A0A084WKU3	A0A084WKU3
A0A087XBZ0	A0A087XBZ0
A0A087XBZ0	A0A3B3UF39
A0A087XBZ0	A0A3B5LWL5
A0A0B2WXI2	A0A0B2WXI2
A0A0D9S545	A0A0D9S545
A0A0J7K549	A0A0J7K549
A0A0J7K549	A0AAW2GA70
A0A0J7K549	A0AAV2NXE3
A0A0J9R7V3	A0A0J9R7V3
A0A0K2H3B0	A0A0K2H3B0
A0A0K8U2K3	A0A0K8U2K3
A0A0K8U875	A0A0K8U875
A0A0K8U875	A0A0K8VC60
A0A0L0BSQ2	A0A0L0BSQ2
A0A0L0C3C1	A0A0L0C3C1
A0A0L0C840	A0A0L0C840
A0A0L0CEP1	A0A0L0CEP1
A0A0L0CPW7	A0A0L0CPW7
A0A0L0CRH9	A0A0L0CRH9
A0A0L7L730	A0A0L7L730
A0A0L8H132	A0A0L8H132
A0A0M4EGL8	A0A0M4EGL8
A0A0M4EXL3	A0A0M4EXL3
A0A0M4F9L9	A0A0M4F9L9
A0A0M4LSN9	A0A0M4LSN9
A0A0M5KXW7	A0A0M5KXW7
A0A0P7TVH8	A0A0P7TVH8
A0A0P7UK88	A0A0P7UK88
A0A0P7UK88	Q7SZ51
A0A0P7UK88	A0A3B3SQB9
A0A0P7UK88	A0A671K2L7
A0A0P7UK88	A0A673MNQ4
A0A0P7UK88	A0A6G0IP47
A0A0P7UK88	A0A6G1Q2H0
A0A0P7UK88	A0A8C1LM69
A0A0P7UK88	A0A8C8JQU2
A0A0P7UK88	A0A8C9U106
A0A0P7UK88	A0A8D8GX72
A0A0P7UK88	A0A9D3P3T1
A0A0P7UK88	A0AAD9FH29
A0A0P7UK88	A0AAV1HKB3
A0A0P7UK88	A0AAZ3SJ41
A0A0P7UK88	I3J1C8
A0A0P7UK88	A0A3B4YW73
A0A0P7UK88	A0A3Q2W857
A0A0P7UK88	A0A553PXB4
A0A0P7UK88	A0A672NKK2
A0A0P7UK88	A0A673MIG4
A0A0P7UK88	A0A6A5FJK5
A0A0P7UK88	A0A6I9MNZ4
A0A0P7UK88	A0A6P8UGU9
A0A0P7UK88	A0A7J5ZR06
A0A0P7UK88	A0A8C2JXL8
A0A0P7UK88	A0A8C2WYR3
A0A0P7UK88	A0A8C5DPP0
A0A0P7UK88	A0A8C7MJ67
A0A0P7UK88	A0A8C9TYI2
A0A0P7UK88	A0A8C9U3Q5
A0A0P7UK88	A0A8D0CJ21
A0A0P7UK88	A0A8T0AQH2
A0A0P7UK88	A0A9J7Y7F8
A0A0P7UK88	A0A9N7YKJ9
A0A0P7UK88	A0AA88SS10
A0A0P7UK88	A0AAD3QV23
A0A0P7UK88	A0AAW2ACG6
A0A0P7UK88	A0AAY4B6Z2
A0A0P7UK88	E3TDH9
A0A0P7UK88	Q9W7Q0
A0A0P7UK88	W5M368
A0A0P7UK88	A0A3B4D2K5
A0A0P7UK88	A0A3Q3IAK9
A0A0P7UK88	A0A3Q4G914
A0A0P7UK88	A0A4W4FTZ8
A0A0P7UK88	A0A4Z2B6T0
A0A0P7UK88	A0A674CUW1
A0A0P7UK88	A0A6P8FG65
A0A0P7UK88	A0A8C1VM38
A0A0P7UK88	A0A8C2JXX5
A0A0P7UK88	A0A8C9T3Y5
A0A0P7UK88	A0A8C9TIG3
A0A0P7UK88	A0A8C9YAX2
A0A0P7UK88	A0A8D0CLH5
A0A0P7UK88	A0A9Q1G1V6
A0A0P7UK88	A0AAY4B6W8
A0A0P7UK88	A0AAY4B744
A0A0P7UK88	A0AAY4B7E7
A0A0P7UK88	A0AAY4BA77
A0A0P7UK88	H2UJF9
A0A0P7UK88	W5M332
A0A0P7UK88	A0A3Q3MY24
A0A0P7UK88	A0A484D620
A0A0P7UK88	A0A4V6ASG1
A0A0P7UK88	A0A4W6G555
A0A0P7UK88	A0A5N5NLE6
A0A0P7UK88	A0A671K2D5
A0A0P7UK88	A0A6P7N1W3
A0A0P7UK88	A0A7J6CS13
A0A0P7UK88	A0A8C4E246
A0A0P7UK88	A0A8C8JS05
A0A0P7UK88	A0A8D3B0D0
A0A0P7UK88	A0A9D3LX68
A0A0P7UK88	A0A9D3Q4N3
A0A0P7UK88	A0AAN7XPC2
A0A0P7UK88	A0AAN9CVB2
A0A0P7UK88	H3D345
A0A0P7UK88	A0A060WSJ8
A0A0P7UK88	A0A3B4FRS2
A0A0P7UK88	A0A3B4T8M2
A0A0P7UK88	A0A3P8R1P0
A0A0P7UK88	A0A3Q1GIF0
A0A0P7UK88	A0A3Q3AQQ9
A0A0P7UK88	A0A4W5Q0X2
A0A0P7UK88	A0A667X0V0
A0A0P7UK88	A0A671K075
A0A0P7UK88	A0A673MPJ8
A0A0P7UK88	A0A6P6PW25
A0A0P7UK88	A0A6P7ILV2
A0A0P7UK88	A0A8C2JWG9
A0A0P7UK88	A0A8C4ZMQ1
A0A0P7UK88	A0A8C9TKS8
A0A0P7UK88	A0A8C9VIT0
A0A0P7UK88	A0A8D8CPD5
A0A0P7UK88	A0A8T2LIS1
A0A0P7UK88	A0AAD7RRA9
A0A0P7UK88	A0AAE0V824
A0A0P7UK88	A0AAV6H8D4
A0A0P7UK88	A0AAW1E1L7
A0A0P7UK88	B2ZA48
A0A0P7UK88	A0A6J2Q2K1
A0A0P7UK88	A0A8C6TAL9
A0A0P7UK88	A0A8D3BMX1
A0A0P7UK88	A0A673AIU1
A0A0P7UK88	A0A7N9ATY6
A0A0P7UK88	A0A6P7IWF4
A0A0P7UK88	A0AA88TRN9
A0A0P7UK88	A0A498NRA9
A0A0P7UK88	A0AAV6H6V5
A0A0P7UK88	A0AAY4B7F9
A0A0P7UK88	A0A4W5Q0Y1
A0A0P7UK88	A0A674CU82
A0A0P7UK88	A0A1S3MF41
A0A0P7UK88	A0A4W5JVM1
A0A0P7UK88	A0A8U1BZ22
A0A0P7UK88	A0A670ZIE5
A0A0P7UK88	A0A8C5T039
A0A0P7UK88	A0AAW1AR19
A0A0P7UK88	A0A6J1VL78
A0A0P7UK88	A0A8D2KWU9
A0A0P7UK88	A0A3N0YJM1
A0A0P7UK88	A0A3B4AW50
A0A0P7UK88	A0A8C1LTN7
A0A0P7UK88	A0A8C1VN20
A0A0P7UK88	A0A3B4AUY7
A0A0P7UK88	A0A3B4AXB6
A0A0P7UK88	A0A4W5Q0P6
A0A0P7UK88	A0AAW2AAU4
A0A0P7UK88	A0A5C6MP23
A0A0P7UK88	A0A671LCF2
A0A0P7UK88	A0A672NJI1
A0A0P7UK88	A0AAW0NFF9
A0A0P7UK88	A0A6J2W9I3
A0A0P7UK88	A0A6J2W9Y1
A0A0P7UK88	A0A9W2XX11
A0A0P7UK88	A0AAY4B716
A0A0P7UK88	A0AAY4BA82
A0A0P7UK88	A0A8C7MJ66
A0A0P7UK88	A0A9Q1G0N6
A0A0P7UK88	A0AA88N6M6
A0A0P7UK88	A0AAV1HMG1
A0A0P7UK88	A0AAY4B7K5
A0A0P7UK88	A0A8J7NS41
A0A0P7UK88	A0A8T3D8X2
A0A0P7UK88	A0A6J2W9Q0
A0A0P7UK88	A0A6J2W6K6
A0A0P7UK88	A0A665SWL2
A0A0P7UK88	A0A665T7E8
A0A0P7UK88	A0A665T4V3
A0A0P7UK88	A0A665T7I2
A0A0P7UK88	A0A667XIQ3
A0A0P7UK88	A0A673AKJ7
A0A0P7UTR6	A0A0P7UTR6
A0A0P7UTR6	A0A834CKE2
A0A0P7YGA5	A0A0P7YGA5
A0A0Q9WEL6	A0A0Q9WEL6
A0A0Q9WPA3	A0A0Q9WPA3
A0A0R1DUP7	A0A0R1DUP7
A0A0R1E0C8	A0A0R1E0C8
A0A0R1E0C8	Q8IRE0
A0A0R1E0C8	A0A6P8K8F7
A0A0R1E0C8	A0A0J9RNH2
A0A0R1E0C8	A0A6P4E9V9
A0A0R1E0C8	A0A6P4J2S0
A0A0R1E0C8	A0A9P9YM80
A0A0R1E0C8	A0AB40A462
A0A0R1E0C8	A0A0Q5UHX3
A0A0R1E0C8	A0ABM5H231
A0A0R1E0C8	B3M5U1
A0A0R1E0C8	B4HTN3
A0A0R1E0C8	B4GRP2
A0A0R1E0C8	B4N3Q2
A0A0R1E0C8	B5DPE9
A0A0R1E0C8	A0A3B0JYN6
A0A0R1E0C8	A0AAU9FLJ3
A0A0R1E687	A0A0R1E687
A0A131Y3Y4	A0A131Y3Y4
A0A131Z488	A0A131Z488
A0A132AKH2	A0A132AKH2
A0A132AKH2	A0A834VG92
A0A151NDS0	A0A151NDS0
A0A151PD76	A0A151PD76
A0A151PD76	A0A2I0TEI8
A0A151PD76	A0A091N568
A0A151PD76	A0A1U7RS12
A0A151PD76	A0A8T1TDQ4
A0A151PD76	A0A9D3XFE0
A0A151PD76	A0A8B9NZH7
A0A151PD76	K7FDM4
A0A151PD76	A0A8C3I0S9
A0A151PD76	A0A674J7D2
A0A151PD76	A0A7M4FT08
A0A151PD76	A0A8C8SS81
A0A151PD76	A0A8C8VQ13
A0A158NDD6	A0A158NDD6
A0A177XYW0	A0A177XYW0
A0ABD0TNK2	A0ABD0TNK2
A0ABD0XR63	A0ABD0XR63
A0ABD0XR63	A0ABD0YAT1
A0ABD1CJ57	A0ABD1CJ57
A0ABD1CJ57	A0A023EMN4
A0ABD1CJ57	A0A1W7R7W0
A0ABD1CJ57	Q8T639
A0ABD1D275	A0ABD1D275
A0ABD1DN25	A0ABD1DN25
A0ABD1DN25	B0WSG3
A0ABD1EV48	A0ABD1EV48
A0ABD2MWP8	A0ABD2MWP8
A0ABD2VT24	A0ABD2VT24
A0ABD2VWW3	A0ABD2VWW3
A0ABD2W6E8	A0ABD2W6E8
A0ABD2WFT2	A0ABD2WFT2
A0ABD2WS49	A0ABD2WS49
A0ABD2WS49	A0ABD2WSL6
A0ABD2WUZ2	A0ABD2WUZ2
A0ABD2WVL7	A0ABD2WVL7
A0ABM1XXN4	A0ABM1XXN4
A0ABM1XXN4	A0A1S4FZY7
A0ABM1YKK5	A0ABM1YKK5
A0ABM1YKK5	P29787
A0ABM1YKK5	Q16TM1
A0ABM1YKK5	A0A6I8TNZ3
A0ABM1YKK5	C8CGF6
A0ABM1YKK5	Q16TM0
A0ABM1YY52	A0ABM1YY52
A0ABM1YY52	A0A1W7R7D4
A0ABM1YY52	A0A023EMH6
A0ABM2FAN0	A0ABM2FAN0
A0ABM3VPR3	A0ABM3VPR3
A0ABM4GKC8	A0ABM4GKC8
A0ABP0A4T6	A0ABP0A4T6
A0ABS5YL15	A0ABS5YL15
A0ABS5YL15	A0ABT0XRE2
A0ABS5YL15	A0ABT4BIV3
A7RMG1	A7RMG1
B0LM23	B0LM23
B0WE93	B0WE93
A0A182IMH4	A0A182IMH4
A0A182IMH4	A0A182TI71
A0A182IMH4	A0A182VL28
A0A182IMH4	Q7PW17
A0A182IMH4	A0A182PPS1
A0A182IMH4	A0A182R9M5
A0A182IMH4	A0A182QML4
A0A182IMH4	A0A8W7P7J3
A0A182JEB3	A0A182JEB3
A0A182JEB3	A0AAG5D7P5
A0A182JEB3	A0A084VYK4
A0A182MUC6	A0A182MUC6
A0A182MUC6	A0A182PSP3
A0A182MUC6	A0A182VYS8
A0A182MUC6	A0A182XHM7
A0A182MUC6	A0A182URJ4
A0A182MUC6	Q7QCX2
A0A182MUC6	A0A182TXC8
A0A182MW57	A0A182MW57
A0A182N1Q8	A0A182N1Q8
A0A182NCR5	A0A182NCR5
A0A182NWC6	A0A182NWC6
A0A182PPT2	A0A182PPT2
A0A182Q1Z6	A0A182Q1Z6
A0A182Q608	A0A182Q608
A0A182QDV6	A0A182QDV6
A0A182QM58	A0A182QM58
A0A182QUU6	A0A182QUU6
A0A182RVP2	A0A182RVP2
A0A182S9Y0	A0A182S9Y0
A0A182TE18	A0A182TE18
A0A182TE18	A0A182QP48
A0A182TE18	A0A4Y0BQN6
A0A182TE18	A0A182WQU6
A0A182TE18	A0A182VD50
A0A182TE18	A0A453Z3U4
A0A182TE18	A7UVF5
A0A182TNI7	A0A182TNI7
A0A182TNI7	A0A182VNV6
A0A182TNI7	A0A2C9GVA7
A0A182TNI7	A0A8W7PG38
A0A182TNI7	A0A2C9H8V8
A0A182TNI7	A0A240PNF6
A0A182V4G1	A0A182V4G1
A0A182VAY6	A0A182VAY6
A0A182VAY6	Q7Q6S0
A0A182VAY6	A0A2C9GVA3
A0A182VAY6	A0A182TL22
A0A182VAY6	A0A240PP98
A0A182VL55	A0A182VL55
A0A182VL55	A0A182T9N7
A0A182VL55	A0A182U5S6
A0A182VL55	A0AAG5DSC7
A0A182VL55	A0A453Z3W8
A0A182XUS6	A0A182XUS6
A0A182XUS6	A0A182TE91
A0A182XUS6	Q7PGU1
A0A182XUS6	A0A3F2Z0A1
A0A182YT66	A0A182YT66
A0A194PGK4	A0A194PGK4
A0A194PGK4	A0AAJ7EDH1
A0A1A9ULN4	A0A1A9ULN4
A0A1A9UZQ7	A0A1A9UZQ7
A0A1A9VYZ8	A0A1A9VYZ8
A0A1A9WG48	A0A1A9WG48
A0A1A9WP17	A0A1A9WP17
A0A1A9X132	A0A1A9X132
A0A1A9X132	A0A1A9VLS8
A0A1B0AI26	A0A1B0AI26
A0A1B0AI26	A0A8U0W3F8
A0A1B0AI26	D3TME8
A0A1B0AI26	A0A1A9VYR4
A0A1B0AI26	A0A1B0BPW0
A0A1B0AI26	A0A1A9WSE0
A0A1B0AI26	A0A9C6DNR9
A0A1B0AI26	D3TKS0
A0A1B0AI26	A0A9C6DXL6
A0A1B0BAE8	A0A1B0BAE8
A0A1B0FLY5	A0A1B0FLY5
A0A1B0FLY5	Q4TTV7
A0A1B0FLY5	Q8MUG0
A0A1B0FLY5	B2LWE4
A0A1B0FLY5	A0A1A9WKM3
A0A1B0FLY5	A0A1B0AP40
A0A1B0FLY5	A0A1B0FD28
A0A1B0FLY5	Q9NBD0
A0A1B0FLY5	A0A8U0W9D7
A0A1B0FLY5	A0A8U0WCU4
A0A1B0FLY5	A0A9C5YRR2
A0A1B0GJS6	A0A1B0GJS6
A0A1B0GJS6	A0A1B0D3I6
A0A1B6FSL4	A0A1B6FSL4
A0A1B6MEI5	A0A1B6MEI5
A0A1B6MQB4	A0A1B6MQB4
A0A1D1UI06	A0A1D1UI06
A0A1E1W396	A0A1E1W396
A0A1I8M5R0	A0A1I8M5R0
A0A1I8M5R0	A0A1I8ND40
A0A1I8M5R0	A0A1I8NX67
A0A1I8M5R0	A0A1I8QEK0
A0A1I8M5R0	A0A1I8NTV7
A0A1I8MI67	A0A1I8MI67
A0A1I8MUS5	A0A1I8MUS5
A0A3B4B4P4	A0A3B4B4P4
A0A3B4B4P4	A0A3B4B470
A0A3B4B4P4	A0A3B4B7L2
A0A3B4B4P4	A0A3B4B6F9
A0A3B4B4P4	A0A3B4B7K7
A0A3B4B4P4	A0AAV2LZ86
A0A3B4B4P4	A0A3B4B4I1
A0A3B4B4P4	A0AAW0MDI7
A0A3B4C5X9	A0A3B4C5X9
A0A3B4C5X9	A0A3B4C925
A0A3B4EC24	A0A3B4EC24
A0A3B4EJ98	A0A3B4EJ98
A0A3B4EJ98	A0A3B4D4L4
A0A3B4H703	A0A3B4H703
A0A3B4XCG4	A0A3B4XCG4
A0A3B4XCG4	A0A3B4THG4
A0A3B4XCG4	A0A3B4TI40
A0A3B4XCG4	A0A3B4XPJ6
A0A3B4XCG4	A0A665T4D9
A0A3B5LS97	A0A3B5LS97
A0A3B5LS97	A0A3B5LJL7
A0A3B5LS97	A0A3B5LMS4
A0A3B5LS97	A0A3B5LJK9
A0A3B5LS97	A0A3B5LXB1
A0A3B5LS97	A0A3Q2R022
A0A3E0WJF4	A0A3E0WJF4
A0A3F2RED9	A0A3F2RED9
A0A3F2S0A0	A0A3F2S0A0
A0A3M0JUP4	A0A3M0JUP4
A0A3M0JUP4	A0A6J2H7U7
A0A3M0JUP4	A0A7L0TUL8
A0A3M0JUP4	A0A7L1PA83
A0A3M0JUP4	A0A091U334
A0A3M0JUP4	A0A7L3NUW0
A0A3M0JUP4	A0A851FK42
A0A3M0JUP4	A0A8C3P2M4
A0A3M0JUP4	A0A7K6FE61
A0A3M0JUP4	A0A7L0GJ83
A0A3M0JUP4	A0A7K8X5B5
A0A3M0JUP4	A0A851DRD7
A0A3M0JUP4	A0A974BFS8
A0A3M0JUP4	A0A7K5ZST6
A0A3M0JUP4	A0A7L0KMR3
A0A3M0JUP4	A0A852BN57
A0A3M0JUP4	A0A851YKB9
A0A3M0JUP4	A0A094K4C3
A0A3M0JUP4	A0A674J3H4
A0A3M0JUP4	A0A7K4TB52
A0A3M0JUP4	A0A8C3P9H3
A0A3M0JUP4	A0A7K9D125
A0A3M6TBI6	A0A3M6TBI6
A0A3N0Y4P2	A0A3N0Y4P2
A0A3N0Z619	A0A3N0Z619
A0A3N1GDH8	A0A3N1GDH8
A0A3P6UUJ2	A0A3P6UUJ2
A0A3P6UUJ2	A0A3P7FCC0
A0A3P6UUJ2	A0A0J9XNF5
A0A3P6UUJ2	A0A915Q363
A0A3P8QS72	A0A3P8QS72
A0A3P8QS72	A0A3Q4GXF1
A0A3P8QS72	A0A3Q4H6A6
A0A3P8QS72	A0A3Q4GSA0
A0A3P8QSV6	A0A3P8QSV6
A0A3P8UGL4	A0A3P8UGL4
A0A3P8UGL4	A0A3P8UHJ2
A0A3P8UGL4	A0A3P8UD15
A0A3P8UGL4	A0A3Q1CSD0
A0A3P8UGL4	A0A8C5AW82
A0A3P8UGL4	A0A8C4ZK45
A0A3P8UGL4	A0A8C5BXR3
A0A3P8UGL4	A0A3B5B3H1
A0A3P8UGL4	A0A3B5M957
A0A3P8UGL4	A0A3P8UGK0
A0A3P8UGL4	A0A3S2PDP1
A0A3P8UGL4	A0A3P9LZM9
A0A3P8UGL4	H2MMT1
A0A3P8UGL4	A0A3P9H417
A0A3P8UGL4	A0AA88NAP2
A0A3P8UGL4	A0A3B3CH70
A0A3P8UGL4	A0A3Q2P2Z7
A0A3P8UGL4	A0A8C6NNJ6
A0A3P8UGL4	A0A8C7YQG3
A0A3P8UGL4	A0A3P9KG35
A0A3P8UGL4	A0A4W6ED75
A0A3P8UGL4	A0A6P7IQ83
A0A3P8UGL4	A0A3P8UBD3
A0A3P8UGL4	A0A3P8UBE4
A0A3P8UGL4	A0A3Q2DYG3
A0A3P8UGL4	A0AAW1E0K8
A0A3P8UGL4	A0A3P8UGK9
A0A3P8UGL4	A0A671TJJ7
A0A3P8UGL4	G3PBK6
A0A3P8UGL4	A0A671TIC6
A0A3P8UGL4	A0A6P8UMV8
A0A3P8UGL4	A0A8C5E9Z8
A0A3P8UGL4	A0A8S4C3N1
A0A3P8UGL4	A0ABD2GZ76
A0A3P8UGL4	A0ABD2H0H2
A0A3P8UGL4	A0AAD9FED8
A0A3P8UGL4	A0AAD9FE51
A0A3P8UGL4	A0AAN7XNQ6
A0A3P8UGL4	A0AAN8DM13
A0A3P8UGL4	A0AAJ8B868
A0A3P8UGL4	A0A3Q3KYD3
A0A3P8UGL4	A0A8C4DUP0
A0A3P8UGL4	A0A3B4YFE5
A0A3P8UGL4	A0A499QJQ5
A0A3P8UGL4	A0A6P7N5F5
A0A3P8UGL4	A0AAD3MAH1
A0A3P8UGL4	A0A667WXK2
A0A3P8UGL4	A0A8C2WMM3
A0A3P8UGL4	A0A8P4G5S8
A0A3P8UGL4	A0AAJ7V8A2
A0A3P8UGL4	A0A4W6FMX9
A0A3P8UGL4	A0A665UU70
A0A3P8UGL4	A0A8D3BFU6
A0A3P8UGL4	A0A2U9C3B6
A0A3P8ULJ0	A0A3P8ULJ0
A0A3P9PJK3	A0A3P9PJK3
A0A3P9PJK3	A0A1S3N615
A0A3P9PJK3	A0A2D0S6D5
A0A3P9PJK3	A0A3B4D008
A0A3P9PJK3	A0A3B4U5R3
A0A3P9PJK3	A0A3Q3L194
A0A3P9PJK3	A0A3Q4AZ51
A0A3P9PJK3	A0A484D8H2
A0A3P9PJK3	A0A4U5V493
A0A3P9PJK3	A0A4W5MBZ0
A0A3P9PJK3	A0A4W5MBZ7
A0A3P9PJK3	A0A5J5DEH9
A0A3P9PJK3	A0A671WIX1
A0A3P9PJK3	A0A6A5FEH4
A0A3P9PJK3	A0A8B9LID9
A0A3P9PJK3	A0A8C4ZLG5
A0A3P9PJK3	A0A8C7LT21
A0A3P9PJK3	A0A8C7RYY9
A0A3P9PJK3	A0A8D0D8W4
A0A3P9PJK3	A0A8T2LX16
A0A3P9PJK3	A0A8U0QZA4
A0A3P9PJK3	A0A9D2YWR1
A0A3P9PJK3	A0AA88MUX4
A0A3P9PJK3	A0AAN8HMG6
A0A3P9PJK3	A0AAV9SFA3
A0A3P9PJK3	F2XFT7
A0A3P9PJK3	A0A3B4W9A8
A0A3P9PJK3	A0A3P8SDM3
A0A3P9PJK3	A0A3P8YXD8
A0A3P9PJK3	A0A3Q0SH31
A0A3P9PJK3	A0A3Q1IAK3
A0A3P9PJK3	A0A4W4F639
A0A3P9PJK3	A0A4W5MC08
A0A3P9PJK3	A0A5C6MMM0
A0A3P9PJK3	A0A665WH23
A0A3P9PJK3	A0A667ZTY3
A0A3P9PJK3	A0A674B8G9
A0A3P9PJK3	A0A6G1PPI8
A0A3P9PJK3	A0A6P7K3A5
A0A3P9PJK3	A0A6P7KRZ2
A0A3P9PJK3	A0A8B9LMG3
A0A3P9PJK3	A0A8C4XGM9
A0A3P9PJK3	A0A8C6KLB7
A0A3P9PJK3	A0A8C7CLD1
A0A3P9PJK3	A0A8C7M7I6
A0A3P9PJK3	A0AAN8BYN4
A0A3P9PJK3	A0AAQ5YXT9
A0A3P9PJK3	A0AAQ6IFN8
A0A3P9PJK3	C1BKZ0
A0A3P9PJK3	A0A0P7UVG8
A0A3P9PJK3	A0A1A8VEW1
A0A3P9PJK3	A0A3B5LEQ9
A0A3P9PJK3	A0A3P8WB89
A0A3P9PJK3	A0A3P8YYE9
A0A3P9PJK3	A0A3Q3JX50
A0A3P9PJK3	A0A4U5V415
A0A3P9PJK3	A0A4W6BPU5
A0A3P9PJK3	A0A674D739
A0A3P9PJK3	A0A8C5D7Q0
A0A3P9PJK3	A0A8C6TD58
A0A3P9PJK3	A0A8C7CNJ5
A0A3P9PJK3	A0A8C7EZH2
A0A3P9PJK3	A0A8C7VYK2
A0A3P9PJK3	A0A8C8EYD3
A0A3P9PJK3	A0A8C8EYT7
A0A3P9PJK3	A0A8U0QWM8
A0A3P9PJK3	A0A9N7VKS0
A0A3P9PJK3	A0A9Q1E143
A0A3P9PJK3	A0A9Q1G8P0
A0A3P9PJK3	A0AA88NEP7
A0A3P9PJK3	A0AAD6A9P1
A0A3P9PJK3	A0AAN8MBB2
A0A3P9PJK3	A0AAV1FNG3
A0A3P9PJK3	A0AAW0MXQ6
A0A3P9PJK3	A0ABD0XM46
A0A3P9PJK3	A0ABD2H2Y5
A0A3P9PJK3	F2XFT9
A0A3P9PJK3	F2XFW4
A0A3P9PJK3	G3NGH2
A0A3P9PJK3	G3NGH9
A0A3P9PJK3	Q9W7Q5
A0A3P9PJK3	A0A1S3RXV1
A0A3P9PJK3	A0A315VB31
A0A3P9PJK3	A0A3B3X2G6
A0A3P9PJK3	A0A3B3ZMK9
A0A3P9PJK3	A0A3Q0SL60
A0A3P9PJK3	A0A3Q1F7G6
A0A3P9PJK3	A0A3Q2P266
A0A3P9PJK3	A0A484D8G0
A0A3P9PJK3	A0A5N5Q4L6
A0A3P9PJK3	A0A6A5F1C4
A0A3P9PJK3	A0A7J6B0W5
A0A3P9PJK3	A0A7N8WIP8
A0A3P9PJK3	A0A8B9RLX9
A0A3P9PJK3	A0A8C2YZB4
A0A3P9PJK3	A0A8C6KK59
A0A3P9PJK3	A0A8D0DBL4
A0A3P9PJK3	A0A9D3SSU8
A0A3P9PJK3	A0A9D3TBI7
A0A3P9PJK3	A0AAD3N3C9
A0A3P9PJK3	A0AAD7RR50
A0A3P9PJK3	A0AAQ4QB07
A0A3P9PJK3	A0AAQ5YMW3
A0A3P9PJK3	A0AAW1DVG2
A0A3P9PJK3	A0AAY4AKY1
A0A3P9PJK3	A0AB40E7B8
A0A3P9PJK3	A7VMR8
A0A3P9PJK3	F8U087
A0A3P9PJK3	Q66PG9
A0A3P9PJK3	A0A087XBJ2
A0A3P9PJK3	A0A096LR81
A0A3P9PJK3	A0A2I4BYC2
A0A3P9PJK3	A0A2U9AXA6
A0A3P9PJK3	A0A3B3QTF0
A0A3P9PJK3	A0A3B4Z0E9
A0A3P9PJK3	A0A3B5QTT5
A0A3P9PJK3	A0A3Q3AXU7
A0A3P9PJK3	A0A4W5PQ78
A0A3P9PJK3	A0A4Z2JG32
A0A3P9PJK3	A0A673CP97
A0A3P9PJK3	A0A6G0ICF9
A0A3P9PJK3	A0A6J2RB53
A0A3P9PJK3	A0A7H0M6U3
A0A3P9PJK3	A0A8C5BCW1
A0A3P9PJK3	A0A8C9S6Z2
A0A3P9PJK3	A0A8D0A189
A0A3P9PJK3	A0A9Q1JC52
A0A3P9PJK3	A0AAD9FCI9
A0A3P9PJK3	A0AAN7XJI2
A0A3P9PJK3	A0AAV1QFG6
A0A3P9PJK3	A0A3P9PJC4
A0A3P9PJK3	A0A674B8F2
A0A3P9PJK3	A0A6J2R7C2
A0A3P9PJK3	A0A8B9LIN1
A0A3P9PJK3	A0A8B9LIY8
A0A3P9PJK3	A0A8B9RLW1
A0A3P9PJK3	A0A8B9LIF7
A0A3P9PJK3	A0A3B3TZG8
A0A3P9PJK3	A0A3Q0SDI6
A0A3P9PJK3	A0A3Q0SD17
A0A3P9PJK3	A0ABD1JB03
A0A3P9PJK3	A0A3Q3E596
A0A3P9PJK3	A0A3Q3WMT7
A0A3P9PJK3	A0A8B9LME4
A0A3P9PJK3	A0A8T3CRC1
A0A3P9PJK3	A0A8X7XP86
A0A3P9PJK3	A0AAE0REE5
A0A3P9PJK3	A0A3Q3CVR6
A0A3P9PJK3	A0A3Q4HIP5
A0A3P9PJK3	A0A668T1S1
A0A3P9PJK3	A0A669FAH6
A0A3P9PJK3	A0A669BHF5
A0A3P9PJK3	A0A669E2N8
A0A3P9PJK3	A0A3P9B3L2
A0A3P9PJK3	A0A669C3R3
A0A3P9PJK3	A0AAX7W616
A0A3P9PJK3	A0A444UTR5
A0A3P9PJK3	A0AAD8CPJ9
A0A3Q0RYX4	A0A3Q0RYX4
A0A3Q1F7B9	A0A3Q1F7B9
A0A3Q1F7B9	A0A3Q1CTT3
A0A3Q1F7B9	A0A3P8TIB8
P08246	P08246
P08246	A0A2K5NGM7
P08246	H0XNC1
P08246	A0A0D9RJU0
P08246	A0A2K6LQH3
P08246	F6YCH7
P08246	A0A2K5XUQ1
P08246	A0A2J8RA53
P08246	H2QES3
P08246	A0A2K6B299
P08246	A0A2K5ITD4
P08246	A0A6P3FAD0
P08246	G3QER9
P35030	P35030
P35030	Q8NHM4
P35030	Q792Y9
P35030	Q8N2U3
P35030	Q6IE66
P35030	A0A8I6APH4
P35030	A6IF26
P35030	A0A0D9R5H0
P35030	A0A2I3MIP1
P35030	A0A2K6BG87
P35030	A0A2R9BIM0
P35030	A0A6J2MLR7
P35030	G1NSS0
P35030	H0Y212
P35030	A0A2K5UB40
P35030	A0A2R9B2T9
P35030	A0A8D2GIW6
P35030	A0A8I5YKM4
P35030	A0AA40HPQ6
P35030	G1PSB0
P35030	I3NCW3
P35030	Q5H731
P35030	S7MN18
P35030	A0A2I2Z0Q5
P35030	A0A2I3RLD2
P35030	A0A2I3S8X3
P35030	A0A2K5NHK4
P35030	A0A2R9B2U3
P35030	A0A2Y9HAB9
P35030	A0A673SYX1
P35030	A0A8C5Z8C8
P35030	A0A8C5ZAF6
P35030	A0A8D2H7W0
P35030	G3SJ88
P35030	A0A2I3RYX8
P35030	A0A2K6AJG5
P35030	A0A3L7IJT1
P35030	A0A8C6BFD9
P35030	A0A8C9I4Q6
P35030	A0A8I5U793
P35030	A0A0D9R5C7
P35030	A0A0D9S0J6
P35030	A0A2K6JYS7
P35030	A0A8D2GAM7
P35030	A0A2I3LCD1
P35030	A0A2I3MHQ4
P35030	A0A2K5Z6F2
P35030	A0A2R9A0W7
P35030	A0A8C5Z5M6
P35030	A0A0D9R5K8
P35030	A0A2K6CRY2
P35030	A0A2K6CS34
P35030	A0A8C9I8E9
P35030	H2PRX3
P35030	A0A8I5TB60
P35030	A0A8I5T6D6
P35030	A0A2I3GT70
P35030	A0A2K5IWB2
P35030	A0A2K5IWC2
P35030	A0A8C5Z4W0
P35030	F7BIT1
P35030	A0A6J3RVP0
P35030	A0A8C5Z4H6
P35030	A0A8C5Z5T3
P35030	A0A2K6RUV7
P35030	A0A8C5Z5L4
P35030	A0A8D2GI96
P35030	A0A8I5U1X4
P35030	A0A2R9A416
P35030	A0A2K5UYU2
P35030	A0A2K6LZV5
P35030	A0A2K5UB61
P35030	A0A8C9IE42
Q9UBX7	Q9UBX7
Q9UBX7	A0A8D2AAW3
Q9UBX7	A0A287AZX1
Q9UBX7	A0A8D0N1H8
Q9UBX7	I3MBK8
Q9UBX7	A0A6P3FDT1
Q9UBX7	A0A6P3FQD6
Q9UBX7	F7EWW6
P20718	P20718
Q9Y6M0	Q9Y6M0
Q9JM71	Q9JM71
Q9JM71	Q61754
Q9JM71	P15945
Q9JM71	P00757
Q9JM71	P36368
Q9JM71	P36369
Q9JM71	P00755
Q9JM71	P15947
Q9JM71	P04071
Q9JM71	Q61759
Q9JM71	P15946
Q9JM71	P07628
Q9JM71	P15948
Q9JM71	P32824
P08882	P08882
P08882	A0AAU9ZPW8
P11032	P11032
P11032	A0A6P5QNS0
Q924N9	Q924N9
Q99MS4	Q99MS4
Q99MS4	D4AEK6
Q9VP95	Q9VP95
Q9VP95	B3NIT7
Q9VP95	B4PEN0
Q9VP95	B4IUI9
A0A8C3YNC3	A0A8C3YNC3
A0A8C3YNC3	A0A452F322
A0A8C3YNC3	E1BAD2
A0A8C3YNC3	A0A452DVX7
A0AA88MWV0	A0AA88MWV0
H9H0B2	H9H0B2
H9H0B2	A0A669PZJ2
H9H0B2	A0A8C0AMX8
H9H0B2	A0A6P8R1I1
H9H0B2	M3XHU5
A0A1U7UDJ7	A0A1U7UDJ7
A0A1U7UDJ7	O60259
A0A1U7UDJ7	Q61955
A0A1U7UDJ7	O88780
A0A1U7UDJ7	G3V8E9
A0A1U7UDJ7	A0A2K5M169
A0A1U7UDJ7	A0A2K5Y0Q0
A0A1U7UDJ7	A0A2K6RDI7
A0A1U7UDJ7	A0A2K6UDA9
A0A1U7UDJ7	A0A5E4BW90
A0A1U7UDJ7	A0A6P3FSY9
A0A1U7UDJ7	A0A8C9PRR9
A0A1U7UDJ7	A0A8D2E0Z8
A0A1U7UDJ7	G3I4R6
A0A1U7UDJ7	A0A2K6BIK5
A0A1U7UDJ7	A0A2K6LDK7
A0A1U7UDJ7	A0A8D2HX93
A0A1U7UDJ7	A0A5F9C2A6
A0A1U7UDJ7	A0A8C2UM96
A0A1U7UDJ7	G3QGF0
A0A1U7UDJ7	A0A0D9S547
A0A1U7UDJ7	A0A1U7RDF1
A0A1U7UDJ7	A0A2J8U942
A0A1U7UDJ7	A0A2K5IND5
A0A1U7UDJ7	A0A2K5R3V9
A0A1U7UDJ7	A0A6J3GSU3
A0A1U7UDJ7	A0A6P5Q0T1
A0A1U7UDJ7	A0A8C9HF77
A0A1U7UDJ7	A0AAV0AB75
A0A1U7UDJ7	U3EGY7
A0A1U7UDJ7	A0A2K5F7J2
A0A1U7UDJ7	A0A6J0DWV9
A0A1U7UDJ7	A0AAX6RX53
A0A1U7UDJ7	A0A6J3GS28
A0A1U7UDJ7	A0A8C0W1U7
A0A1U7UDJ7	A0A8C6QSR7
A0A1U7UDJ7	A0A1R3UD89
A0A1U7UDJ7	A0A0A0MX49
A0A1U7UDJ7	A0A2H4GDC2
A0A1U7UDJ7	A0A2K6UDB8
A0A1U7UDJ7	A0A8C9LNJ2
A0A1U7UDJ7	A0A8D2DUF7
A0A1U7UDJ7	A0A2K5Y0R5
A0A1U7UDJ7	A0A2K6RDE2
A0A1U7UDJ7	F7IDB5
A0A1U7UDJ7	A0A2I3H004
A0A1U7UDJ7	A0A2K5IN86
A0A1U7UDJ7	A0A2K5R3U4
A0A1U7UDJ7	A0A2K6BIL5
A0A1U7UDJ7	A0A2K6LDK6
A0A1U7UDJ7	F6QBV6
A0A1U7UDJ7	A0A2K5F7N4
A0A1U7UDJ7	A0A2R9BNB6
A0A1U7UDJ7	G1R1F6
A0A1U7UDJ7	H2NZU6
A0A1U7UDJ7	A0A2K5M158
A0A1U7UDJ7	A0A2I2ZIN6
A0A1U7UDJ7	A0A2J8Q6K0
A0A1U7UDJ7	A0A2K5UDG2
A0A1U7UDJ7	A0A4W2ED83
A0A1U7UDJ7	E1BKC5
A0A1U7UDJ7	L8IE43
A0A1U7UDJ7	A0A6P3I813
A0A1U7UDJ7	A0A8C6DHT7
A0A1U7UDJ7	A0A6B0S105
A0A1U7UDJ7	A0A5N3VLJ9
A0A1U7UDJ7	A0A5J5MX18
A0A1U7UDJ7	A0A6J0X8I2
A0A1U7UDJ7	F6UZC9
A0A1U7UDJ7	A0A452EN31
A0A1U7UDJ7	A0A8C2PMH2
A0A1U7UDJ7	A0A8B8TNA5
A0A1U7UDJ7	A0A8B8TNA9
A0A1U7UDJ7	A0A1S3A949
A0A1U7UDJ7	A0A8B7B6H0
A0A1U7UDJ7	A0A6P3RX80
A0A1U7UDJ7	A0A2K6EQN9
A0A1U7UDJ7	A0A4X1VW02
A0A1U7UDJ7	A0A2K6EQP7
A0A1U7UDJ7	A0A6J2F7V4
A0A1U7UDJ7	A0A6J0A957
A0A1U7UDJ7	A0A8C9DQQ7
A0A1U7UDJ7	A0A3Q7MF73
A0A1U7UDJ7	A0A8C5XSN4
A0A1U7UDJ7	A0A8C5XX43
A0A1U7UDJ7	A0A5F9DA51
A0A1U7UDJ7	A0A1R3UCG1
A0A1U7UDJ7	A0A1R3UD99
A0A1U7UDJ7	H0UVG1
A0A1U7UDJ7	A0A1R3UDG3
A0A1U7UDJ7	A0A1S3G2Z0
A0A1U7UDJ7	A0A7E6CNQ2
A0A1U7UDJ7	A0A833YP92
A0A1U7UDJ7	A0AAX6RVL7
A0A1U7UDJ7	A0A9B0TPA7
A0A1U7UDJ7	A0A1R3UFF5
A0A1U7UDJ7	A0A1R3UCN6
A0A3B4HAW5	A0A3B4HAW5
A0A4W5N2M6	A0A4W5N2M6
A0A7L4BG68	A0A7L4BG68
A0A7L4BG68	A0A093GL78
A0A7L4BG68	A0A2I0TUG1
A0A7L4BG68	A0A091HR04
A0A7L4BG68	A0A091LXP7
A0A7L4BG68	A0A093PD23
A0A7R9PKE5	A0A7R9PKE5
A0A7R9PKE5	A0A7R9HJE2
A0A7R9PKE5	A0A7R9FB35
A0A7R9PKE5	A0A7R9JWT0
A0A7R9PKE5	A0A7R9DC87
A0A8C3BIU7	A0A8C3BIU7
A0A8D2GHU8	A0A8D2GHU8
A0A8D2GHU8	Q8J006
A0A8D2GHU8	Q8J008
A0A8D2GHU8	Q6SPC0
A0A8D2GHU8	Q8IXB4
A0A8D2GHU8	Q8J009
A0A8D2GHU8	A0A0S3LTK9
A0A8D2GHU8	Q8J007
A0A8D2GHU8	A0A2J8VLW8
A0A8D2GHU8	A0A2J8M1Q9
G3SVY6	G3SVY6
A0A0L7L3B0	A0A0L7L3B0
A0A8J2QLB4	A0A8J2QLB4
A0A8J2QLB4	A0A8J2QLA2
A0A8J2QLB4	A0A8J2W2K4
A0A8J2QLB4	A0A8J2W2K0
A0A8J2QLB4	A0A8J2W2U0
A0A8J2QLB4	A0A8J2W0A0
A0A8J2QLB4	A0A8J2QKN9
A0A8J2QLB4	A0A8J2QKQ2
A0A8J2QLB4	A0A8J2QS69
A0A8J2R3C1	A0A8J2R3C1
A0A8J2R451	A0A8J2R451
A0A8J2RD17	A0A8J2RD17
A0A8J5MY13	A0A8J5MY13
A0A8J7T8B4	A0A8J7T8B4
A0A8J7T8B4	W5MA73
A0A8J7T8B4	A0A5A9N0R6
A0A8J9V420	A0A8J9V420
A0A8J9VJJ4	A0A8J9VJJ4
A0A8J9YFL6	A0A8J9YFL6
A0A8K0C6M4	A0A8K0C6M4
A0A8K0C9F5	A0A8K0C9F5
A0A8K0C9F5	A0A8K0C822
A0A8K0C9F5	A0A8K0C8S2
A0A8K0CCE8	A0A8K0CCE8
A0A8K0CG10	A0A8K0CG10
A0A8K0D7R6	A0A8K0D7R6
A0A8K0DEL0	A0A8K0DEL0
A0A8K0DI14	A0A8K0DI14
A0A8K0DIN0	A0A8K0DIN0
A0A8K0G130	A0A8K0G130
A0A8K0G5H7	A0A8K0G5H7
A0A8K0G8Q6	A0A8K0G8Q6
A0A8K0GMP3	A0A8K0GMP3
A0A8K0JT88	A0A8K0JT88
A0A8K0JUS5	A0A8K0JUS5
A0A8K0KKP4	A0A8K0KKP4
A0A8P0TBS2	A0A8P0TBS2
A0A8P0TBS2	Q3T0A3
A0A8P0TBS2	P51779
A0A8P0TBS2	A0A452F6V7
A0A8P0TBS2	A0A2U3VKQ2
A0A8P0TBS2	I3MZR5
A0A8P0TBS2	A0A3Q7N9X9
A0A8P0TBS2	A0A5N3WN38
A0A8P0TBS2	A0A5N4CJY1
A0A8P0TBS2	A0A667GJ46
A0A8P0TBS2	A0A6J0X7Z0
A0A8P0TBS2	A0A7J8BPL4
A0A8P0TBS2	A0A811ZB11
A0A8P0TBS2	A0A8B7AYX4
A0A8P0TBS2	A0A8C3VXE3
A0A8P0TBS2	A0A8I3NTV7
A0A8P0TBS2	A0AB34GDX4
A0A8P0TBS2	A0ABM3PX39
A0A8P0TBS2	A0A452QMJ5
A0A8P0TBS2	A0A8B7SJG3
A0A8P0TBS2	A0A8B9WV13
A0A8P0TBS2	A0AAD4YCC4
A0A8P0TBS2	A0ABD2DBR6
A0A8P0TBS2	A0A485MKH9
A0A8P0TBS2	A0A485MP16
A0A8P0TBS2	A0A671FH17
A0A8P0TBS2	A0A8C0KZD4
A0A8P0TBS2	A0A8D2HW26
A0A8P0TBS2	A0ABM4XJE4
A0A8P0TBS2	A0A2U3YAS2
A0A8P0TBS2	A0A2Y9MGR1
A0A8P0TBS2	A0A6I9I8X8
A0A8P0TBS2	A0A6P3TSE6
A0A8P0TBS2	A0A834QBT8
A0A8P0TBS2	A0A8C5VQT3
A0A8P0TBS2	A0A8C6E6J4
A0A8P0TBS2	A0ABM3T4B1
A0A8P0TBS2	M1EJM8
A0A8P0TBS2	A0A2K6FV79
A0A8P0TBS2	A0A2Y9FWE7
A0A8P0TBS2	A0A2Y9IF68
A0A8P0TBS2	A0A6J2CEH0
A0A8P0TBS2	A0A8C0C3Z4
A0A8P0TBS2	A0ABI8A748
A0A8P0TBS2	A0ABM0SBX8
A0A8P0TBS2	A0ABN8ZBM3
A0A8P0TBS2	A0A340XMJ5
A0A8R1WER4	A0A8R1WER4
A0A8R1WER4	A0AAJ7ELS4
A0A8R1WLD5	A0A8R1WLD5
A0A8R2C812	A0A8R2C812
A0A8R2C812	A0A6J2JJW9
A0A8R2C8B0	A0A8R2C8B0
A0A8S0YUU6	A0A8S0YUU6
A0A8S1AEX0	A0A8S1AEX0
A0A8S1AHW1	A0A8S1AHW1
A0A8S1AW41	A0A8S1AW41
A0A8S1AW41	A0A8S0ZQL0
A0A8S1B8M3	A0A8S1B8M3
A0A8S1B8M3	A0A8S1BIS5
A0A8S1B8M3	A0A8S1BCT7
A0A8S1C905	A0A8S1C905
A0A8S1D6G2	A0A8S1D6G2
A0A8S1D6Y8	A0A8S1D6Y8
A0A8S1DBH8	A0A8S1DBH8
A0A8S1DBH8	A0A8S1DPS5
A0A8S1DDE1	A0A8S1DDE1
A0A8S1DFI0	A0A8S1DFI0
A0A8S1DJH9	A0A8S1DJH9
A0A8S1J8D2	A0A8S1J8D2
A0A8S4AEJ3	A0A8S4AEJ3
A0A8S4DJZ9	A0A8S4DJZ9
A0A8S4FKZ2	A0A8S4FKZ2
A0A8S4FKZ2	A0A8S4DL09
A0A8S4FPU2	A0A8S4FPU2
A0A8S4RML6	A0A8S4RML6
A0A8S4SL30	A0A8S4SL30
A0A8S4SR46	A0A8S4SR46
A0A8T0XXP6	A0A8T0XXP6
A0A8T0XXP6	A0A8T1A7R6
A0A8T1T5U7	A0A8T1T5U7
A0A8T1T5U7	A0A8C0J6A3
A0A8T1T5U7	A0A8C3IJG1
A0A8T1T5U7	A0A8C3IH60
A0A8T1T5U7	A0A8C8SBD1
A0A8T1T5U7	A0A9D3XB39
A0A8T1T5U7	A0A8C4W161
A0A8T2IED6	A0A8T2IED6
A0A834N8Y2	A0A834N8Y2
A0A834N8Y2	A0A834P1P0
A0A834N8Y2	A0A834N874
A0A834N8Y2	A0AAD9VQY2
A0A834NJQ9	A0A834NJQ9
A0A834NJQ9	A0A834P7S1
A0A834R2L1	A0A834R2L1
A0A834R2L1	A0A132AL78
A0A834Y0M1	A0A834Y0M1
A0A835CU03	A0A835CU03
A0A835GKS7	A0A835GKS7
A0A835L044	A0A835L044
A0A835L044	A0A922SKP9
A0A835L044	A0A835G1T6
A0A835L044	A0A9P0MXY7
A0A835L044	A0A9R0CWE9
A0A839XWW5	A0A839XWW5
A0A852IIQ0	A0A852IIQ0
A0A852IIQ0	A0A852KQ63
A0A852N996	A0A852N996
A0A8B6BPA5	A0A8B6BPA5
A0A8B6BPA5	A0A8B6HC73
A0A8B6D8N3	A0A8B6D8N3
A0A8B6D8N3	A0A8S3UYN1
A0A8B6D8N3	A0A8S3Q0D0
A0A8B6E682	A0A8B6E682
A0A8B7P5M5	A0A8B7P5M5
A0A8B7UIN4	A0A8B7UIN4
A0A8B7UIN4	A0A8C0XBP9
A0A8B7UIN4	A0AAU9YXP0
A0A8B7UIN4	A0A8C5K6P8
A0A8B9BZQ4	A0A8B9BZQ4
A0A8B9ESH5	A0A8B9ESH5
A0A8B9ESH5	A0A8C3BSP7
A0A1I8N0Y1	A0A1I8N0Y1
A0A1I8N1K3	A0A1I8N1K3
A0A1I8N1K3	B4KXF9
A0A1I8N1K3	B4LFT2
A0A1I8N1K3	B4PGA9
A0A1I8N1K3	Q9VTV2
A0A1I8N1K3	B3NH82
A0A1I8NLX0	A0A1I8NLX0
A0A1I8P0B4	A0A1I8P0B4
A0A1I8P7V9	A0A1I8P7V9
A0A1I8PEC6	A0A1I8PEC6
A0A1I8PEC6	A0A1I8P9M1
A0A1I8PIB9	A0A1I8PIB9
A0A1I8PZ21	A0A1I8PZ21
A0A1I8Q0B3	A0A1I8Q0B3
A0A1I8Q2X3	A0A1I8Q2X3
A0A1I8Q6P5	A0A1I8Q6P5
A0A1I8QBP4	A0A1I8QBP4
A0A1J1J150	A0A1J1J150
A0A1J1J4E5	A0A1J1J4E5
A0A1L3J026	A0A1L3J026
A0A1L3J026	A0A1L3J027
A0A1L3J026	A0A1L3J028
A0A1L3J026	A0A1L3J041
A0A1L3J026	A0A1L3J034
A0A1L3J026	A0A1L3J065
A0A1L3J026	A0A1L3J009
A0A1L3J026	A0A1L3J024
A0A1L3J026	A0A1L3J040
A0A1L3J026	A0A1L3J049
A0A1L8DQN3	A0A1L8DQN3
A0A1L8EG63	A0A1L8EG63
A0A1L8EG63	A0A1L8EG46
A0A1S4FDK4	A0A1S4FDK4
A0A1S4FDY8	A0A1S4FDY8
A0A1U7RHN8	A0A1U7RHN8
A0A1U7RHN8	A0A7M4E2A9
A0A1U7RHN8	A0A8C3XPA7
A0A1U7RHN8	A0A8D0H490
A0A1U7RHN8	A0A8C8RGH2
A0A1W7R7D1	A0A1W7R7D1
A0A1W7R7D1	A0A023EP27
A0A1W7R7D1	J9E8T0
A0A1Y1K6W5	A0A1Y1K6W5
A0A1Y1KZ19	A0A1Y1KZ19
A0A1Y1KZ19	A0A5N4A0X1
A0A1Y1LK43	A0A1Y1LK43
A0A1Y1M8W4	A0A1Y1M8W4
A0A1Y1MKE8	A0A1Y1MKE8
A0A1Y1MKE8	A0A5N4AEB9
A0A1Y1NEW6	A0A1Y1NEW6
A0A1Y1NEW6	A0A5N4B515
A0A1Y1NEW6	A0A5N4B4W5
A0A1Y1NEW6	A0A5N4B504
A0A1Y1NJD1	A0A1Y1NJD1
A0A1Y9HF79	A0A1Y9HF79
A0A1Y9HF79	A0A182MT66
A0A1Y9HF79	A0A182LZB1
A0A1Y9J105	A0A1Y9J105
A0A1Y9J105	A0A182VW30
A0A1Y9J105	A0A182QBE5
A0A1Y9J105	A0A182TYU7
A0A1Y9J105	A0A182UQ75
A0A1Y9J105	Q7PX39
A0A1Y9J105	A0A182LTK9
A0A1Y9J105	A0A182T5C7
A0A1Y9J105	A0A4Y0BQA0
A0A1Y9J105	A0AAG5D425
A0A1Z5JL53	A0A1Z5JL53
A0A1Z5JL53	A0A1Z5J7L3
A0A1Z5L6V0	A0A1Z5L6V0
A0A1Z5L6V0	A0A293N3Q3
A0A212EX78	A0A212EX78
A0A212F633	A0A212F633
A0A212F633	A0A8J2R204
A0A212FL72	A0A212FL72
A0A226N646	A0A226N646
A0A232EF94	A0A232EF94
A0A232EP22	A0A232EP22
A0A232EP22	A0A7M7IMI4
A0A232EP22	A0A232EWN2
A0A238ZFB1	A0A238ZFB1
B4PY52	B4PY52
B4PY52	A0A6P8KKX7
B4PY52	Q8MRL2
B4PY52	B3P9L2
B4QMR1	B4QMR1
B4QMR1	Q9VSV4
B4QMR1	Q8T4B1
B4QMR1	A0A6P8JRR6
B5AKB2	B5AKB2
B5AKB2	P29786
B5AKB2	A0ABM1Y4W0
B7PDD5	B7PDD5
E2B8J7	E2B8J7
E2C0U9	E2C0U9
E2C9W6	E2C9W6
E7D012	E7D012
E9GB32	E9GB32
E9GB32	A0A8J2WMI2
E9GE76	E9GE76
F7C6H1	F7C6H1
G1KTN0	G1KTN0
G3PI01	G3PI01
G3VFF6	G3VFF6
G3VMR8	G3VMR8
G3VMR8	A0A4X2KHF3
G3VQC9	G3VQC9
G3VQC9	A0A4X2L3F7
G4YJG3	G4YJG3
G4YJH3	G4YJH3
G7MH36	G7MH36
G9D469	G9D469
G9D469	G9D475
H0WX91	H0WX91
H2D0L4	H2D0L4
H2D0L4	B3GC76
H2D0L4	H2D0L3
H2ZS91	H2ZS91
H3A791	H3A791
H3AV43	H3AV43
H3DNA7	H3DNA7
H9GAC6	H9GAC6
H9GAC6	A0A803TJ74
H9GAC6	A0A803TMN6
H9GPC2	H9GPC2
H9GPC2	H9GPC0
H9GPC2	A0A8D0DWU2
I3J2G4	I3J2G4
I3J2G4	A0A3P9BUH4
I3J2G4	A0A668UT58
I3J2G4	A0A3B4H147
I3J2G4	A0A3Q3BXP7
I3J2G4	A0A669BHD5
I3J2G4	A0A3Q4I2T9
I3K8N6	I3K8N6
I3K8N6	A0A3Q3BTI8
I3K8N6	A0A3Q2WIZ1
I3K8N6	A0A9Y6SML8
I3KJS7	I3KJS7
I6TRT9	I6TRT9
I6TRU2	I6TRU2
J3JVF8	J3JVF8
K3WIR9	K3WIR9
K7FB59	K7FB59
L5LQE7	L5LQE7
L7N1U1	L7N1U1
L7N1U1	G1PYC5
L7N1U1	G1PB01
A0A6A4WNZ5	A0A6A4WNZ5
A0A6B0SD36	A0A6B0SD36
A0A6B0SD36	A0A8B9Z530
A0A6B0SD36	A0A8B9YTC5
A0A6B0V709	A0A6B0V709
A0A6B0V709	A0A090X8M2
A0A6B0V709	A0A6B0V6R2
A0A6G0ISR6	A0A6G0ISR6
A0A6G0WDS7	A0A6G0WDS7
A0A6G0YXB2	A0A6G0YXB2
A0A6G0YXB2	A0AAV0WX42
A0A6G0YXB2	A0A8R1W8I6
A0A6G0YXB2	A0A8B8F5X9
A0A6G0YXB2	A0A5E4N7G1
A0A6G0YXB2	A0AAV0WXQ8
A0A6G0Z361	A0A6G0Z361
A0A6G0Z361	A0A9P0J925
A0A6G0Z361	A0A6G0TJB9
A0A6G1RWI4	A0A6G1RWI4
A0A6I8NXK1	A0A6I8NXK1
A0A6I8PFC5	A0A6I8PFC5
A0A6I8PKV1	A0A6I8PKV1
A0A6I8RTZ9	A0A6I8RTZ9
A0A6I8RTZ9	A0A803KIU3
A0A6I8RTZ9	A0A8T2K8L9
A0A6I8RTZ9	Q6GNG0
A0A6I8RTZ9	F6R852
A0A6I8RTZ9	F7C370
A0A6I8RTZ9	A0A803KJ51
A0A6I8RTZ9	A0A974DPP9
A0A6I8TPU7	A0A6I8TPU7
A0A6I8U5B9	A0A6I8U5B9
A0A6I8U5B9	A0ABM1Z2T6
A0A6I8U5B9	Q16PS2
A0A6I8UHI5	A0A6I8UHI5
A0A6I8UHI5	B4H2K8
A0A6I8UHI5	A0A3B0K7X0
A0A6J0UMR6	A0A6J0UMR6
A0A6J0V8N2	A0A6J0V8N2
A0A6J0V8N2	A0A9Q0X9M6
A0A6J1L0X2	A0A6J1L0X2
A0A6J1L0X2	A0A484B6L1
A0A6J1L0X2	A0ABM1PLP8
A0A6J1L0X2	B4KTX3
A0A6J1L564	A0A6J1L564
A0A6J1L564	B4KTX4
A0A6J1L564	A0A484B7W8
A0A6J1L564	A0ABM1PLP5
A0A6J1L564	B4JVV3
A0A6J1LGI2	A0A6J1LGI2
A0A6J1LI65	A0A6J1LI65
A0A6J1LMY7	A0A6J1LMY7
A0A6J1LMY7	B4LNQ2
A0A6J1MYL8	A0A6J1MYL8
A0A6J1NIT6	A0A6J1NIT6
A0A6J1Q592	A0A6J1Q592
A0A6J1SE70	A0A6J1SE70
A0A6J1WII9	A0A6J1WII9
A0A6J2CFD7	A0A6J2CFD7
A0A6J2CFD7	A0A8M1FNA6
A0A6J2CFD7	A0A3Q7RLD9
A0A6J2CFD7	G1M1K1
A0A6J2CFD7	A0A811Z986
A0A6J2CFD7	A0A8C0Z0F2
A0A6J2CFD7	A0A8M1FRY7
A0A6J2CFD7	A0A8I3NF91
A0A6J2CFD7	A0A8B7QE28
A0A6J2CFD7	L5KI20
A0A6J2CFD7	A0A8D1N564
A0A6J2CFD7	A0A8D1HIH2
A0A6J2CFD7	A0A2Y9IY49
A0A6J2CFD7	A0A9X9QAQ8
A0A6J2CFD7	A0A8U0MZD8
A0A6J2CFD7	D2GV92
A0A6J2CFD7	A0A485M8U5
A0A6J2CFD7	A0A667G594
A0A6J2CFD7	A0A8C8WHW3
A0A6J2CFD7	A0A6P6H9K6
A0A6J2CFD7	A0A8B6YNU6
A0A6J2CFD7	A0A340Y9J5
A0A6J2CFD7	A0A6I9I2G3
A0A6J2CFD7	A0A8W4FMY6
A0A6J2CFD7	A0A2U3Y0V7
A0A6J2CFD7	A0A2Y9GU43
A0A6J2CFD7	A0A2U3VUX9
A0A6J2CFD7	A0A8C7EWA4
A0A6J2CFD7	A0A8C7BWG5
A0A6J2CFD7	A0A8C4LMF0
A0A6J2CFD7	A0A8C4LGD9
A0A6J2CFD7	A0A8C0KM78
A0A6J2CFD7	A0A8C0KN50
A0A6J2CFD7	A0A8C3XCY9
A0A6J2CFD7	A0A8C3X9H4
A0A6J2CFD7	A0A9V1E1Q3
A0A6M2DUY1	A0A6M2DUY1
A0A6M2DXR5	A0A6M2DXR5
A0A6M2DZU6	A0A6M2DZU6
A0A6M2E1M4	A0A6M2E1M4
A0A6P3WAM4	A0A6P3WAM4
A0A6P3WAM4	A0ABD1KI34
A0A6P3WAM4	A0AAV6FSH4
A0A6P3XIQ1	A0A6P3XIQ1
A0A6P4EDZ4	A0A6P4EDZ4
A0A6P4EDZ4	Q4V3L0
A0A6P4EDZ4	Q8IRE1
A0A6P4EDZ4	B4QP49
A0A6P4EDZ4	A0A6P8JWI3
A0A6P4EDZ4	B3NFY1
A0A6P4EDZ4	B4HTN0
A0A6P4ILT9	A0A6P4ILT9
A0A6P4JSB0	A0A6P4JSB0
A0A6P6NI65	A0A6P6NI65
A0A6P6NI65	A0A8C1DXH1
A0A6P6NI65	A0A8C1JN42
A0A6P6NI65	A0A8C1JI55
A0A6P6NI65	A0A8C1JI09
A0A6P6PEG0	A0A6P6PEG0
A0A6P6PEG0	A0A6P6MZI6
A0A6P6PEG0	A0A671KL52
A0A6P6PEG0	A0A7J6BRP4
A0A6P6PEG0	A0A671KL90
A0A6P6PEG0	A0A673JXX1
A0A6P6PEG0	A0A672LFV9
A0A6P7FFX8	A0A6P7FFX8
A0A6P7HZJ2	A0A6P7HZJ2
A0A6P7I7L0	A0A6P7I7L0
A0A6P7I7L0	A0A6P7IEU5
A0A6P7IHA7	A0A6P7IHA7
A0A6P8KKN2	A0A6P8KKN2
A0A6P8KKN2	P17207
A0A6P8KKN2	B3LYU8
A0A6P8KKN2	B4IUQ1
A0A6P8KKN2	A0A0R1EE55
A0A6P8KKN2	A0A3B0JJG7
A0A6P8KKN2	B3LYU9
A0A6P8KKN2	B4GNF1
A0A6P8KKN2	A0AAU9F9B4
A0AAW1ALK7	A0AAW1ALK7
A0AAW1ALK7	A0AA40GDG0
A0AAW1ALK7	A0A6P8NTF1
A0AAW1ALK7	A0A6P3DKS3
A0AAW1ALK7	A0A9B0BGU6
A0AAW1ALK7	Q1HG82
A0AAW1ALK7	A0A6J3K0H0
A0AAW1AYM7	A0AAW1AYM7
A0AAW1D5N4	A0AAW1D5N4
A0AAW1E9D9	A0AAW1E9D9
A0AAW1FLS6	A0AAW1FLS6
A0AAW2EEJ9	A0AAW2EEJ9
A0AAW2EEJ9	A0AAW2EAK8
A0AAW2EW50	A0AAW2EW50
A0AAW2FYP1	A0AAW2FYP1
A0AAW2FYP1	A0AAV2P0A5
A0AAW2GD33	A0AAW2GD33
A0AAW2GI17	A0AAW2GI17
A0AAW2GI17	A0AAV2NQA0
A0AAX7FDT9	A0AAX7FDT9
A0AAX7FDT9	A0A3Q1JIQ1
A0AAY4AJ19	A0AAY4AJ19
A0AAY4AJ19	A0AAY4AJ07
A0AAY4AJ19	A0AAY4AIY2
A0AAY4AJ19	A0AAY4AIV3
A0AAY4AJ19	A0AAY4AKQ7
A0AAY4AJ19	A0AAY4AN48
A0AAY4AJ19	A0AAY4AIY1
A0AAY4CF47	A0AAY4CF47
A0AAY4CF47	A0AAY4CER6
A0AAY4CF47	A0AAY4CEV0
A0AAY4CF47	A0AAY4CWU3
A0AAY4CF47	A0AAY4CDY3
A0AAY4CF47	A0AAY4CVF9
A0AAY4CF47	A0AAY4CDM9
A0AAY4DMQ7	A0AAY4DMQ7
A0AAY4DMQ7	A0AAY4DNP9
A0AAY4DMQ7	A0AAY4DMC1
A0AAY4DMQ7	A0A8C4CFV8
A0AAY4EZZ3	A0AAY4EZZ3
A0AAY5EW23	A0AAY5EW23
A0AAY5EW23	A0A4W4H9L6
A0AAY5EW23	A0A4W4HA39
A0AAY5EW23	A0A673MEV7
A0AAY5EW23	A0A673M907
A0AAY5F3Q6	A0AAY5F3Q6
A0AAZ3Q082	A0AAZ3Q082
A0AAZ3R8C3	A0AAZ3R8C3
A0AAZ3R8C3	A0A8C7DMH1
A0AB39Z559	A0AB39Z559
A0AB39Z559	A0A6P4F4W0
A0AB40D907	A0AB40D907
A0ABD0S7X5	A0ABD0S7X5
A0ABD0S9P8	A0ABD0S9P8
A0ABD0S9S3	A0ABD0S9S3
A0ABD0S9S3	A0ABD0SAF9
A0ABD0S9S3	A0ABD0S9S6
A0ABD0SQM3	A0ABD0SQM3
A0ABD0SQM3	A0A2A4K3K4
A0ABD0SQM3	A0A2A4K3J2
A0ABD0TNE7	A0ABD0TNE7
A0ABD0TNE7	A0ABD0TNF6
A0ABD0TNE7	A0ABD0TNI5
A0ABD0TNX9	A0ABD0TNX9
A0ABD0TNX9	A0ABD0TNU3
A0ABD0TNX9	A0ABD0TNN5
A0ABD0WST9	A0ABD0WST9
A0ABD0WST9	A0A3P8ZBG8
A0ABD0WT54	A0ABD0WT54
A0ABD0XBE4	A0ABD0XBE4
A0ABD0YB92	A0ABD0YB92
A0ABD1D7V6	A0ABD1D7V6
A0ABD1DI39	A0ABD1DI39
A0ABD1DI39	B0WLB8
A0ABD1DI56	A0ABD1DI56
A0ABD1DI56	B0WH76
A0ABD1DJQ5	A0ABD1DJQ5
A0ABD1DJQ5	B0WBU0
A0ABD1DNG6	A0ABD1DNG6
A0ABD1E803	A0ABD1E803
B3MF20	B3MF20
B3MFR7	B3MFR7
B3MGY3	B3MGY3
B3MJ95	B3MJ95
B3MJ96	B3MJ96
B3MPK5	B3MPK5
B3N0K1	B3N0K1
B3N5L2	B3N5L2
B3NMX2	B3NMX2
B3NQ98	B3NQ98
B3NQ98	Q4V532
B3RWR9	B3RWR9
B4GI62	B4GI62
B4GI62	A0A6I8UUL5
B4GI62	A0A3B0J1Y6
B4GI62	A0AAU9GF31
B4I9H7	B4I9H7
B4IY96	B4IY96
B4J279	B4J279
B4J5Q9	B4J5Q9
B4JVV4	B4JVV4
B4JVV4	B4LJ08
B4K7W5	B4K7W5
B4KM21	B4KM21
B4KM21	A0A1L3J012
B4KM21	B4KM22
B4KM23	B4KM23
B4KVU1	B4KVU1
B4LB72	B4LB72
B4LIU7	B4LIU7
B4LK30	B4LK30
B4LUW0	B4LUW0
B4LUW0	Q9VR15
B4LUW0	B4KLE8
B4LUW0	B3N483
B4LUW0	B4NYZ5
B4LUW0	B3MU10
B4LYK9	B4LYK9
B4M3Q6	B4M3Q6
B4M3Q6	A0A484AWJ6
B4M3Q6	A0A6J1MC35
B4M3Q6	A0ABM1PRS8
B4M3Q6	A0AAD4KAM1
B4M3Q6	A0A6P8XK40
B4M3Q6	B4L380
B4M3Q6	B4MSV9
B4MLU2	B4MLU2
B4MQA8	B4MQA8
B4N3V8	B4N3V8
B4N9J0	B4N9J0
B4ND67	B4ND67
B4NF92	B4NF92
B4NW46	B4NW46
B4P798	B4P798
B4P7A0	B4P7A0
B4P8X9	B4P8X9
B4P8X9	Q9W2G1
B4P8X9	B3NMX3
B4P8Y0	B4P8Y0
B4P8Y1	B4P8Y1
B4P8Y1	Q8MLV8
B4P8Y1	B3NMX1
B4P8Y5	B4P8Y5
B4PHP2	B4PHP2
B4PMH6	B4PMH6
B4PMH6	C0HKF8
B4PMH6	Q9VA67
B4PMH6	Q9VA66
B4PMH6	A0ABM5I8H7
B4PMH6	B4PMH7
B4PMH6	A0A3B0K4H7
B4PMH6	A0A0R1E8G1
B4PMH6	A0A3B0JKR0
B4PMH6	A0AAU9F9F2
B4PMH6	B3MTB4
B4PMH6	B3MTB6
B4PMH6	B4NLE8
B4PMH6	A0A6P4DTP0
B4PRM7	B4PRM7
B4PZD8	B4PZD8
B5XGY9	B5XGY9
B5XGY9	A0A8U0UI75
B7P540	B7P540
B7P540	V5IGW7
B7PAU0	B7PAU0
B7PF42	B7PF42
C1JCD3	C1JCD3
C3Y021	C3Y021
C3ZRZ4	C3ZRZ4
D0R8R1	D0R8R1
D0R8R6	D0R8R6
D0V536	D0V536
D2A5Q7	D2A5Q7
D2I3L0	D2I3L0
D2I3L0	Q9D140
D2I3L0	A0A2Y9GGH6
D2I3L0	M3XR54
D2I3L0	A0A8C7BQL8
D2I3L0	G1M6W9
D2I3L0	D3ZRA7
D2I3L0	A0A3Q7MFT3
D2I3L0	A0A3Q7U9W4
D2I3L0	A0A8M1GA05
D2I3L0	A0A8P0T1F1
D2I3L0	A0A2U3WM07
D2I3L0	A0A2Y9L0M1
D2I3L0	A0A671EBC9
D2I3L0	A0A673VC43
D2I3L0	A0A8C5KQ76
D2I3L0	A0A8C6I1E6
D2I3L0	A0A8P0TU04
D2I3L0	A0A9J7G4X3
D2I3L0	A0A9V1EGJ4
D2I3L0	A0A1S3A948
D2I3L0	A0A667IV17
D2I3L0	A0A6J2EVQ4
D2I3L0	A0A6P5PXL7
D2I3L0	A0A7J8CHF7
D2I3L0	A0A811ZT11
D2I3L0	A0A8C0M0S1
D2I3L0	A0A8C2M430
D2I3L0	A0A9X9LNJ5
D2I3L0	U6DEI8
D2I3L0	A0A6J1XKD6
D2I3L0	A0A8B7KEA6
D2I3L0	A0A8C9M986
D2I3L0	A0A2U3Y7V6
D2I3L0	A0A6J0AMK1
D2I3L0	A0A8B7SK17
D2I3L0	A0A8C8XJJ3
D2I3L0	A0A9L0J698
D2I3L0	A0A9L0RJ80
D2I3L0	A0AAW0HTV1
D2I3L0	E1BGD9
D2I3L0	A0A6P5DAH3
D2I3L0	A0A452F2E6
D2I3L0	A0A6P3YL98
D2I3L0	A0A8B9XSF1
D2I3L0	A0A1S3G4G4
D2I3L0	A0A340XVZ0
D2I3L0	A0A7N9D0S3
D2I3L0	Q9Y337
D2I3L0	A0A2J8U924
D2I3L0	A0A2K5M7V2
D2I3L0	A0A2K5W0T6
D2I3L0	A0A2K6R6H2
D2I3L0	A0A2R9A921
D2I3L0	A0A2J8Q6I4
D2I3L0	A0A8B7FLW6
D2I3L0	G1R1E0
D2I3L0	A0A0A0MVX9
D2I3L0	A0A2J8U922
D2I3L0	A0A2K5IKR9
D2I3L0	A0A2K5PEV7
D2I3L0	A0A8C9H9I3
D2I3L0	G3QFD8
D2I3L0	A0A2K6KUH1
D2I3L0	A0A8D2E9T1
D2I3L0	A0A2K5EX55
D2I3L0	A0A6J3GQR9
D2I3L0	U3EMG1
D2I3L0	A0A2K6SQM7
D2I3L0	A0A8B7B882
D2I3L0	A0A8C3WD74
D2I3L0	A0A286ZS23
D2I3L0	A0A4X1VU88
D2I3L0	A0A8D0ZNA6
D2I3L0	A0A8D1QY55
D2I3L0	A0A8C6W8E1
D2I3L0	A0A8D2HZS2
D2I3L0	A0A8B7U7T7
D2I3L0	A0A8D2E0J3
D2I3L0	A0AA41NBF3
D2I3L0	A0A5E4BWA2
D2I3L0	I3MKJ2
D2I3L0	A0AAV0AB33
D2I3L0	A0A6I9LPG4
D2I3L0	A0A2K6GXV3
D2I3L0	A0A8C9A0B7
D2I3L0	A0A5N3VJH5
D2I3L0	A0A8C6DIA4
D2I3L0	A0A6J0XAA0
D2I3L0	A0A5J5N2V8
D2I3L0	A0A6J2MYP7
D2I3L0	A0A834DFI0
D2I3L0	A0A6P3S5R7
D2I3L0	A0A6P9F128
D2I3L0	A0A384BK49
D2I3L0	A0A6P3FQE5
D2I3L0	A0A7J8CH78
D2I3L0	G7PYG0
D2I3L0	H0XHT3
D2I3L0	L8IE07
D2I3L0	A0A1U7UDJ2
D2I3L0	A0A452S8N1
D2I3L0	A0A7J7R1M0
D2I3L0	A0A7J7RFL3
D2I3L0	A0A833YIW7
D2I3L0	A0A7J8C898
D2I3L0	A0A7J8CHK8
D2I3L0	A0A8C0DPA5
D2I3L0	A0A9B0TQZ3
D3PW08	D3PW08
D6QUQ4	D6QUQ4
D9HQ41	D9HQ41
D9HQ41	A0A8J9V3R3
E2AY09	E2AY09
E2BZ94	E2BZ94
E2BZ94	A0A6P3Y9S6
E2BZ94	A0A4S2L132
E2C9W5	E2C9W5
E4WU68	E4WU68
E4XQF6	E4XQF6
E4XQF6	E4YVG6
E4Y226	E4Y226
E9GC04	E9GC04
E9GE64	E9GE64
E9GED4	E9GED4
E9GQZ9	E9GQZ9
E9I849	E9I849
F4MI41	F4MI41
F4WBT2	F4WBT2
F6RN27	F6RN27
A0A671UG77	A0A671UG77
A0A671UG77	A0A671UBL9
A0A672F959	A0A672F959
A0A672F959	A0A672HUA1
A0A672F959	A0A672HV87
A0A672F959	A0A672HV31
A0A672F959	A0A672HU97
A0A672F959	A0A672HV40
A0A672HRS7	A0A672HRS7
A0A672L7H2	A0A672L7H2
A0A672L7H2	A0A9Q0DWH3
A0A672LYV6	A0A672LYV6
A0A672LYV6	A0A673I637
A0A672LYV6	A0A673I8S6
A0A672LYV6	A0A673I5D6
A0A672LYV6	A0A672M828
A0A672UMU8	A0A672UMU8
A0A672UMU8	A0A7K5FUV9
A0A672YV54	A0A672YV54
A0A672ZYC7	A0A672ZYC7
A0A673AIH0	A0A673AIH0
A0A673JIG5	A0A673JIG5
A0A673JIG5	A0A671SIH6
A0A673JIG5	A0A8C1L452
A0A673JIG5	A0A8C1JLH5
A0A673JS88	A0A673JS88
A0A673LH93	A0A673LH93
A0A673LH93	A0A9J8D4K0
A0A673LH93	A0A8C1K1K0
A0A673LH93	A0A8C1WZ97
A0A7K9CK70	A0A7K9CK70
A0A7M4FFL9	A0A7M4FFL9
A0A7M7G8D8	A0A7M7G8D8
A0A7M7GDG8	A0A7M7GDG8
A0A7M7ILS4	A0A7M7ILS4
A0A7R8UKJ0	A0A7R8UKJ0
A0A7R8UNT0	A0A7R8UNT0
A0A7R8UYH8	A0A7R8UYH8
A0A7R8UYK9	A0A7R8UYK9
A0A7R8V5P6	A0A7R8V5P6
A0A7R8W3P5	A0A7R8W3P5
A0A7R8WFH2	A0A7R8WFH2
A0A7R8YPX1	A0A7R8YPX1
A0A7R8YRW4	A0A7R8YRW4
A0A7R9A0C7	A0A7R9A0C7
A0A7R9KZD7	A0A7R9KZD7
A0A7R9LXB0	A0A7R9LXB0
A0A7R9PVX3	A0A7R9PVX3
A0A7R9PY05	A0A7R9PY05
A0A7R9SGU1	A0A7R9SGU1
A0A7R9SGU1	A0A7R9SCY9
A0A7S2KXN8	A0A7S2KXN8
A0A7Z0WKR5	A0A7Z0WKR5
A0A803SR44	A0A803SR44
A0A803T902	A0A803T902
A0A803VCL6	A0A803VCL6
A0A803VJE7	A0A803VJE7
A0A821NM58	A0A821NM58
A0A821P0M1	A0A821P0M1
A0A821P0M1	A0A9P0XCT0
A0A821PKA2	A0A821PKA2
A0A821PKA2	A0A9P0THF7
A0A821Q9M2	A0A821Q9M2
A0A821R4N7	A0A821R4N7
A0A821SBU7	A0A821SBU7
A0A821SBU7	A0A9P0TSL4
A0A821VC35	A0A821VC35
A0A821VC35	A0A821VC13
A0A821VEH4	A0A821VEH4
A0A821XME5	A0A821XME5
A0A8D0B1K7	A0A8D0B1K7
A0A8D0BIM0	A0A8D0BIM0
A0A8D0BIM0	A0A8D0BMY9
A0A8D0E0F3	A0A8D0E0F3
A0A8D0KZ09	A0A8D0KZ09
A0A8D2BBH2	A0A8D2BBH2
A0A8D2BBH2	A0A5G2QSL2
A0A8D2BBH2	A0A8D1FLL8
A0A8D2BBH2	A0A8D1UN14
A0A8D2BBH2	I3LJ52
A0A8D2BBH2	A0A480M2A7
A0A8D2BBH2	A0A8D1FLP9
A0A8D2IPE7	A0A8D2IPE7
A0A8D2ISN0	A0A8D2ISN0
A0A8D2ISN0	A0A670JGR4
A0A8D2L0I2	A0A8D2L0I2
A0A8D2L9J8	A0A8D2L9J8
A0A8D2L9J8	A0A8D2Q4E0
A0A8D2L9J8	A0A8D2L8Q0
A0A8D2L9J8	A0A8D2L950
A0A8D2L9J8	A0A670IS23
A0A8D2L9J8	A0A670IS33
A0A8D2L9J8	A0AA35P9Q7
A0A8D2L9J8	A0AA97KG28
A0A8D2L9J8	A0A670IT34
A0A8D2L9J8	A0A670ITV7
A0A8D2L9J8	A0A670IU00
A0A8D2L9J8	A0A8D2L8W9
A0A8D2L9J8	A0A670ISD0
A0A8D2LJG6	A0A8D2LJG6
A0A8D8F575	A0A8D8F575
A0A8D8F6S5	A0A8D8F6S5
A0A8D8FAR2	A0A8D8FAR2
A0A8D8FAR2	A0A8D8PAQ0
A0A8D8FAR2	A0A8D8F8U2
A0A8D8FAR2	B0XB10
A0A8D8FAR2	A0A023EN00
A0A8D8FAR2	A0A023ELT2
A0A8D8FAR2	Q17BD9
A0A8D8FAR2	A0A023ELU2
A0A8D8MQF7	A0A8D8MQF7
A0A8D8MQF7	A0A8D8CUE8
A0A8D8MQF7	A0ABD1D169
A0A8D8MQF7	A0A8D8CSX0
A0A8D8MQF7	A0A8D8CYU5
A0A8D8MQF7	A0A8D8KDE4
A0A8D8MQF7	B0WE92
A0A8D8MQF7	A0A8D8KKD7
A0A8D8MQF7	A0A8D8KBT9
A0A8D8MQF7	A0A8D8FUZ1
A0A8D8MQF7	B0WE94
A0A8D8MQF7	Q962G7
A0A8D8MQF7	A0ABD1D107
A0A8D8MQF7	A0A1Q3EVA0
A0A8I4A5G5	A0A8I4A5G5
A0A8I4A5G5	P10144
A0A8I4A5G5	A0A2J8TR04
A0A8I4A5G5	A0A2K5YY00
A0A8I4A5G5	A0A2K6MGI8
A0A8I4A5G5	A0A2K5RRU2
A0A8I4A5G5	F7CLT4
A0A8I4A5G5	G3RB29
A0A8I4A5G5	A0A2K5EAK7
A0A8I4A5G5	A0A2K6S7X1
A0A8I4A5G5	A0A096NXD5
A0A8I4A5G5	A0A7N9CZM3
A0A8I4A5G5	A0A2R9C548
A0A8I4A5G5	A0A2I3TDG1
A0A8I4A5G5	A0A8B0SWD4
A0A8I4A5G5	A0A8B8WQ73
A0A8I4A5G5	A0A452F3C6
A0A8I4A5G5	A0A8C3YNX4
A0A8I4A5G5	A0A8C6FYX2
A0A8I4A5G5	A0A8C9CD95
A0A8I4A5G5	A0A2Y9FCG3
A0A8I4A5G5	A0A8C6FBI6
A0A8I6RKX3	A0A8I6RKX3
A0A8I6RKX3	T1I447
A0A8I6RKX3	A0A8I6RP11
A0A8I6RSP8	A0A8I6RSP8
Q9VAQ4	Q9VAQ4
Q9VT24	Q9VT24
Q9VT24	Q9VT25
Q9VT24	B4PEE5
Q9VT24	A0A0P8XT63
Q9VT24	B4PEE6
Q9VT24	B3NCK2
Q9VT24	A0A0P8YG51
Q9VT24	A0A0P8XTK0
Q9VT24	B3MAP7
Q9VT24	B3MAP8
A0A8M6YV09	A0A8M6YV09
A0AB32TL37	A0AB32TL37
A0AB32TL37	A0AB32TCW8
A0AB32TL37	A0AB32TKN4
A0AB32TL37	A0A8M1RP83
A0AB32TL37	A0A8M6Z3H2
A0AB32TL37	Q1LUQ5
A3KPY8	A3KPY8
A3KPY8	Q68FN6
A3KPY8	A0A8M1P7N7
A4QPC5	A4QPC5
A4QPC5	P21844
A4QPC5	P50339
A4QPC5	A7WPL7
A4QPC5	P52195
A4QPC5	P21842
A4QPC5	P56435
A4QPC5	P50341
A4QPC5	A0A2K6KLG0
A4QPC5	A0A2K6CVJ4
A4QPC5	H0WY41
A4QPC5	A0A2K5JUF6
A4QPC5	A0A2K5Q952
A4QPC5	A0A2K5XVC9
A4QPC5	A0A3Q7SMQ7
A4QPC5	A0A6P3FYG5
A4QPC5	A0A8C5ZFN7
A4QPC5	A0A8C8TBY7
A4QPC5	A0A2K5WQD4
A4QPC5	A0A8C9HH34
A4QPC5	A0A8D2HC61
A4QPC5	I3N9I1
A4QPC5	A0A2K5M4N3
A4QPC5	A0A8C2LLH9
A4QPC5	A0A8C6IJB9
A4QPC5	A0A2K5WQD8
A4QPC5	A0A5E4BBM7
A4QPC5	A0A8C5KHK5
A4QPC5	A0A8C8Y3L8
A4QPC5	F6SAJ2
A4QPC5	H0VLD0
A4QPC5	A0A061IG37
A4QPC5	A0A0N8ESI3
A4QPC5	A0A1U7QTH6
A4QPC5	A0A8D2AU58
A4QPC5	A0A8D2G2I0
A4QPC5	G1PFP0
A4QPC5	G3T827
A4QPC5	A0A8C6R6P9
A6KTL9	A6KTL9
A8JRF0	A8JRF0
B9EQZ1	B9EQZ1
B9EQZ1	B9EQZ6
B9EQZ1	Q9VXC6
B9EQZ1	B9EQX4
B9EQZ1	A0A6P4EF60
B9EQZ1	A0A9P9YBY2
B9EQZ1	A0ABM5GZ06
B9EQZ1	A0A6P8KKN1
B9EQZ1	B3NVL4
B9EQZ1	B4IER9
B9EQZ1	B4Q1T8
B9EQZ1	B4R619
B9EQZ1	A0AB39YY82
B9EQZ1	B3MWA5
B9EQZ1	A0A6P4J9S5
Q4V653	Q4V653
Q4V653	B4P677
Q4V653	B4QHY1
Q4V679	Q4V679
Q4V679	Q9VQA3
Q4V679	B4Q820
Q4V679	A0A6P8KY96
Q4V679	B4I2I0
Q6DHC9	Q6DHC9
Q7K2L4	Q7K2L4
Q7K2L4	E1JH19
Q7K2L4	B3N6X4
Q86P28	Q86P28
Q86P28	Q9VMX8
Q86P28	A0A3B0JHR4
Q86P28	A0AB40AFQ7
Q86P28	B3MVK8
Q86P28	B3N4C3
Q86P28	B4MLN1
Q86P28	A0AAU9FG98
Q86P28	A0ABM5J9Y0
Q86P28	A0A9P9YSQ8
Q86P28	A0A9Q0BRU8
Q86P28	B4NWA2
Q86P28	B4Q350
Q86P28	A0A6P8L6L8
Q8INA0	Q8INA0
Q8INA0	A0A9P9YYR3
Q8INA0	B3M1T5
Q8IRK5	Q8IRK5
Q8IRK6	Q8IRK6
Q9V3J7	Q9V3J7
Q9VAQ3	Q9VAQ3
Q9VAQ3	B4PQ80
Q9VAQ3	B4PQ81
Q9VRS3	Q9VRS3
Q9VRS3	A0A6P8JU13
Q9VRS3	B3NCC1
Q9VRS3	B4HUM3
Q9VRS3	A0AB39ZES0
A0A0B4JCS5	A0A0B4JCS5
A0AAA9TK48	A0AAA9TK48
A0AAA9TK48	P00767
A0AAA9TK48	A0AAA9SCW3
A0AAA9TK48	A7YWU6
A0AAA9TK48	A0AAA9S0M1
A0AAA9TK48	A0AAA9TJC8
A0AAA9TK48	A0AAA9T0X8
A0AAA9TK48	A0A1U7UB13
A0AAA9TK48	A0A2R9AV18
A0AAA9TK48	A0A5J5MXG8
A0AAA9TK48	A0A6J3ICT9
A0AAA9TK48	A0A6J3QD76
A0AAA9TK48	A0A6P5D9G6
A0AAA9TK48	A0A8B8TLG7
A0AAA9TK48	A0AB34H0F4
A0AAA9TK48	A0A2K5RJD5
A0AAA9TK48	A0A2K6TTU3
A0AAA9TK48	A0A484GSG7
A0AAA9TK48	A0A6P3I2Z7
A0AAA9TK48	A0A836A2T6
A0AAA9TK48	A0A8C5V0N7
A0AAA9TK48	A0A452FAK3
A0AAA9TK48	A0A6J3QDJ2
A0AAA9TK48	A0A8B6ZS75
A0AAA9TK48	H0WJV5
A0AAA9TK48	A0A2Y9E689
A0AAA9TK48	A0A340XNN7
A0AAA9TK48	A0A8C9CLW9
A0AAA9TK48	F7I727
A0AAA9TK48	A0A1S3A0Z1
A0AAA9TK48	A0A8C6FHE7
A0AAA9TK48	A0AAD4Y448
A0AAA9TK48	A0A452UFF2
A0AAA9TK48	A0A452UF53
A0AAA9TK48	A0A1U7SS71
A0AAA9TK48	A0A8C5VJ94
A0AAA9TK48	A0A8C6F0N0
A0A6J2T460	A0A6J2T460
A0A6J2TA60	A0A6J2TA60
A0A6J2UDJ8	A0A6J2UDJ8
A0A6J2UH02	A0A6J2UH02
A0A6J2V620	A0A6J2V620
A0A6J2W3V0	A0A6J2W3V0
A0A6J2W920	A0A6J2W920
A0A6P3V8C7	A0A6P3V8C7
A0A6P3Y4E8	A0A6P3Y4E8
A0A6P4DZF8	A0A6P4DZF8
A0A6P4E4R1	A0A6P4E4R1
A0A6P4E769	A0A6P4E769
A0A6P4E769	B3DMZ7
A0A6P4E769	Q9VLF5
A0A6P4E769	A0A3B0JXQ2
A0A6P4E769	B3N7W6
A0A6P4E769	A0A6I8W2W0
A0A6P4E769	A0A9Q0BTZ7
A0A6P4E769	A0AAU9FDC4
A0A6P4E769	A0AB39ZNV7
A0A6P4E769	B3MUR5
A0A6P4E769	B4GJ91
A0A6P4E769	B4HYU1
A0A6P4E769	B4MU78
A0A6P4E769	A0A0J9QZW1
A0A6P4E769	A0A6P4JH15
A0A6P4E769	A0A6P8L4V2
A0A6P4EX27	A0A6P4EX27
A0A6P4EX27	Q9VKA8
A0A6P4EX27	Q9VKA9
A0A6P4EX27	B3N3W7
A0A6P4EX27	B3N3W6
A0A6P4EX27	B4P1Z2
A0A6P4EX27	A0A6P4IEF2
A0A6P4EX27	A0AB39ZXE9
A0A6P4EX27	B4N778
A0A6P4EX27	B4JBU3
A0A6P4EX27	A0A484B6A1
A0A6P4EX27	A0A6J1LFJ3
A0A6P4EX27	B4IE69
A0A6P4F117	A0A6P4F117
A0A6P4FCB7	A0A6P4FCB7
A0A6P4I1T8	A0A6P4I1T8
A0A6P4IME0	A0A6P4IME0
A0A6P6MZV0	A0A6P6MZV0
A0A6P7FWW6	A0A6P7FWW6
A0A6P7H9K0	A0A6P7H9K0
A0A6P7I9B3	A0A6P7I9B3
A0A6P7MB78	A0A6P7MB78
A0A6P7MB78	A0A6P7MD26
A0A6P8EZC5	A0A6P8EZC5
A0A6P8G533	A0A6P8G533
A0A6P8G533	A0ABD1JRF8
A0A6P8GBA4	A0A6P8GBA4
A0A6P8GP54	A0A6P8GP54
A0A6P8J7Y2	A0A6P8J7Y2
A0A6P8J7Y2	A1ZA64
A0A6P8J7Y2	D9PTT2
A0A6P8J7Y2	A0A484B5G4
A0A6P8J7Y2	A0A6J2TJD8
A0A6P8J7Y2	B4HCS2
A0A6P8J7Y2	B4JVV0
A0A6P8J7Y2	B4KTX7
A0A6P8J7Y2	A0A6P8XD31
A0A6P8J7Y2	A0ABM1PNU6
A0A6P8J7Y2	B4LJ04
A0A6P8J7Y2	A0A6I8UX84
A0A6P8J7Y2	A0A6P4HUC0
A0A6P8J7Y2	A0A9P9YG24
A0A6P8J7Y2	A0AB39ZPC7
A0A6P8J7Y2	B3MC14
A0A6P8J7Y2	B4QHC3
A0A6P8J7Y2	A0A6J1L774
A0A6P8J7Y2	B4HSG9
A0A6P8J7Y2	A0A6P4F4F1
A0A6P8J7Y2	A0AAU9GDM4
A0A6P8J7Y2	B3NQ04
A0A6P8J7Y2	B4MYF3
A0A6P8J7Y2	B4N3G4
A0A6P8J7Y2	A0A3B0J2G5
A0A6P8W9K1	A0A6P8W9K1
A0A6P8W9M1	A0A6P8W9M1
A0A6P8W9M1	A0AAD4KA35
A0A6P8WD23	A0A6P8WD23
A0A6P8ZPZ4	A0A6P8ZPZ4
A0A6P9A2J2	A0A6P9A2J2
A0A6V7LWR8	A0A6V7LWR8
A0A7E5W9N8	A0A7E5W9N8
A0A7E5W9N8	A0A9N8KZ06
A0A7F5RGZ5	A0A7F5RGZ5
A0A7G3AX75	A0A7G3AX75
A0A7I8VYE3	A0A7I8VYE3
A0A7J5XQI9	A0A7J5XQI9
A0A7J7R2F9	A0A7J7R2F9
A0A7J7R2F9	L5LF82
A0A7J7RFJ0	A0A7J7RFJ0
A0A7K8YPI6	A0A7K8YPI6
A0A7K9VW80	A0A7K9VW80
A0A7K9VW80	A0A8C5JLI4
A0A7K9VW80	A0A8C5NSY2
A0A7L0EV30	A0A7L0EV30
A0A7L0EV30	A0A7L0EFZ7
A0A7M6UPB5	A0A7M6UPB5
A0A834I0W1	A0A834I0W1
A0A834IUY8	A0A834IUY8
A0A834IUY8	A0A834IUU3
A0A834P085	A0A834P085
A0A834P4V4	A0A834P4V4
A0A834P4V4	A0A834K882
A0A834P4V4	A0A834NFL3
A0A834P4V4	A0ABD2BLP8
A0A834UGX0	A0A834UGX0
A0A834UGX0	A0A834KTD2
A0A834UGX0	A0ABD2CVN0
A0A834UGX0	P00769
A0A834UGX0	P00768
A0A834UGX0	A0ABD2C4Y3
A0A834UGX0	A0A834NUT8
A0A835CLE6	A0A835CLE6
A0A835ZJU3	A0A835ZJU3
A0A840IRN1	A0A840IRN1
A0A851DH59	A0A851DH59
A0A8B8HPI4	A0A8B8HPI4
A0A8B9C4K7	A0A8B9C4K7
A0A8B9C4K7	A0A8B9VAL7
A0A8B9EJJ7	A0A8B9EJJ7
A0A8B9EJJ7	A0A8B9C519
A0A8B9HJR6	A0A8B9HJR6
A0A8B9HJR6	A0ABD0RPB9
A0A8B9JK71	A0A8B9JK71
A0A8B9JK71	A0A8B9JJQ9
A0A8B9JK71	A0A8B9JKW8
A0A8B9JK71	A0A8B9R711
A0A8B9JK71	W5L485
A0A8B9JK71	A0A8B9JLE1
A0A8B9JK71	A0A8T2MI19
A0A8B9JK71	A0A8B9JKT9
A0A8B9LAK7	A0A8B9LAK7
A0A8D0HC60	A0A8D0HC60
A0A8D2IQJ6	A0A8D2IQJ6
A0A8D2LNC9	A0A8D2LNC9
A0A8D2LNC9	A0A8D2LLB1
A0A8D2LNC9	W5MBW1
A0A8D2LNC9	A0ABM1JNY8
A0A8D2LZW5	A0A8D2LZW5
A0A8D2Q0C6	A0A8D2Q0C6
A0A8D2Q974	A0A8D2Q974
A0A8D2Q974	A0A8D2M0B6
A0A8D2Q974	A0A8D0BBX3
A0A8D2Q974	A0A8D0BJE5
A0A8D8B317	A0A8D8B317
A0A8D8H2P2	A0A8D8H2P2
A0A8D8H2P2	A0A8D8JRF6
A0A8D8H2P2	A0ABD1CS18
A0A8D8H2P2	B0XCW2
A0A8D8H2P2	A0A8D8BCI3
A0A8D8K1S8	A0A8D8K1S8
A0A8D8K1S8	A0A8D8AZI2
A0A8D8K1S8	B0X4L0
A0A8D8K237	A0A8D8K237
A0A8D8K237	A0A1Q3FPF1
A0A8D8K237	A0A8D8F8B6
A0A8D8K237	B0WJK2
A0A8D8K237	A0A8D8F7J2
A0A8D8K237	A0ABD1CWM2
A0A8D8K237	B8RIV2
A0A8D8K237	A0A8D8APW0
A0A8D8K237	A0ABD1CX82
A0A8D8NM27	A0A8D8NM27
A0A8D8NM27	A0A8D8B7H1
A0A8D8NM27	A0A8D8JIC3
A0A8D8NM27	B0WBW1
A0A8D8NM27	A0A8D8AT59
A0A8D8NM27	A0A8D8NMG9
A0A8D8NM27	A0ABD1CRI9
A0A8D8NM27	A0ABD1DF80
A0A8D8NM27	E9P4Y2
A0A8D8NM27	E9P4Y8
A0A8D8NM27	O02570
A0A8D8NM27	A0A8D8AZD8
A0A8D8NM27	A0A8D8KPI7
A0A8D8NM27	E9P4X7
A0A8D8NM27	E9P4Y4
A0A8D8NM27	E9P4Y7
A0A8D8NM27	E9P4Z4
A0A8D8NM27	A0A8D8MSJ1
A0A8D8NM27	A0ABD1DPW5
A0A8D8NM27	E9P4X8
A0A8D8NM27	E9P4Y9
A0A8D8NM27	E9P4Z3
A0A8D8NM27	B0WF77
A0A8D8NM27	E9P4W6
A0A8D8NM27	E9P4X9
A0A8D8NM27	E9P4Y5
A0A8D8NM27	A0A8D8FCI6
A0A8D8NM27	A0A8D8MSX3
A0A8D8NM27	A0ABD1DF87
A0A8D8NM27	B0WDC9
A0A8I6RN27	A0A8I6RN27
A0A8I6RN27	A0A8I6RQD1
A0A8J0Q0V9	A0A8J0Q0V9
A0A8J1LA89	A0A8J1LA89
A0A8J1LA89	A0A8J1LCR9
A0A8J1LA89	Q66L05
A0A8J1LA89	A0A8J1LBU4
A0A8J2RAX7	A0A8J2RAX7
A0A8J2RAX7	A0A8J2R5A0
A0A8J2RAX7	A0A8J2W6I8
A0A8J2RAX7	A0A8J2R6J6
A0A8J2RAX7	A0A8J2WAB0
A0A8J2RMF6	A0A8J2RMF6
A0A8J2W0R5	A0A8J2W0R5
A0A8J4X3B6	A0A8J4X3B6
A0A8J4X3B6	A0A8J4U342
A0A8J4X3B6	A0A2D0R762
A0A8J6BFT5	A0A8J6BFT5
A0A9J7E6A4	A0A9J7E6A4
A0A9J7E6A4	A0A9P0IG94
A0A9J7E9Y2	A0A9J7E9Y2
A0A9J7E9Y2	Q3ZJD2
A0A9L0S4G4	A0A9L0S4G4
A0A9L0S4G4	Q9H2R5
A0A9L0S4G4	Q7JIG6
A0A9L0S4G4	Q8CGR4
A0A9L0S4G4	A0A2K5LRZ3
A0A9L0S4G4	A0A2K6NI54
A0A9L0S4G4	A0A2R9BX10
A0A9L0S4G4	A0A452S8N0
A0A9L0S4G4	A0A4W2E3W3
A0A9L0S4G4	H2NZT6
A0A9L0S4G4	A0A1R3UCK7
A0A9L0S4G4	A0A2I3GW65
A0A9L0S4G4	A0A2K6AD31
A0A9L0S4G4	A0A2Y9GHZ1
A0A9L0S4G4	G1M7A3
A0A9L0S4G4	G3S2Q6
A0A9L0S4G4	A0A2K5RRL1
A0A9L0S4G4	A0A2K6EVM0
A0A9L0S4G4	H0X891
A0A9L0S4G4	I3NDD1
A0A9L0S4G4	A0A0D9S529
A0A9L0S4G4	A0A2Y9GGK1
A0A9L0S4G4	A0A384BKY2
A0A9L0S4G4	A0A8J8YBV7
A0A9L0S4G4	A0A2K5IYR6
A0A9L0S4G4	A0A480E9A2
A0A9L0S4G4	A0A8B7FLS0
A0A9L0S4G4	A0A8C9A025
A0A9L0S4G4	E1BH96
A0A9L0S4G4	A0AA40HEP7
A0A9L0SZK2	A0A9L0SZK2
A0A9N7UVZ0	A0A9N7UVZ0
A0A9N7YRK7	A0A9N7YRK7
A0A9N8KZH5	A0A9N8KZH5
A0A9N8KZH5	A0A9N8PZN8
A0A9N8PXY4	A0A9N8PXY4
A0A9N8PXY4	A0A7E5WM93
A0A9N8Q2Z0	A0A9N8Q2Z0
A0A9N9MYB1	A0A9N9MYB1
A0A9N9RV78	A0A9N9RV78
A0A9N9S625	A0A9N9S625
A0A9N9S625	A0A9J6CIY7
A0A9N9T6T8	A0A9N9T6T8
A0A9N9T874	A0A9N9T874
A0A9N9T874	A0A6P7FVR9
A0A9N9WBS4	A0A9N9WBS4
A0A9N9WKK2	A0A9N9WKK2
A0A9N9X812	A0A9N9X812
A0A9N9XN34	A0A9N9XN34
A0A9N9Y4V1	A0A9N9Y4V1
A0A9N9ZLR7	A0A9N9ZLR7
A0A9N9ZLR7	A0AA35M321
A0A9N9ZLR7	A0A9N9UH61
A0A9N9ZLR7	A0A0B7K580
A0A9P0AM12	A0A9P0AM12
A0A9P0C2Q6	A0A9P0C2Q6
A0A9P0E6E0	A0A9P0E6E0
A0A9P0FX80	A0A9P0FX80
A0A9P0FX80	A0A9P0FW45
A0A9P0GU67	A0A9P0GU67
A0A9P0HEP6	A0A9P0HEP6
A0A9P0HEW2	A0A9P0HEW2
A0A9P0K324	A0A9P0K324
A0A9P0M4W8	A0A9P0M4W8
A0A9P0N4E0	A0A9P0N4E0
A0A9P0N4E0	A0A835KZS4
A0A9P0NKF4	A0A9P0NKF4
A0A9P0PU10	A0A9P0PU10
A0A9P0PU10	A0A9P0MHT8
A0A9P0TBB8	A0A9P0TBB8
A0A9P0TBB8	A0A9P0T8E0
A0A9P0TQ36	A0A9P0TQ36
A0A9P0TTW0	A0A9P0TTW0
A0A7K5AC04	A0A7K5AC04
A0A7K5G126	A0A7K5G126
A0A7K5UAH1	A0A7K5UAH1
A0A7K5UAH1	A0A7K6A270
A0A7K5UAH1	A0A7K8QXI9
A0A7K5UAH1	A0A7L2BPU4
A0A7K5UAH1	A0A7L2M0G2
A0A7K5UAH1	A0A7L2QJV7
A0A7K5UAH1	A0A851JKQ4
A0A7K5UAH1	A0A7L2YB84
A0A7K5UAH1	A0A852FG68
A0A7K5UAH1	A0A7K5DI14
A0A7K5UAH1	A0A7L3E8B7
A0A7K5UAH1	A0A7L3HYK0
A0A7K5UAH1	A0A7K5WYQ8
A0A7K5UAH1	A0A7L0LDY3
A0A7K5UAH1	A0A7L2NMU9
A0A7K5UAH1	A0A7K5PNH8
A0A7K5UAH1	A0A7L2DGV3
A0A7K5UAH1	A0A7L2DPG0
A0A7K5UAH1	A0A7K9RXJ5
A0A7K5UAH1	A0A7L2KAY5
A0A7K5UAH1	A0A851UGP8
A0A7K5UAH1	A0A7K6HWS9
A0A7K5UAH1	A0A850ZBP7
A0A7K5UAH1	A0A7K4VMY3
A0A7K5UAH1	A0A7K7GHW0
A0A7K5UAH1	A0A7L1CZC2
A0A7K5UAH1	A0A7L1R0X3
A0A7K5UAH1	A0A7L3M6Y7
A0A7K5UAH1	A0A852DNM7
A0A7K5UAH1	A0A852I6Z7
A0A7K5UAH1	A0A7K5MJU4
A0A7K5UAH1	A0A7K6XWS6
A0A7K5UAH1	A0A7K7ELI0
A0A7K5UAH1	A0A7K7JGU2
A0A7K5UAH1	A0A7K8A8C3
A0A7K5UAH1	A0A7K8H5U5
A0A7K5UAH1	A0A7K9KNG1
A0A7K5UAH1	A0A7K9PTD0
A0A7K5UAH1	A0A7L0QLP3
A0A7K5UAH1	A0A7L3QEM1
A0A7K5UAH1	A0A7L4J301
A0A7K5UAH1	A0A7K5JGX5
A0A7K5UAH1	A0A7K9GQR3
A0A7K5UAH1	A0A7K9NCI9
A0A7K5UAH1	A0A7L0YH94
A0A7K5UAH1	A0A7L1PPS8
A0A7K5UAH1	A0A7L1S329
A0A7K5UAH1	A0A7L2FR49
A0A7K5UAH1	A0A7L3UT87
A0A7K5UAH1	A0A850V5U6
A0A7K5UAH1	A0AA97MKK6
A0A7K5UAH1	A0A7K5E5N1
A0A7K5UAH1	A0A7K5QMR5
A0A7K5UAH1	A0A7K7ILM6
A0A7K5UAH1	A0A7K7TE25
A0A7K5UAH1	A0A7K7YWL8
A0A7K5UAH1	A0A7L1EVP3
A0A7K5UAH1	A0A7L4EVT1
A0A7K5UAH1	A0A851KPP1
A0A7K5UAH1	A0A852JTL3
A0A7K5UAH1	A0A7K4Q2V4
A0A7K5UAH1	A0A7K5SS24
A0A7K5UAH1	A0A7K7CRI1
A0A7K5UAH1	A0A7K7RZU5
A0A7K5UAH1	A0A7K8RMT5
A0A7K5UAH1	A0A7L0VPZ1
A0A7K5UAH1	A0A7L2K2Y4
A0A7K5UAH1	A0A851ZZ68
A0A7K5UAH1	A0A852AM57
A0A7K5UAH1	A0A852ESK0
A0A7K5UAH1	A0A7L1TR27
A0A7K6ENP1	A0A7K6ENP1
A0A7K6ZAI7	A0A7K6ZAI7
A0A7K6ZAI7	A0A7K5DQ66
A0A7K6ZAI7	A0A7K6QEM0
A0A7K6ZAI7	A0A7L1ES36
A0A7K7BFM8	A0A7K7BFM8
A0A7K7BFM8	A0A7K7A9R6
A0A7K7T9S9	A0A7K7T9S9
A0A7K7T9S9	A0A851FWP2
A0A7K7TLE9	A0A7K7TLE9
A0A7K7TLE9	A0A7K6DU11
A0A7K7TLE9	A0A7K6F0A1
A0A7K7TLE9	A0A7K6J5N5
A0A7K7TLE9	A0A7K6V7U4
A0A7K7TLE9	A0A7K6Y7L4
A0A7K7TLE9	A0A7K7XK72
A0A7K7TLE9	A0A7K8I0X5
A0A7K7TLE9	A0A7K8X055
A0A7K7TLE9	A0A7K9N0K4
A0A7K7TLE9	A0A7L2TZ94
A0A7K7TLE9	A0A8C3EKC5
A0A7K7TLE9	A0A8C3NP55
A0A7K7TLE9	A0A8D0F561
A0A7K7TLE9	A0A8K1GWV2
A0A7K7TLE9	A0A663MJL2
A0A7K7TLE9	A0A674HSB8
A0A7K7TLE9	A0A7K4XH66
A0A7K7TLE9	A0A7K5IBY1
A0A7K7TLE9	A0A7K5ST72
A0A7K7TLE9	A0A7K6AES7
A0A7K7TLE9	A0A7K6GIN2
A0A7K7TLE9	A0A7K7BR95
A0A7K7TLE9	A0A7K8CLK7
A0A7K7TLE9	A0A7K8RGK5
A0A7K7TLE9	A0A7K9A5L6
A0A7K7TLE9	A0A7L0B708
A0A7K7TLE9	A0A7L0R9W3
A0A7K7TLE9	A0A7L1TMU5
A0A7K7TLE9	A0A7L2CXR3
A0A7K7TLE9	A0A7L3IU22
A0A7K7TLE9	A0A7L3MQT3
A0A7K7TLE9	A0A7L3V0U6
A0A7K7TLE9	A0A852DP18
A0A7K7TLE9	A0A7K6F0K9
A0A7K7TLE9	A0A7K7DXL2
A0A7K7TLE9	A0A7L0TJZ4
A0A7K7TLE9	A0A7L3NV71
A0A7K7TLE9	A0A7L4GF91
A0A7K7TLE9	A0A7L4KIZ2
A0A7K7TLE9	A0A851M715
A0A7K7TLE9	A0A851VBK1
A0A7K7TLE9	A0A851W6R9
A0A7K7TLE9	A0A8U7MPJ6
A0A7K7TLE9	A0A3M0K7T1
A0A7K7TLE9	A0A7K4U942
A0A7K7TLE9	A0A7K5AXD0
A0A7K7TLE9	A0A7K7GP71
A0A7K7TLE9	A0A7K8ACH6
A0A7K7TLE9	A0A7K8Q633
A0A7K7TLE9	A0A7K8ZBD4
A0A7K7TLE9	A0A7K9GCL8
A0A7K7TLE9	A0A7K9LS80
A0A7K7TLE9	A0A7L1Z589
A0A7K7TLE9	A0A7L2I4B5
A0A7K7TLE9	A0A7L3QSA1
A0A7K7TLE9	A0A8C3M8U5
A0A7K7TLE9	A0A8U7MPK1
A0A7K7TLE9	A0A7K5L9M0
A0A7K7TLE9	A0A7K5VLL4
A0A7K7TLE9	A0A7K7BQU1
A0A7K7TLE9	A0A7K8EXB9
A0A7K7TLE9	A0A7K9IA01
A0A7K7TLE9	A0A7K9JHU4
A0A7K7TLE9	A0A7K9TJ41
A0A7K7TLE9	A0A7L0JB68
A0A7K7TLE9	A0A7L0XPU7
A0A7K7TLE9	A0A7L1D493
A0A7K7TLE9	A0A7L1WW40
A0A7K7TLE9	A0A7L3SHH0
A0A7K7TLE9	A0A7R5K916
A0A7K7TLE9	A0A851BWD0
A0A7K7TLE9	A0A851FUN1
A0A7K7TLE9	A0A852MNV5
A0A7K7TLE9	A0A8C3V7B5
A0A7K7TLE9	A0A8C5T6G2
A0A7K7TLE9	A0A6J2G9D2
A0A7K7TLE9	A0A6J2G976
A0A7K7TLE9	A0A7L1AG00
A0A7K7TLE9	A0A7K4PDQ6
A0A7K7TLE9	A0A7K5EN82
A0A7K7TLE9	A0A7K5WJN7
A0A7K7TLE9	A0A7K6P7I2
A0A7K7TLE9	A0A7L0Z4X0
A0A7K7TLE9	A0A7L1QZD9
A0A7K7TLE9	U3JYF3
A0A7K7TLE9	A0A7L2DQS9
A0A7K7TLE9	A0A7L3VFW9
A0A7K7TLE9	A0A7L1BPA5
A0A7K7TLE9	A0A7K7Z2N2
A0A7K7TLE9	A0A7K4QPE0
A0A7K7TLE9	A0A7K7LW03
A0A2K6KXW2	A0A2K6KXW2
A0A2K6TXI8	A0A2K6TXI8
A0A2K6TXI8	A0A2K5CZ37
A0A2K8JRD5	A0A2K8JRD5
A0A2W1BIE0	A0A2W1BIE0
A0A2W1BPN1	A0A2W1BPN1
A0A2Y9FII7	A0A2Y9FII7
A0A2Y9FII7	Q9P0G3
A0A2Y9FII7	A0AAA9SDM5
A0A2Y9FII7	F1MXS5
A0A2Y9FII7	A0A212DD18
A0A2Y9FII7	A0A5N3VUP0
A0A2Y9FII7	A0A6J3QGF9
A0A2Y9FII7	A0A8B8TNE1
A0A2Y9FII7	A0A8C0L450
A0A2Y9FII7	A0A8C0S2J0
A0A2Y9FII7	A0A8C3WNN4
A0A2Y9FII7	A0A8C9CW85
A0A2Y9FII7	L8IE38
A0A2Y9FII7	A0A1R3UCF5
A0A2Y9FII7	A0A1R3UCL4
A0A2Y9FII7	A0A1U7UNP2
A0A2Y9FII7	A0A5J5MW71
A0A2Y9FII7	A0A673VN59
A0A2Y9FII7	A0A6J3AW88
A0A2Y9FII7	A0A6P6H470
A0A2Y9FII7	A0A7J8C8B8
A0A2Y9FII7	A0A811ZT07
A0A2Y9FII7	A0A8B9XN47
A0A2Y9FII7	A0A8C6B193
A0A2Y9FII7	A0A8C7BY33
A0A2Y9FII7	A0AB34HCL5
A0A2Y9FII7	G1QC94
A0A2Y9FII7	A0A287BF31
A0A2Y9FII7	A0A2U3WM14
A0A2Y9FII7	A0A2Y9GDF2
A0A2Y9FII7	A0A384BKZ2
A0A2Y9FII7	A0A3Q2LMJ5
A0A2Y9FII7	A0A6P3I8E4
A0A2Y9FII7	A0A7J8CHE5
A0A2Y9FII7	A0A8B8TNY0
A0A2Y9FII7	A0A8C2PIV8
A0A2Y9FII7	A0A8C2UL53
A0A2Y9FII7	A0A1R3UHT1
A0A2Y9FII7	A0A3Q7MG03
A0A2Y9FII7	A0A452FY68
A0A2Y9FII7	A0A6J2EW87
A0A2Y9FII7	A0A6J3GRL4
A0A2Y9FII7	A0A6J3QH55
A0A2Y9FII7	A0A7J7SIR3
A0A2Y9FII7	A0A8C0ZMY7
A0A2Y9FII7	A0A8C5K0Y7
A0A2Y9FII7	A0A8C6DN50
A0A2Y9FII7	A0A9B0TQ13
A0A2Y9FII7	A0A9L0JWA0
A0A2Y9FII7	A0A9V1EG95
A0A2Y9FII7	A0A9X9PTH3
A0A2Y9FII7	D2I3K4
A0A2Y9FII7	A0A2Y9DVG6
A0A2Y9FII7	A0A2Y9L853
A0A2Y9FII7	A0A2Y9P346
A0A2Y9FII7	A0A383ZY14
A0A2Y9FII7	A0A4X1VNV2
A0A2Y9FII7	A0A7J7RFX6
A0A2Y9FII7	A0A8C0I3E2
A0A2Y9FII7	A0A8D2HZ41
A0A2Y9FII7	A0A8D2JT19
A0A2Y9FII7	A0A8I5TD24
A0A2Y9FII7	F1M091
A0A2Y9FII7	A0A8C2LW84
A0A2Y9FII7	A0A4U1FVH8
A0A2Y9FII7	A0A833YPX7
A0A2Y9FII7	A0A6J2MZB2
A0A2Y9FII7	H0XVB9
A0A2Y9FII7	A0A7J7EN59
A0A2Y9FII7	Q8CGR5
A0A2Y9FII7	A0A0D9S553
A0A2Y9FII7	A0A671EER0
A0A2Y9FII7	A0A8B7SM72
A0A2Y9FII7	A0A8C9AFP4
A0A2Y9FII7	A0A8D2ECP3
A0A2Y9FII7	A0A2I3NHR1
A0A2Y9FII7	A0A2K6E9N4
A0A2Y9FII7	A0A5F8AHB6
A0A2Y9FII7	A0A8C4PL88
A0A2Y9FII7	A0AAV0AF02
A0A2Y9FII7	A0A1U7RAT3
A0A2Y9FII7	A0A2K5INN8
A0A2Y9FII7	A0A2K6LZT6
A0A2Y9FII7	A0A6J3GRQ7
A0A2Y9FII7	A0A7J8CHI1
A0A2Y9FII7	A0A8C8XHN1
A0A2Y9FII7	A0A8C9HGG7
A0A2Y9FII7	G1R1G9
A0A2Y9FII7	G3QG86
A0A2Y9FII7	A0A1S3G4V2
A0A2Y9FII7	A0A2J8U9B5
A0A2Y9FII7	A0A2K5D776
A0A2Y9FII7	A0A2K5QQF0
A0A2Y9FII7	A0A2K6FRC0
A0A2Y9FII7	A0A8C5VGV3
A0A2Y9FII7	A0A8C6RYR9
A0A2Y9FII7	A0A2K6UD73
A0A2Y9FII7	A0A2R9CF76
A0A2Y9FII7	A0A485NJ08
A0A2Y9FII7	A0A6P3FQF0
A0A2Y9FII7	A0A7J7R1Y2
A0A2Y9FII7	A0A6P5Q498
A0A2Y9FII7	A0A5N4DPS6
A0A2Y9FII7	A0A5N4DQ85
A0A2Y9FII7	A0A643C9S4
A0A2Y9FII7	A0A8C6EPL1
A0A346FLD7	A0A346FLD7
A0A3B0J4Q9	A0A3B0J4Q9
A0A3B0J4Q9	A0AAU9FN51
A0A3B0J4Q9	B4H6U3
A0A3B1JW79	A0A3B1JW79
A0A3B1JW79	A0A8B9KW42
A0A3B3DMW5	A0A3B3DMW5
A0A3B3DMW5	A0A3B3DMM4
A0A3B3DMW5	A0A3S2PQ10
A0A3B3DMW5	A0A3B3C7B1
A0A3B3HU74	A0A3B3HU74
A0A3R6Z4X4	A0A3R6Z4X4
A0A3R7LVK5	A0A3R7LVK5
A0A3S3S2W2	A0A3S3S2W2
A0A401Q829	A0A401Q829
A0A452SXZ6	A0A452SXZ6
A0A484B6A6	A0A484B6A6
A0A484BHA5	A0A484BHA5
A0A484BHA5	B4KBU0
A0A498M5G9	A0A498M5G9
A0A498MXI7	A0A498MXI7
A0A498MXI7	A0ABD0MMN9
A0A498MXI7	A0A672LEY3
A0A498MXI7	A0A498LKW3
A0A498MXI7	A0A6P6M3N9
A0A498MXI7	A0A8C1HPM8
A0A498MXI7	A0ABD0MTB3
A0A498NPG0	A0A498NPG0
A0A498NPG0	A0A498L8V4
A0A4C1SWY6	A0A4C1SWY6
A0A4C1VUD7	A0A4C1VUD7
A0A4C1X9R5	A0A4C1X9R5
A0A4W4FYA3	A0A4W4FYA3
A0A667XBH0	A0A667XBH0
A0A667XBH0	A0A667WLE4
A0A667XBH0	A0A667X0N3
A0A667XBH0	A0A667WUH4
A0A667XBH0	A0A667X0S1
A0A669DCK8	A0A669DCK8
A0A669DCK8	A0A669CXJ6
A0A669E9H4	A0A669E9H4
A0A669E9H4	A0A668RL15
A0A669E9H4	A0A3Q3CYW9
A0A670IPI7	A0A670IPI7
A0A670K770	A0A670K770
A0A670YSX1	A0A670YSX1
A0A670YSX1	A0A8C5SH00
A0A670YSX1	A0AAW1B5Z3
A0A670YSX1	A0A670Z1F1
A0A670YSX1	A0A8C5SEC7
A0A670YSX1	A0A8C5SH11
A0A671KHS9	A0A671KHS9
A0A671KHS9	A0A671SIG0
A0A671KHS9	A0A8C1JNL0
A0A671KHS9	A0A671SIG2
A0A671KHS9	A0A8C1V1P1
A0A671KHS9	A0A8C2I2W7
A0A671KHS9	A0A6P6J241
A0A671LXX7	A0A671LXX7
A0A671LXX7	A0A671LXP7
A0A671LXX7	A0A671LYW0
A0A671LXX7	A0A671LZ17
A0A671LXX7	A0A671LXY6
A0A671LXX7	A0A671LXE1
A0A671LXX7	A0A671LZB2
A0A671LXX7	A0A671M0W8
A0A3B5LJE1	A0A3B5LJE1
A0A3B5LJE1	A0A3B3XAK4
A0A3B5LJE1	A0A087XBT3
A0A3B5LJE1	M4AD35
A0A3B5LJE1	A0A3B5LS35
A0A3B5LVW8	A0A3B5LVW8
A0A3B5LVW8	A0A3Q1J9F7
A0A3M0ILB0	A0A3M0ILB0
A0A3M0KZ11	A0A3M0KZ11
A0A3M0KZ11	A0A7K5CA28
A0A3M0KZ11	A0A7K7S4X5
A0A3M0KZ11	A0A7L0LJW0
A0A3M0KZ11	A0A7L1WA22
A0A3M0KZ11	A0A7L2A847
A0A3M0KZ11	A0A850VAD8
A0A3M0KZ11	A0A850XVT9
A0A3M0KZ11	A0A851EE75
A0A3M0KZ11	A0A851JHE0
A0A3M0KZ11	A0A851SMI0
A0A3M0KZ11	A0A852NGG5
A0A3M0KZ11	A0A7K4PSL6
A0A3M0KZ11	A0A7K5LSP1
A0A3M0KZ11	A0A7K8ANK4
A0A3M0KZ11	A0A7K8S9Z4
A0A3M0KZ11	A0A7L0V3C1
A0A3M0KZ11	A0A7L1EAB0
A0A3M0KZ11	A0A7L4EBZ8
A0A3M0KZ11	A0A851KSQ7
A0A3M0KZ11	A0A852EBQ6
A0A3M0KZ11	A0A7K4VFG3
A0A3M0KZ11	A0A7K9H152
A0A3M0KZ11	A0A7L1FYF2
A0A3M0KZ11	A0A7L1VHR3
A0A3M0KZ11	A0A7L2LB15
A0A3M0KZ11	A0A7L3EJR5
A0A3M0KZ11	A0A851KSY7
A0A3M0KZ11	A0A7K4UQL9
A0A3M0KZ11	A0A7K5MFJ4
A0A3M0KZ11	A0A7K5TC70
A0A3M0KZ11	A0A7K7QGI3
A0A3M0KZ11	A0A7K8ERG5
A0A3M0KZ11	A0A7K9JXL8
A0A3M0KZ11	A0A7L2QBL9
A0A3M0KZ11	A0A7L2ZN04
A0A3M0KZ11	A0A7L3UW75
A0A3M0KZ11	A0A850VBS8
A0A3M0KZ11	A0A851K3A0
A0A3M0KZ11	A0A852A1X9
A0A3M0KZ11	A0A852EIQ5
A0A3M0KZ11	A0A852JZ65
A0A3M0KZ11	A0A7K4TNA5
A0A3M0KZ11	A0A7K5C523
A0A3M0KZ11	A0A7K7C9F3
A0A3M0KZ11	A0A7K7PG94
A0A3M0KZ11	A0A7K7YAX7
A0A3M0KZ11	A0A7K8EJN0
A0A3M0KZ11	A0A7K9QQ29
A0A3M0KZ11	A0A7L2M4M3
A0A3M0KZ11	A0A852DZR1
A0A3M0KZ11	A0A7K4XF29
A0A3M0KZ11	A0A7K9RMC9
A0A3M0KZ11	A0A7L1SAJ9
A0A3M0KZ11	A0A7K8AE01
A0A3M0KZ11	H0YX74
A0A3M0KZ11	A0A7L3QBV1
A0A3M0KZ11	A0A674GB36
A0A3M0KZ11	A0A3M0KGU9
A0A3M0KZ11	A0A7K5M9G4
A0A3M0KZ11	A0A7K7Q1D0
A0A3M0KZ11	A0A7K7S4S5
A0A3M0KZ11	A0A852N6W9
A0A3M0KZ11	A0A3M0KGL2
A0A3M0KZ11	A0A7K5AYK1
A0A3M0KZ11	A0A7K5LEK0
A0A3M0KZ11	A0A7K5SMB4
A0A3M0KZ11	A0A7K7E429
A0A3M0KZ11	A0A7K9G289
A0A3M0KZ11	A0A7L3V469
A0A3M0KZ11	A0A851ZTD1
A0A3M0KZ11	A0A674H9X7
A0A3M0KZ11	A0A7K4VJX2
A0A3M0KZ11	A0A7K5L4Z0
A0A3M0KZ11	A0A7K6DNJ4
A0A3M0KZ11	A0A7L3UV14
A0A3M0KZ11	A0A850V4M3
A0A3M0KZ11	A0A3M0KGL3
A0A3M0KZ11	A0A7K6LXI4
A0A3M0KZ11	A0A7K6R3L0
A0A3M0KZ11	A0A7K7CUD4
A0A3M0KZ11	A0A7L1TR36
A0A3M0KZ11	A0A7L4KMV1
A0A3M0KZ11	A0A7K6R6J5
A0A3M0KZ11	A0A7K7I6B5
A0A3M0KZ11	A0A852BJA8
A0A3M0KZ11	A0A852B122
A0A3M0KZ11	A0A8C0V4J7
A0A3M0KZ11	A0A8C3N618
A0A3M0KZ11	A0A6I9HC19
A0A3M0KZ11	A0A852ABD9
A0A3M0KZ11	A0A7K4PSI0
A0A3M0KZ11	U3KC65
A0A3M0KZ11	A0A7L1DVA8
A0A3M0KZ11	A0A851B757
A0A3M0KZ11	A0A851J1A1
A0A3M0KZ11	A0A851WZ41
A0A3M0KZ11	A0A7K5IFT0
A0A3M0KZ11	A0A7K8A2E6
A0A3M0KZ11	A0A7L1LZY5
A0A3M0KZ11	A0A7K7G1Z7
A0A3M0KZ11	A0A7L2DDV1
A0A3M0KZ11	A0A7L3JYU5
A0A3M0KZ11	A0A7K4Q6W1
A0A3M0KZ11	A0A803WGJ1
A0A3M0KZ11	A0A7K4XI24
A0A3M7PLF8	A0A3M7PLF8
A0A3N0Z6V5	A0A3N0Z6V5
A0A3P9P3R9	A0A3P9P3R9
A0A3Q0GBN7	A0A3Q0GBN7
A0A3Q0GBN7	A0A1U7RAH1
A0A3Q0GBN7	H9GBW9
A0A3Q0GBN7	A0A151MSQ0
A0A3Q0GBN7	A0A151MSP2
A0A3Q0GBN7	A0A7M4E287
A0A3Q0GBN7	A0A3Q0G7E9
A0A3Q0GBN7	A0A7M4E249
A0A3Q0HNU7	A0A3Q0HNU7
A0A3Q0HNU7	A0A8C3T694
A0A3Q0J546	A0A3Q0J546
B4LK27	B4LK27
B4LLV2	B4LLV2
B4LUZ8	B4LUZ8
B4LUZ8	B4KFB8
B4LUZ8	A0A484AYX4
B4LUZ8	B4JQ66
B4LUZ8	A0A6J1LGU8
B4LUZ8	A0ABM1NXZ8
B4LUZ8	A0A6P8W0Y4
B4LUZ8	A0AAD4K602
B4MAW9	B4MAW9
B4MAW9	A0A484B716
B4MAW9	B4MT77
B4MAW9	B4L5G2
B4MLP3	B4MLP3
B4MLP3	Q9VRS8
B4MLP3	F2FBC1
B4MLP3	B3NCC6
B4MLP3	B4PJB4
B4MLP3	B4MLP4
B4MP43	B4MP43
B4MP43	A0A6I8UW54
B4MP43	B4GGG4
B4MP43	B4LJ09
B4MTQ7	B4MTQ7
B4N4S5	B4N4S5
B4N8X6	B4N8X6
B4N8X6	B4N8X7
B4N9L3	B4N9L3
B4NAL2	B4NAL2
B4NDT2	B4NDT2
B4NDT4	B4NDT4
B4NER5	B4NER5
A0A3B3UYY4	A0A3B3UYY4
A0A3B4AMB8	A0A3B4AMB8
A0A3B4B4D0	A0A3B4B4D0
A0A3B4CP04	A0A3B4CP04
A0A3B4DNH7	A0A3B4DNH7
A0A3B4DNH7	A0A3B4DMG8
A0A3B4DNH7	A0A3B4C7E4
A0A3B4DNH7	A0A3B4DYW4
A0A3B4DNH7	A0AAR2KPT6
A0A3B4DNH7	A0A3B4BTR1
A0A3B4DNH7	A0A3B4CD28
A0A3B4DNH7	A0A3B4BTU3
A0A3B4DNH7	A0A3B4DNI7
A0A3B4DNH7	A0A3B4DWB4
A0A3B4DNH7	A0A3B4C4Q8
A0A3B4DNH7	A0A3B4C8U9
A0A3B4DNH7	A0A3B4C5A0
A0A3B4DNH7	A0AAR2IXV1
A0A3B4DNH7	A0A3B4BTE8
A0A3B4DZL7	A0A3B4DZL7
A0A3B4DZL7	A0A3B4DYP1
A0A3B4TBZ1	A0A3B4TBZ1
A0A3B4XB15	A0A3B4XB15
A0A3B4XB15	A0A3Q3N921
A0A2Y9MHE8	A0A2Y9MHE8
A0A2Y9MHE8	G3MWP1
A0A2Y9MHE8	G3TTJ8
A0A2Y9MHE8	A0A4W2IHL4
A0A2Y9MHE8	A0A8C0C434
A0A2Y9MHE8	A0A8C9D1Y4
A0A2Y9MHE8	A0A452G4S6
A0A2Y9MHE8	A0A8D1C199
A0A2Y9MHE8	A0A8C4MVE7
A0A2Y9MHE8	A0A8C9BSK3
A0A2Y9MHE8	A0A6P7E5Q5
A0A2Y9MHE8	A0A2U3YB47
A0A2Y9MHE8	A0A6G1B2U7
A0A2Y9MHE8	A0A2Y9FTD4
A0A2Y9MHE8	A0A5J5N7F5
A0A2Y9MHE8	A0A667GH03
A0A2Y9MHE8	A0A6B0RNI0
A0A2Y9MHE8	L5L7N9
A0A2Y9MHE8	A0A2Y9IB60
A0A2Y9MHE8	A0AB34GDL9
A0A2Y9MHE8	A0A2Y9DPT2
A0A2Y9MHE8	A6K8V8
A0A2Y9MHE8	Q3UP87
A0A2Y9MHE8	I3NBW6
A0A2Y9MHE8	A0A8C2V9J8
A0A2Y9MHE8	A0A8D2KJW2
A0A2Y9MHE8	A0A6P5QJQ8
A0A2Y9MHE8	A0A8C6QCZ5
A0A2Y9MHE8	A0A8C8VX59
A0A2Y9MHE8	A0A8C5ZGU3
A0A2Y9MHE8	A0A8C9AI48
A0A2Y9MHE8	A0A1U8CG70
A0A2Y9MHE8	A0A8C5KEP9
A0A2Y9MHE8	A0A8C0XRB7
A0A2Y9MHE8	A0A5E4BGL8
A0A2Y9MHE8	A0A834QCB0
A0A2Y9MHE8	A0A2K5Q0C1
A0A2Y9MHE8	Q8MJD1
A0A2Y9MHE8	F7BI10
A0A2Y9MHE8	A0A8C0R2Q3
A0A2Y9MHE8	A0A2K6TPN2
A0A2Y9MHE8	A0A2K5CJ55
A0A2Y9MHE8	A0A3Q7V607
A0A2Y9MHE8	A0A3L7HHY4
A0A2Y9MHE8	M3YDC3
A0A2Y9MHE8	A0A8C7A7L9
A0A2Y9MHE8	A0A2K6GIR2
A0A2Y9MHE8	A0A8B7F053
A0A2Y9MHE8	A0A8B9WTF2
A0A2Y9MHE8	A0A452QMF0
A0A2Y9MHE8	A0A8C6AIC9
A0A2Y9MHE8	A0A8C3VRV7
A0A2Y9MHE8	A0A8C6E5Y2
A0A2Y9MHE8	A0A671FHC9
A0A2Y9MHE8	G1PGB6
A0A7N5P2N2	A0A7N5P2N2
Q80UR4	Q80UR4
Q80UR4	A6HD17
Q80UR4	A0A6P5NXA5
Q80UR4	A0A8C6H1D6
A0A8I5XFF7	A0A8I5XFF7
A0A8I5XFF7	P17977
A0A8I5XFF7	A0A061IJ91
A0A8I5XFF7	P28293
A0A8I5XFF7	A0A6P5R582
A0A8I5XFF7	A0A8C5K4V8
A0A8I5XFF7	A0A8C6HFA6
A0A8I5XFF7	A0A8C8TV73
A0A8I5XFF7	G1PXG6
A0A8I5XFF7	A0A8C9DMK6
A0A8I5XFF7	A0A8C5XJA4
A0A8I5XFF7	A0A287BDI2
A0A8I5XFF7	A0A1U7UFI2
A0A8I5XFF7	A0A8C6RRM8
A0A8I5XFF7	A0A8D2ASL3
A0A8I5XFF7	I3MB95
A0A8I5XFF7	A0A8C5ZGE4
A0A8I5XFF7	A0A5E4BBL9
A0A8I5XFF7	A0A8C0W6T2
A0A8I5XFF7	A0A8C0W698
A0A8I5XFF7	A0A8C0ZN44
A0A8I5XFF7	A0A8C0W5N5
A0A8I5XFF7	P08311
A0A8I5XFF7	G3RD46
A0A8I5XFF7	A0A2R8ZD14
A0A8I5XFF7	A0A0D9RTH0
A0A8I5XFF7	A0A2K5TQK4
A0A8I5XFF7	A0A2K6LT05
A0A8I5XFF7	A0A2K5D270
A0A8I5XFF7	A0A2K5N4X4
A0A8I5XFF7	A0A2K5ZFW1
A0A8I5XFF7	A0A2K6F6M9
A0A8I5XFF7	A0A2K6QC35
A0A8I5XFF7	F7GU54
A0A8I5XFF7	A0A096NXD2
A0A8I5XFF7	A0A2I3GCR3
A0A8I5XFF7	A0A2K6C8M2
A0A8I5XFF7	H2NKX7
A0A8C2M979	A0A8C2M979
A0A8C2M979	O54854
A0A8C2M979	Q91Y82
A0A8C2M979	O88301
A0A8C2M979	A0A8C8TK48
A0A8C2M979	A0A6P5Q2D0
A0A8C2M979	A0A8C6N274
A0A8C2PEV8	A0A8C2PEV8
A0A8C2PEV8	Q9UKQ9
A0A8C2PEV8	Q32M27
A0A8C2PEV8	E1BJ72
A0A8C2PEV8	G3V934
A0A8C2PEV8	A0A1S3A981
A0A8C2PEV8	A0A485NJ11
A0A8C2PEV8	A0A4X1VUR8
A0A8C2PEV8	A0A5N3VJF1
A0A8C2PEV8	A0A667I8M7
A0A8C2PEV8	A0A673VCM7
A0A8C2PEV8	A0A8B7SP06
A0A8C2PEV8	A0A8B9XQ35
A0A8C2PEV8	A0A8C0S5W1
A0A8C2PEV8	A0A8C7BZY8
A0A8C2PEV8	A0A1R3UDU8
A0A8C2PEV8	A0A2Y9LDG8
A0A8C2PEV8	A0A341DDZ2
A0A8C2PEV8	A0A3Q7MG52
A0A8C2PEV8	A0A3Q7UR63
A0A8C2PEV8	A0A452EIW5
A0A8C2PEV8	A0A7J7RFY8
A0A8C2PEV8	A0A8C0W1V8
A0A8C2PEV8	A0AB34HGS6
A0A8C2PEV8	A0A2U3WM09
A0A8C2PEV8	A0A2Y9GGJ1
A0A8C2PEV8	A0A5J5MXL1
A0A8C2PEV8	A0A6J2N1M8
A0A8C2PEV8	A0A8C0R407
A0A8C2PEV8	A0A8C6B4A3
A0A8C2PEV8	A0A2K5HZD8
A0A8C2PEV8	A0A7J8CHG4
A0A8C2PEV8	A0A811ZUK5
A0A8C2PEV8	A0A8C6DHS0
A0A8C2PEV8	F6QBI7
A0A8C2PEV8	A0A2U3Y7U4
A0A8C2PEV8	A0A2Y9P4D2
A0A8C2PEV8	A0A2Y9SDE5
A0A8C2PEV8	A0A671EKS2
A0A8C2PEV8	A0A6P5D9B0
A0A8C2PEV8	A0A7J7R1Q9
A0A8C2PEV8	A0A7J8C8C3
A0A8C2PEV8	A0A7N5JCI1
A0A8C2PEV8	A0A8B6YA44
A0A8C2PEV8	A0A8B8VWW4
A0A8C2PEV8	A0A8C3WME8
A0A8C2PEV8	A0A8C4LMB4
A0A8C2PEV8	A0A8C9CLG6
A0A8C2PEV8	A0A9X9PVI8
A0A8C2PEV8	A0A7J7R1J7
A0A8C2PEV8	A0A7J8C845
A0A8C2PEV8	A0A7J7RFS2
A0A8C2Q4W5	A0A8C2Q4W5
A0A8C2Q4W5	E7FCZ0
A0A8C2Q4W5	A0A671NDZ5
A0A8C2Q4W5	A0A672NX75
A0A8C2Q4W5	A0A672NXJ0
A0A8C2Q4W5	A0A6P6MQD2
A0A8C2Q4W5	A0A8C2AFL7
A0A8C2Q4W5	A0A671NFJ0
A0A8C2Q4W5	A0A671NHL7
A0A8C2Q4W5	A0A8C1X3A3
A0A8C2Q4W5	A0A672NW03
A0A8C2Q4W5	A0A673LQ01
A0A8C2Q4W5	A0AAN9CCL4
A0A8C2Q4W5	A0A553RI14
A0A8C2Q4W5	A0A671NFE4
A0A8C2Q4W5	A0A672NWE5
A0A8C2Q4W5	A0A672NXD6
A0A8C2Q4W5	A0A8C1LMJ7
A0A8C2Q4W5	A0A9J7X8S9
A0A8C2Q4W5	A0AAW1ZZD1
A0A8C2Q4W5	A0A671NLI6
A0A8C2Q4W5	A0A672NWY1
A0A8C2Q4W5	A0AA88TCS1
A0A8C2Q4W5	A0A671NE15
A0A8C2Q4W5	A0A671NHN0
A0A8C2Q4W5	A0A672NXJ3
A0A8C2Q4W5	A0A672NZN2
A0A8C2Q4W5	A0A672P3Z8
A0A8C2Q4W5	A0A672NZ91
A0A8C2Q4W5	A0A671NLP8
A0A8C2Q4W5	A0A671NL42
A0A8C2Q4W5	A0A8J4UEI9
A0A8C2Q4W5	A0A671NHQ7
A0A8C2Q4W5	A0A4W4EYN0
A0A8C2Q4W5	A0A4W4F148
A0A8C2Q4W5	A0AAD5AED6
A0A8C2Q4W5	A0A5A9NHF1
A0A8C2Q4W5	A0A9Q1FKN8
A0A8C2Q4W5	A0ABD1JW89
A0A8C2Q4W5	A0A2D0TBE5
A0A8C2Q4W5	A0A3B4DTJ9
A0A8C2Q4W5	A0A6J2VR28
A0A8C2Q4W5	A0AAY4DDA7
A0A8C2Q4W5	A0A8B9L8J7
A0A8C3C5N1	A0A8C3C5N1
A0A8C3C5N1	A0A8C3C228
A0A8C3C5N1	A0A8C3GJD7
A0A8C3C5N1	A0A8C3C1I8
A0A8C3E8X7	A0A8C3E8X7
A0A8C3E8X7	A0A7K5KC03
A0A8C3E8X7	A0A7K5RDB4
A0A8C3E8X7	A0A7K6AKF1
A0A8C3E8X7	A0A7K8Q0I8
A0A8C3E8X7	A0A850VVZ2
A0A8C3E8X7	A0A7L0D7L0
A0A8C3E8X7	A0A7L1B5E2
A0A8C3E8X7	A0A7L3XMX4
A0A8C3E8X7	A0A7K8TUS4
A0A8C3E8X7	A0A7L4I200
A0A8C3E8X7	A0A7L4LYU8
A0A8C3E8X7	A0A8J4J061
A0A8C3E8X7	A0A8S9EUH1
A0A8C3E8X7	A0A8J4LCU3
A0A8C3E8X7	A0A7K8HP23
A0A8C3E8X7	A0A7K7BTP7
A0A8C3E8X7	A0A7L4N7P1
A0A8C3E8X7	A0A7L2UPF2
A0A8C3E8X7	A0A7L3R8Q0
A0A8C3E8X7	A0A7L3TQQ0
A0A8C3E8X7	A0A8C4UCI1
A0A8C3E8X7	A0A8D2PR59
A0A8C3E8X7	A0A8D2PS38
A0A8C3E8X7	A0A8C5TMH7
A0A8C3E8X7	A0A8D2QUB2
A0A8C3E8X7	A0A7K4WJK5
A0A8C3E8X7	A0A7K5GH30
A0A8C3E8X7	A0A7L1HHC7
A0A8C3E8X7	A0A7K5XGQ1
A0A8C3E8X7	A0A7L2VC41
A0A8C3E8X7	A0A7K6KTM3
A0A8C3UYA5	A0A8C3UYA5
A0A8C4LVS2	A0A8C4LVS2
A0A8C4LVS2	U6D1X7
A0A8C4LVS2	G1P378
A0A8C4MU66	A0A8C4MU66
A0A8C4MU66	A0A340XN85
A0A8C4MU66	A0A341AZF0
A0A8C4MU66	A0A7J7XG91
A0A8C4MU66	A0A8D1C2I1
A0A8C4MU66	A0AB34GDK3
A0A8C4MU66	B8XTS0
A0A8C4MU66	A0A2Y9MQT6
A0A8C4MU66	A0A452E0M8
A0A8C4MU66	A0A5N3WAX6
A0A8C4MU66	A0A6J3RAS1
A0A8C4MU66	A0A8C6AGU5
A0A8C4MU66	A0A8C6FSH6
A0A8C4MU66	A0A8C9EAZ0
A0A8C4MU66	A0AAD4Y807
A0A8C4MU66	L5L6K7
A0A8C4MU66	A0A452EI21
A0A8C4MU66	A0A5J5N3H1
A0A8C4MU66	A0A6P3RGA1
A0A8C4MU66	A0A8C0C5H2
A0A8C4MU66	A0A8C2SDZ1
A0A8C4MU66	L5LTK3
A0A8C4MU66	A0A6P3YLU6
A0A8C4MU66	A0A8B8X439
A0A8C4MU66	A0A8C6AF95
A0A8C4MU66	A0A8D1VB40
A0A8C4MU66	E1BP32
A0A8C4MU66	A0AAA9S6Z5
A0A8C4MU66	A0A6B0RNI7
A0A8C4MU66	L8ISS6
A0A8C4MU66	A0A4W2IL66
A0A8C4MU66	A0A2K6EM67
A0A8C4MU66	A0ABD2DBZ0
A0A8C4MU66	A0A341B0Z0
A0A8C4MU66	A0A4U1EVW2
A0A8C4MU66	A0A8B7AXV6
A0A8C4MU66	A0ABD2DBJ7
A0A8C4MU66	A0A671E412
A0A8C4MU66	A0A6J0Y680
A0A8C4MU66	A0A212D0K7
A0A8C4MU66	S7PJ42
A0A8C4MU66	A0A7J8BR48
A0A8C4MU66	A0A7J8I823
A0A8C4MU66	G1PD12
A0A8C4MU66	A0A6J2MG44
A0A8C4MU66	A0A8C3VRV4
A0A8C4MU66	A0A8C6EIK5
A0A8C4PNQ9	A0A8C4PNQ9
A0A8C4PNQ9	A5PK33
A0A8C4PNQ9	A0A2Y9FJM6
A0A8C4PNQ9	A0A8C0LLL4
A0A8C4PNQ9	A0A8D0IC88
A0A8C4PNQ9	U6DV53
A0A8C4PNQ9	A0A2Y9QCP4
A0A8C4PNQ9	A0A8B0SWN4
A0A8C4PNQ9	A0A8C3VSG6
A0A8C4PNQ9	A0A8C8X116
A0A8C4PNQ9	M3Y8J0
A0A8C4PNQ9	A0A6P3IMD7
A0A8C4PNQ9	A0A8B8X2R7
A0A8C4PNQ9	A0A8C6AH74
A0A8C4PNQ9	A0A8C9BP84
A0A8C4PNQ9	A0A8C9JIS2
A0A8C4PNQ9	L8J4W7
A0A8C4PNQ9	A6I5Q9
A0A8C4PNQ9	A0A096MNY1
A0A8C4PNQ9	F7GV29
A0A8C4PNQ9	A0A7N9I974
A0A8C4PNQ9	A0A8C2MNM5
A0A8C4PNQ9	A0A8C8U8J5
A0A8C4PNQ9	A0A1U7Q692
A0A8C4PNQ9	G3SQC4
A0A8C4PNQ9	A0A452SU74
A0A8C4PNQ9	A0A2K6N5U3
A0A8C4PNQ9	A0A2K6UDG9
A0A8C4PNQ9	F7HX95
A0A8C4PNQ9	A0A2K5C3H2
A0A8C4PNQ9	A0A2K5P8Y4
A0A8C4PNQ9	A0A8C6CGA1
A0A8C4PNQ9	A0A2K6FU46
A0A8C4PNQ9	A0A8C9A2A2
A0A8C4PNQ9	A0A8C5V062
A0A8C4PNQ9	A0A1U7U5E8
A0A8C4PNQ9	A0A8D2BCZ1
A0A8C4PNQ9	A0A8C2V2Z8
A0A8C4PNQ9	A0A8C6RPH3
A0A8C4PNQ9	A0A452DTT4
A0A8C4PNQ9	A0A671EQ28
A0A8C4PNQ9	H0V503
A0A8C4PUS7	A0A8C4PUS7
A0A8C4RIC7	A0A8C4RIC7
A0A8C4RNE4	A0A8C4RNE4
A0A8C4RP10	A0A8C4RP10
A0A8C4RS33	A0A8C4RS33
A0A8C4RS79	A0A8C4RS79
A0A8C4RS79	A0A8C4RQ84
A0A8C4RS79	A0A8C4X508
A0A8C4RTE9	A0A8C4RTE9
A0A8C4TB87	A0A8C4TB87
A0A8C4XC88	A0A8C4XC88
A0A8C4XC88	A0A8C4SR29
A0A8C4XC88	A0A8C4XC90
A0A8C4XC88	A0A8C4SR60
A0A6P6H7S3	A0A6P6H7S3
A0A6P6PH18	A0A6P6PH18
A0A6P6PH18	A0A8C1F2J9
A0A6P6PH18	A0A8C1R7S8
A0A6P6PH18	A0A8C1NMG3
A0A6P7EYP1	A0A6P7EYP1
A0A6P7MFK8	A0A6P7MFK8
A0A6P8IAY9	A0A6P8IAY9
A0A6P8N8U8	A0A6P8N8U8
A0A6P8UDF8	A0A6P8UDF8
A0A6P8XA50	A0A6P8XA50
A0A6Q2Y4P7	A0A6Q2Y4P7
A0A6Q2Y4P7	A0A6Q2YRL8
A0A7E4VPZ1	A0A7E4VPZ1
A0A7E5W1K4	A0A7E5W1K4
A0A7E5W1K4	A0A7E5W0V7
A0A7E5W3Q5	A0A7E5W3Q5
A0A7E5W3Q5	A0A7E5W4R5
A0A7E5W3Q5	A0AAD7YQG5
A0A7E5WFB0	A0A7E5WFB0
A0A7E5WFB0	A0A9P0FVA8
A0A7E5WMD8	A0A7E5WMD8
A0A7E5WMD8	A0A9P0C303
A0A7J7FLK2	A0A7J7FLK2
A0A3Q0RZA2	A0A3Q0RZA2
A0A3Q0SB13	A0A3Q0SB13
A0A3Q1HFQ1	A0A3Q1HFQ1
A0A3Q3EMX2	A0A3Q3EMX2
A0A3Q3FQ11	A0A3Q3FQ11
A0A3Q3FRF4	A0A3Q3FRF4
A0A3Q3MN96	A0A3Q3MN96
A0A3Q3MN96	A0AAN8AM53
A0A3Q3PYZ8	A0A3Q3PYZ8
A0A3Q3RBX3	A0A3Q3RBX3
A0A3Q3RBX3	A0A3Q3KNK1
A0A3Q3RBX3	A0A3Q3RC00
A0A3Q3RBX3	A0A3Q3M109
A0A3Q3RBX3	A0A8S4BIE8
A0A3Q3RBX3	A0A671WMW4
A0A3Q3RBX3	A0A665WY21
A0A3Q3RBX3	A0AAV1ES90
A0A3Q3RBX3	A0A2U9BGN7
A0A3Q3RBX3	A0A6G0J375
A0A3Q3RBX3	A0AAV1N8W6
A0A3Q3RBX3	A0A8D3A2L6
A0A3Q3RBX3	A0A3P8V1N6
A0A3Q3RBX3	A0A9W2XU26
A0A3Q3RBX3	A0A3B4XIW2
A0A3Q3RBX3	A0ABD2GYM4
A0A3Q3RBX3	A0A6I9P779
A0A3Q3RBX3	A0AAN7Y808
A0A3Q3RBX3	G3NY73
A0A3Q3RBX3	A0A6J2PR86
A0A3Q3RBX3	A0A0F8AHU9
A0A3Q3VRP7	A0A3Q3VRP7
A0A3Q3VRP7	A0A3Q3VRL7
A0A3Q3X5J7	A0A3Q3X5J7
A0A3Q3X5J7	A0A3B5MKL9
A0A3Q3X5J7	A0A3Q3WG11
A0A3Q3X5J7	A0A3Q3WNS5
A0A3Q3X5J7	A0A4W5MAY3
A0A3Q3X5J7	A0A3B5MG14
A0A3Q3X5J7	A0A3Q3WE30
A0A3Q3X5J7	A0A4W5M9C5
A0A3Q3X5J7	A0A3B5M6G3
A0A3Q3X5J7	A0A3Q3X683
A0A3Q3X5J7	A0A8C6NK39
A0A3Q3X5J7	A0A1A8UZ04
A0A3Q3X5J7	A0A3B5M4G9
A0A3Q3X5J7	A0A3B5M5L9
A0A3Q3X5J7	A0A3B5MKL0
A0A3Q3X5J7	A0A6G1PNB5
A0A3Q3X5J7	A0A8C9S791
A0A3Q3X5J7	A0A0P7WL38
A0A3Q3X5J7	A0A3B5M609
A0A3Q3X5J7	A0A8T2IGK6
A0A3Q3X5J7	A0ABD0WXE1
A0A3Q3X5J7	A0A8J6EMH3
A0A3Q3X5J7	A0A3Q3IUA3
A0A852IYG6	A0A852IYG6
A0A8B7NYQ9	A0A8B7NYQ9
A0A8B7NYQ9	A0A6A0GVD8
A0A8B7RSE0	A0A8B7RSE0
A0A8B8IF88	A0A8B8IF88
A0A8B8IF88	A0AAU9U1N2
A0A8B9NW95	A0A8B9NW95
A0A8B9NW95	A0A8B9V8C7
A0A8B9NW95	A0A8B9SKU4
A0A8B9NW95	A0A8C3C8N2
A0A8B9T725	A0A8B9T725
A0A8C0JAE5	A0A8C0JAE5
A0A8C0JCB9	A0A8C0JCB9
A0A8C0QEK6	A0A8C0QEK6
A0A8C0XF84	A0A8C0XF84
A0A8C1A838	A0A8C1A838
A0A8C1A838	A0A9Q9VNF9
Q7SYF1	Q7SYF1
P0CG03	P0CG03
P0CG03	Q072L6
P0CG03	A0A1Y0DIB6
P0CG03	A0A2I7YS51
Q27083	Q27083
Q76B45	Q76B45
P08897	P08897
P08897	A0A5B9T3C1
P05620	P05620
P05620	P82981
P05620	A0A077L6P3
P05620	A0A1W7RJX1
P05620	A0A194AQC1
P05620	Q9YGS1
P05620	Q2PQJ3
P05620	A0A2I7YS89
P05620	Q5W959
P05620	P0DJF5
P05620	A0A1W7RJU6
P0DJE9	P0DJE9
P18965	P18965
P18965	P18964
Q7PPZ8	Q7PPZ8
Q7PPZ8	A0A182XEX3
Q7PPZ8	A0A6E8VLE0
Q7PPZ8	A0A8W7PP03
Q7PPZ8	A0A1I8JTI2
Q7RTY9	Q7RTY9
Q14B24	Q14B24
Q14B24	Q6IE59
Q14B24	Q6UWY2
Q9QYZ9	Q9QYZ9
Q9QYZ9	P83748
P09650	P09650
P09650	P21812
P09650	P50340
P09650	Q91VB1
P09650	P97592
P09650	P00770
P09650	P11034
Q06606	Q06606
Q06606	P97594
Q06606	P43430
P11033	P11033
P11033	P08884
P11033	P08883
P11033	P13366
P12788	P12788
P12788	A0A8I5ZN99
P35003	P35003
P39675	P39675
P39675	P49275
P39675	O97370
P49276	P49276
Q5FBW2	Q5FBW2
Q5FBW2	Q5FBW1
C6ZDB5	C6ZDB5
P26324	P26324
P35049	P35049
P43685	P43685
P81824	P81824
P0DJF6	P0DJF6
P0DJF6	O13063
P0DJF6	Q71QI2
P0DJF6	K0IV83
P0DJF6	O13058
P0DJF6	O42207
P0DJF6	Q802F0
P0DJF6	A0A194APB8
P0DJF6	A0A194ARJ8
P0DJF6	B5U6Y3
P0DJF6	E0Y421
Q6H321	Q6H321
Q6H321	A0A9L0SMP3
Q6H321	A0A8C4LRB5
Q6H321	A0A452GEN4
P16295	P16295
P16295	Q19UG4
P16295	Q19UG1
P16295	Q19UG2
P16295	Q19UG3
P16295	Q19UG5
P16295	Q19UH5
P16295	Q19UH8
P16295	Q19UH9
P16295	Q19UI1
P16295	Q19UG9
P16295	Q19UG8
P16295	Q19UI4
P16295	Q19UI5
P16295	Q19UI3
P16295	Q19UJ0
P16295	Q19UG6
P23605	P23605
P23605	P23604
P35036	P35036
P35036	A0A182U9U3
P35036	A0A182VGJ0
P35036	A0A1Y9GKV0
P35036	A0A8W7Q4Q7
P35036	A0A240PL34
P35036	A0A1Y9J0J4
P35036	A0A6E8VUV9
P35036	P35041
P35036	A0A182V8R1
P35036	A0A6E8VUT1
P35036	A0A182ICF6
P35036	A0A182XL71
P35036	A0A182U4C7
P35036	A0A8W7PE36
P35036	A0A182T760
P35036	P35037
P35036	A0A182TJQ8
P35036	A0A182V8D5
P35036	A0A6E8VVI4
P35036	A0A1S4GXU9
P35036	A0A8W7Q4U1
P35036	A0A182PCQ7
P35036	A0A1Y9J180
P35036	A0A240PL37
P35036	P35038
P35036	A0A8W7Q4T2
P35036	A0A1Y9GLA7
P35036	A0A1Y9J0S1
P35036	A0A182TVG7
P35036	A0A1Y9IS50
P35036	A0A6E8VWD6
P35039	P35039
P35039	A0A1Y9IS53
P35039	A0A1Y9J0R7
P35039	A0A8W7Q4Q1
P35039	A0A6E8VWI8
P35039	A0A1Y9GKU4
P35039	P35040
P35039	A0A182UTX3
P35039	A0A8W7Q4Q9
P35039	A0A1Y9GLA3
P35039	A0A182XL69
P35039	A0A6E8VUV5
P35039	A0A1Y9HDW4
P35039	A0A240PNH9
P35039	A0A240PPX9
Q9TXD8	Q9TXD8
A6NIE9	A6NIE9
A6NIE9	A0A8B7RXU6
A6NIE9	A0A8C7BQ40
A6NIE9	A0A8C7EU89
A6NIE9	A0A8U0MR94
A6NIE9	A0A8C7BGR5
A6NIE9	A0A8C7BN76
Q14B25	Q14B25
Q5M8S2	Q5M8S2
Q5M8S2	Q6IE63
Q8K4I7	Q8K4I7
Q8K4I7	A0A8C6N269
Q8K4I7	A0A8C6I3U0
O35164	O35164
O35164	Q00356
P15119	P15119
Q9QUL7	Q9QUL7
A0A6J1W8N1	A0A6J1W8N1
C1IBY0	C1IBY0
D8MIA3	D8MIA3
D8MIA3	D8MIA2
D8MIA3	Q8JH85
D8MIA3	A0A194APA8
D8MIA3	A0A1W7RJU0
D8MIA3	A0A1W7RJX4
D8MIA3	E5L0E3
A0AAV8VQK7	A0AAV8VQK7
A0AAV8VRR4	A0AAV8VRR4
A0AAV8WFB0	A0AAV8WFB0
A0AAV8YUM2	A0AAV8YUM2
A0AAV8YUR5	A0AAV8YUR5
A0AAW0P7G5	A0AAW0P7G5
A0AAW0UV15	A0AAW0UV15
A0AAW0XWV9	A0AAW0XWV9
A0AAW0ZEH9	A0AAW0ZEH9
A0AAW0ZEH9	A0A0L7R6K5
A0AAW0ZEH9	A0A9B7CYH1
A0AAW0ZEH9	A0AA40FNN2
A0AAW0ZEH9	A0AAJ7JFB2
A0AAW0ZLR3	A0AAW0ZLR3
A0AAW0ZLR3	A0AAW0ZND1
A0AAW1B639	A0AAW1B639
A0AAW1CQ45	A0AAW1CQ45
A0AAW1CQ45	A0AAW1CJC3
A0AAW1D1F9	A0AAW1D1F9
A0AAW1TJL6	A0AAW1TJL6
A0AAW1UFR7	A0AAW1UFR7
A0AAW1UJ37	A0AAW1UJ37
A0AAW1V9K8	A0AAW1V9K8
A0AAW1ZM23	A0AAW1ZM23
A0AAW2ABF6	A0AAW2ABF6
A0AAW2ABF6	A0A673GUE7
A0AAW2ABF6	A0A673GSX6
A0AAW2ABF6	A0A673GUP9
A0AAW2ABF6	A0A673GSA8
A0AAW2ABF6	A0A673GTU6
A0AAW2ABF6	A0A673GU11
A0AAW2ABF6	A0A673GUB3
A0AAW2ABF6	A0A671L725
A0AAW2ABF6	A0A673GSK9
A0AAW2ABF6	A0A673GU14
A0AAW2G9Q6	A0AAW2G9Q6
A0AAW2G9Q6	A0A195DI59
A0AAW2G9Q6	Q7SIG2
A0AAW2G9Q6	F4WBT3
A0AAW2G9Q6	A0A158NW95
A0AAW2G9Q6	A0A195BEB8
A0AAW2HI88	A0AAW2HI88
A0AAY4A4U8	A0AAY4A4U8
A0AAY4DAI5	A0AAY4DAI5
A0AAY4DAI5	A0AAY4D9U7
A0AAY4EQP4	A0AAY4EQP4
A0AAY5EXZ3	A0AAY5EXZ3
A0AAY5KUC9	A0AAY5KUC9
A0AAY5KUC9	A0A6Q2YUJ0
A0AAZ3SRY0	A0AAZ3SRY0
A0AAZ3SRY0	Q561U4
A0AAZ3SRY0	A0A672LRW8
A0AAZ3SRY0	A0A6Q2XJH8
A0AAZ3SRY0	A0A4W5KQK8
A0AAZ3SRY0	A0A667XTI0
A0AAZ3SRY0	A0A671Q8V7
A0AAZ3SRY0	A0A673WAV4
A0AAZ3SRY0	A0A674DY66
A0AAZ3SRY0	A0A6J2UJQ9
A0AAZ3SRY0	A0A6J2UKF7
A0AAZ3SRY0	A0A8C1CHE2
A0AAZ3SRY0	A0A8C2K9Y1
A0AAZ3SRY0	A0A8C6TXM2
A0AAZ3SRY0	A0AA47MJ27
A0AAZ3SRY0	A0A5A9PNH5
A0AAZ3SRY0	A0A672LDJ9
A0AAZ3SRY0	A0A8C6TVY5
A0AAZ3SRY0	A0A8C7IUU6
A0AAZ3SRY0	A0AAN9DTI6
A0AAZ3SRY0	A0A673MEV1
A0AAZ3SRY0	A0A6P6KIV5
A0AAZ3SRY0	A0A9W7X4W9
A0AAZ3SRY0	A0AAN8LU32
A0AAZ3SRY0	A0ABD0XIM8
A0AAZ3SRY0	A0A4W5NHC8
A0AAZ3SRY0	A0A673W1G4
A0AAZ3SRY0	A0A7J6CVM2
A0AAZ3SRY0	A0A8C7P9Z0
A0AAZ3SRY0	A0A8U0Q8R1
A0AAZ3SRY0	A0AAW2AGM7
A0AAZ3SRY0	P80646
A0AAZ3SRY0	A0A3P8R2T0
A0AAZ3SRY0	A0A3P8R224
A0AAZ3SRY0	A0A3P8UQA9
A0AAZ3SRY0	A0A3P8UYR6
A0AAZ3SRY0	A0A3P9AAB8
A0AAZ3SRY0	A0A3P9H9K0
A0AAZ3SRY0	A0A3P9K0D8
A0AAZ3SRY0	A0A3P9LP26
A0AAZ3SRY0	A0A671KM41
A0AAZ3SRY0	A0A673M6J7
A0AAZ3SRY0	A0A8C1MPB6
A0AAZ3SRY0	A0A8C9Z8W1
A0AAZ3SRY0	A0A6A5FG14
A0AAZ3SRY0	A0AAV7L0N5
A0AAZ3SRY0	A0AAV7L6E2
A0AAZ3SRY0	A0ABD1JNL6
A0AAZ3SRY0	F7J8C1
A0AAZ3SRY0	Q9PWQ6
A0AAZ3SRY0	A0A3P8RII1
A0AAZ3SRY0	A0AAQ5ZIM9
A0AAZ3SRY0	A0A5C6NLI7
A0AAZ3SRY0	Q4SEW3
A0AAZ3SRY0	A0A671VC72
A0AAZ3SRY0	A0A3Q1FUP8
A0AAZ3SRY0	G5EMR0
A0AAZ3SRY0	A0A672FTH6
A0AAZ3SRY0	A0A6G0J2J7
A0AAZ3SRY0	A0A9Q0DUK9
A0AAZ3SRY0	A0A9Q0DQK1
A0AAZ3SRY0	A0A9Q1IBQ2
A0AAZ3SRY0	A0AAW0Q6G9
A0AAZ3SRY0	A0A3P8UJ65
A0AAZ3SRY0	A0A3B3HV43
A0AAZ3SRY0	A0A3Q2WF38
A0AAZ3SRY0	A0A8C7ZEB8
A0AAZ3SRY0	A0A8C7ZIP3
A0AAZ3SRY0	A0AAV6G4U7
A0AAZ3SRY0	A0AA88NCE8
A0AAZ3SRY0	A0AA88Q5P2
A0AAZ3SRY0	A0A3B3ZT01
A0AAZ3SRY0	A0A3B4GPH8
A0AAZ3SRY0	A0A3Q1IFU4
A0AAZ3SRY0	A0A4U5TW10
A0AAZ3SRY0	A0A553MTK4
A0AAZ3SRY0	A0A6G0J2W5
A0AAZ3SRY0	A0A6P7M2M4
A0AAZ3SRY0	A0A834C1A0
A0AAZ3SRY0	A0A3B3DUI1
A0AAZ3SRY0	A0AAR2K1S8
A0AAZ3SRY0	A0AAR2K169
A0AAZ3SRY0	A0AAR2IS73
A0AAZ3SRY0	A0AAY4F0L7
A0AAZ3SRY0	A0A3Q2QRJ0
A0AAZ3SRY0	A0A3Q2PKG2
A0AB39YYA1	A0AB39YYA1
A0AB39YYA1	A0ABM5GWY4
A0AB39YYA1	A0A6P4DYZ2
A0AB39YYA1	A0A9Q0BJQ7
A0AB39YYA1	B3NVL1
A0AB39YYA1	B4Q1T5
A0AB39YYA1	Q9VXC9
A0AB39YYA1	A0A6P8KTL8
A0AB39YYA1	B4R616
A0AB39YYA1	B4IER6
A0AB39ZIX8	A0AB39ZIX8
A0AB39ZIX8	A0A6P4F836
A0AB39ZIX8	Q9VRD1
A0AB39ZIX8	Q9VRD0
A0AB39ZIX8	A0A6P8KME8
A0AB39ZIX8	B3NY52
A0AB39ZIX8	B4I6C3
A0AB39ZIX8	B4PYL0
A0AB39ZIX8	B4R3C1
A0AB39ZIX8	A0A6P8KUV6
A0AB39ZIX8	A0AB39ZL64
A0AB39ZIX8	B4PYK9
A0AB39ZIX8	A0A9P9YDQ5
A0AB39ZIX8	B4I6C2
A0AB39ZIX8	B4R3C0
A0AB39ZIX8	A0A6P4FH05
A0AB39ZIX8	A0A9P9YCV0
A0AB39ZIX8	B3NY53
A0AB39ZIX8	A0A6P4INR2
A0AB39ZIX8	A0A6P4IM85
A0AB39ZIX8	A0AAU9G128
A0AB39ZIX8	A0A3B0KNH2
A0AB39ZIX8	A0A6I8UGI8
A0AB39ZW68	A0AB39ZW68
A0AB39ZW68	B4IU77
A0AB39ZWR6	A0AB39ZWR6
A0ABD0SM29	A0ABD0SM29
A0ABD0STP7	A0ABD0STP7
A0ABD0STP7	A0ABD0SY36
A0ABD0T1W4	A0ABD0T1W4
A0ABD0T2E1	A0ABD0T2E1
A0ABD0T5K0	A0ABD0T5K0
A0ABD0TJC8	A0ABD0TJC8
A0ABD0TK03	A0ABD0TK03
A0ABD0TLC4	A0ABD0TLC4
A0A7M6UV29	A0A7M6UV29
A0A7M7IM18	A0A7M7IM18
A0A7M7IM18	A0A7M6US53
A0A7M7IM18	A0A7M7H941
A0A7M7IQW6	A0A7M7IQW6
A0A7M7PXX5	A0A7M7PXX5
A0A7M7PXX5	A0A232EZ29
A0A7M7PXX5	A0A7M6W8H0
A0A7M7QNZ4	A0A7M7QNZ4
A0A7N6FLW1	A0A7N6FLW1
A0A7N6FLW1	A0A3Q1JV11
A0A7N6FLW1	A0A3Q1JP14
A0A7N6FLW1	A0A3Q1KG91
A0A7N6FLW1	A0AAQ6IR05
A0A7N9AZJ2	A0A7N9AZJ2
A0A7N9AZJ2	A0A7N8Y117
A0A7R8UYD1	A0A7R8UYD1
A0A7R8WKE4	A0A7R8WKE4
A0A7R8YVE9	A0A7R8YVE9
A0A7R9HTV6	A0A7R9HTV6
A0A7R9KR10	A0A7R9KR10
A0A7R9KRK1	A0A7R9KRK1
A0A7R9LKZ1	A0A7R9LKZ1
A0A7R9LKZ1	A0A7R9QIY8
A0A7R9M1H3	A0A7R9M1H3
A0A7R9M3G4	A0A7R9M3G4
A0A7R9M3G4	A0A7R9MH45
A0A7R9MKQ8	A0A7R9MKQ8
A0A7R9PVS9	A0A7R9PVS9
A0A7S2N3J2	A0A7S2N3J2
A0A7W7H2D8	A0A7W7H2D8
A0A803J9F5	A0A803J9F5
A0A803SM14	A0A803SM14
A0A803SM14	A0A803SNP4
A0A803SM14	A0A803TUE4
A0A803SM14	A0A6J0SF27
A0A803SM14	A0A9Q0X6C2
A0A803SM14	A0A670JGQ8
A0A803SM14	A0A803TDR6
A0A803SM14	A0AA97KE98
A0A803SM14	A0AA97KI82
A0A803TJD6	A0A803TJD6
A0A803VE20	A0A803VE20
A0A811ZKF2	A0A811ZKF2
A0A811ZKF2	A0A5E4A6M9
A0A811ZKF2	A0A9L0S4Q1
A0A811ZKF2	A0A671EEZ8
A0A811ZKF2	A0A8C5W536
A0A811ZKF2	A0A8C7AIW1
A0A811ZKF2	A0A3Q0E7J7
A0A811ZKF2	A0A2J8VVQ9
A0A811ZKF2	A0A3Q0E417
A0A819M7Z6	A0A819M7Z6
A0A821R2P8	A0A821R2P8
A0A821R2P8	A0A821R5X8
A0A821SK75	A0A821SK75
A0A821SK75	A0A9P0TPA6
A0A834CRL7	A0A834CRL7
A0A834IN97	A0A834IN97
A0A834IN97	A0A834MJM9
A0A834IN97	A0A834MEK8
A0A834JAX1	A0A834JAX1
A0A834MGK7	A0A834MGK7
A0A834XW37	A0A834XW37
A0A834XXC4	A0A834XXC4
A0A834Y377	A0A834Y377
A0A834Y377	A0A834Y3L4
A0A834Y4V1	A0A834Y4V1
A0A835GLL5	A0A835GLL5
A0A835GLL5	A0A9J7EP12
A0A835GLL5	A0A9P0N1A7
A0A835GLL5	A0A7E5W8R8
A0A835GLL5	A0AAD8DNK0
A0A835L2L2	A0A835L2L2
A0A836K0F1	A0A836K0F1
A0A840NJV1	A0A840NJV1
B4KM64	B4KM64
B4KWQ1	B4KWQ1
B4KXH6	B4KXH6
B4KXH6	B4LFV0
B4KZJ9	B4KZJ9
B4LE61	B4LE61
B4LE61	A0A6J1LBF1
B4LEZ9	B4LEZ9
B4LHE0	B4LHE0
B4LHR2	B4LHR2
B4LQ53	B4LQ53
B4LZH5	B4LZH5
B4M667	B4M667
B4M667	B4KBT7
B4MIW8	B4MIW8
B4MLM3	B4MLM3
B4MLM3	Q9VRT2
B4MLM3	B4L9Q0
B4MLM3	B4MLM4
B4MLQ2	B4MLQ2
B4MV74	B4MV74
B4MV74	Q8IQ10
B4MV74	A0A6P4JT74
B4MV74	A0AAD4PMB8
B4MV74	B3MP30
B4MV74	A0A6J2U4T0
B4MV74	A0A6P4F5Z8
B4MV74	A0A6P8K3Y6
B4MV74	A0A9P9YV48
B4MV74	B4JQG1
B4MV74	A0AB39Z0G1
B4MV74	B4NXX8
B4MV74	A0A6I8VZF6
B4MV74	B3N333
B4MV74	B4G9F7
B4MV74	B4I2Z7
B4MV74	B4LRU7
B4N8Y8	B4N8Y8
B4N8Y8	Q9VGC0
B4N8Y8	B3LZM6
B4N9K9	B4N9K9
B4NF96	B4NF96
B4P0K0	B4P0K0
B4P0V8	B4P0V8
B4P0V8	Q9VJR8
B4P0V8	A0A0J9R205
B4P0V8	B3N5L1
B4P4H8	B4P4H8
B4P4H8	Q4V3S6
B4P4H8	A0JQ46
B4P4H8	A0A6P4E5B9
B4P4H8	B4NSH6
B4P4H8	A0A6P4HMI2
B4P4H8	A0AAU9GF00
B4P4H8	B4HQI6
B4P4H8	A0A6P8J844
B4P4H8	A0A3B0J3M2
B4P4H8	B3NRL2
B4P4H8	A0AB39ZU85
B4P6I8	B4P6I8
B4P6I8	P35005
B4P6I8	P54627
B4P6I8	B3NSH8
B4P6I8	Q6XI43
B4P6I8	A0A0M3QVF0
B4P6I8	A0A6P8X567
B4P6I8	A0A9Q0BPR3
B4P6I8	A0AAU9GBW1
B4P6I8	A0A0J9RAC1
B4P6I8	A0A6P4ES03
B4P6I8	A0A6P4IVE7
B4P6I8	A0A6P8JBP9
B4P6I8	A0AB39Z938
B4P6I8	B4GGG2
B4P6I8	A0A3B0JN02
B4P6I8	A0A6I8UVK7
B4P6I8	B3MFA1
B4P6I8	B4LJ11
B4P6I8	B4MR42
B4P6I8	A0A484B803
B4P6I8	B4JVV5
B4P6I8	B4KTX0
B4P6I8	A0A6J1L2V3
B4P6I8	A0ABM1PLQ2
B4P7A1	B4P7A1
B4P7A1	B3NQ99
B4P7A1	A1ZA39
B4P8Y4	B4P8Y4
B4PZX7	B4PZX7
B4Q1T9	B4Q1T9
B4Q1T9	B3NVL5
B4Q1T9	A0A6P4JBH5
B4Q1T9	A0A6P4E246
B4Q1T9	A0ABM5GZ11
B4Q1T9	Q9VXC5
B4Q1T9	A0A6P8L421
B4Q1T9	A0AB39YY80
B4Q1T9	A0A9P9YC28
B4Q1T9	B3MWA6
B4Q1T9	A0AAU9FZK4
B5DTT4	B5DTT4
B5DTT4	A0A6I8V1M4
B5DTT4	B4GKA1
B5DTT4	Q9W5U8
B5DTT4	A0A6P4E2S3
B5DTT4	A0A6P8LDR5
B5DTT4	B3NM33
B5DTT4	B4PBJ1
B5DTT4	B4QAI2
B5DTT4	A0A6P4HU37
B5DTT4	A0AAD4K3K5
B5DTT4	A0AB39ZYC6
B5DTT4	B3MKV2
B5DTT4	B4N136
B5DTT4	A0A6P8XT39
B5DTT4	B4N135
B6D1Q7	B6D1Q7
B9X253	B9X253
C3KJU3	C3KJU3
C3W4P7	C3W4P7
A0A8B9TEZ4	A0A8B9TEZ4
A0A8B9TEZ4	A0A6J3EBJ9
A0A8B9TEZ4	A0A6I8QPJ5
A0A8B9TEZ4	Q6GPY5
A0A8B9TEZ4	F6R8M2
A0A8B9TEZ4	A0A1L8HIF2
A0A8B9TEZ4	F7C356
A0A8B9TEZ4	Q8QGF6
A0A8B9TEZ4	A0A6I8RBC3
A0A8B9TEZ4	A0A8T2JGG2
A0A8B9TEZ4	A0A6I8PV22
A0A8B9TEZ4	A0A6I8RE43
A0A8B9TEZ4	A0A7L0MUF1
A0A8B9TEZ4	H3BI50
A0A8B9WTG6	A0A8B9WTG6
A0A8C0CLY5	A0A8C0CLY5
A0A8C0LJG0	A0A8C0LJG0
A0A8C0LJG0	A0A5F7ZN62
A0A8C0LJG0	A0A8I5NRU2
A0A8C0LJG0	A0A671DSU7
A0A8C0LJG0	A0A2Y9FT44
A0A8C0LJG0	A0A8C6FAW0
A0A8C0LJG0	A0A1U7UF62
A0A8C0PU13	A0A8C0PU13
A0A8C0PU13	P19236
A0A8C1CFS8	A0A8C1CFS8
A0A8C1CFS8	A0A8C1QR63
A0A8C1KW84	A0A8C1KW84
A0A8C1QWG7	A0A8C1QWG7
A0A8C1QWG7	A0A8C1M1R6
A0A8C1QWG7	A0A8C1M2Z6
A0A8C1QWG7	A0A8C1M588
A0A8C1QWG7	A0A671Q1D3
A0A8C1QWG7	A0A673KBB9
A0A8C1QWG7	A0A8C1M030
A0A8C1QWG7	A0A8C1XMT8
A0A8C1QWG7	A0A8C1XW35
A0A8C1QWG7	A0A8C1XTC7
A0A8C1QWG7	A0A8C0YPU3
A0A8C1QWG7	A0A9Q9X805
A0A8C1QWG7	A0A6P6R6T9
A0A8C1QWG7	A0A8C2ECG6
A0A8C1QWG7	A0A671Q4C1
A0A8C1QWG7	A0A8C1XQG0
A0A8C1QWG7	A0A671Q2W2
A0A8C1QWG7	A0A671Q9X1
A0A8C1QWG7	A0A671Q4W0
A0A8C1QWG7	A0A671Q4Y3
A0A8C1QWG7	A0A671QAL8
A0A8C1QWG7	A0A673K5B3
A0A8C1QWG7	A0A673K9E2
A0A8C1QWG7	A0A671Q1C8
A0A8C1QWG7	A0A673K9K9
A0A8C1QWG7	A0A673KBF1
A0A8C1QWG7	A0A671Q2A2
A0A8C1QWG7	A0A671Q4Q6
A0A8C1QWG7	A0A673K5J1
A0A8C1QWG7	A0A673K258
A0A8C1QWG7	A0A673K677
A0A8C1REC6	A0A8C1REC6
A0A8C1X6Z1	A0A8C1X6Z1
A0A8C1X6Z1	A0A8C1E5A4
A0A8C1X6Z1	A0A8C1ACA7
A0A8C2HMQ8	A0A8C2HMQ8
A0A7J8G0H2	A0A7J8G0H2
A0A7K4X755	A0A7K4X755
A0A7K6G8X3	A0A7K6G8X3
G9MZZ8	G9MZZ8
H0VLD3	H0VLD3
H0VLD3	A0A8C0ZN42
H0VLD3	A0A8C0W7Y3
H0VLD3	H0WY45
H0VUR5	H0VUR5
H0VUR5	P12323
H0VUR5	H0WDC5
H0VUR5	A0A8C2V2M2
H0VUR5	A0A6P6DRC0
H0VZE1	H0VZE1
H0X534	H0X534
H0XJL5	H0XJL5
H2L8P8	H2L8P8
H2LXT2	H2LXT2
H3AFF0	H3AFF0
H3CMH7	H3CMH7
H3DEU3	H3DEU3
H3GRH9	H3GRH9
H3GRH9	H3H4B6
H3GRH9	H3GUG9
H3GRK2	H3GRK2
H9G5K5	H9G5K5
H9G5K5	P40313
H9GPR9	H9GPR9
I3L7Z2	I3L7Z2
J3JVK5	J3JVK5
J7MF51	J7MF51
K0K7C3	K0K7C3
K4R1F9	K4R1F9
K4R1F9	A0A177HGI0
K4R1F9	A0AAI8PM54
K4R1F9	A0AB39SJ97
K4R1F9	A0A2N9B454
K4R1F9	A0AB39Q8D5
K4R1F9	A0AB39QZ35
K4R1F9	A0A0K2B0R9
K4R1F9	A0AB39N739
K9J7U7	K9J7U7
M3ZG05	M3ZG05
M3ZG05	A0A3B3VNK9
M3ZG05	A0A3B3WF80
M3ZG05	A0A087XS93
M4BNK7	M4BNK7
N6UDT5	N6UDT5
Q01136	Q01136
A0A182JA34	A0A182JA34
A0A182JG64	A0A182JG64
A0A182JG64	A0A182MSW8
A0A182JG64	A0A182QBP0
A0A182JH66	A0A182JH66
A0A182JH66	A0AAG5D4A3
A0A182KGT7	A0A182KGT7
A0A182KGT7	A0A182SJ21
A0A182MRA0	A0A182MRA0
A0A182PP23	A0A182PP23
A0A182QET1	A0A182QET1
A0A182QET1	A0A182P239
A0A182QET1	A0AAG5DCJ0
A0A182QQG4	A0A182QQG4
A0A182QRY3	A0A182QRY3
A0A182QS42	A0A182QS42
A0A182QSI1	A0A182QSI1
A0A182SQ70	A0A182SQ70
A0A182SYG9	A0A182SYG9
A0A182SYG9	A0A182TII5
A0A182SYG9	A0A182MMI4
A0A182SYG9	A0A1Y9J0H5
A0A182SYG9	A0A1I8JUK7
A0A182SYG9	A0A1Y9IVV6
A0A182UEP7	A0A182UEP7
A0A182UEP7	A0AAG5DS60
A0A182W926	A0A182W926
A0A182X7U0	A0A182X7U0
A0A182Y3G3	A0A182Y3G3
A0A1A9UD76	A0A1A9UD76
A0A1A9UD76	A0A1B0C3J9
A0A1A9UD76	A0A9C5Z4I4
A0A1A9UD76	A0A1B0F9S8
A0A1A9UD76	A0A1A9X5G4
A0A1A9WPP6	A0A1A9WPP6
A0A1A9WPP6	A0A1B0ALE3
A0A1A9WPP6	A0A1A9ZZT8
A0A1A9WPP6	A0A1A9VZ00
A0A1B0B946	A0A1B0B946
A0A1B0BR19	A0A1B0BR19
A0A1B0C8T5	A0A1B0C8T5
A0A1B0DA37	A0A1B0DA37
A0A1B0DPM0	A0A1B0DPM0
A0A1B0DPM0	A0A7G3B196
A0A1B0DPM0	A0A1L8DQH5
A0A1B0DPM0	A0A1B0CUP1
A0A1B0DPM0	A4UCN4
A0A1B0DPM0	Q7Z0G0
A0A1B0DPM0	A0A1L8DQU1
A0A1B0DPM0	A0A1L8DQE6
A0A1B0DPM0	A0A1L8DQQ8
A0A1B0DPM0	A0A7G3ABS4
A0A1B0FN36	A0A1B0FN36
A0A1B0FN36	A0A1B0FMH6
A0A1B0FN36	A0A1A9VYZ9
A0A226EQC5	A0A226EQC5
A0A401RIM0	A0A401RIM0
A0A4Z2HM26	A0A4Z2HM26
A0A4Z2HM26	A0A9Y3RNQ4
A0A4Z2HM26	A0A3B4GI89
A0A4Z2HM26	A0AAD9BBH5
A0A5N3ULK1	A0A5N3ULK1
A0A5N3ULK1	A0A5N3ULK2
A0A5N5SLQ7	A0A5N5SLQ7
A0A6A5EJ93	A0A6A5EJ93
A0A7M7JQT4	A0A7M7JQT4
A0A7M7JQT4	A0A1V9XB34
A0A922M328	A0A922M328
A0A9J6G3M4	A0A9J6G3M4
A0A9J6H3X3	A0A9J6H3X3
A0A9Y3VWZ8	A0A9Y3VWZ8
A0A9Y3VWZ8	A0A3B4FG07
A0AAE0UNP3	A0AAE0UNP3
A0AAW0JSK8	A0AAW0JSK8
A0AAW0JSK8	B4DPC8
A0AAW0JSK8	A0A1U7SL76
A0AAW0JSK8	U6DRF1
A0AAW0JSK8	A0A212C1P3
A0AAW0JSK8	G9KIN6
A0AAW0JSK8	A0ABM0Q5A8
A0AAW0U933	A0AAW0U933
A0AAY4A3I9	A0AAY4A3I9
A0AAY4A9C2	A0AAY4A9C2
A0AAY4A9C2	A0AAY4A9H8
A0AAY4A9C2	A0AAY4A6Z6
A0AAY4A9C2	A0AAY4A9E9
A0AAY4A9C2	A0AAY4A497
A0ABD0S0X1	A0ABD0S0X1
F7B2A5	F7B2A5
F7B2A5	Q9Y5K2
F7B2A5	A0A0C4DFQ5
F7B2A5	Q96JE0
F7B2A5	Q96JE2
F7B2A5	Q4VB17
F7B2A5	A0A0A0MVJ6
F7B2A5	A0A0D9S540
F7B2A5	A0A2Y9GHY1
F7B2A5	A0A8C8XD89
F7B2A5	F7C5J0
F7B2A5	G1R1C5
F7B2A5	G3QU55
F7B2A5	A0A2K6BUF8
F7B2A5	A0A2R9BZA4
F7B2A5	A0A2Y9EKL6
F7B2A5	A0A2J8U913
F7B2A5	A0A8C0L4G7
F7B2A5	Q9XSN6
F7B2A5	A0A2K5QAZ4
F7B2A5	A0A2K5XYZ1
F7B2A5	A0A2K6S6H8
F7B2A5	M3XR71
F7B2A5	A0A2I2ZN98
F7B2A5	A0A2K5DCP6
F7B2A5	A0A6I9IEP8
F7B2A5	A0A6J2F5Z8
F7B2A5	A0A8C3WC43
F7B2A5	A0A8C9PR94
F7B2A5	A0A2Y9P4E2
F7B2A5	A0A673VKQ4
F7B2A5	A0A6J3GRD0
F7B2A5	A0A6J3QH69
F7B2A5	A0A1R3UDF4
F7B2A5	A0A2K6L188
F7B2A5	A0A3Q7MF92
F7B2A5	A0A8M1GA11
F7B2A5	A0A9L0RZV0
F7B2A5	A0A9L0T5R5
F7B2A5	A0A9W3EEM4
F7B2A5	G1M6X9
F7B2A5	A0A2K5I8E9
F7B2A5	A0A2Y9LDX3
F7B2A5	A0A3Q2HWA1
F7B2A5	A0A8C9DQN8
F7B2A5	A0A8D2E0H1
F7B2A5	A0A9L0JP34
F7B2A5	A0A9L0SP04
F7B2A5	A0A2K5TZV1
F7B2A5	A0A2U3WM03
F7B2A5	A0A667I7N8
F7B2A5	A0A6J1XKI7
F7B2A5	A0A8C7BD36
F7B2A5	A0A8C9H9N4
F7B2A5	A0A8C9PP08
F7B2A5	A0A9L0JC98
F7B2A5	A0A9L0R966
F7B2A5	A0ABD2D887
F7B2A5	Q96JE1
F7B2A5	H0XRN5
F7B2A5	A0A8B9XPY4
F7B2A5	F1MLB5
F7B2A5	A0A8C6DFZ5
F7B2A5	A0A452G215
F7B2A5	L8IH74
F7B2A5	A0A835ZV00
F7B2A5	A0A8B9XXC0
F7B2A5	A0A8C6F495
F7B2A5	A0A8C9CRW7
F7B2A5	A0A340XTE5
F7B2A5	A0A8U0RYL7
F7B2A5	A0A8C6EPQ1
F7B2A5	I3M070
F7B2A5	A0A2K6FIP0
F7B2A5	A0A1U7UY64
F7B2A5	A0A8D2I3D6
F7B2A5	A0A3Q0DHU7
F7B2A5	A0A5N3VIZ0
F7B2A5	A0A5J5MY04
F7B2A5	A0A9V1EGA4
F7B2A5	A0A8D1NWS1
F7B2A5	A0A8C9PSP2
F7B2A5	A0A8C9PKD3
G1SPK1	G1SPK1
G5E365	G5E365
A0A182W3L9	A0A182W3L9
A0A2I0TYQ9	A0A2I0TYQ9
A0A2I0TYQ9	A0A7K4T8V4
A0A2I0TYQ9	A0A7K8JZ67
A0A2I0TYQ9	A0A7L3RKN9
A0A2I0TYQ9	A0A8C0IFC5
A0A2I0TYQ9	A0A8D0L056
A0A2I0TYQ9	A0A7L0T0Z1
A0A2I0TYQ9	A0A091QVR9
A0A2I0TYQ9	A0A093F1K6
A0A2P4T8T9	A0A2P4T8T9
A0A3P9P482	A0A3P9P482
A0A3P9P482	A0A3B3XGE2
A0A3P9P482	A0A3B3V9X7
A0A3P9P482	A0A3B5R7C5
A0A3P9P482	A0A3B5Q6F4
A0A3P9P482	A0A3B3XGE5
A0A484D8B5	A0A484D8B5
A0A5N4CL67	A0A5N4CL67
A0A5N4CL67	A0A3Q2HZX9
A0A5N4CL67	A0A2K6FNQ1
A0A5N4CL67	A0A8C6EFX9
A0A5N4CL67	A0A8C9AI68
A0A5N4CL67	A0A8C4MSP1
A0A5N4CL67	A0A452DYS8
A0A5N4CL67	A0A8B7F2G3
A0A5N4CL67	H0WQL2
A0A5N4CL67	A0AAA9SJV1
A0A5N4CL67	G3N0Q8
A0A5N4CL67	A0A9B0X1V1
A0A5N4CL67	A0A452DZ35
A0A5N4CL67	A0A836D5N0
A0A5N4CL67	A0A8B7B287
A0A5N4CL67	S9Y6A7
A0A5N4CL67	A0A9W3F5C2
A0A5N4CL67	A0A5N3WET3
A0A5N4CL67	A0A5J5N5W4
A0A5N4CL67	A0A6J0XCN8
A0A5N4CL67	A0A7J7F8A3
A0A5N4CL67	H2QET5
A0A5N4CL67	P20160
A0A5N4CL67	G3QF49
A0A5N4CL67	A0A2K5WB92
A0A5N4CL67	F6QFF9
A0A5N4CL67	A0A2K5PSF4
A0A5N4CL67	A0A2K6LGA0
A0A5N4CL67	A0A2K5XTH4
A0A5N4CL67	A0A0D9RJW5
A0A5N4CL67	A0A2K5MT20
A0A5N4CL67	A0A2K6RI31
A0A5N4CL67	A0A2K5EHE6
A0A5N4CL67	A0A2K6C855
A0A5N4CL67	A0A2K6S961
A0A5N4CL67	H2NWR4
A0A5N4CL67	A0A8D2EN85
A0A5N4CL67	A0A2K5HMS0
A0A5N4CL67	A0A2Y9TJY9
A0A5N4CL67	G3N2H4
A0A5N4CL67	A0A8C6AHS6
A0A5N4CL67	A0A8C0C3I2
A0A5N4CL67	A0A8C9BQS9
A0A5N4CL67	A0A2Y9MGS9
A0A5N4CL67	A0A383ZNR1
A0A5N4CL67	A0A341AZI6
A0A5N4CL67	A0AB34GAZ8
A0A5N4CL67	A0A340XG98
A0A5N4CL67	A0A8C3VRN3
A0A5N4CL67	P80015
A0A5N4CL67	A0A8D1SVQ3
A0A5N4CL67	A0A2Y9DQ02
A0A5N4CL67	G3UME1
A0A482E8V1	A0A482E8V1
A0A482VSD8	A0A482VSD8
A0A482WMJ3	A0A482WMJ3
A0A482ZAM7	A0A482ZAM7
A0A484BD42	A0A484BD42
A0A485KFF4	A0A485KFF4
A0A485NIT3	A0A485NIT3
A0A498L946	A0A498L946
A0A498L946	A0A498L9X1
A0A498L946	A0A498NQP6
A0A498L946	A0A498L4A0
A0A498NCI0	A0A498NCI0
A0A498NCI0	A0AA88Q2T1
A0A498NCI0	A0A498NDM0
A0A498NCI0	A0ABD0PD76
A0A4C1SD69	A0A4C1SD69
A0A4C1T7V3	A0A4C1T7V3
A0A4C1VYV1	A0A4C1VYV1
A0A4C1WHF6	A0A4C1WHF6
A0A4C1ZTR5	A0A4C1ZTR5
A0A4D6CJ01	A0A4D6CJ01
A0A4D6CJ01	A0A8C3G548
A0A4D9DJ34	A0A4D9DJ34
A0A4D9DJ34	A0A8C3SWZ2
A0A4D9DJ34	A0A8C4Y5Q5
A0A4D9DJ34	M7B2T4
A0A4D9DJ34	A0A8C0J0Y8
A0A4D9DJ34	A0A8T1S5C3
A0A4D9DJ34	A0A452HXC6
A0A4D9DJ34	A0A8C3FJ76
A0A4D9DJ34	A0A452HXE7
A0A4D9DJ34	A0AA97LLJ1
A0A4D9DJ34	A0A5G3KC04
A0A4D9DJ34	Q6P2V9
A0A4D9DJ34	A0A6P7Y7C2
A0A4D9DJ34	A0A1L8GEJ6
A0A4D9DJ34	A0A8J1MX14
A0A4D9DJ34	A0A803JTN7
A0A4D9DJ34	A0A8J0QQX2
A0A4D9DJ34	A0A8J0QZ95
A0A4D9DJ34	A0A974HN44
A0A4D9DJ34	A0A8C5EW81
A0A4D9DJ34	A0AAD1TDR7
A0A4D9DJ34	A0A8C5PKX7
A0A4Q8K912	A0A4Q8K912
A0A4U5M565	A0A4U5M565
A0A4U5UAA0	A0A4U5UAA0
A0A4W2BYH7	A0A4W2BYH7
A0A4W2BYH7	A0A6P5Q725
A0A4W2BYH7	A0A8C4LAW2
A0A4W2BYH7	A0A8D0XXF4
A0A4W2BYH7	A0A8D1SN40
A0A4W2BYH7	A0A8B9WQK4
A0A4W2BYH7	A0A8D1Q806
A0A4W2BYH7	A0A8D1XHB8
A0A4W2BYH7	A0A8B9WQJ1
A0A4W4EY37	A0A4W4EY37
A0A4W4EY37	A0A4W4EZY8
A0A4W4GUU9	A0A4W4GUU9
A0A4W4GUU9	A0A4W4GVI3
A0A4W5LN37	A0A4W5LN37
A0A4W5QFL2	A0A4W5QFL2
A0A4W5QFL2	A0A4W5QAQ3
A0A4W5QFL2	A0A4W5QB17
A0A4W5QFL2	A0A4W5Q5L8
A0A4W5QFL2	A0A4W5Q5E6
A0A4W6FGD5	A0A4W6FGD5
A0A4X1THX5	A0A4X1THX5
A0A4X2KA41	A0A4X2KA41
A0A4X2KA41	A0A6P5LR76
A0A4X2KA41	A0A7N4P1R4
A0A4X2KHE8	A0A4X2KHE8
A0A4X2KHE8	A0A7N4PA16
A0A4X2M1E5	A0A4X2M1E5
A0A4X2M351	A0A4X2M351
A0A4X2M351	A0A7N4PG44
A0A4X2M351	A0A6P5L7U4
A0A4X2M351	F6RB99
A0A4X2M628	A0A4X2M628
A0A4X2M628	A0A4X2LVJ6
A0A4X2M628	A0A4X2LZM2
A0A4X2M628	A0A4X2M7L9
A0A4X2M628	A0A4X2LVE8
A0A4X2M628	A0A4X2LZK3
A0A4X2M628	A0A4X2LVK5
A0A4X2M919	A0A4X2M919
A0A4X2M919	A0A4X2M1E4
A0A4Y0BNL5	A0A4Y0BNL5
A0A4Z2EW98	A0A4Z2EW98
A0A4Z2GDR5	A0A4Z2GDR5
A0A4Z2IL86	A0A4Z2IL86
A0A5D4FZF3	A0A5D4FZF3
A0A5D4FZF3	B1VFR6
A0A5E3ZZ31	A0A5E3ZZ31
A0A5E4NLT3	A0A5E4NLT3
A0A5E4PME9	A0A5E4PME9
A0A5E4PRV7	A0A5E4PRV7
A0A5F5PPX4	A0A5F5PPX4
A0A5F5PPX4	A0A5F5PYX7
A0A5F5PPX4	A0A5F5PLG5
A0A5F5PPX4	A0A5F5PMK5
A0A5F5PPX4	A0A9L0SHZ5
A0A5F5PPX4	A0A9L0TC15
A0A5F5PPX4	F6X3N4
A0A5F8GNR6	A0A5F8GNR6
A0A5F8GNR6	A0A5F8G296
A0A5F8GNR6	A0A5F8GRQ0
A0A5F8H4E6	A0A5F8H4E6
A0A5F9DU07	A0A5F9DU07
A0A5N4AQH3	A0A5N4AQH3
A0A5N5MXB8	A0A5N5MXB8
A0A5N5STF9	A0A5N5STF9
A0A5S6QYT2	A0A5S6QYT2
A0A653BGC7	A0A653BGC7
A0A653BGH1	A0A653BGH1
A0A653CJ93	A0A653CJ93
A0A653DED1	A0A653DED1
A0A653DFS3	A0A653DFS3
A0A663N8B9	A0A663N8B9
A0A665STM1	A0A665STM1
A0A665UZ04	A0A665UZ04
A0A667WVI1	A0A667WVI1
A0A667WVI1	A0A667WYC1
A0A670JF73	A0A670JF73
A0A670ZMR1	A0A670ZMR1
A0A8S0ZUR5	A0A8S0ZUR5
A0A8S0ZUR5	A0A8S0ZXK2
A0A8S1A814	A0A8S1A814
A0A8S1A814	A0A8S0ZJ30
A0A8S1ACM5	A0A8S1ACM5
A0A8S1AKC1	A0A8S1AKC1
A0A8S1AKC1	A0A8S0YM07
A0A8S1AQV9	A0A8S1AQV9
A0A8S1B092	A0A8S1B092
A0A8S1C9W6	A0A8S1C9W6
A0A8S1C9W6	A0A8S1CCN9
A0A8S1D4D5	A0A8S1D4D5
A0A8S1DBG3	A0A8S1DBG3
A0A8S1DFX2	A0A8S1DFX2
A0A8S1DIV1	A0A8S1DIV1
A0A8S1E6C7	A0A8S1E6C7
A0A8S4DE78	A0A8S4DE78
A0A8S4EL80	A0A8S4EL80
A0A8S4ENU6	A0A8S4ENU6
A0A8S4FXH7	A0A8S4FXH7
A0A8S4GAA6	A0A8S4GAA6
A0A8S4GAA6	A0A8S4G6Q6
A0A8S4QTS7	A0A8S4QTS7
A0A8S4R0Z3	A0A8S4R0Z3
A0A8S4REH1	A0A8S4REH1
A0A8S4S8I8	A0A8S4S8I8
A0A8S4SIJ9	A0A8S4SIJ9
A0A8T0FFF0	A0A8T0FFF0
A0A8T2L9Q3	A0A8T2L9Q3
A0A8T3CFG1	A0A8T3CFG1
A0A8T3CFG1	A0A8T2NGV8
A0A8T3DVW5	A0A8T3DVW5
A0A8V0YJL4	A0A8V0YJL4
A0A8V0YJL4	G1MXP8
A0A8V0YJL4	A0A8C2SQ15
A0A8V5H5F9	A0A8V5H5F9
A0A8V5H5F9	A0A8C6JTF7
A0A8V5H5F9	A0A663DMX1
A0A8V5H5F9	A0A851LP12
A0A8W7PI11	A0A8W7PI11
A0A8X6IS50	A0A8X6IS50
A0A903UCP7	A0A903UCP7
A0A903UZ22	A0A903UZ22
A0A914BII7	A0A914BII7
A0A914DUG9	A0A914DUG9
A0A914DUG9	A0A914CU81
A0A914UIZ9	A0A914UIZ9
A0A914V6H3	A0A914V6H3
A0A919NLQ7	A0A919NLQ7
A0A921YN98	A0A921YN98
A0A921YXD5	A0A921YXD5
A0A921ZKD3	A0A921ZKD3
A0A921ZKD3	A0AAV1L866
A0A921ZKD3	A0AAV1LCM0
A0A921ZRU2	A0A921ZRU2
A0A922CDM4	A0A922CDM4
A0A922CDQ4	A0A922CDQ4
A0A922CDQ4	A0A922CE16
A0A922CLA7	A0A922CLA7
A0A922CU04	A0A922CU04
A0A922CU04	A0A921ZHL8
A0A922CU24	A0A922CU24
A0A922CU24	A0A922CUA0
A0A922CW10	A0A922CW10
A0A922M1Q8	A0A922M1Q8
A0A922M1Q8	A0A9J7DZW6
A0A922M1Q8	A0A9R0DXD9
A0A922MC01	A0A922MC01
A0AAD8FU23	A0AAD8FU23
A0AAD8LS95	A0AAD8LS95
A0AAD8LUZ2	A0AAD8LUZ2
A0AAD9RRZ2	A0AAD9RRZ2
A0AAD9RT16	A0AAD9RT16
A0AAE1FI41	A0AAE1FI41
A0AAE1FI41	A0AAE1U9Q0
A0AAG5D3S3	A0AAG5D3S3
A0AAG5D3S3	A0A182QM63
A0AAJ6QW46	A0AAJ6QW46
A0AAJ6ZMZ1	A0AAJ6ZMZ1
A0AAJ6ZMZ1	A0A194PVB6
A0AAJ6ZMZ1	A0A0N1PHJ0
A0AAJ6ZMZ1	A0A194PNR3
A0AAJ6ZMZ1	A0A194PNR6
A0AAJ7E2C4	A0AAJ7E2C4
A0AAJ7RKH2	A0AAJ7RKH2
A0AAJ8BIH4	A0AAJ8BIH4
A0AAN7NVC5	A0AAN7NVC5
A0AAN7P118	A0AAN7P118
A0AAN7SBY3	A0AAN7SBY3
A0AAN7SPA3	A0AAN7SPA3
A0AAN9GZL0	A0AAN9GZL0
A0AAN9GZL0	A0AAW2A1E4
A0AAN9TP83	A0AAN9TP83
A0AAP4BQN2	A0AAP4BQN2
A0AAP4BQN2	A0AAP4BSB3
A0AAQ4ECP6	A0AAQ4ECP6
A0AAQ4ECP6	A0A9J6DBA8
A0AAQ4ECP6	A0A9J6FJ87
A0AAR2IMR6	A0AAR2IMR6
A0AAR2IMR6	A0A8T2LYR8
A0A2J7QWX4	A0A2J7QWX4
A0A2K6S2Y5	A0A2K6S2Y5
A0A2K6S2Y5	A0A2K5MGG9
A0A2M3ZBZ1	A0A2M3ZBZ1
A0A2M3ZBZ1	A0A2M3ZBH2
A0A2M4CN16	A0A2M4CN16
A0A2M4CN16	B0W666
A0A2M4CN16	A0A2M4CP89
A0A2P2HWI7	A0A2P2HWI7
A0A2P4T2Q4	A0A2P4T2Q4
A0A2P4T2Q4	A0A8C9FM59
A0A2S2QPG8	A0A2S2QPG8
A0A2S2QPG8	A0A2S2Q5Y0
A0A2S2QPG8	A0A6G0Z142
A0A2T0TE51	A0A2T0TE51
A0A2W1BBQ2	A0A2W1BBQ2
A0A2W1BBQ2	A0A2A4K612
A0A2W1BGC1	A0A2W1BGC1
A0A2W1BJ85	A0A2W1BJ85
A0A2W1BJK4	A0A2W1BJK4
A0A2W1BJK4	A0A2A4K680
A0A2W1BJK4	A0A9R0CVN7
A0A2W1BJK4	A0A9P0ICG2
A0A2W1BJK4	A0AAD7Z206
A0A2W1BJK4	A0A8S1BBW3
A0A2W1BJK4	A0A8S1B951
A0A2W1BSQ0	A0A2W1BSQ0
A0A2W1BSQ0	A0A2W1BUQ8
A0A2W1BSQ0	I7CHH2
A0A2W1BSQ0	A0A2A4JT25
A0A2Y9D3P0	A0A2Y9D3P0
A0A3B5AU01	A0A3B5AU01
A0A3B5AU01	A0A3Q1CV47
A0A3B5AU01	A0A3Q1G1F4
A0A3B5AU01	A0A3P8SEI4
A0A3B5AU01	A0A3Q1EGZ0
A0A3B5AU01	A0A3Q1FWC2
A0A3B5AU01	A0A3Q1EFV5
A0A3B5AU01	A0A3Q1FZ41
A0A3B5K242	A0A3B5K242
A0A3B5K242	A0A3B5K8F6
A0A3B5K242	A0A3B5K9E0
A0A3B5K242	A0A5C6PLI2
A0A3B5K242	H2RSR6
A0A3B5K242	A0A3B5K2N1
A0A3B5K242	A0A3B5KB80
A0A3B5K242	A0A3B5KMT2
A0A3B5K242	A0A674MA21
A0A3B5K242	A0A674MXC0
A0A3B5K242	A0A3B5KIA2
A0A3B5LNG9	A0A3B5LNG9
A0A3B5LNG9	A0A3B5LXK1
A0A3B5LNG9	A0A3B5Q883
A0A3B5Q824	A0A3B5Q824
A0A3B5Q824	A0A3B5MLE9
A0A3B5Q824	A0A3B5Q219
A0A3B5Q824	A0A3B5Q3Y9
A0A3B5Q824	A0A3B5Q5Q9
A0A3B5Q824	A0A3B5MGU4
A0A3B5Q824	A0A3B5MLJ0
A0A3B5Q824	A0A3B5PWG8
A0A3B5Q824	A0A3B5MH51
A0A3B5Q824	A0A3B5QI61
A0A3B5Q824	A0A3B5R2B5
A0A3B5Q824	A0A3B3Z2E6
A0A3B5Q824	A0A3B4H0J7
A0A3B5Q824	A0A4W6EEE5
A0A3B5Q824	A0A668V842
A0A3B5Q824	A0A669BZ91
A0A3B5Q824	A0A6A5FCE0
A0A3B5Q824	A0A5J5DDV6
A0A3B5Q824	A0A8C9YL28
A0A3B5Q824	A0AAV9SPM5
A0A3B5Q824	A0A672H197
A0A3B5Q824	A0A3Q2ZMU0
A0A3B5Q824	A0A3Q4GDI4
A0A3B5Q824	A0AAV1HIK3
A0A3B5Q824	A0A3Q0SBI7
A0A3B5Q824	A0A3Q0SAU9
A0A3B5Q824	A0A3Q0SBJ6
A0A3B5Q824	A0A3Q0SIK9
A0A3B5Q824	A0A3Q0SIQ1
A0A3B5Q824	A0A3Q1JPN3
A0A3B5Q824	A0A3Q4G7G7
A0A3B5Q824	A0A3Q4M904
A0A3B5Q824	A0A1S3MGP1
A0A3B5Q824	A0A8U1EVK4
A0A3B5Q824	A0A3B3S109
A0A3B5Q824	A0A3B3S341
A0A3B5Q824	A0A3Q4G880
A0A3B5Q824	A0A3P9D6W7
A0A3B5Q824	A0A3P8QHY7
A0A3B5Q824	A0A3Q2V4C3
A0A3B5Q824	A0A3Q4GN56
A0A3B5Q824	A0A8T2NFX0
A0A3B5Q824	A0A4W5KJ98
A0A3B5Q824	A0A674CCK1
A0A3B5Q824	A0ABD1KXC7
A0A3B5Q824	A0A060X168
A0A3B5Q824	A0A4W5N438
A0A3B5Q824	A0A6P3WEY3
A0A3B5Q824	A0A8C7HL82
A0A3B5Q824	A0A671QYQ0
A0A3B5Q824	A0AAZ3RJ55
A0A3B5Q824	A0A8T3DM77
A0A3B5Q824	A0AAD7RTU5
A0A3B5Q824	A0A6J2UWK4
A0A3B5Q824	A0AAV6H635
A0A3B5Q824	A0A8C4G747
A0A3B5Q824	A0A9D3LZN9
A0A3B5Q824	A0AAV6GNB1
A0A3B5Q824	A0ABD0XJE0
A0A3B5Q824	A0A3P8ZH94
A0A3B5Q824	A0A673BY74
A0A3B5Q824	A0A6G0INP3
A0A3F2RAS6	A0A3F2RAS6
A0A3G5BIF4	A0A3G5BIF4
A0A3G5BIK3	A0A3G5BIK3
A0A3L8Q7R9	A0A3L8Q7R9
A0A3L8SS11	A0A3L8SS11
A0A3M0KGK4	A0A3M0KGK4
A0A3M0KGK4	A0A7K8WNN6
A0A3M0KGK4	A0A6J0H2I8
A0A3M0KGK4	A0A7L2EHZ3
A0A3M0KGK4	A0A7K8YPX2
A0A3M0KGK4	A0A7K8ZZ13
A0A3M0KGK4	A0A7L0JIM7
A0A3M0KGK4	A0A7K7TH59
A0A3M0KGK4	A0A8D2M4F4
A0A3M0KGK4	U3KC89
A0A3M0KGK4	A0A8K1G2W3
A0A3M0KGK4	A0A3M0KGK3
A0A3M0KGK4	A0A7L3QE33
A0A3M0KGK4	A0A803V0J1
A0A3M0KGK4	A0A7K7E2T9
A0A3M0KGK4	A0A7L0V333
A0A3M0KGK4	A0A851MHB9
A0A3M0KGK4	A0A7L0NTV4
A0A3M0KGK4	U3KC72
A0A3M0KGK4	A0A851CXA5
A0A3M0KGK4	H0YWZ8
A0A3M0KGK4	A0A803V9G1
A0A3M0KGK4	A0A6J2HRH3
A0A3M6U7T9	A0A3M6U7T9
A0A3M6V370	A0A3M6V370
A0A3M6V370	A0AAU9XCV4
A0A3P8NJF4	A0A3P8NJF4
A0A3P8NJF4	A0A3Q4I7X0
C9W8H2	C9W8H2
C9W8H9	C9W8H9
D3PHU3	D3PHU3
D3TKP4	D3TKP4
D6WDH8	D6WDH8
D9HQ22	D9HQ22
D9N0C8	D9N0C8
E1ZYQ5	E1ZYQ5
E1ZYQ5	A0AAV2NTJ0
E1ZYQ5	A0AAV2NWA4
E2BS70	E2BS70
E2C0V1	E2C0V1
E5L9Q7	E5L9Q7
E7D011	E7D011
E7D011	A0A2A4J150
E7D011	B4X984
E7D011	A0A835GNC5
E7D011	C9W8H0
E7D011	A0A2A4J186
E7D011	A0A9R0EJK4
E7D011	A0A0X9GKP8
E7D011	A0A9P0HX88
E7D011	A0AAD7YLF1
E7D011	A0AAD7YM51
E7D011	A0A2H1VW00
E7D011	A0A9J7E9D3
E7D011	A0A2H1VHU4
E7D011	A0A835GPV6
E7D011	A0A9R0DN86
E9GJ40	E9GJ40
E9GVV9	E9GVV9
E9H908	E9H908
E9HNA4	E9HNA4
F4WBT1	F4WBT1
F4WBT1	A0A158NW80
F7F2L3	F7F2L3
G1PFB8	G1PFB8
G3PHM8	G3PHM8
G3PHP8	G3PHP8
G3PHP8	G3Q7R3
G3PHP8	G3PHM4
G3PHP8	G3Q7R5
G3PI05	G3PI05
G3PI05	A0AAQ4QAK5
G3VA53	G3VA53
G3VA53	G3VA03
G3VA53	A0A7N4PTK4
G3VA53	A0A7N4V247
G3VA53	A0A7N4NQ11
G3VA53	A0A7N4PWU5
G3VA53	A0A7N4NFZ5
G3VA53	A0A7N4NLP3
G3VAT3	G3VAT3
G3VAT3	A0A4X2KA30
G3VAT3	A0A6P5LMR6
A0A1D1UXM1	A0A1D1UXM1
A0A1D1VTU3	A0A1D1VTU3
A0A1E1VYP9	A0A1E1VYP9
A0A1E1WJ19	A0A1E1WJ19
A0A1I8NY20	A0A1I8NY20
A0A1I8P1G4	A0A1I8P1G4
A0A1I8P2K1	A0A1I8P2K1
A0A1I8PAF0	A0A1I8PAF0
A0A1I8PGP6	A0A1I8PGP6
A0A1I8PNQ8	A0A1I8PNQ8
A0A1I8PP86	A0A1I8PP86
A0A1I8PP86	A0A1I8Q797
A0A1I8PU29	A0A1I8PU29
A0A1I8PU36	A0A1I8PU36
A0A1I8Q1R5	A0A1I8Q1R5
A0A1I8QDI6	A0A1I8QDI6
A0A1I8QE23	A0A1I8QE23
A0A1J1IYA3	A0A1J1IYA3
A0A1L7D2H3	A0A1L7D2H3
A0A1L8DQU0	A0A1L8DQU0
A0A1L8DQU0	A0A1L8DQG7
A0A1L8E9K2	A0A1L8E9K2
A0A1L8E9K2	A0A1L8E9M9
A0A1Q3FPY5	A0A1Q3FPY5
A0A1Q3FPY5	B0X668
A0A1V4KP43	A0A1V4KP43
A0A1W4W5B6	A0A1W4W5B6
A0A1W4W5B6	A0A834IIK9
A0A1W4W5B6	A0AAR5PN41
A0A1W4W5B6	A0A6J2YX09
A0A1W4W5B6	A0AAW1JK22
A0A1W4W5B6	A0A9P0M2D0
A0A1Y1MLM1	A0A1Y1MLM1
A0A1Y9H266	A0A1Y9H266
A0A1Y9H266	A0A1Y9H2P1
A0A1Y9H280	A0A1Y9H280
A0A1Y9H391	A0A1Y9H391
A0A224YRW5	A0A224YRW5
A0A224YRW5	A0A6G5A8H3
A0A224YRW5	A0A9D4SQU8
A0A232EUP1	A0A232EUP1
A0A4W6E5Z0	A0A4W6E5Z0
A0A4W6E5Z0	A0AAJ7VC81
A0A4W6E5Z0	A0AAJ8B0I5
A0A4W6E5Z0	A0A4W6BXZ3
A0A4X2KTW3	A0A4X2KTW3
A0A4X2KTW3	A0A6P5J2E8
A0A4X2KTW3	A0A7N4V4J2
A0A4Y0BEW0	A0A4Y0BEW0
A0A4Z2BZP1	A0A4Z2BZP1
A0A4Z2ILM5	A0A4Z2ILM5
A0A4Z2J7S1	A0A4Z2J7S1
A0A553N4Q6	A0A553N4Q6
A0A553N4Q6	A0A671MZI8
A0A553N4Q6	A0A6P6QQF3
A0A553N4Q6	Q6DBS8
A0A553N4Q6	A0A671T0M7
A0A553N4Q6	A0AAN9H283
A0A5A9NU92	A0A5A9NU92
A0A5C6N489	A0A5C6N489
A0A5C6N489	A0A4Z2BBL7
A0A5C6N489	H2VD68
A0A5C6N489	A0A6G0J3G7
A0A5C6N489	A0A3Q1JXX2
A0A5C6N489	A0AA88NPF4
A0A5C6N489	A0A3B4UY28
A0A5C6N489	A0A3Q3RWE4
A0A5C6N489	A0A3B4XF60
A0A5E4MN93	A0A5E4MN93
A0A5E4N484	A0A5E4N484
A0A5E4PUC1	A0A5E4PUC1
A0A5E4PUC1	A0A5E4PUE9
A0A5E4QIG0	A0A5E4QIG0
A0A5E4QQ27	A0A5E4QQ27
A0A5E4R741	A0A5E4R741
A0A5F7Z9Q7	A0A5F7Z9Q7
A0A5F7Z9Q7	A0A2K6AYU0
A0A5N4A5G2	A0A5N4A5G2
A0A665VAY3	A0A665VAY3
A0A667HLC5	A0A667HLC5
A0A667HLC5	P04813
A0A667HLC5	A0A340XV36
A0A667HLC5	A0A341AL12
A0A667HLC5	A0A484GRG2
A0A667HLC5	A0A8B6ZS82
A0A667HLC5	H2NRI0
A0A667HLC5	A0A1S3A0X9
A0A667HLC5	A0A2K5R0U6
A0A667HLC5	A0A485P4U0
A0A667HLC5	A0A6G1BC03
A0A667HLC5	A0A811ZJT2
A0A667HLC5	A0A8B7RM64
A0A667HLC5	A0A8B7RP11
A0A667HLC5	A0A8C0SDS2
A0A667HLC5	A0A8M1GA54
A0A667HLC5	A0A8U0MTB0
A0A667HLC5	A0A384BFZ3
A0A667HLC5	A0A3Q7N4J5
A0A667HLC5	A0A671F6V7
A0A667HLC5	A0A6J2AU26
A0A667HLC5	A0A6J2KUU1
A0A667HLC5	A0A8C0DSW6
A0A667HLC5	A0A8C0LZA9
A0A667HLC5	A0A8C0SEZ5
A0A667HLC5	A0A8C6AJ82
A0A667HLC5	A0A2J8VWL6
A0A667HLC5	A0A2U3WUK8
A0A667HLC5	A0A2U3YI55
A0A667HLC5	A0A6J2F6G0
A0A667HLC5	A0A6J3ICY1
A0A667HLC5	A0A8C8XV63
A0A667HLC5	A0A8P0NYR4
A0A667HLC5	A0A8U0RXP2
A0A667HLC5	A0A9V1DW78
A0A667HLC5	A0AB34H4I5
A0A667HLC5	G3VCN6
A0A667HLC5	A0A2Y9IBK8
A0A667HLC5	A0A2Y9K1V3
A0A667HLC5	A0A3Q7T2N8
A0A667HLC5	A0A667HL69
A0A667HLC5	A0A6P6HKK1
A0A667HLC5	A0A8U0UZP6
A0A667HLC5	A0A8C9JST1
A0A667HLC5	G1U7Y9
A0A667HLC5	G3RYX4
A0A667HLC5	P17538
A0A667HLC5	A0A2R8YG87
A0A667HLC5	A0A7F8K904
A0A667HLC5	L5KVM7
A0A667HLC5	A0A9B0TER7
A0A667HLC5	A0A452RSR4
A0A667HLC5	A0A452UF69
A0A667HLC5	Q6GPI1
A0A667HLC5	A0A2R8YCR2
A0A667HLC5	A0A2J8Q6B6
A0A667HLC5	A0A096NQE0
A0A667HLC5	G3R512
A0A667HLC5	A0A6P3EYF3
A0A667HLC5	A0A8C9A420
A0A667HLC5	A0A2K5LEM0
A0A667HLC5	A0A2R9BM53
A0A667HLC5	G1T0M4
A0A667HLC5	H2R0H0
A0A667HLC5	A0A2K5E9Q9
A0A6J1NN77	A0A6J1NN77
A0A6J1S324	A0A6J1S324
A0A6J1W6N2	A0A6J1W6N2
A0A6J1W6N2	A0A8C6YD61
A0A6J2JJX0	A0A6J2JJX0
A0A6J2JJX0	A0A8R2AMX4
A0A6J2LKJ1	A0A6J2LKJ1
A0A6J2LKJ1	Q9GZN4
A0A6J2LKJ1	Q9ER10
A0A6J2LKJ1	E1BNJ9
A0A6J2LKJ1	A0A2U3Y6L2
A0A6J2LKJ1	A0A3Q7PH13
A0A6J2LKJ1	A0A452SYC9
A0A6J2LKJ1	A0A7F8RAX5
A0A6J2LKJ1	A0A8C0M273
A0A6J2LKJ1	A0A8C8Y9Z9
A0A6J2LKJ1	U6D0E9
A0A6J2LKJ1	A0A452SYL7
A0A6J2LKJ1	A0A5G2QD16
A0A6J2LKJ1	A0A5N3VMT2
A0A6J2LKJ1	A0A673U7N1
A0A6J2LKJ1	A0A6P3HJN9
A0A6J2LKJ1	A0A811Z597
A0A6J2LKJ1	A0A8B7QM08
A0A6J2LKJ1	A0A8C7C1K1
A0A6J2LKJ1	A0A8M1G713
A0A6J2LKJ1	A0A8U0MQ34
A0A6J2LKJ1	D2HV81
A0A6J2LKJ1	A0A452RCK0
A0A6J2LKJ1	A0A673UJJ1
A0A6J2LKJ1	A0A7J8F2V3
A0A6J2LKJ1	A0A7N5KRE8
A0A6J2LKJ1	A0A7N5PAB7
A0A6J2LKJ1	A0A212CY94
A0A6J2LKJ1	A0A2I2ZCC9
A0A6J2LKJ1	A0A2Y9KU53
A0A6J2LKJ1	A0A452RCI9
A0A6J2LKJ1	A0A485PE73
A0A6J2LKJ1	A0A671F4G0
A0A6J2LKJ1	A0A673UK47
A0A6J2LKJ1	A0A7J7YYF3
A0A6J2LKJ1	A0A8C9CSP5
A0A6J2LKJ1	A0A8D0X4Q5
A0A6J2LKJ1	A0A9W2X5W5
A0A6J2LKJ1	L8J3Z2
A0A6J2LKJ1	A0A2U3W5H7
A0A6J2LKJ1	A0A2Y9HQ50
A0A6J2LKJ1	A0A452SYF1
A0A6J2LKJ1	A0A8C4LAM4
A0A6J2LKJ1	A0A8D2JT29
A0A6J2LKJ1	A0A452SYG2
A0A6J2LKJ1	A0A452SYF8
A0A6J2LKJ1	A0A452SYK7
A0A6J2T2R7	A0A6J2T2R7
A0A6J2TGQ6	A0A6J2TGQ6
A0A6J2TIX2	A0A6J2TIX2
A0A6J2U2V2	A0A6J2U2V2
A0A6J2UG84	A0A6J2UG84
A0A6J2UG84	B4MP37
A0A6J2W870	A0A6J2W870
A0A6J3BR48	A0A6J3BR48
A0A6M2DY62	A0A6M2DY62
A0A6M2DY62	A0A6M2DP56
A0A6M2DY62	A0A6M2DKN9
A0A6M2DZB6	A0A6M2DZB6
A0A6P3XYY6	A0A6P3XYY6
A0A6P4FMF0	A0A6P4FMF0
A0A6P4FMF0	Q9VS86
A0A6P4FMF0	A0A6P8JYM9
A0A6P4FMF0	B4PC92
A0A6P4FMF0	B4QKV3
A0A6P4FMF0	A0A0J9RQJ2
A0A6P4FMF0	A0AB39ZAY7
A0A6P4FMF0	B3NFB1
A0A6P4FMF0	A0A6P4IUB1
A0A6P4G0G0	A0A6P4G0G0
A0A6P4IGF5	A0A6P4IGF5
A0A6P4IGF5	P42278
A0A6P4IGF5	P54628
A0A6P4IGF5	B3NSI0
A0A6P4IGF5	A0A6P4ERZ1
A0A6P4IGF5	A0A6P8JR82
A0A6P4IGF5	B3MF99
A0A6P4IGF5	B4QB85
A0A6P4IGF5	B4P6J0
A0A6P4IGF5	A0A6P8YGL7
A0A6P4IHL4	A0A6P4IHL4
A0A8C2UVU3	A0A8C2UVU3
A0A8C2W2M2	A0A8C2W2M2
A0A8C2WDE0	A0A8C2WDE0
A0A8C2WDE0	A0A4Z2GWW0
A0A8C3D9L8	A0A8C3D9L8
A0A8C3D9L8	A0A093TL88
A0A8C3D9L8	A0A7L0BCX5
A0A8C3HM83	A0A8C3HM83
A0A8C3HM83	A0A4D9DQK8
A0A8C3HM83	A0A8C3T2U6
A0A8C3HM83	A0A8C8SVE2
A0A8C3HM83	A0A8C3HLH1
A0A8C3HM83	A0A8C3HLN9
A0A8C3HM83	A0A8C3T0H2
A0A8C3HM83	A0A8C3HLI5
A0A8C3HM83	A0A8C3HM49
A0A8C3HM83	A0A8C3HM40
A0A8C3HM83	A0A8C3HM57
A0A8C3HM83	A0A9Q1AQ71
A0A8C3HM83	A0A8T1S2Z8
A0A8C3HM83	K7FM00
A0A8C3HM83	A0A8C3T2S7
A0A8C3HM83	A0A8C0J8A1
A0A8C3HM83	A0A8C3HMI6
A0A8C3HM83	A0A8C3T2I2
A0A8C3HM83	A0A8C3XTD8
A0A8C3HM83	A0A8C3XU05
A0A8C3HM83	A0A151LZL5
A0A8C3HM83	A0A1U8DZR4
A0A8C3HM83	A0AAV7Q5K4
A0A8C3QWX8	A0A8C3QWX8
A0A8C3SRL0	A0A8C3SRL0
A0A8C3UMM4	A0A8C3UMM4
A0A8C3V2C6	A0A8C3V2C6
A0A8C4FAL0	A0A8C4FAL0
A0A8C4RS16	A0A8C4RS16
A0A8C4RS16	A0A8C4X5C0
A0A8C4RS16	A0A8C4RQ15
A0A8C4T4Z3	A0A8C4T4Z3
A0A8C4T6C8	A0A8C4T6C8
A0A8C4TFS6	A0A8C4TFS6
A0A8C4TGA0	A0A8C4TGA0
A0A8C4TGA1	A0A8C4TGA1
A0A8C4TTG2	A0A8C4TTG2
A0A8C5C1A9	A0A8C5C1A9
A0A8C5C1A9	A0A667X9K9
A0AAD6AF39	A0AAD6AF39
A0AAD7RFW9	A0AAD7RFW9
A0AAD7YAX6	A0AAD7YAX6
A0AAD7YMS0	A0AAD7YMS0
A0AAD7YN57	A0AAD7YN57
A0AAD7YN57	A0AAD7YNU2
A0AAD7ZTF8	A0AAD7ZTF8
A0AAD7ZXI1	A0AAD7ZXI1
A0AAD8AHF0	A0AAD8AHF0
A0AAD8DLQ6	A0AAD8DLQ6
A0AAD8FP80	A0AAD8FP80
A0AAD8FP80	A0A444UTS9
A0AAD8FP80	A0A444URN8
A0AAD8FP80	A0AAD8CKQ2
A0AAD8FP80	A0AAD8FTE3
A0AAD8G913	A0AAD8G913
A0AAD8G913	A0A444U7W5
A0AAD8G913	A0AAD8DEU0
A0AAD8ZHZ8	A0AAD8ZHZ8
A0AAD8ZQT8	A0AAD8ZQT8
A0AAD8ZQT8	A0A4W4DVX8
A0AAD8ZQT8	A0A4W4DVD7
A0AAD9DTV5	A0AAD9DTV5
A0AAD9DTV5	A0A4W4GWR0
A0AAD9REW1	A0AAD9REW1
A0AAD9RVB9	A0AAD9RVB9
A0AAD9VML6	A0AAD9VML6
A0AAD9VML6	A0AAD9RHS2
A0AAE1HID4	A0AAE1HID4
A0AAE9AY09	A0AAE9AY09
A0AAG5CU24	A0AAG5CU24
A0AAG5CU24	F5HLC4
A0AAG5CU24	A0A182VKU7
A0AAG5CU24	A0A2C9H8J9
A0AAJ6YH27	A0AAJ6YH27
A0AAJ7CDZ5	A0AAJ7CDZ5
A0AAJ7EFW0	A0AAJ7EFW0
A0AAJ7EFW0	A0A194PQQ0
A0AAJ7EIR4	A0AAJ7EIR4
A0AAJ7EIR4	A0AAJ6ZTR2
A0AAJ7EIR4	A0A194Q3W8
A0AAJ7EIR4	A0A194Q399
A0AAJ7EIR4	A0A194R2V7
A0AAJ7FPV0	A0AAJ7FPV0
A0AAJ7Q4B6	A0AAJ7Q4B6
A0AAJ7Q4B6	A0A4W6BXI8
A0AAJ7Q4B6	A0A4W6DB70
A0AAJ7Q4B6	A0AAD3NIL0
A0AAJ7Q4B6	A0AAJ8BI16
A0AAJ7Q4B6	A0AAJ8BJ37
A0AAJ7Q4B6	A0AAJ8BKT2
A0AAJ7Q4B6	A0A4W6BT46
A0AAJ7Q4B6	A0AAJ7LGF4
A0AAJ7Q4B6	A0AAJ7Q441
A0AAJ7Q4B6	A0AAJ8BI14
A0AAJ7Q4B6	A0AAJ8DVW3
A0AAJ7Q4B6	A0AAJ8DWB7
A0AAJ7Q4B6	A0A4W6C505
A0AAJ7Q4B6	A0A4W6C5W1
A0AAJ7Q4B6	A0AAJ7LHI5
A0AAJ7Q4B6	A0AAJ7Q470
A0AAJ7Q4B6	A0AAJ8BIE1
A0AAJ7Q4B6	A0AAJ8BJK2
A0AAJ7Q4B6	A0A4W6BY22
A0AAJ7Q4B6	A0A4W6DC57
A0AAJ7Q4B6	A0AAJ7LGF2
A0AAJ7Q4B6	A0AAJ7Q458
A0AAJ7Q4B6	A0AAJ7LGF3
A0AAJ7Q4B6	A0AAJ8BJJ2
A0AAJ7Q4B6	A0AAJ8DW99
A0AAJ7Q4B6	A0AAJ7LGF5
A0AAJ7Q4B6	A0A4W6DBM1
A0AAJ7Q4B6	A0A4W6C357
A0AAJ7Q4B6	A0AAJ7LIF3
A0AAJ7Q4B6	A0AAJ8DW94
A0AAJ7Q4B6	A0AAJ8BI26
A0AAJ7Q4B6	A0A4W6BY31
A0AAJ7Q4B6	A0AAJ8BJ14
A0AAJ7Q4B6	A0A4W6BXH7
A0AAJ7Q4B6	A0AAJ8BK96
A0AAJ7Q4B6	A0AAJ8BKK6
A0AAJ7Q4B6	A0AAJ8BJ04
A0AAJ7Q4B6	A0AAJ8BKA5
A0AAJ7Q4B6	A0AAJ8DVX4
A0AAJ7Q4B6	A0AAJ8DWB2
A0AAJ7Q4B6	A0AAJ8BKJ6
A0AAJ7Q4B6	A0AAJ8BKS2
A0AAJ7Q4B6	A0AAJ8DWI3
A0AAJ7Q4B6	A0AAJ8BI24
A0AAJ7Q4B6	A0AAJ8BID2
A0AAJ7Q4B6	A0A4W6C653
A0AAJ7R8M3	A0AAJ7R8M3
A0AAJ7U6F4	A0AAJ7U6F4
A0AAJ7WBW7	A0AAJ7WBW7
A0AAN7N6F7	A0AAN7N6F7
A0AAN7NYL9	A0AAN7NYL9
A0AAN7NYR4	A0AAN7NYR4
A0AAN7NYR4	A0AAN7SL09
A0AAN7NYW7	A0AAN7NYW7
A0AAN7PYG7	A0AAN7PYG7
A0AAN7Q8X7	A0AAN7Q8X7
A0AAN7SBG3	A0AAN7SBG3
A0AAN7SBT2	A0AAN7SBT2
A0AAN8CS27	A0AAN8CS27
A0AAN9A4H0	A0AAN9A4H0
A0AAQ4DG75	A0AAQ4DG75
A0AAQ4DG75	B7Q2U2
A0AAQ4DG75	A0A090X7V8
A0AAQ4EET4	A0AAQ4EET4
A0A8B9BF80	A0A8B9BF80
A0A8B9BF80	A0A7L0X832
A0A8B9BF80	A0A7K9G162
A0A8B9BF80	A0A7L0JAN8
A0A8B9BF80	A0A7L1A0F2
A0A8B9BF80	A0A7L2YKK7
A0A8B9BF80	A0A7L4DHL0
A0A8B9BF80	A0A8J4JTU0
A0A8B9BF80	A0A8S9EGM2
A0A8B9BF80	A0A7K9TCK3
A0A8B9BF80	A0A7K9XKH2
A0A8B9BF80	A0A7L1Y4E6
A0A8B9BF80	A0A7L2AUA5
A0A8B9BF80	A0A7L2HGL7
A0A8B9BF80	A0A7K8X7B4
A0A8B9BF80	A0A7K8Z0W8
A0A8B9BF80	A0A7L0MBG7
A0A8B9BF80	A0A7L1TDX3
A0A8B9BF80	A0A7L3IZK4
A0A8B9BF80	A0A7L4MTN5
A0A8B9BF80	A0A851ZGY2
A0A8B9BF80	A0A7K5FM69
A0A8B9BF80	A0A7K5UBL4
A0A8B9BF80	A0A7K6BAQ6
A0A8B9BF80	A0A7K6NK33
A0A8B9BF80	A0A7K7NKN3
A0A8B9BF80	A0A7K8ZME6
A0A8B9BF80	A0A7L0I5R5
A0A8B9BF80	A0A7L1J3B4
A0A8B9BF80	A0A8J4IIC4
A0A8B9BF80	A0A7K6ZB03
A0A8B9BF80	A0A7L1JDQ8
A0A8B9BF80	A0A7L1NVR3
A0A8B9BF80	A0A7L4CDX0
A0A8B9BF80	A0A850VSX4
A0A8B9BF80	A0A7L2GBI9
A0A8B9BF80	A0A8B9NTW6
A0A8B9BF80	A0A7K8NNQ9
A0A8B9BF80	A0A7K9UVU7
A0A8B9BF80	A0A7K6T158
A0A8B9BF80	A0A851ALZ4
A0A8B9CY77	A0A8B9CY77
A0A8B9WGC7	A0A8B9WGC7
A0A8B9WGC7	G1PLQ9
A0A8B9XKV3	A0A8B9XKV3
A0A8B9XKV3	Q8NF86
A0A8B9XKV3	Q80WM7
A0A8B9XKV3	E1BCU4
A0A8B9XKV3	A0A4W2DQX2
A0A8B9XKV3	A0A5N3VR05
A0A8B9XKV3	A0A7J7Y1P8
A0A8B9XKV3	A0A8B9XP24
A0A8B9XKV3	A0A671F5W7
A0A8B9XKV3	A0A6J2EHH2
A0A8B9XKV3	A0A8U0RRI4
A0A8B9XKV3	A0A4X1VP07
A0A8B9XKV3	A0A667J2U9
A0A8B9XKV3	A0A7J8F2K9
A0A8B9XKV3	A0A8B8RG65
A0A8B9XKV3	A0A9W2UUZ0
A0A8B9XKV3	A0A2Y9KLU3
A0A8B9XKV3	A0A3Q7QYZ5
A0A8B9XKV3	A0A485PEU2
A0A8B9XKV3	A0A7J7YYJ2
A0A8B9XKV3	A0A7J8J3N8
A0A8B9XKV3	A0A8C4LF50
A0A8B9XKV3	A0A8M1G4C5
A0A8B9XKV3	A0A9W3GPC8
A0A8B9XKV3	L8J232
A0A8B9XKV3	A0A2U3W5E2
A0A8B9XKV3	A0A5J5MUF5
A0A8B9XKV3	A0A6P6BPM9
A0A8B9XKV3	A0A8C6DDB5
A0A8B9XKV3	A0A8C8YE42
A0A8B9XKV3	A0A212CYW7
A0A8B9XKV3	A0A811Z3Z2
A0A8B9XKV3	A0A8C0T4K2
A0A8B9XKV3	A0A8C0LJX2
A0A8B9XKV3	I3LBU8
A0A8B9XKV3	A0A8M1M5G8
A0A8C0D870	A0A8C0D870
A0A8C0D870	Q9BQR3
A0A8C0D870	F1N7F5
A0A8C0D870	A0A5N4BYT3
A0A8C0D870	A0A834EML6
A0A8C0D870	S7N0Y7
A0A8C0D870	A0A6B0QVG7
A0A8C0D870	A0A7J7EQ45
A0A8C0D870	A0A835ZP32
A0A8C0D870	A0A8C0RAK5
A0A8C0D870	A0A8C7BVM7
A0A8C0D870	A0A9L0S3L3
A0A8C0D870	D2HV80
A0A8C0D870	G9KIV0
A0A8C0D870	A0A4W2BP58
A0A8C0D870	A0A6P3H945
A0A8C0D870	A0A6P5E0J7
A0A8C0D870	A0A8B9XNY5
A0A8C0D870	L8J5P5
A0A8C0D870	A0A340WXE8
A0A8C0D870	A0A4U1FN23
A0A8C0D870	A0A667I134
A0A8C0D870	A0A8C8YAN3
A0A8C0D870	A0A8C9CI26
A0A8C0D870	L5KJQ1
A0A8C0D870	A0A2Y9HVG8
A0A8C0D870	A0A671GCJ1
A0A8C0D870	A0A8C0T6J1
A0A8C0D870	A0A8C6B399
A0A8C0D870	A0A4X1VVN7
A0A8C0D870	A0A8C3WNK5
A0A8C0I352	A0A8C0I352
A0A8C0ILG8	A0A8C0ILG8
A0A8C0ILG8	M7BAR1
A0A8C0ILG8	A0A8C8SHK2
A0A8C0ILG8	A0A8C8SJ22
A0A8C0ILG8	K7G5N3
A0A8C0ILG8	A0A8T1S7B7
A0A8C0ILG8	A0A8C4XWQ4
A0A8C0ZXI7	A0A8C0ZXI7
A0A8C0ZXI7	A0A6P5PRB2
A0A8C1JLK2	A0A8C1JLK2
A0A8C1K529	A0A8C1K529
A0A8C1K529	A0A8C1VNE3
A0A8C1XAH1	A0A8C1XAH1
A0A8C1XAH1	A0A8C1JNE6
A0A8C1XAH1	A0A6P6MXR1
A0A8C1XAH1	A0A9J8BQK9
A0A8C1XH30	A0A8C1XH30
A0A8C1XH30	A0A8C1QE70
A0A8C1XH30	A0A673KHJ6
A0A8C1XH30	A0A8C1XAE6
A0A8C1XH30	A0A8C1XCZ1
A0A8C1XH30	A0A8C1XF95
A0A8C1XH30	A0A8C2B7A2
A0A8C1XH30	A0A8C2C767
A0A8C1XH30	A0A6P6MXW8
A0A8C1XH30	A0A8C1JK68
A0A8C1XH30	A0A8C1ZHG3
A0A8C1XH30	A0A9J7XNJ2
A0A8C1XH30	A0A8C1XCP0
A0A8C1XH30	A0A8C1XFH0
A0A8C1XH30	A0A8C2B4F8
A0A8C1XH30	A0A8C2C2I4
A0A8C1XH30	A0A8C2ER19
A0A8C1XH30	A0A672L9V8
A0A8C1XH30	A0A6P6MXV2
A0A8C1XH30	A0A6P6NUX1
A0A8C1XH30	A0A6P6NGV8
A0A8C1XH30	A0A6P6NFR1
A0A8C1XH30	A0A6P6J3N3
A0A8C1XH30	A0A8C1JKE4
A0A8C1XH30	A0A673K0A9
A0A8C1XH30	A0A6P6MXR6
A0A8C1XH30	A0A6P6PCR7
A0A8C1XH30	A0A7J6BRT7
A0A8C1XH30	A0A8C1JJJ6
A0A8C1XH30	A0A673KJF3
A0A8C1XH30	A0A8C1JJW8
A0A8C1XH30	A0A8C1JL70
A0A8C1XH30	A0A8C1QDV0
A0A8C1XH30	A0A498NGW2
A0A8C1XH30	A0ABD0MF43
A0A8C1XH30	A0AA88TVV6
A0A8C1XH30	X1WC91
A0A8C1XH30	A0A672LD50
A0A8C1XH30	A0A671KJ00
A0A8C1XH30	A0A672LF34
A0A8C1XH30	A0A672LFT5
A0A8C1XH30	A0A6P6P328
A0A8C1XH30	A0A8C1L679
A0A8C1XH30	A0A498MBR9
A0A8C1XH30	A0A7J6BRN8
A0A8C2IWG3	A0A8C2IWG3
A0A8C2IWG3	A0A673LSA7
A0A7M6UDS4	A0A7M6UDS4
A0A7M6UDS4	A0A232FJD4
A0A7M6UMD5	A0A7M6UMD5
A0A7M6UMD5	A0A232EQW1
A0A7M6UP97	A0A7M6UP97
A0A7M6US62	A0A7M6US62
A0A7M6US62	A0A7M7R1L8
A0A7M6UWF4	A0A7M6UWF4
A0A7M6UWF4	A0A232EUL6
A0A7M6W5T3	A0A7M6W5T3
A0A7M6W5T3	A0A232ET09
A0A7M7GN45	A0A7M7GN45
A0A7M7H2P2	A0A7M7H2P2
A0A7M7QSD8	A0A7M7QSD8
A0A7M7R723	A0A7M7R723
A0A7M7R723	A0A2A3E858
A0A7N4NI34	A0A7N4NI34
A0A7N4NI34	A0A7N4PW77
A0A7N4NI34	A0A7N4V0X5
A0A7N4NI34	A0A7N4V1T0
A0A7N4NI34	A0A7N4P004
A0A7N5K4W9	A0A7N5K4W9
A0A7N5K4W9	G1M6Q4
A0A7N5K4W9	L7N1L2
A0A7N5K4W9	A0A8U0UYH6
A0A7N5K4W9	A0A667I972
A0A7N9CNG1	A0A7N9CNG1
A0A7R7XAV5	A0A7R7XAV5
A0A7R8UE94	A0A7R8UE94
A0A7R8UL33	A0A7R8UL33
A0A7R8V5I4	A0A7R8V5I4
A0A7R8YR50	A0A7R8YR50
A0A7R8YZP2	A0A7R8YZP2
A0A7R9A9Y7	A0A7R9A9Y7
A0A7R9ERR7	A0A7R9ERR7
A0A7R9EWJ5	A0A7R9EWJ5
A0A7R9MB27	A0A7R9MB27
A0A7R9QI11	A0A7R9QI11
A0A7R9S451	A0A7R9S451
A0A7T6XSK0	A0A7T6XSK0
A0A7T6XSK0	A0A9W9Q747
A0A7U3PFA9	A0A7U3PFA9
A0A7U3PFA9	A0A8S4EN42
A0A7U3PFA9	E2IGY7
A0A7W7FTY8	A0A7W7FTY8
A0A803T0T3	A0A803T0T3
A0A803TFK3	A0A803TFK3
A0A813QUV2	A0A813QUV2
A0A813QUV2	A0A813VIH9
A0A819RLA2	A0A819RLA2
A0A819RLA2	A0A821A6Y9
A0A819RLA2	A0A816CKV1
A0A819RLA2	A0A820X2E1
A0A819RLA2	A0A820JAQ2
A0A819RLA2	A0A816TYB5
A0A819RLA2	A0A819S5P3
A0A821PEN4	A0A821PEN4
A0A821PEN4	A0A9P0TFP7
A0A821RDF3	A0A821RDF3
A0A821RDF3	A0A821R4R0
A0A821RDF3	A0A821RDQ6
A0A821RDF3	A0A821RBI1
A0A821RDF3	A0A9P0TTF4
A0A821T1N8	A0A821T1N8
A0A821UMK0	A0A821UMK0
A0A821WQ17	A0A821WQ17
A0A821YL91	A0A821YL91
A0A821YL91	A0A9P0TEW8
A0A821YL91	A0A821Y6V6
A0A821YL91	A0A9P0TCL4
A0A833Z3S5	A0A833Z3S5
A0A834A050	A0A834A050
A0A834A050	A0A834E1U1
A0A834DK86	A0A834DK86
A0A834DK86	A0A7F8K6B9
A0A834DK86	A0A8C4LTJ1
A0A834DK86	F7DGL8
A0A834DK86	G1QD32
A0A834DK86	A0A671ENX1
A0A834DK86	A0A833Z0Y4
A0A834DK86	A0A8C9C1Y0
A0A834DK86	A0A7J8HDU4
A0A834IKE7	A0A834IKE7
A0A834K5A5	A0A834K5A5
A0A834K5A5	A0ABD1ZXQ9
A0A834K8S7	A0A834K8S7
A0A834K8S7	A0A834J9T7
A0A834K8S7	A0A834JCP0
A0A834KT60	A0A834KT60
A0A834KT60	A0A834NVW5
A0A834KT60	A0A834PGY5
A0A834KT60	A0ABD2ADR8
A0A834KT60	A0ABD2AZ47
A0A834MHY5	A0A834MHY5
A0A8D0BGL4	A0A8D0BGL4
A0A8D0BGL4	A0A670KB40
A0A8D0CKH5	A0A8D0CKH5
A0A8D0CKH5	A0A8C9SM96
A0A8D0CKH5	A0A8C9TCR5
A0A8D0CKH5	A0A8C9TN66
A0A8D0CKH5	A0A8C9U5J5
A0A8D0CKH5	A0A8C9VEF2
A0A8D0CKH5	A0A8C9VS35
A0A8D0CKH5	A0A8C9TIZ3
A0A8D0CKH5	A0A8C9VBU0
A0A8D0CKH5	A0A8C9VJP4
A0A8D0CKH5	A0A8C9VVZ2
A0A8D0CKH5	A0A8C9VFF7
A0A8D0CKH5	A0A8C9VSI1
A0A8D0CKH5	A0A8C9T525
A0A8D0CKH5	A0A8C9TKX9
A0A8D0CKH5	A0A8C9TUY7
A0A8D0CKH5	A0A8C9VV59
A0A8D0CKH5	A0A8C9W5M3
A0A8D0CKH5	A0A8C9W766
A0A8D0CKH5	A0A8C9WLW1
A0A8D0CKH5	A0A8C9TUU2
A0A8D0CKH5	A0A8D0CHB1
A0A8D0CKH5	A0A8C9U752
A0A8D0CKH5	A0A8C9W1F0
A0A8D0CKH5	A0A8C9TGV2
A0A8D0CKH5	A0A8C9TY11
A0A8D0CKH5	A0A8C9W579
A0A8D0CKH5	A0A8C9WP10
A0A8D0CKH5	A0A8C9U4F4
A0A8D0CKH5	A0A8C9VCQ6
A0A8D0CKH5	A0A8C9WFZ2
A0A8D0CKH5	A0A0P7T5U0
A0A8D0D468	A0A8D0D468
A0A8D0D468	A0A8D0D472
A0A8D0D468	A0A6A5FCH9
A0A8D0D468	A0A8C9Z253
A0A8D0D468	A0A8C9Z2I0
A0A8D0DQM8	A0A8D0DQM8
A0A8D0W4S5	A0A8D0W4S5
A0A8D0W4S5	A0A2K6CGE8
A0A8D1YYA6	A0A8D1YYA6
A0A8D2LCV6	A0A8D2LCV6
A0A8D2QEN2	A0A8D2QEN2
A0A8D3BI22	A0A8D3BI22
A0A6G0TU93	A0A6G0TU93
A0A6H5IJ73	A0A6H5IJ73
A0A6H5IJ73	A0ABD2VX93
A0A6I8NBF0	A0A6I8NBF0
A0A6I8NN48	A0A6I8NN48
A0A6I8PDX3	A0A6I8PDX3
A0A6I8PDX3	P08426
A0A6I8PDX3	P06872
A0A6I8PDX3	P70059
A0A6I8PDX3	Q9CPN9
A0A6I8PDX3	Q9D7Y7
A0A6I8PDX3	A6IF00
A0A6I8PDX3	A0A061ILH1
A0A6I8PDX3	A0A087XP99
A0A6I8PDX3	A0A1L8FHY1
A0A6I8PDX3	A0A1S2ZP27
A0A6I8PDX3	A0A1S2ZP29
A0A6I8PDX3	A0A1U7R0H1
A0A6I8PDX3	A0A1U7TG77
A0A6I8PDX3	A0A2G9RNF9
A0A6I8PDX3	A0A2K5IDD3
A0A6I8PDX3	A0A2K5SDV9
A0A6I8PDX3	A0A2K6GI66
A0A6I8PDX3	A0A2R9B8Z6
A0A6I8PDX3	A0A2U3YIS5
A0A6I8PDX3	A0A2Y9DW78
A0A6I8PDX3	A0A3B5MAJ2
A0A6I8PDX3	A0A3P9NPW3
A0A6I8PDX3	A0A3Q3B4H3
A0A6I8PDX3	A0A3Q7MV34
A0A6I8PDX3	A0A452FA14
A0A6I8PDX3	A0A452RWR8
A0A6I8PDX3	A0A485PQN9
A0A6I8PDX3	A0A4X2L762
A0A6I8PDX3	A0A670YWE2
A0A6I8PDX3	A0A6J0XYM2
A0A6I8PDX3	A0A7K4UT05
A0A6I8PDX3	A0A7K6G5A3
A0A6I8PDX3	A0A7L2RNN4
A0A6I8PDX3	A0A7L2U055
A0A6I8PDX3	A0A7N5KI19
A0A6I8PDX3	A0A852PM18
A0A6I8PDX3	A0A8B7GKM1
A0A6I8PDX3	A0A8B7GM50
A0A6I8PDX3	A0A8C2LU45
A0A6I8PDX3	A0A8C5K3Q1
A0A6I8PDX3	A0A8C5Q0M4
A0A6I8PDX3	A0A8C7BQ01
A0A6I8PDX3	A0A8C7BS86
A0A6I8PDX3	A0A8C8XA19
A0A6I8PDX3	A0A8C9UMB1
A0A6I8PDX3	A0A8D0GF93
A0A6I8PDX3	A0A8D0GFA2
A0A6I8PDX3	A0A8D2D281
A0A6I8PDX3	A0A8D2D2D5
A0A6I8PDX3	A0A8D2JLJ8
A0A6I8PDX3	A0A8J0T107
A0A6I8PDX3	A0A8J1JUF3
A0A6I8PDX3	A0A974CAQ3
A0A6I8PDX3	A0A974CDH1
A0A6I8PDX3	A0A9J7EY89
A0A6I8PDX3	A0AAD1WPD9
A0A6I8PDX3	A0FGS8
A0A6I8PDX3	F7G640
A0A6I8PDX3	G3TM62
A0A6I8PDX3	L9L0Y1
A0A6I8PDX3	Q5M976
A0A6I8PDX3	A0A1L8FHY0
A0A6I8PDX3	A0A2K6PTV8
A0A6I8PDX3	A0A2K6RUV6
A0A6I8PDX3	A0A2K6UUN8
A0A6I8PDX3	A0A2U3WYB8
A0A6I8PDX3	A0A2U3YIR8
A0A6I8PDX3	A0A452U7F7
A0A6I8PDX3	A0A4X2M6E6
A0A6I8PDX3	A0A5N3XT99
A0A6I8PDX3	A0A667HA16
A0A6I8PDX3	A0A670JUS5
A0A6I8PDX3	A0A6J3A5P7
A0A6I8PDX3	A0A6P5L5P1
A0A6I8PDX3	A0A6P5L763
A0A6I8PDX3	A0A6P6IB54
A0A6I8PDX3	A0A7L2ESH8
A0A6I8PDX3	A0A803J3Q7
A0A6I8PDX3	A0A8C4LPF8
A0A6I8PDX3	A0A8C4LQ05
A0A6I8PDX3	A0A8C6CH93
A0A6I8PDX3	A0A8D2D2X0
A0A6I8PDX3	A0A8D2D454
A0A6I8PDX3	A0A8J0SDG2
A0A6I8PDX3	A0A8J0T920
A0A6I8PDX3	A0A974CAS0
A0A6I8PDX3	A0A974CE32
A0A6I8PDX3	A0A974HB22
A0A6I8PDX3	A0A9L0IXT5
A0A6I8PDX3	A0AA41NC61
A0A6I8PDX3	A0AAV0AFW0
A0A6I8PDX3	A0AAV7P4T3
A0A6I8PDX3	A0AAV7P9I4
A0A6I8PDX3	F6SS92
A0A6I8PDX3	F7BIQ2
A0A6I8PDX3	F7EM73
A0A6I8PDX3	M4A844
A0A6I8PDX3	Q7SZT1
A0A6I8PDX3	A0A1B8XYT4
A0A6I8PDX3	A0A1U7RAJ8
A0A6I8PDX3	A0A2I2YAT3
A0A6I8PDX3	A0A3B5MFZ3
A0A6I8PDX3	A0A3Q2DWS5
A0A6I8PDX3	A0A3Q7QXR4
A0A6I8PDX3	A0A4X2KZG9
A0A6I8PDX3	A0A4X2KZH8
A0A6I8PDX3	A0A667H9M7
A0A6I8PDX3	A0A673SPV6
A0A6I8PDX3	A0A6I8RI23
A0A6I8PDX3	A0A6P7E305
A0A6I8PDX3	A0A7D9NLX9
A0A6I8PDX3	A0A7K6IG53
A0A6I8PDX3	A0A8C0L9A4
A0A6I8PDX3	A0A8C5KM82
A0A6I8PDX3	A0A8C5Z5V3
A0A6I8PDX3	A0A8C6KJB6
A0A6I8PDX3	A0A8J0R6D0
A0A6I8PDX3	A0A8T2IF40
A0A6I8PDX3	A0A974CDY4
A0A6I8PDX3	A0A9V1FT09
A0A6I8PDX3	A0A9V1FUE2
A0A6I8PDX3	A0AA35PPQ4
A0A6I8PDX3	A0AAV2ZGU3
A0A6I8PDX3	D2HP34
A0A6I8PDX3	F6SB70
A0A6I8PDX3	G3HL18
A0A6I8PDX3	G3TLT0
A0A6I8PDX3	Q05AV3
A0A6I8PDX3	A0A1S2ZP21
A0A6I8PDX3	A0A2R8MW42
A0A6I8PDX3	A0A384CL32
A0A6I8PDX3	A0A3Q2QBJ8
A0A6I8PDX3	A0A452EML0
A0A6I8PDX3	A0A452U793
A0A6I8PDX3	A0A485NKX1
A0A6I8PDX3	A0A4X2L6V9
A0A6I8PDX3	A0A6I9ZMI7
A0A6I8PDX3	A0A811YWN2
A0A6I8PDX3	A0A8C0QM65
A0A6I8PDX3	A0A8C7BTL1
A0A6I8PDX3	A0A8C8YHN4
A0A6I8PDX3	A0A8J1JUG2
A0A6I8PDX3	A0A974CDH9
A0A6I8PDX3	A0A974CDI7
A0A6I8PDX3	A0A974HAV1
A0A6I8PDX3	A0AA41MXU6
A0A6I8PDX3	A0AAW0H7S6
A0A6I8PDX3	A0AAW0H8I0
A0A6I8PDX3	D3TJH6
A0A6I8PDX3	F7D9A4
A0A6I8PDX3	F7DD53
A0A6I8PDX3	A0A0D9R6B0
A0A6I8PDX3	A0A1B8XYZ1
A0A6I8PDX3	A0A1L8FHX6
A0A6I8PDX3	A0A2K6JYM6
A0A6I8PDX3	A0A2K6JYN6
A0A6I8PDX3	A0A2Y9DWG0
A0A6I8PDX3	A0A2Y9JYG7
A0A6I8PDX3	A0A384CL34
A0A6I8PDX3	A0A3B3VAE6
A0A6I8PDX3	A0A3B3Z026
A0A6I8PDX3	A0A5N3XR57
A0A6I8PDX3	A0A667H7C0
A0A6I8PDX3	A0A6G1AAC9
A0A6I8PDX3	A0A6I8RQW6
A0A6I8PDX3	A0A6I9MN27
A0A6I8PDX3	A0A6J0A7N6
A0A6I8PDX3	A0A6J2AN81
A0A6I8PDX3	A0A6J3F643
A0A6I8PDX3	A0A6P3F007
A0A6I8PDX3	A0A6P5L6L0
A0A6I8PDX3	A0A6P5PR54
A0A6I8PDX3	A0A7L2K3S1
A0A6I8PDX3	A0A836AAM2
A0A6I8PDX3	A0A8C0LCA0
A0A6I8PDX3	A0A8C2UIM5
A0A6I8PDX3	A0A8C4PL83
A0A6I8PDX3	A0A8C9D584
A0A6I8PDX3	A0A8D2CXR9
A0A6I8PDX3	A0A8J0SCE5
A0A6I8PDX3	A0A8J1JSK9
A0A6I8PDX3	A0A8J1JUF6
A0A6I8PDX3	A0A8J1JYA0
A0A6I8PDX3	A0A9D3TBI0
A0A6I8PDX3	A0A9L0S0F6
A0A6I8PDX3	A0A9X9Q2B8
A0A6I8PDX3	A0A151NL79
A0A6I8PDX3	A0A1U7SJ17
A0A6I8PDX3	A0A3B4V134
A0A6I8PDX3	A0A452U7A1
A0A6I8PDX3	A0A6J3EAD0
A0A6I8PDX3	A0A6P5L796
A0A6I8PDX3	A0A8C0R523
A0A6I8PDX3	A0A8D2D2D6
A0A6I8PDX3	A0A8I3P3C2
A0A6I8PDX3	G3TMY8
A0A6I8PDX3	A0A2K6KTY0
A0A6I8PDX3	A0A2Y9EJP1
A0A6I8PDX3	A0A2Y9EKK8
A0A6I8PDX3	A0A341CH19
A0A6I8PDX3	A0A3P9NNW3
A0A6I8PDX3	A0A3P9NNQ3
A0A6I8PDX3	A0A8B7GL91
A0A6I8PDX3	A6XMV9
A0A6I8PDX3	A0A2J8V2Z2
A0A6I8PDX3	A0A6D2WL68
A0A6I8PDX3	A0A8I5TSU1
A0A6I8PDX3	G3QZE0
A0A6I8PDX3	A0A2K6L8I9
A0A6I8PDX3	A0A2R9CN88
A0A6I8PDX3	A0A2I3H0X9
A0A6I8PDX3	G3RW16
A0A6I8PDX3	A0A2J8V2Y6
A0A6I8PDX3	A0A8C0LA21
A0A6I8PDX3	A0A8C0N052
A0A6I8PDX3	A0A8C8X966
A0A6I8PDX3	A0A8D0BH43
A0A6I8PDX3	F6VSH7
A0A6I8PDX3	A0A2K5NAR7
A0A6I8PDX3	A0A2K5ZNH7
A0A6I8PDX3	A0A452U776
A0A6I8PDX3	A0A452RBD9
A0A6I8PDX3	A0A4X2M6F4
A0A6I8PDX3	A0A4X2M6D8
A0A6I8PDX3	A0A6P5LDU5
A0A6I8PDX3	G3VGZ0
A0A6I8PDX3	A0A4X2M693
A0A6I8PDX3	A0A8C2UK28
A0A6I8PDX3	A0A8C7BSG9
A0A6I8PDX3	A0A8C7C274
A0A6I8PDX3	A0A8C9P716
A0A6I8PDX3	A0A8D0BHX2
A0A6I8PDX3	A0A8D0GC19
A0A6I8PDX3	A0A674IH13
A0A6I8PDX3	A0A2P4SI13
A0A6I8PDX3	A0A8D2JLK6
A0A6I8PDX3	A0A8D2JMD5
A0A6I8PDX3	A0A8D2JMD1
A0A6I8PDX3	A0A9L0KJ66
A0A6I8PDX3	A0A9L0KFI6
A0A6I8PDX3	A0A8C4LLK7
A0A6I8PDX3	A0A9L0IDX9
A0A6I8PDX3	A0A9L0IHF2
A0A6I8PDX3	A0A8C4LQN6
A0A6I8PDX3	A0AAV2ZKT1
A0A6I8PDX3	A0A6P7WQT6
A0A6I8PDX3	M7BGQ0
A0A6I8PDX3	A0A2K6GI65
A0A6I8PDX3	A0A2K6UUP7
A0A6I8PDX3	A0A452RBI9
A0A6I8PDX3	A0A6P8PFD0
A0A6I8PDX3	A0A8C8VK73
A0A6I8PDX3	A0A8C8YF39
A0A6I8PDX3	A0A8D0BIY0
A0A6I8PDX3	A0A8D2GI20
A0A6I8PDX3	G3U7D1
A0A6I8PDX3	G3U822
A0A6I8PDX3	A0A2K5JCV2
A0A6I8PDX3	A0A2K6PTV5
A0A6I8PDX3	A0A4X2M5V4
A0A6I8PDX3	A0A8C0H9R6
A0A6I8PDX3	A0A8C4WSX7
A0A6I8PDX3	A0A452HV77
A0A6I8PDX3	A0A8C0H7G8
A0A6I8PDX3	A0A8C0H7X3
A0A6I8PDX3	A0A8C9D5F1
A0A6I8PDX3	A0A8D2CYV9
A0A6I8PDX3	A0A8D2D2U6
A0A6I8PDX3	A0A8D2D742
A0A6I8PDX3	A0A8D2D993
A0A6I8PDX3	A0AA41NCG8
A0A6I8PDX3	A0A8D2D312
A0A6I8PDX3	A0A8D2D8G4
A0A6I8PDX3	A0A8C5Z533
A0A6I8PDX3	A0A8D2D3X8
A0A6I8PDX3	A0A8D2D967
A0A6I8PDX3	A0A8T1RYD3
A0A6I8PDX3	A0AA97JV33
A0A6I8PDX3	A6IF25
A0A6I8PDX3	P07146
A0A6I8PDX3	Q792Z0
A0A6I8PDX3	Q792Y8
A0A6I8PDX3	B9EJ35
A0A6I8PDX3	A0A8I5ZW48
A0A6I8PDX3	A6IF24
A0A6I8PDX3	Q3V2G3
A0A6I8PDX3	A0A8I5ZME9
A0A6I8PDX3	Q9Z1R9
A0A6I8PDX3	A0A8C6GCN0
A0A6I8PDX3	A0A8C6MNY9
A0A6I8PDX3	A0A8C6MPZ7
A0A6I8PDX3	A0A6P5PXB3
A0A6I8PDX3	A0A8C6GC88
A0A6I8PDX3	A0A8C6GCH5
A0A6I8PDX3	A0A8C6GCQ2
A0A6I8PDX3	A0A6P5P8T3
A0A6I8PDX3	A0A6P5P6S4
A0A6I8PDX3	A0A6P5PCI9
A0A6I8PDX3	A0A8C0BT04
A0A6I8PDX3	Q90628
A0A6I8PDX3	Q90627
A0A6I8PDX3	A0A7L4G1A1
A0A6I8PDX3	A0A8B9S020
A0A6I8PDX3	H0ZSH7
A0A6I8PDX3	A0A663EWL1
A0A6I8PDX3	A0A8V0ZVQ2
A0A6I8PDX3	A0A8C5T8U4
A0A6I8PDX3	A0A7K9ZAP7
A0A6I8PDX3	A0A7L1Y046
A0A6I8PDX3	A0A8V0ZW57
A0A6I8PDX3	A0A8V1A2H3
A0A6I8PDX3	A0A091QJZ8
A0A6I8PDX3	A0A8B9NHL7
A0A6I8PDX3	A0A8C3TR33
A0A6I8PDX3	A0AAN7NPG1
A0A6I8PDX3	A0AAW0H688
A0A6I8PDX3	A0A2K6FKR0
A0A6I8PDX3	A0A3Q0DBY5
A0A6I8PDX3	A0AAW0H329
A0A6I8PDX3	A0A8D2D3M8
A0A6I8PDX3	A0AA41SZT7
A0A6I8UQZ5	A0A6I8UQZ5
A0A6I8UQZ5	Q9VGB8
A0A6I8UQZ5	A0A6P4J5M4
A0A6I8UQZ5	A0A9P9YXY8
A0A6I8UQZ5	A0AB39ZNK0
A0A6I8UQZ5	B3P1F0
A0A6I8UQZ5	B4PNP3
A0A6I8UQZ5	B4HHF8
A0A6I8UQZ5	B4N8Y6
A0A6I8UQZ5	B4QSZ7
A0A6I8UQZ5	A0A3B0KDV0
A0A6I8UQZ5	A0A6P4FAE7
A0A6I8UQZ5	A0ABM5HRC3
A0A6I8UQZ5	A0AAU9ESE0
A0A6I8UQZ5	B3LZM4
A0A6I8UQZ5	A0A6P8KE39
A0A6I8UQZ5	B4M5B9
A0A6I8UQZ5	A0A6J1MAU8
A0A6I8UQZ5	B4KDY2
A0A6I8UQZ5	A0A6J2TC08
A0A6I9WTF7	A0A6I9WTF7
A0A6I9WZU5	A0A6I9WZU5
A0A6I9WZU5	A0A6I9WPT4
A0A6I9Y5T8	A0A6I9Y5T8
A0A6J0C2B1	A0A6J0C2B1
A0A6J0C390	A0A6J0C390
A0A6J1M8D0	A0A6J1M8D0
A0A6J1M8D0	B4M3T0
A0A6J1M8D0	B4JLU1
A0A6J1MRD7	A0A6J1MRD7
A0A6J1MRD7	B4L1N9
A0A6J1MRD7	A0A484B0W9
A0A6J1MRD7	B4JIV6
A0A6J1MRD7	A0ABM1PT80
A0A6J1MRD7	B4M278
A0A6J1PUH2	A0A6J1PUH2
A0A6J1WTL2	A0A6J1WTL2
A0A6J1WTL2	Q961Y0
A0A6J2STW9	A0A6J2STW9
A0A6J2TH76	A0A6J2TH76
A0A6J2TRL8	A0A6J2TRL8
A0A6J2U1V9	A0A6J2U1V9
A0A6J2U437	A0A6J2U437
A0A6J2U437	A0A6J2U4Z9
A0A6J2U731	A0A6J2U731
A0A6J2U8J1	A0A6J2U8J1
A0A6J2U977	A0A6J2U977
A0A6J2UD95	A0A6J2UD95
A0A6J2UD95	A0A6J2UFZ0
A0A6J2UF72	A0A6J2UF72
A0A6J2UL05	A0A6J2UL05
A0A6J2W459	A0A6J2W459
A0A6J2WNV7	A0A6J2WNV7
A0A6J2WNV7	A0A6J2WK84
A0A6J2WNV7	A0A6J2WN31
A0A6J2WNV7	A0A6J2WNT9
A0A6J2WNV7	A0A6J2WQT8
A0A6J2WNV7	A0A6J2WQR4
A0A6J2WNV7	A0A6J2WK69
A0A6J2WNV7	A0A6J2WN28
A0A6J2WNV7	A0A6J2WNU3
A0A6J3QD98	A0A6J3QD98
A0A9X4H170	A0A9X4H170
A0A9X4H170	A0AA46H8L8
A0A9X9M1E8	A0A9X9M1E8
A0A9X9M1E8	A0A8C8X550
A0A9Y4NJV9	A0A9Y4NJV9
A0A9Y4NJV9	A0A3Q1D1G9
A0A9Y4NJV9	A0A3P8SHD1
A0A9Y4NJV9	A0A3Q1EH16
A0A9Y4NJV9	A0A3P8SHL0
A0A9Y4NJV9	A0A3Q1EFC2
A0AA38ILS6	A0AA38ILS6
A0AA38M4Y1	A0AA38M4Y1
A0AA38M4Y1	A0AA38IRR5
A0AA38MQ72	A0AA38MQ72
A0AA39FR93	A0AA39FR93
A0AA40G4V2	A0AA40G4V2
A0AA40G4V2	A0A0L7RCF5
A0AA40G4V2	A0A7M7MMT1
A0AA40G4V2	A0A833W7L9
A0AA47NSA6	A0AA47NSA6
A0AA88HE41	A0AA88HE41
A0AAD4JW31	A0AAD4JW31
A0AAD4KB58	A0AAD4KB58
A0AAD4KB58	A0A6P8Y636
A0AAD5KQQ3	A0AAD5KQQ3
A0AAD7RP61	A0AAD7RP61
A0AAD7T3Z7	A0AAD7T3Z7
A0AAD7Z1W6	A0AAD7Z1W6
A0AAD7Z3C2	A0AAD7Z3C2
A0AAD7ZHQ4	A0AAD7ZHQ4
A0AAD8DLT8	A0AAD8DLT8
A0AAD8DTM9	A0AAD8DTM9
A0AAD8DTM9	A0AAD8DSI1
A0AAD8DTM9	C9W8H3
A0AAD8DTM9	A0A2A4JGN4
A0AAD8DTM9	J7FCZ4
A0AAD8DTM9	A0A2A4JFK9
A0AAD8DTM9	A0A2A4JGG9
A0AAD8DTM9	A0A2A4JGD4
A0AAD8E3K1	A0AAD8E3K1
A0AAD8EMZ8	A0AAD8EMZ8
A0A482VCA1	A0A482VCA1
A0A482WKQ2	A0A482WKQ2
A0A484B7M9	A0A484B7M9
A0A484B7M9	B4KK94
A0A484B7M9	A0A484B4R1
A0A484B7M9	B4KK93
A0A484B7M9	A0A484B5A2
A0A484B7M9	B4KK96
A0A484B7M9	C5IB60
A0A484B7M9	C5IBC0
A0A484B7M9	B4KK97
A0A484B7M9	C5IB83
A0A484B7M9	C5IB39
A0A484B7M9	C5IB11
A0A484B7M9	C5IB14
A0A484B7M9	C5IB10
A0A484B7M9	C5IB15
A0A484B7M9	B4KK98
A0A484BH99	A0A484BH99
A0A484BH99	B4KBT8
A0A484BH99	A0ABM1Q0Z6
A0A484BH99	B4M668
A0A484BH99	B4N9L2
A0A484BKR7	A0A484BKR7
A0A484BKR7	A0ABM1PI66
A0A484BKR7	B4KPB4
A0A484BVL9	A0A484BVL9
A0A484BVL9	B4LFU7
A0A484BVL9	A0A0M5IY73
A0A484BVL9	A0A6J1LSX6
A0A484BVL9	B4KXH2
A0A484BVL9	A0A6J2UAY2
A0A484BVL9	A0A6P8WYS2
A0A484BVL9	B4GRP7
A0A484BVL9	Q8IRE2
A0A484BVL9	A0A6P8JUQ3
A0A484BVL9	A0AAU9FM77
A0A484BVL9	A0ABM5J5K2
A0A484BVL9	B3M5T7
A0A484BVL9	B3NFX9
A0A484BVL9	B4PGL5
A0A484BVL9	A0A3B0J7R0
A0A484BVL9	B4HTM8
A0A484BVL9	A0A6P4J565
A0A484BVL9	B4N3P7
A0A484BVL9	B4IX47
A0A485NL59	A0A485NL59
A0A485NL59	A0A673SSP6
A0A485NL59	A0A9W2V4I5
A0A485NL59	A0A6P6IAG3
A0A485NL59	M3XVU2
A0A485NL59	A0A8U0TAU5
A0A485NL59	A0A2Y9K297
A0A498MP12	A0A498MP12
A0A4C1UPR4	A0A4C1UPR4
A0A4D5RRM1	A0A4D5RRM1
A0A4D5RRM1	B7QJB5
A0A4D5RRM1	V5I1Z3
A0A4D9EJH1	A0A4D9EJH1
A0A4Q7J5X3	A0A4Q7J5X3
A0A4U5MCG1	A0A4U5MCG1
A0A4U5MCG1	A0A4U5MCP0
A0A4U5U266	A0A4U5U266
A0A4U5U266	A0A4U5U3N2
A0A4U5U3N3	A0A4U5U3N3
A0A4U5UIW1	A0A4U5UIW1
A0A4U5UIW1	A0A4U5UIX2
A0A4W2E1K6	A0A4W2E1K6
A0A4W2E1K6	P79204
A0A4W2E1K6	E1BIP7
A0A4W2E1K6	E1B8U1
A0A4W2E1K6	A0A452F656
A0A4W2E1K6	A0A452F691
A0A4W2E1K6	A0A4W2HDI0
A0A4W2E1K6	A0A6P3HHC4
A0A4W3JBJ6	A0A4W3JBJ6
A0A4W3JBJ6	A0A4W3ITY1
A0A4W3K5G2	A0A4W3K5G2
A0A4W3K5G2	A0A4W3K6J2
A0A4W3K5G2	A0A4W3K6N2
A0A4W3K5G2	A0A4W3K6P9
A0A4W3K5G2	A0A4W3KHV2
A0A4W3K5G2	A0A4W3JU02
A0A4W3K5G2	A0A4W3K6I5
A0A4W3K5G2	A0A4W3KHQ7
A0A4W3KAP7	A0A4W3KAP7
A0A4W4F4R5	A0A4W4F4R5
A0A4W4F4R5	A0A4W4F7D7
A0A4W4F4R5	A0A4W4F7H7
A0A4W4F4R5	A0A4W4F7X2
A0A4W4F4R5	A0AAD9DXH4
A0A4W4F4R5	A0A4W4F695
A0A4W4F4R5	A0A4W4F6Q9
A0A4W4F4R5	A0A4W4F576
A0A4W4F4R5	A0A4W4F868
A0A4W4F4R5	A0A3B1KDP0
A0A4W4F4R5	A0A8T0BNT4
A0A4W4F4R5	A0AA88NAN5
A0A4W4F4R5	E3TF08
A0A4W4F4R5	A0A5N5Q5U7
A0A4W4F4R5	A0A9D3STG5
A0A4W4F4R5	E3TDH0
A0A4W4F4R5	A0A3B4D2D5
A0A4W4F4R5	A0A7J6B321
A0A4W4F4R5	A0A4W4F6J3
A0A4W4F4R5	A0AAE0VC62
A0A4W4HG88	A0A4W4HG88
A0A4W4HGE6	A0A4W4HGE6
A0A4X1SW69	A0A4X1SW69
A0A4X1SW69	A0A6J3IDB8
A0A4X1SW69	A0A6J2FA75
A0A4X1SW69	A0A8B7U8H4
A0A4X1SW69	A0A8D1J2F6
A0A4X1SW69	A0A2Y9S0V0
A0A4X1SW69	A0A3Q7N831
A0A4X1SW69	A0A6P6HLT2
A0A4X1SW69	A0A8D0Y6T4
A0A4X1SW69	A0A8D0YG82
A0A4X1SW69	A0A8M1G2E0
A0A4X1SW69	A0A341APB4
A0A4X1SW69	A0A6J3QDR5
A0A4X1SW69	A0A8B7RLQ7
A0A4X1TFV3	A0A4X1TFV3
A0A0R1DIU5	A0A0R1DIU5
A0A0R1DIU5	B4NW77
A0A0R1DIU5	B4Q815
A0A0R1DIU5	A0A6P8KV34
A0A0R1DIU5	B4I2H5
A0A0R1DSX2	A0A0R1DSX2
A0A0R1DSX2	A1ZA38
A0A0R1DSX2	A0A0J9REQ0
A0A0R1DSX2	B3NQA0
A0A0R1DSX2	B4P7A2
A0A0U4C5C4	A0A0U4C5C4
A0A151IJB1	A0A151IJB1
A0A158N9V8	A0A158N9V8
A0A158N9V8	A0A6J1PSY9
A0A158NA34	A0A158NA34
A0A158NDD8	A0A158NDD8
A0A158NDI6	A0A158NDI6
A0A158NDI6	A0A158NBX5
A0A158NW97	A0A158NW97
A0A158NXQ1	A0A158NXQ1
A0A158NXQ1	A0A836EAZ2
A0A158P3L3	A0A158P3L3
A0A158P3L3	A0A158P3L4
A0A158P4Q4	A0A158P4Q4
A0A182J3Z5	A0A182J3Z5
A0A182K8E2	A0A182K8E2
A0A182K8E2	A0A182NRN1
A0A182K8E2	A0A182S7U3
A0A182K8E2	Q7QCB3
A0A182K8E2	A0A182P047
A0A182K8E2	A0A182RS53
A0A182K8E2	A0A182TCU7
A0A182K8E2	A0A182XAW3
A0A182K8E2	A0A182VBU9
A0A182K8E2	A0A8W7PS13
A0A182K8E2	A0A182Q813
A0A182K8E2	A0AAG5CZ68
A0A182LU00	A0A182LU00
A0A182MKM9	A0A182MKM9
A0A182MPV8	A0A182MPV8
A0A182MPV8	A0A182M960
A0A182N1R0	A0A182N1R0
A0A182NX87	A0A182NX87
A0A182P0Y4	A0A182P0Y4
A0A182PLN5	A0A182PLN5
A0A182PLN5	A0A182X342
A0A182PN66	A0A182PN66
A0A182PSE9	A0A182PSE9
A0A182PSE9	A0A182PSE8
A0A182PX95	A0A182PX95
A0A182Q7C5	A0A182Q7C5
A0A182Q8Z1	A0A182Q8Z1
A0A182Q8Z1	A0A182N8T0
A0A182R5B7	A0A182R5B7
A0A182SHU8	A0A182SHU8
A0A182SVQ8	A0A182SVQ8
A0A182UMP9	A0A182UMP9
A0A182UMP9	A7UVF4
A0A182UMP9	A0A453Z3W1
A0A182UMP9	A0A4Y0BQB4
A0A182UMP9	A0A182QRS9
A0A182UMP9	A0A182U0U3
A0A182V772	A0A182V772
A0A182VDE4	A0A182VDE4
A0A182VDE4	A0A182SC74
A0A182VDE4	A0A8W7P8T8
A0A182VDE4	A0A2C9H3S0
A0A182VDE4	A0A6E8WB35
A0A182VJ66	A0A182VJ66
A0A182VJ66	A0A3F2Z222
A0A182VJ66	A0A182PBT7
A0A182X1B9	A0A182X1B9
A0A182XUS7	A0A182XUS7
A0A182XUS7	F5HIQ7
A0A182XUS7	A0A182VHS4
A0A184WFX2	A0A184WFX2
A0A184WFX2	A0A184WFW6
A0A184WFX2	A0A184WFW3
A0A193CHJ0	A0A193CHJ0
A0A193CHJ0	Q2QA04
A0A193CHJ0	J3S3W7
A0A193CHJ0	J3SDX1
A0A193CHJ0	A0A2I7YS83
A0A193CHJ0	F8S115
A0A193CHJ0	A0A2I7YS90
A0A193CHJ0	Q072L7
A0A193CHJ0	A0A2I7YSA1
A0A193CHJ0	A0A2I7YSB0
A0A193CHJ0	T1DED9
A0A193CHJ0	A0A2I7YS24
A0A193CHJ0	A0A2I7YS53
A0A193CHJ0	A0A2I7YS87
A0A193CHJ0	A0A2I7YSA8
A0A193CHJ0	J3SDW9
A0A193CHJ0	A0A194AQC5
A0A193CHJ0	A0A194APJ8
A0A193CHJ0	A0A286S0D3
A0A193CHJ0	A0A194AQC9
A0A193CHJ0	A0A2I7YS54
A0A193CHJ0	A0A0K8S017
A0A193CHJ0	A0A0K8RYZ4
A0A193CHJ0	A0A1W7RJR6
A0A193CHJ0	A0A194AM96
A0A193CHJ0	A0A194APK1
A0A193CHJ0	A0A194ARH9
A0A193CHJ0	A0A194APB3
A0A193CHJ0	A0A1W7RB69
A0A193CHJ0	A0A2I7YS37
A0A193CHJ0	A0AAW1AZH2
A0A193CHJ0	T1DJX9
A0A193CHJ0	A0A2I7YS20
A0A193CHJ0	Q9DF67
A0A193CHJ0	Q8AY79
A0A193CHJ0	Q91516
A0A193CHJ0	Q27J47
A0A193CHJ0	Q7SZE1
A0A193CHJ0	Q9I8X1
A0A193CHJ0	Q9YGJ8
A0A193CHJ0	P0CJ41
A0A193CHJ0	Q7SZE2
A0A193CHJ0	Q8QHK2
A0A193CHJ0	O13059
A0A193CHJ0	Q71QH7
A0A193CHJ0	E5L0E5
A0A193CHJ0	F8S116
A0A193CHJ0	Q9DF66
A0A193CHJ0	J3S835
A0A193CHJ0	A0A2I7YS44
A0A193CHJ0	A0A2I7YS47
A0A193CHJ0	A0A2I7YS57
A0A193CHJ0	A0A2I7YS99
A0A193CHJ0	A0A2I7YSA0
A0A193CHJ0	A0A2I7YSB2
A0A193CHJ0	A0A2I7YSB5
A0A193CHJ0	A0A2I7YSB6
A0A193CHJ0	A0A6B2F2V9
A0A193CHJ0	T1DP94
A0A193CHJ0	A0A0K8RYN5
A0A193CHJ0	A0A0K8RYN6
A0A193CHJ0	A0A0K8RYT9
A0A193CHJ0	A0A194ALW4
A0A193CHJ0	A0A194APL5
A0A193CHJ0	A0A194AQD7
A0A193CHJ0	A0A194ASH3
A0A193CHJ0	A0A1W7RB76
A0A193CHJ0	A0A2I7YS17
A0A193CHJ0	A0A2I7YS45
A0A193CHJ0	A0A2I7YS65
A0A193CHJ0	A0A2I7YS66
A0A193CHJ0	A0A6B2F2N5
A0A193CHJ0	A0A6B2F3E5
A0A193CHJ0	J3S3W4
A0A193CHJ0	T1DE97
A0A193CHJ0	T1E7L6
A0A193CHJ0	A0A194AMB1
A0A193CHJ0	A0A194APC8
A0A193CHJ0	A0A194APD3
A0A193CHJ0	A0A194APJ3
A0A193CHJ0	A0A194ARJ3
A0A193CHJ0	A0A286S0E6
A0A193CHJ0	A0A2I7YS62
A0A193CHJ0	A0A2I7YS84
A0A193CHJ0	A0AAW1AXT3
A0A193CHJ0	E9NX14
A0A193CHJ0	T1D6M5
A0A193CHJ0	T1D6M9
A0A193CHJ0	T1DH10
A0A193CHJ0	T1DMM6
A0A193CHJ0	T1E3C0
A0A193CHJ0	A0A0K8RS95
A0A193CHJ0	A0A0K8RSB3
A0A193CHJ0	A0A0K8RYS4
A0A193CHJ0	A0A0U2UH64
A0A193CHJ0	A0A194APL0
A0A193CHJ0	A0A1W7RB66
A0A193CHJ0	A0A286S0D8
A0A193CHJ0	A0A286S0E1
A0A193CHJ0	A0A2I7YSC0
A0A193CHJ0	A0AAW1AXA2
A0A193CHJ0	B0VXT6
A0A193CHJ0	T1E3B5
A0A193CHJ0	A0A0K8RS97
A0A193CHJ0	A0A0K8RSF0
A0A193CHJ0	A0A0K8RYP0
A0A193CHJ0	A0A0K8RYS0
A0A193CHJ0	A0A1W7RJU2
A0A193CHJ0	A0A286S0F5
A0A193CHJ0	A0A2I7YS26
A0A193CHJ0	A0A2I7YS42
A0A193CHJ0	A0A2I7YS46
A0A193CHJ0	A0A2I7YS48
A0A193CHJ0	A0A2I7YS64
A0A193CHJ0	A0A2I7YS73
A0A193CHJ0	A0A2I7YS81
A0A193CHJ0	A0A2I7YS98
A0A193CHJ0	A0A6B2F419
A0A193CHJ0	A0A6B2F963
A0A193CHJ0	A0A6B2FAE2
A0A193CHJ0	A0A6B2FGY6
A0A193CHJ0	Q9PTL3
A0A193CHJ0	Q8UUJ1
A0A193CHJ0	A0A0K8RT82
A0A193CHJ0	A0A2I7YS25
A0A193CHJ0	A0A2I7YS43
A0A193CHJ0	A0A2I7YS59
A0A193CHJ0	A0AAW1AYD3
A0A193CHJ0	A0A1Y0DIB5
A0A669E1P5	A0A669E1P5
A0A669E1P5	A0A669EJN3
A0A669E1P5	A0A668W227
A0A669EP22	A0A669EP22
A0A669EP22	A0A669B5K9
A0A669EP22	A0A668SW62
A0A670IA90	A0A670IA90
A0A670ITN9	A0A670ITN9
A0A670ITN9	A0A670IUP7
A0A670K637	A0A670K637
A0A670KDN4	A0A670KDN4
A0A670YJV9	A0A670YJV9
A0A670YJV9	A0A670JZ92
A0A670YJV9	A0A6I9XXE1
A0A670YJV9	A0A6P9CAP5
A0A670YJV9	A0A8C6X6Z3
A0A670YJV9	A0AA35KPH5
A0A670YJV9	A0A6J1UY88
A0A670YJV9	A0A8C6X700
A0A670YJV9	A0A9F5IS12
A0A670YJV9	A0AAW1ASZ1
A0A670YJV9	A0A670JZ96
A0A670YJV9	A0A670K742
A0A670YJV9	A0A8C5SKP6
A0A670YJV9	A0A8C6X7D2
A0A670YJV9	A0A670YAD3
A0A670YJV9	A0A8D2J4Y8
A0A670YPD0	A0A670YPD0
A0A670YPD0	A0A670YHL2
A0A670ZMK6	A0A670ZMK6
A0A670ZMK6	A0A670ZMP5
A0A670ZMK6	A0A670ZM58
A0A670ZMP3	A0A670ZMP3
A0A670ZMP3	A0A670ZN55
A0A670ZMP3	A0A8C6XY49
A0A670ZMP3	A0A803TBN2
A0A670ZMP3	A0A803T304
A0A671L9F8	A0A671L9F8
A0A671L9F8	A0A671L6B3
A0A671LTD2	A0A671LTD2
A0A671LTD2	A0A671LTD5
A0A671SK53	A0A671SK53
A0A671UG46	A0A671UG46
A0A671WP86	A0A671WP86
A0A671WP86	A0A3B4Z3N8
A0A671WP86	A0A3P8SKQ9
A0A671WP86	A0A671WHI7
A0A671WP86	A0A3P8SLW6
A0A671WP86	A0A671WI02
A0A671WP86	A0AAW1DUN7
A0A671WP86	A0A3P8SJG1
A0A671WP86	A0A3P8SKM9
A0A671WP86	A0A673CHH3
A0A671WP86	A0A673CT26
A0A671WP86	A0A3B4Z773
A0A671WP86	A0A3P8SKQ7
A0A671WP86	A0A673CRB1
A0A671WP86	A0A673CHL5
A0A671WP86	A0A3B4TDV7
A0A671X765	A0A671X765
A0A671X765	A0A3P8T9K6
A0A671X765	A0A3P8V232
A0A671X765	A0A3B5L6R5
A0A672FYF1	A0A672FYF1
A0A672HP05	A0A672HP05
A0A9N8KS65	A0A9N8KS65
A0A9N8KS65	A0A9P0BRD5
A0A9N8KS65	A0A194PQ27
A0A9N8KS65	A0AAJ7EFV7
A0A9N8KS65	A0A7E5WEF5
A0A9N8KS65	A0A7E5WG28
A0A9N8KS65	A0A9N8KTP4
A0A9N8KS65	A0A9N8KTT0
A0A9N8KS65	A0A9P0BTP5
A0A9N8KS65	A0ABD0TNN4
A0A9N8KS65	A0A9N8KYU8
A0A9N8KS65	A0A194PP33
A0A9N8KS65	A0A7E5WY52
A0A9N8KS65	A0A7E5WG18
A0A9N8KS65	A0A7E5WF96
A0A9N9QM71	A0A9N9QM71
A0A9N9QNG1	A0A9N9QNG1
A0A9N9R2F0	A0A9N9R2F0
A0A9N9RHC9	A0A9N9RHC9
A0A9N9S0N9	A0A9N9S0N9
A0A9N9SN53	A0A9N9SN53
A0A9N9SNS6	A0A9N9SNS6
A0A9N9TN79	A0A9N9TN79
A0A9N9WZI8	A0A9N9WZI8
A0A9P0A512	A0A9P0A512
A0A9P0BQJ8	A0A9P0BQJ8
A0A9P0BQJ8	A0A7E5VH55
A0A9P0BSN1	A0A9P0BSN1
A0A9P0C0J3	A0A9P0C0J3
A0A9P0C4J5	A0A9P0C4J5
A0A9P0D4W0	A0A9P0D4W0
A0A9P0DH88	A0A9P0DH88
A0A9P0DKU0	A0A9P0DKU0
A0A9P0FWA3	A0A9P0FWA3
A0A9P0H2P0	A0A9P0H2P0
A0A9P0HC26	A0A9P0HC26
A0A9P0HFL5	A0A9P0HFL5
A0A9P0HYI2	A0A9P0HYI2
A0A9P0HYI2	A0A9P0HWT8
A0A9P0HYI2	A0A9P0HWT9
A0A9P0HYI2	A0A922SIG0
A0A9P0HYT4	A0A9P0HYT4
A0A9P0ID87	A0A9P0ID87
A0A9P0ID87	A0A9J7IPZ9
A0A9P0ID87	A0A9J7DZ05
A0A9P0J305	A0A9P0J305
A0A9P0JL77	A0A9P0JL77
A0A9P0PGR0	A0A9P0PGR0
A0A9P0TP64	A0A9P0TP64
A0A9P0TP64	A0A821R802
A0A9P0XI67	A0A9P0XI67
A0A9P9YK80	A0A9P9YK80
A0A9P9YTX3	A0A9P9YTX3
A0A9P9YTX3	A0A6P4E226
A0A9P9YTX3	A0A6P4E0X3
A0A9P9YTX3	A0ABM5GZ32
A0A9P9YTX3	A0A6P4EUJ4
A0A9Q0BKZ7	A0A9Q0BKZ7
A0A9Q0BN06	A0A9Q0BN06
A0A9Q0BW05	A0A9Q0BW05
A0A9Q0MG83	A0A9Q0MG83
A0A9Q0MM77	A0A9Q0MM77
A0A9Q0MWJ2	A0A9Q0MWJ2
A0A9Q0MXG6	A0A9Q0MXG6
A0A9Q0XGI4	A0A9Q0XGI4
A0A9Q1AV02	A0A9Q1AV02
A0A9R0DFH8	A0A9R0DFH8
A0A9R0DNP7	A0A9R0DNP7
A0A9R0DNP7	A0A9R0EUG3
A0A9R0EP65	A0A9R0EP65
A0A9R0EP65	A0A9R0EYF2
A0A9R0EZX5	A0A9R0EZX5
A0A9R0EZX5	A0A2A4JXA5
A0A9R0EZX5	A0A2W1BDL5
A0A9R0EZX5	A0A9J7ESQ1
A0A9R0EZX5	A0A8J9U7Y2
A0A9R0EZX5	A0A8R2RAS3
A0A9R0EZX5	A0AAU9UH12
A0A9R0EZX5	A0ABD0SED8
A0A9R0EZX5	A0A6J2JD38
A0A9R0EZX5	A0A7E5WJ36
A0A9R0EZX5	A0A835G9R2
A0A9R0EZX5	A0A921ZLU0
A0A9R0EZX5	A0AAD8DM91
A0A9R0EZX5	A0A8S0YQW7
A0A9R0EZX5	A0A8S0Z249
A0A9R0EZX5	A0AAV1L780
A0A9R0EZX5	A0AAV1L4B8
A0A9R0EZX5	A0A821MP72
A0A9R0EZX5	A0A8S4GB85
A0A9R0EZX5	A0AAV1JEU9
A0A9R0EZX5	A0A9P0TC13
A0A9W2XTB5	A0A9W2XTB5
A0A9W2XU67	A0A9W2XU67
A0A9W2XU67	A0A3P9N184
A0A9W2XU67	A0A3Q1CUD7
A0A9W2XU67	A0A3Q4MS84
A0A9W2XU67	A0A499QQU8
A0A9W2XU67	A0A4W5PSH9
A0A9W2XU67	A0A8C4EYX0
A0A9W2XU67	A0A8C7I203
A0A9W2XU67	A0A8C7PDE5
A0A9W2XU67	A0A8C8CE53
A0A9W2XU67	A0A8D0D485
A0A9W2XU67	A0A8S4BM50
A0A9W2XU67	A0A9W2XU70
A0A9W2XU67	A0AAW1ZXX4
A0A9W2XU67	A0A3Q1HQ95
A0A9W2XU67	A0A3Q2US57
A0A9W2XU67	A0A665WYU8
A0A9W2XU67	A0A6J2PS15
A0A9W2XU67	A0AAD3N374
A0A9W2XU67	A0A2U9BGE0
A0A9W2XU67	A0A3Q4HER5
A0A9W2XU67	A0A4U5U9A2
A0A9W2XU67	A0A671WUM1
A0A9W2XU67	A0A6I9PDG8
A0A9W2XU67	A0A8C5AYL0
A0A9W2XU67	A0A9Y3VIZ3
A0A9W2XU67	A0AAD6AMR5
A0A9W2XU67	A0AAD7T082
A0A9W2XU67	A0AAJ7PN15
A0A9W2XU67	A0AAN8D0C2
A0A9W2XU67	A0AAV9R068
A0A9W2XU67	A0A0F8AK71
A0A9W2XU67	A0A1S3LF39
A0A9W2XU67	A0A3Q3FCL6
A0A9W2XU67	A0A667X203
A0A9W2XU67	A0A668VXW0
A0A9W2XU67	A0A671NDE9
A0A9W2XU67	A0A6G0J311
A0A9W2XU67	A0A6P7IL45
A0A9W2XU67	A0A6P7MHX6
A0A9W2XU67	A0A9N7YGI9
A0A9W2XU67	A0A9Y4JT34
A0A9W2XU67	A0AAN8AXR0
A0A9W2XU67	A0AAV1ESG6
A0A9W2XU67	A0AAW1F431
A0A9W2XU67	A0A3N0XVG3
A0A9W2XU67	A0A3Q2DTC8
A0A9W2XU67	A0A672G378
A0A9W2XU67	A0A672ZWS8
A0A9W2XU67	A0A673LUJ7
A0A9W2XU67	A0A673XEE7
A0A9W2XU67	A0A6J2VGI9
A0A9W2XU67	A0A8B9LD18
A0A9W2XU67	A0A8C4ZX34
A0A9W2XU67	A0A8U0P7M8
A0A9W2XU67	A0ABD2GXL2
A0A9W2XU67	A0A087YJC0
A0A9W2XU67	A0A3B4Z6F3
A0A9W2XU67	A0A8C8CAU1
A0A9W2XU67	A0A4W5PPB7
A0A9W2XU67	A0A8K9XPM3
A0A9W2XU67	A0A3B1IDC2
A0A9W2XU67	A0A3B3V7N9
A0A9W2XU67	A0A3B4FGP6
A0A9W2XU67	A0A3Q4HAB4
A0A9W2XU67	A0A3Q4HF31
A0A9W2XU67	A0A3B4FIC3
A0A9W2XU67	A0A3B4FKJ4
A0A9W2XU67	A0A3B4FJ85
A0A9W2XU67	A0A3Q4MTG0
A0A9W2XU67	A0A3Q4HF80
A0A9W2XU67	A0A3Q4HP80
A0A9W2XU67	A0ABD2H0E7
A0A9W2XU67	A0A3B3TP89
A0A9W2XU67	A0A3B4FHB5
A0A9W2XU67	A0A3Q2GD40
A0A9W2XU67	A0A673JVK8
A0A9W2XU67	M4AWU3
A0A9W2XU67	A0A3P9M9Q1
A0A9W2XU67	H2MNE8
A0A9W2XU67	A0A3B3CI97
A0A9W2XU67	A0A3P9HJN1
A0A9W2XU67	A0A3B3V841
A0A9W2XU67	A0A3B4XIZ0
A0A9W2XU67	A0A3Q2P0W1
A0A9W2XU67	A0A3Q4HEY4
A0A9W2XU67	A0A671NE35
A0A9W2XU67	A0AB32TXS7
A0A9W2XU67	A0A8C1NJD3
A0A9W2XU67	A0A9J8AG63
A0A9W2XU67	A0A498NH19
A0A9W2XU67	A0A671NCL1
A0A9W2XU67	A0A672NW05
A0A9W2XU67	A0A6P6L020
A0A9W2XU67	A0A7J6CIE7
A0A9W2XU67	A0A9W7TGC1
A0A9W2XU67	A0AAN9CB96
A0A9W2XU67	A0A498NV43
A0A9W2XU67	A0A671NCE4
A0A9W2XU67	A0A671NCL6
A0A9W2XU67	A0AA47NQR6
A0A9W2XU67	A0A8C7Z1R1
A0A9W7T6D2	A0A9W7T6D2
A0A821XGR3	A0A821XGR3
A0A821XGR3	A0A821X5J7
A0A821XGR3	A0A9P0TSJ2
A0A821XGR3	A0AAV1J8M9
A0A834IZ11	A0A834IZ11
A0A834IZ11	A0A834IZC6
A0A834IZ11	A0A834MKU2
A0A834IZ11	A0A834J2X0
A0A834IZ11	A0A834MN15
A0A834JVZ0	A0A834JVZ0
A0A834JVZ0	A0A834NZL9
A0A834JVZ0	A0A834K600
A0A834JVZ0	A0ABD1ZX67
A0A834JVZ0	A0ABD2CF25
A0A834KYI5	A0A834KYI5
A0A834MIK2	A0A834MIK2
A0A834NZC9	A0A834NZC9
A0A834NZC9	A0ABD2CGR9
A0A835GIZ1	A0A835GIZ1
A0A835GIZ1	A0A9J7DNU2
A0A835GIZ1	A0A2H1V654
A0A835GIZ1	A0A9P0N6B4
A0A835GIZ1	A0A835GJJ7
A0A835GIZ1	A0A9R0CYJ1
A0A835GIZ1	A0A922M6B2
A0A835GIZ1	A0A922M6R0
A0A835GIZ1	A0A835GKZ7
A0A835GIZ1	A0A9P0IIN3
A0A835GIZ1	A0A9R0EBN7
A0A835GIZ1	A0A2H1WTV1
A0A835GIZ1	A0AAD7YP86
A0A835GIZ1	Q9NB91
A0A836FVW0	A0A836FVW0
A0A836FVW0	F4WTJ2
A0A8B6BM27	A0A8B6BM27
A0A8B6BM27	A0A8B6EP43
A0A8B8HNW4	A0A8B8HNW4
A0A8B8TK97	A0A8B8TK97
A0A8B8TK97	J3QKZ2
A0A8B9G384	A0A8B9G384
A0A8B9GMR1	A0A8B9GMR1
A0A8B9GMR1	A0A8B9GM58
A0A8B9GMR1	A0A8B9J446
A0A8B9GMR1	A0A8B9GM41
A0A8B9GMR1	A0A8B9J3Q2
A0A8B9H1K3	A0A8B9H1K3
A0A8B9H1K3	A0A1A8P735
A0A8B9H1K3	A0A3B1JPQ3
A0A8B9H1K3	A0A3Q0SBZ8
A0A8B9H1K3	A0A3Q0SJM3
A0A8B9H1K3	A0A4W4H4K2
A0A8B9H1K3	A0A5N5LAV0
A0A8B9H1K3	A0A7J6AI89
A0A8B9H1K3	A0AAD3N0K6
A0A8B9H1K3	A0AAY5EV82
A0A8B9H1K3	Q7T1R8
A0A8B9H1K3	A0A1A7ZSX1
A0A8B9H1K3	A0A1A8CDA3
A0A8B9H1K3	A0A1A8U6J1
A0A8B9H1K3	A0A2I4BYA5
A0A8B9H1K3	A0A3B1JYE5
A0A8B9H1K3	A0A7J6AK19
A0A8B9H1K3	A0AA88NU36
A0A8B9H1K3	A0A1A8F106
A0A8B9H1K3	A0A3B5QFF6
A0A8B9H1K3	A0A1A8RVI8
A0A8B9H1K3	A0A2D0Q1M3
A0A8B9H1K3	A0A3B1K4L5
A0A8B9H1K3	A0A3Q0SBR7
A0A8B9H1K3	A0A3Q0SCD6
A0A8B9H1K3	A0AAY5EJP9
A0A8B9H1K3	A0A8C6NK81
A0A8B9H1K3	A0ABD1JAP4
A0A8B9H1K3	A0A6J2RC47
A0A8B9H1K3	A0A3Q0S4R1
A0A8B9H1K3	A0ABD1JAN5
A0A8B9K5G4	A0A8B9K5G4
A0A672HKQ3	A0A672HKQ3
A0A672HV97	A0A672HV97
A0A672HV97	A0A672HUD8
A0A672J227	A0A672J227
A0A672J227	A0A3B4XA86
A0A672J227	A0A3P8SST2
A0A672J227	A0A3Q1AUB5
A0A672J227	A0A3Q2E4F6
A0A672J227	A0A498LUU1
A0A672J227	A0A672J6A6
A0A672J227	A0A672J6B8
A0A672J227	A0AAN7Y354
A0A672J227	B9V2X6
A0A672J227	F2WR24
A0A672J227	A0A3P9J3V9
A0A672J227	A0A3Q1BZX8
A0A672J227	A0A3Q2SZX0
A0A672J227	A0A3S2PGF1
A0A672J227	A0A484DEU8
A0A672J227	A0A4W6E0J0
A0A672J227	A0A671UE78
A0A672J227	A0A672J407
A0A672J227	A0A672J421
A0A672J227	A0A672J428
A0A672J227	A0A672J4K9
A0A672J227	A0A672J4X0
A0A672J227	A0A672J6H7
A0A672J227	A0A672J736
A0A672J227	A0A673BNI2
A0A672J227	A0A6A4SU44
A0A672J227	A0A6P7ILC8
A0A672J227	H2LRJ6
A0A672J227	H2LRJ9
A0A672J227	Q9W7Q2
A0A672J227	A0A3B5B6W6
A0A672J227	A0A3P8SSL0
A0A672J227	A0A3P9HJF5
A0A672J227	A0A437DDY0
A0A672J227	A0A5C6N4P1
A0A672J227	A0A672J3A1
A0A672J227	A0A672J444
A0A672J227	A0A672J4L3
A0A672J227	A0A672J505
A0A672J227	A0A672J5T0
A0A672J227	A0A8C4H7H0
A0A672J227	A0AAQ5XHV9
A0A672J227	A0ABV0W466
A0A672J227	A0A2U9BF08
A0A672J227	A0A3B3DH59
A0A672J227	A0A3Q1C1H9
A0A672J227	A0A672J1P1
A0A672J227	A0A672J3A5
A0A672J227	A0A672J4B9
A0A672J227	A0A672J7E5
A0A672J227	A0A6A5FCY6
A0A672J227	A0A9Y4JK04
A0A672J227	A0AAD3N1P7
A0A672J227	E6ZF36
A0A672J227	A0A3B4UXG6
A0A672J227	A0A5C6N569
A0A672J227	A0A672J3B1
A0A672J227	A0A672J6L3
A0A672J227	A0A6G0J3Z7
A0A672J227	A0A8C2ZBR0
A0A672J227	A0A8C5H189
A0A672J227	A0A8C7YFY7
A0A672J227	A0A8C9XX91
A0A672J227	A0A8D3AFZ5
A0A672J227	A0AAD3M335
A0A672J227	A0AAQ5Y8T8
A0A672J227	A0AAQ5YKY1
A0A672J227	A0AAQ5Z5P2
A0A672J227	A0AAW1F111
A0A672J227	A0AAW2A122
A0A672J227	A0A3P9P1T3
A0A672J227	A0A669B4V2
A0A672J227	A0A3P9DL61
A0A672J227	A0A668UYJ4
A0A672J227	A0A3Q4MFM8
A0A672J227	A0A3P8QPD0
A0A672J227	I3JIF3
A0A672J227	A0A3B4FIZ2
A0A672J227	A0A669CPM5
A0A672J227	A0A3Q2UW52
A0A672J227	A0A6P7MQF6
A0A672J227	A0A6P7MP49
A0A672J227	A0A3Q1GCR8
A0A672J227	A0A3Q1GHT0
A0A672J227	A0A3Q3LEZ0
A0A672J227	A0A671UH98
A0A672J227	A0A6I9P356
A0A672J227	A0A3Q0S0Q4
A0A672J227	A0A3Q0S635
A0A672J227	A0A3Q2QDU2
A0A672J227	A0A3Q3VZ74
A0A672J227	A0A4Z2BD63
A0A672J227	A0A6P8U2I9
A0A672J227	A0AAD6AM13
A0A672J227	A0AAN8E5F9
A0A672J227	A0AAV1ENJ0
A0A672J227	A0A3Q1JSV7
A0A672J227	A0A4Z2BB05
A0A672J227	A0A671UDL7
A0A672J227	A0AAN8HEB5
A0A672J227	G3NQL5
A0A672J227	H3DLM7
A0A672J227	A0A671UDT1
A0A672J227	A0ABD2GVS2
A0A672J227	A0A672J212
A0A672J227	A0A3P8WQB1
A0A672J227	A0A3Q1F1D9
A0A672J227	A0A3Q1GK62
A0A672J227	A0A4W6DXJ0
A0A672J227	A0A8C2JWC9
A0A672J227	Q4RIK7
A0A672J227	H3C6B4
A0A672YWU9	A0A672YWU9
A0A672YWU9	A0A672YWD8
A0A672YWU9	A0A672YWN9
A0A672YWU9	A0A672YWN5
A0A672YWU9	A0A672YX81
A0A672YWU9	A0A672YWV4
A0A672ZJ49	A0A672ZJ49
A0A673BS42	A0A673BS42
A0A673JRT8	A0A673JRT8
A0A673JRT8	A0A671N9G9
A0A673JRT8	A0A672P287
A0A673JRT8	A0A673JPR0
A0A673JRT8	A0A673LPY1
A0A673JRT8	A0A9J7Z2I8
A0A673JRT8	A0A673LPY5
A0A673JRT8	A0A672NUL6
A0A673JRT8	A0A671NHH3
A0A673JRT8	A0A8C1LKK8
A0A673JRT8	A0A8C1QTV5
A0A673JRT8	A0A671NGA0
A0A673JRT8	A0A673JVL6
A0A673JRT8	A0A673LSA9
A0A673JRT8	A0A8C1LQC4
A0A673JRT8	A0A673JZR5
A0A673KF47	A0A673KF47
A0A673KF47	A0A673K8D7
A0A673KF47	A0A673KBH7
A0A673KF47	A0A498M847
A0A673KF47	A0A498P014
A0A6J2TBT8	A0A6J2TBT8
A0A6J2THR6	A0A6J2THR6
A0A6J2TPF4	A0A6J2TPF4
A0A6J2U0G6	A0A6J2U0G6
A0A6J2U2N6	A0A6J2U2N6
A0A6J2UGS2	A0A6J2UGS2
A0A6J2UHM4	A0A6J2UHM4
A0A6J2UJR5	A0A6J2UJR5
A0A6J2W7I7	A0A6J2W7I7
A0A6P3FFA6	A0A6P3FFA6
A0A6P3FFA6	A0A6P6DKV3
A0A6P3FFA6	A0A6P6DLZ0
A0A6P3FFA6	A0A8C2UW98
A0A6P3FFA6	A0A1R3UHQ3
A0A6P3FFA6	G5BRA3
A0A6P3FFY4	A0A6P3FFY4
A0A6P3XYI3	A0A6P3XYI3
A0A6P4EE46	A0A6P4EE46
A0A6P4FA57	A0A6P4FA57
A0A6P4FG79	A0A6P4FG79
A0A6P4FG79	A0ABM5I279
A0A6P4HZV5	A0A6P4HZV5
A0A6P4IHS9	A0A6P4IHS9
A0A6P4IMA9	A0A6P4IMA9
A0A6P4IMA9	Q9VZT0
A0A6P4IMA9	B4PGL6
A0A6P4IMA9	A0A6P8KBI8
A0A6P4IMA9	B4HTM9
A0A6P4IMA9	A0A3B0J3I5
A0A6P4IMA9	A0A6I8VJT8
A0A6P4IMA9	A0AAU9FLQ8
A0A6P4IMA9	B3NFY0
A0A6P4IMA9	A0ABM5J5J3
A0A6P4IVH8	A0A6P4IVH8
A0A6P4IVH8	Q7JPN9
A0A6P4IVH8	A0A0J9RAB7
A0A6P4IVH8	A0A6P8JEG4
A0A6P4IVH8	A0A9P9YN63
A0A6P4IVH8	A0AB39Z9T3
A0A6P4IVH8	B4HNF6
A0A6P4IVH8	B4P727
A0A6P4IVH8	A0A6P4EMQ4
A0A6P4IVH8	B3NSI4
A0A6P4IVH8	A0A3B0J050
A0A6P4IVH8	A0A6I8UVQ7
A0A6P4IVH8	B4GGG8
A0A6P4IVH8	A0AAU9GCA4
A0A6P4IVH8	B3MF95
A0A6P4IVX1	A0A6P4IVX1
A0A6P4IVZ6	A0A6P4IVZ6
A0A6P4JU81	A0A6P4JU81
A0A6P6J634	A0A6P6J634
A0A7J8C8A6	A0A7J8C8A6
A0A7J8C8A6	A0A3Q7TJ53
A0A7J8C8A6	A0A7N5K8X0
A0A7J8C8A6	A0A8C0R412
A0A7J8C8A6	A0A7J8CHD1
A0A7J8C8A6	A0A7J8CHM0
A0A7J8C8A6	A0A8B8TNU5
A0A7J8C8A6	A0A8C4LWI9
A0A7J8C8A6	A0A8C7BVL3
A0A7J8C8A6	A0A671ED13
A0A7J8C8A6	A0A811ZVY0
A0A7J8C8A6	A0A8C3WST2
A0A7J8C8A6	A0A6I9IEF8
A0A7J8C8A6	A0A9X9PVH6
A0A7J8C8A6	A0A8M1G2B5
A0A7J8C8A6	A0A7J7R230
A0A7J8C8A6	A0A7J7RFK5
A0A7J8C8A6	A0AA40HEX1
A0A7J8C8A6	A0A7J8C8C6
A0A7J8C8A6	L5MJG8
A0A7J8C8A6	A0A8B7SK57
A0A7J8C8A6	A0A2U3WM25
A0A7J8C8A6	A0A673VCJ8
A0A7J8C8A6	A0A7J8CHB1
A0A7J8C8A6	A0A2U3Y7Y4
A0A7J8GQ69	A0A7J8GQ69
A0A7J8JFZ5	A0A7J8JFZ5
A0A7J8JFZ5	A0A5F5PTD8
A0A7J8JFZ5	A0AA40HSF3
A0A7J8JFZ5	A0A485PDW5
A0A7J8JFZ5	A0A6G1AD17
A0A7J8JFZ5	A0A673TW07
A0A7K4XA83	A0A7K4XA83
A0A7K4YMY1	A0A7K4YMY1
A0A7K5D2E6	A0A7K5D2E6
A0A7K5D2E6	A0A851MKS6
A0A7K5D2E6	A0A851MT22
A0A7K5D2E6	A0A7L2KPD9
A0A7K5D2E6	A0A7K8QAD2
A0A7M5VDU0	A0A7M5VDU0
A0A7M6UDN0	A0A7M6UDN0
A0A7M6UDQ9	A0A7M6UDQ9
A0A7M6UDS0	A0A7M6UDS0
A0A7M6UDS0	A0A232EEH0
A0A7M6UGH2	A0A7M6UGH2
A0A7M6UGH2	A0A232F4H6
A0A7M6UPA8	A0A7M6UPA8
A0A7M6UWF7	A0A7M6UWF7
A0A7M7G694	A0A7M7G694
A0A7M7GGX0	A0A7M7GGX0
A0A7M7GLV0	A0A7M7GLV0
A0A7M7GLV0	A0A232F3W1
A0A7M7IJ45	A0A7M7IJ45
A0A7M7IJ45	A0AAW0ZEF2
A0A7M7INF0	A0A7M7INF0
A0A7M7IP43	A0A7M7IP43
A0A7M7Q8N3	A0A7M7Q8N3
A0A7M7QQF4	A0A7M7QQF4
A0A7M7QQF4	A0A7M6UVV7
A0A7M7QQF4	A0A7M7TBH9
A0A7M7QQF4	A0A232EJ14
A0A7N6ACK4	A0A7N6ACK4
A0A7N6ACK4	A0A3Q1KG32
A0A7N6ACK4	A0A3Q1JNQ1
A0A7N9CRC1	A0A7N9CRC1
A0A7N9CRC1	A0A8C9GAV4
A0A7N9CRC1	A0A1D5QJA2
A0A7N9CRC1	A0A2K5W312
A0A7N9CRC1	A0A0D9QUN3
A0A7N9CRC1	A0A2K6BYP5
A0A7N9CRC1	A0AA41ME17
A0A7N9CRC1	F7H799
A0A7N9CRC1	G1NWY6
A0A7N9CRC1	A0A2K5ZAP3
A0A7N9CRC1	A0A096NQ87
A0A7N9CRC1	A0A2K6DIX1
A0A7N9CRC1	A0A2K5ZF05
A0A7N9CRC1	A0A2K5LD43
A0A7R5KGV2	A0A7R5KGV2
A0A7R5KGV2	A0A6J2INJ5
A0A7R5KGV2	A0A7K5DFT2
A0A7R5KGV2	A0A7R5K991
A0A7R5KGV2	A0A7R5KKG2
A0A7R8UG64	A0A7R8UG64
A0A7R8UKK3	A0A7R8UKK3
F6W9V1	F6W9V1
F6WME4	F6WME4
F6XK34	F6XK34
F6XK34	A0A7J7ED74
F6XK34	G1RAY7
F7C5M9	F7C5M9
G1KR50	G1KR50
G1QFW6	G1QFW6
G1QFW6	L7N165
G1U3I4	G1U3I4
G3P0N7	G3P0N7
G3P0N7	A0A5J5DDA1
G3P0N7	A0A6G0IPG4
G3P0N7	G3P0P1
G3P0N7	A0A6A5FJC5
G3P0N7	A0A484D871
G3P0N7	A0A3Q3R4A4
G3P0N7	A0AAJ7LGH6
G3P0N7	A0AAN7XFS6
G3P0N7	A0A6P8TMX4
G3P0N7	A0ABD2HCH8
G3P0N7	A0A6J2Q0S1
G3P0N7	A0A7J5ZGZ1
G3P0N7	A0AAN8DP28
G3P0N7	A0A668W0J8
G3P0N7	A0A3Q2X7C4
G3P0N7	A0A9Y3RE41
G3P0N7	I3K1K4
G3P0N7	A0A9Y4KPL0
G3P0N7	A0A3Q1G234
G3P0N7	A0A3Q1BI26
G3P0N7	A0AAW1DZH0
G3P0N7	A0A6J2Q0K0
G3P0N7	A0A3B4ZN39
G3VPY3	G3VPY3
G3VPY3	A0A4X2LA93
G5B2F4	G5B2F4
G9F9K6	G9F9K6
H0VYI3	H0VYI3
H0VYI3	O43240
H0WC09	H0WC09
H0WDU6	H0WDU6
H0YW55	H0YW55
H0YW55	A0A8C9N3M8
H0YW55	U3K8C3
H0YW55	A0A663FAN3
H1A7B2	H1A7B2
H1A7B2	H1A7B1
H2LHK5	H2LHK5
H3AJM6	H3AJM6
H3AJM6	M3XIH7
H3BY80	H3BY80
I3J2F5	I3J2F5
I3J2F5	A0A3P8NNS4
I3J2F5	A0A668UXU8
I3J2F5	A0A3B4GWN7
I3J2F5	A0A3P9BVC4
I3J2F5	A0A3Q0SD06
I3J2F5	A0A9Y3RA03
I3J2G6	I3J2G6
I3J2G6	A0A3B4H0M1
I3J2G6	A0A9Y3VEA5
I3J2G6	A0A3Q4IFH5
I3J2G6	A0A669C293
I3J2G6	A0A669CXF5
I3J2G6	I3J2G5
I3J2G6	A0A3P8NPA9
I3J2G6	A0A3P9BUP8
I3J2G6	A0A668US67
I3J2G6	A0A669DS78
I3J2G6	A0A3B4GV46
I3J2G6	A0A3Q3BXT3
I3J2G6	A0A668UVZ8
I3J2G6	A0A9Y3R7X1
I3J2G6	A0AAX7VAE0
I3J2G6	A0A3P8QNC3
I3J2G6	A0A668UYC4
I3J2G6	A0A3Q4GNR4
I3J2G6	A0A3Q0THK0
I3MWU7	I3MWU7
I3MWU7	A0A5E4A0J2
I3MWU7	A0A8C6A476
I3MWU7	A0A8D2I6M9
I3MWU7	G5BRS7
I3MWU7	A0A8C9PWZ3
I3MWU7	A0A8C2YQ79
I3MWU7	A0A1S2ZSB4
I3MWU7	A0A2Y9FS12
I3MWU7	A0A1U7T8C4
I3MWU7	A0A2K5I2R0
I3MWU7	A0A2K5LFI8
I3MWU7	A0A4X2JXR8
I3MWU7	A0A5F7ZXK6
I3MWU7	A0A6J3PZM7
I3MWU7	A0A8C6AZF8
I3MWU7	A0A8C6F3S0
I3MWU7	A0A8C6H720
I3MWU7	P05208
I3MWU7	A0A8C6H606
I3MWU7	A0A9J7FG84
I3MWU7	A0AAV0ABR7
I3MWU7	A0A1U7R522
I3MWU7	A0AAW0HVZ2
I3MWU7	A0A4W2HNK3
I3MWU7	P08218
I3MWU7	P08419
I3MWU7	P00774
I3MWU7	Q29461
I3MWU7	Q6ISP9
I3MWU7	A7YWU4
I3MWU7	A0A0D9S8I5
I3MWU7	A0A2K5LHG9
I3MWU7	A0A2K5UFT6
I3MWU7	A0A2K6FKD9
I3MWU7	A0A5F8GR88
I3MWU7	A0A6J3JPG1
I3MWU7	A0A7K8K6L0
I3MWU7	A0A8B7AN94
I3MWU7	A0A8C4MGB4
I3MWU7	A0A8D0Z2G9
I3MWU7	F6UJU5
I3MWU7	A0A452FYF9
I3MWU7	A0A6P5J939
I3MWU7	A0A7K6ZV32
I3MWU7	A0A7K7WKX6
I3MWU7	A0A7K8NJF0
I3MWU7	A0A7N4NM48
I3MWU7	A0A8B9Y7X5
I3MWU7	A0A8D0KHQ6
I3MWU7	A0A9B0TM59
I3MWU7	H0Y006
I3MWU7	A0A096NI33
I3MWU7	A0A1U7T8D4
I3MWU7	A0A452FY90
I3MWU7	A0A4W2CK51
I3MWU7	A0A5N3V391
I3MWU7	A0A7K9AZH0
I3MWU7	A0A7K9YT14
I3MWU7	A0A7L0WK17
I3MWU7	A0A8C6D6K3
I3MWU7	A0A8C6RKQ2
I3MWU7	A0A8C8ZNK4
I3MWU7	A0A8D0HDU1
I3MWU7	A0A8D0W471
I3MWU7	A0A8I5SZD0
I3MWU7	F7AZZ7
I3MWU7	G1TUM9
I3MWU7	H2N8Z6
I3MWU7	H9H3N1
I3MWU7	L5LR71
I3MWU7	A0A2K5BWS3
I3MWU7	A0A2K5TSE7
I3MWU7	A0A2K6U7P4
I3MWU7	A0A2R9CGM2
I3MWU7	A0A2Y9EDI8
I3MWU7	A0A6I9HWX1
I3MWU7	A0A7K4L1T0
I3MWU7	A0A7K7KWG2
I3MWU7	A0A851TIE0
I3MWU7	A0A8C6ZIH5
I3MWU7	A0A8V0Z1J5
I3MWU7	A0A9W3ETB4
I3MWU7	G3W8U8
I3MWU7	S7NSX8
I3MWU7	A0A2I3SWK2
I3MWU7	A0A2K5VDW8
I3MWU7	A0A5G2QNC4
I3MWU7	A0A5N3XQW2
I3MWU7	A0A671EV42
I3MWU7	A0A6J0W0U0
I3MWU7	A0A6J2LTK3
I3MWU7	A0A6P3QRA1
I3MWU7	A0A7K4KXE8
I3MWU7	A0A8B7R419
I3MWU7	A0A8C5KEP8
I3MWU7	A0A8D2CQL0
I3MWU7	A0A8D2K725
I3MWU7	A0AA40LNJ6
I3MWU7	A0A7F8KEH8
I3MWU7	A0A8C0WBM2
I3MWU7	A0A8C3YI61
I3MWU7	A0A8C8U949
I3MWU7	A0A8D2BDJ1
I3MWU7	A0AAX6TB41
I3MWU7	A0A2K5KIG1
I3MWU7	A0A2K6C8I7
I3MWU7	A0A2K5M8G5
I3MWU7	A0A8C0CXP0
I3MWU7	A0A8B8V9W0
I3MWU7	A0A8C0CUP5
I3MWU7	A0A8C5U3U5
I3MWU7	A0A8C6ZLW3
I3MWU7	F6R096
I3MWU7	H2PY34
I3MWU7	P08217
I3MWU7	G1R7T0
I3MWU7	G3RY68
I3MWU7	A0A2R9AE93
I3MWU7	A0A1S3FMQ9
I3MWU7	A0A2K5ZBF9
I3MWU7	A0A7N9C9A1
I3MWU7	A0A8C6AVZ6
I3MWU7	G1Q790
I3MWU7	A0A2K6PT76
I3MWU7	A0A7N9CFI0
I3MWU7	A0A8D0MJ46
I3MWU7	A0AA35PE98
I3MWU7	A0A286XYI1
I3MWU7	A0A286Y4Y5
I3UII6	I3UII6
I3UIJ0	I3UIJ0
I6TMW8	I6TMW8
I6TMW8	Q56IB5
I6TMW8	Q56IB7
I6TMW8	Q56IB6
I6TMW8	Q2I0D8
I6TRU9	I6TRU9
I7E449	I7E449
I7E449	W5X3N9
K0TQY6	K0TQY6
L5JTH0	L5JTH0
L5JTH0	A0A7J8JG60
L5JTH0	A0A7J7FL71
L5JTH0	A0A6G1AI47
M0QRN6	M0QRN6
M3XIN5	M3XIN5
N4WZY0	N4WZY0
N6TM40	N6TM40
N6TM40	U4TZZ2
O18655	O18655
O62598	O62598
O62598	Q9U4I6
O62598	A0A7E5WFA5
O97100	O97100
Q0IF81	Q0IF81
Q16YE4	Q16YE4
Q2VWB9	Q2VWB9
Q5IS29	Q5IS29
Q5IS29	Q5IY42
Q5IS29	Q5ISB8
Q6DIW2	Q6DIW2
Q9BMQ7	Q9BMQ7
S4RXT8	S4RXT8
S4RXT8	A0AAJ7TB14
S4RXT8	A0AAJ7WYH9
S4RXT8	A0AAJ7TAV6
S4RXT8	A0AAJ7TAC5
S4RXT8	S4RXS3
T1DEE8	T1DEE8
T1DEE8	A0A0S4FKT4
T1DEE8	Q91053
T1DEE8	F8S114
T1DEE8	B0FXM1
T1DEE8	B0FXM2
T1DEE8	Q58G94
T1DEE8	J3RYA3
T1DEE8	A0A194APM6
T1DEE8	A0A2I7YS74
T1DEE8	T1DP56
T1DEE8	A0A194APD8
T1DEE8	A0A2I7YS96
T1DEE8	A0A2I7YS34
T1DEE8	A0A2I7YSA4
T1DEE8	A0A2I7YSA9
T1DEE8	T1E7L8
T1DEE8	A0A0K8S000
T1DEE8	A0A193CHI5
T1DEE8	A0A1W7RJS4
T1DEE8	A0A2I7YS72
T1DEE8	A0A2I7YS80
T1DEE8	A0A0K8RYX7
T1DEE8	A0A194APM1
T1DEE8	A0A194ARK3
T1DEE8	A0A1W7RJX5
T1DEE8	A0A286S0E3
T1DEE8	A0A2I7YS61
T1DEE8	A0A2I7YS85
T1DEE8	Q8AY81
T1DEE8	A0A1I9KNP0
T1DEE8	P47797
T1DEE8	Q9PSN3
T1DEE8	A7LAC7
T1DEE8	Q71QI3
T1DEE8	A7LAC6
T1DEE8	Q9DG83
T1DEE8	Q71QJ4
T1DEE8	Q9PT40
T1DEE8	Q71QH8
T1DEE8	A0A194ARH0
T1DEE8	A0A1W7RJX3
T1DEE8	A0A6B2FAZ7
T1DEE8	A0A6B2F8P0
T1DEE8	P0C5B4
T1DEE8	Q9PT41
T1DEE8	Q8UUJ2
T1DEE8	Q7T229
T1DEE8	Q8UVX1
T1DEE8	A0A2I7YS27
T1DEE8	A0A2I7YS39
T1DEE8	T1DGZ7
T1DEE8	A0A2I7YS93
T1DEE8	A0A2I7YSB7
T1DEE8	T1DE77
T1DEE8	T1DP67
T1DEE8	A0A0K8RYM8
T1DEE8	A0A286S0E4
T1DEE8	A0A2I7YS75
T1DEE8	A0AAW1AYE4
T1DEE8	T1DEH3
T1DEE8	A0A1W7RB93
T1DEE8	A0A2I7YSA6
T1DEE8	A0A2I7YS36
T1DEE8	A0A2I7YS71
T1DEE8	Q91511
T1DEE8	Q9PT51
T1DEE8	P84787
T1DEE8	Q91508
T1DEE8	P84788
T1DEE8	Q91509
T1DEE8	Q91510
T1DEE8	Q91507
T1DEE8	Q9DG84
T1DEE8	Q9I8X0
T1DEE8	A0A194AM91
T1DEE8	A0A077LA46
T1DEE8	Q9I8X2
T1DEE8	O13061
T1DEE8	A0A6B2F1I6
T1DEE8	Q71QI6
T1DEE8	Q71QI9
T1DEE8	A0A6B2F7E2
T1DEE8	O73800
T1DEE8	P85109
T1DEE8	A0A6B2F6N5
T1DEE8	A0A6B2F5Q6
T1DEE8	A0A286S0D7
T1DEE8	U5YCR8
T1DEE8	K0IXA2
T1DEE8	A0A286S0D6
T1DEE8	A0A1W7RCX8
T1DEE8	A0A2I7YS16
T1DEE8	A0A2I7YS56
T1DEE8	P33589
T1DEE8	Q8AY80
T1DEE8	Q71QI1
T1DEE8	Q8AY78
T1DEE8	Q71QH6
T1DEE8	Q9YGJ9
T1DEE8	Q9PTU8
T1DEE8	A0A1W7RJW9
T1DEE8	A0A194ARH4
T1DEE8	A0A6B2F212
T1DEE8	Q9I961
T1DEE8	Q9W7S1
T1DEE8	O13069
T1DEE8	Q6IWF1
T1DEE8	Q5W958
T1DEE8	A0A977TFW8
T1DEE8	P81661
T1DEE8	P04971
T1DEE8	Q5W960
T1DEE8	B0ZT25
T1DEE8	D8MIA1
T1DEE8	E0Y418
T1DEE8	D8MIA0
T1DEE8	Q8AY82
T1DEE8	Q9DF68
T1DEE8	O13057
T1DEE8	O13060
T1DEE8	Q6T6S7
T1DEE8	Q71QI0
T1DEE8	A0A194AM83
T1DEE8	A0A1W7RJV9
T1DEE8	A0A6B2F966
T1DEE8	A0A1Y0DIB4
T1DEE8	A0A6B2F6X3
T1DEE8	E5L0E6
T1DEE8	P09872
T1DEE8	A0A1W7RJV6
T1DEE8	A0A194ARI8
T1DEE8	A0A1W7RJY1
T1DEE8	A0A194APC3
T1DEE8	A0A194AQD3
T1DEE8	A0A194AMA1
T1DEE8	A0A1W7RJU4
T1DEE8	A0A194APK5
T1DEE8	A0A194ARI3
T1DEE8	A0A1W7RJT5
T1DEE8	E0Y420
T1DEE8	E0Y419
T1DEE8	E5L0E4
T1DEE8	A0A0K8RYP3
T1DEE8	N0A5N4
T1DEE8	I4CHP3
T1DEE8	Q6T5L0
T1DEE8	P81176
T1DEE8	J3RY93
T1DEE8	N0AAE6
T1DEE8	O93421
T1DEE8	Q9YGI6
T1DEE8	J3SBQ3
T1DEE8	Q9YGJ2
T1DEE8	J3SDX0
T1DEE8	A0A2I7YS30
T1DEE8	A0A2I7YS41
T1DEE8	A0A2I7YS91
T1DEE8	A0AAW1AXB1
T1DEE8	F8S118
T1DEE8	A0A0K8RYQ4
T1DEE8	A0A2I7YS33
T1DEE8	A0A2I7YS50
T1DEE8	A0A2I7YS77
T1DEE8	A0A2I7YS92
T1DEE8	A0A2I7YSA3
T1DEE8	A0A2I7YSB9
T1DEE8	J3S3W6
T1DEE8	T1DML8
T1DEE8	A0A0K8RS96
T1DEE8	A0A0K8RYZ0
T1DEE8	A0A2I7YS63
T1DEE8	A0A2I7YS67
T1DEE8	A0A2I7YS68
T1DEE8	A0A2I7YS69
T1DEE8	A0A2I7YS79
T1DEE8	A0A2I7YS82
T1DEE8	F8S119
T1DEE8	A0A0F7Z790
T1DEE8	A0A1W7RB99
T1DEE8	A0A2I7YSA2
T1DEE8	T1DH01
T1DEE8	T1DJY2
T1DEE8	T1E3X0
T1DEE8	A0A0K8RSB6
T1DEE8	A0A2I7YS40
T1DEE8	A0A2I7YS55
T1DEE8	A0A2I7YS94
T1DEE8	A0AAW1AXR3
T1DEE8	B0FXM3
T1DEE8	A0A2I7YS78
T1DEE8	Q8QHK3
T1DEE8	J3S833
T1DEE8	A0A1W7RB84
T1DEE8	A0A2I7YS49
T1DEE8	A0A2I7YS70
T1DEE8	T1E3C3
T1DEE8	T1E6W2
T1DEE8	T1E7K6
T1DEE8	A0A0K8RYN9
T1DEE8	A0A0K8RYY5
T1DEE8	A0A0K8RS90
T1DEE8	A0A193CHI8
T1DEE8	T1E3X7
T1DEE8	A0A0K8RYP4
T1DEE8	A0A0K8S008
T1DEE8	A0A2I7YS38
T1DEE8	A0A2I7YS52
T1DEE8	A0A6B2FG75
T1DEE8	T1E6S9
T1DEE8	A0A0K8RSA4
T1DEE8	Q71QH9
T1DEE8	Q71QJ2
T1DEE8	Q71QI4
T1DEE8	E5AJX2
T1DEE8	A0A1W7RJV2
T1DEE8	A0A194API8
T1DEE8	A0A194ARG5
T1DEE8	A0A0K8RZZ5
T1DEE8	T1E6T7
T1DEE8	A0A6B2F3F5
T1DEE8	A0A2I7YS88
T1DEE8	A0A6B2FBY4
T1DEE8	A0A6B2FBS0
T1EG34	T1EG34
T1EG34	T1ELH4
T1FN18	T1FN18
T1GF99	T1GF99
T1GR22	T1GR22
T1HPU0	T1HPU0
T1JRG5	T1JRG5
T1JRG5	T1JRF9
T1JRG5	T1JRA7
T1JUP1	T1JUP1
T1K1Z0	T1K1Z0
T1K8Z7	T1K8Z7
T1L3H7	T1L3H7
T1L4Y0	T1L4Y0
T1L6B0	T1L6B0
T1L6B0	T1K859
T1L6B0	T1KJ66
U4UB78	U4UB78
U4UB78	J3JZB7
U5EZ49	U5EZ49
U5EZ49	U5EGR6
V4AU46	V4AU46
W4FFL8	W4FFL8
W4FFL8	A0A418DII3
W4FFL8	A0A425CR62
W4FFL8	A0A6A4YYN0
W4FFL8	A0A9X8DP54
W4FFL8	A0A418FMQ2
W5J844	W5J844
W5J844	A0A182F5Y2
W5J844	T1DN08
W5J844	A0A182F4C2
W5M1R7	W5M1R7
W5U5Y0	W5U5Y0
W5WQZ3	W5WQZ3
W8B8X5	W8B8X5
W8CD96	W8CD96
A0A023ENB6	A0A023ENB6
A0A023ENB6	A0A023EPF0
A0A023ENB6	A0A023EM46
A0A023ENB6	A0A023EPH0
A0A081AYZ0	A0A081AYZ0
A0A081AYZ0	A0A081AYW9
A0A081AYZ0	W2QSY8
A0A081AYZ0	W2XR50
A0A081AYZ0	W3A0S1
A0A081AYZ0	W3A1Y2
A0A081AYZ0	A0A329RGB2
A0A081AYZ0	W2XQM7
A0A081AYZ0	A0A329R8N6
A0A081AYZ0	A0A8T1GS14
A0A081AYZ0	W2GH36
A0A081AYZ0	A0A080ZU29
A0A087TEF8	A0A087TEF8
A0A087V126	A0A087V126
A0A089QFP0	A0A089QFP0
A0A090XE10	A0A090XE10
A0A091D0V3	A0A091D0V3
A0A0A1WHD3	A0A0A1WHD3
A0A0F7CN05	A0A0F7CN05
A0A0J7KTD8	A0A0J7KTD8
A0A0J7NHG3	A0A0J7NHG3
A0A0J9REC4	A0A0J9REC4
A0A0J9REC4	A1ZAG9
A0A0J9RI64	A0A0J9RI64
A0A0J9RI64	Q8MLV9
A0A0J9RI64	B4P8Y2
A0A0J9RI64	B3NMX0
A0A0J9UDK0	A0A0J9UDK0
A0A0J9UDK0	Q9VZS9
A0A0J9UDK0	B3NFY2
A0A0J9UDK0	B3M5T9
A0A0J9UDK0	B4PGL8
A0A0K0TN27	A0A0K0TN27
A0A8B9SKY6	A0A8B9SKY6
A0A8B9SKY6	A0A493U041
A0A8C0H4H5	A0A8C0H4H5
A0A8C0L4F1	A0A8C0L4F1
A0A8C0VYR0	A0A8C0VYR0
A0A8C0VYR0	P20151
A0A8C0VYR0	P07288
A0A8C0VYR0	Q6DT45
A0A8C0VYR0	P33619
A0A8C0VYR0	A0A2K6DE01
A0A8C0VYR0	G1R1A8
A0A8C0VYR0	A0A7N9CN73
A0A8C0VYR0	A9UC60
A0A8C0VYR0	G3RTM4
A0A8C0VYR0	A0A2K5NRV6
A0A8C0VYR0	A0A2K6QPI5
A0A8C0VYR0	A0A2I3RPU8
A0A8C0W4Q9	A0A8C0W4Q9
A0A8C0W4Q9	A0A1S3G301
A0A8C0W4Q9	A0A8C6RCU2
A0A8C0W4Q9	A0A0B5D0L5
A0A8C0W4Q9	A0A2Z2ECF0
A0A8C0W4Q9	A0A9J7G4P0
A0A8C0W4Q9	Q9Z0M1
A0A8C0W4Q9	Q6IE12
A0A8C0W4Q9	A0A6I9M2B2
A0A8C0W4Q9	A0A6P5QB78
A0A8C0W4Q9	A0A8C2M1P9
A0A8C0W4Q9	A0A8C6I3R9
A0A8C0W4Q9	A0AAW0HTW7
A0A8C0W4Q9	A0A1A6HXT5
A0A8C0W4Q9	A0A8C5KQM3
A0A8C1B0X7	A0A8C1B0X7
A0A8C1B0X7	A0A9J8C241
A0A8C1B0X7	A0A671KKQ5
A0A8C1H8Z4	A0A8C1H8Z4
A0A8C1H8Z4	E7FBA9
A0A8C1H8Z4	A0A3B3QLG0
A0A8C1H8Z4	A0A3B3QNA8
A0A8C1H8Z4	A0A673CHQ5
A0A8C1H8Z4	A0A9D3N5M5
A0A8C1H8Z4	A0A9J8BCX0
A0A8C1H8Z4	A0A9W8C3G4
A0A8C1H8Z4	A0AA88T5S6
A0A8C1H8Z4	A0AAV6G7B2
A0A8C1H8Z4	G3XL84
A0A8C1H8Z4	A0A3B3QLC3
A0A8C1H8Z4	A0A3B3QNV6
A0A8C1H8Z4	A0A3B3QPB9
A0A8C1H8Z4	A0A6J2W5D1
A0A8C1H8Z4	A0A8C1NET6
A0A8C1H8Z4	A0A8C1R672
A0A8C1H8Z4	A0A8C2J302
A0A8C1H8Z4	A0A8J4V293
A0A8C1H8Z4	A0A8T3E1N0
A0A8C1H8Z4	A0AAD5FCU1
A0A8C1H8Z4	A0AAD5FD85
A0A8C1H8Z4	A0AAW1ZI65
A0A8C1H8Z4	A0AAY4AJA4
A0A8C1H8Z4	A0A3B3QLC8
A0A8C1H8Z4	A0A3B3QNH6
A0A8C1H8Z4	A0A3B3QPL7
A0A8C1H8Z4	A0A3B3QPW7
A0A8C1H8Z4	A0A498NBA2
A0A8C1H8Z4	A0A8C1NC75
A0A8C1H8Z4	A0A8C1NJS4
A0A8C1H8Z4	A0A8C1R678
A0A8C1H8Z4	A0A8C9SEG5
A0A8C1H8Z4	A0A8D8CCP6
A0A8C1H8Z4	A0A8D8PFH7
A0A8C1H8Z4	A0AAR2LKW3
A0A8C1H8Z4	A0AAY4AJ89
A0A8C1H8Z4	A0A1A8H9T0
A0A8C1H8Z4	A0A6J2W7H7
A0A8C1H8Z4	A0AAY4ANL8
A0A8C1H8Z4	A0A3B1J6V5
A0A8C1H8Z4	A0A3B3QNI1
A0A8C1H8Z4	A0A3B3QRE9
A0A8C1H8Z4	A0A3B4DA67
A0A8C1H8Z4	A0A498N7L6
A0A8C1H8Z4	A0A498NDD9
A0A8C1H8Z4	A0A672KAM2
A0A8C1H8Z4	A0A8C9SKT6
A0A8C1H8Z4	A0AA88Q0C4
A0A8C1H8Z4	A0AAV6GBS2
A0A8C1H8Z4	A0AAY4ANM8
A0A8C1H8Z4	A0A8C1R875
A0A8C1H8Z4	A0A8C2CCJ5
A0A8C1H8Z4	A0A671QE85
A0A8C1H8Z4	A0A8C1ZX74
A0A8C1H8Z4	A0A3P8SE92
A0A8C1H8Z4	A0A3P8SDX7
A0A8C1H8Z4	A0A3P8SE59
A0A8C1H8Z4	A0A3Q1AVF8
A0A8C1H8Z4	A0A3P8SDW5
A0A8C1H8Z4	A0A3Q1ATQ5
A0A8C1H8Z4	G3NG49
A0A8C1T7R2	A0A8C1T7R2
A0A8C1T7R2	A0ABD0PMD6
A0A8C1WJP3	A0A8C1WJP3
A0A8C1WJP3	A0A8C1EEE7
A0A8C1WJP3	A0A8C1L1X5
A0A8C1WJP3	A0A7J6BRR1
A0A8C1WJP3	A0A8C1ELY0
A0A8C1WJP3	A0A8C2I598
A0A8C1WJP3	A0AA88TVV3
A0A8C1WJP3	A0A673JS16
A0A8C1WJP3	A0A8C1L1W6
A0A8C1WJP3	A0A8C1L2I7
A0A8C1WJP3	A0A8C1L5D3
A0A8C1WJP3	A0A8C1WDS0
A0A8C1WJP3	A0A8C1WEX1
A0A8C1WJP3	A0A8C1WHU0
A0A8C1WJP3	A0A8C2I555
A0A8C1WJP3	A0A8C2I573
A0A8C1WJP3	A0A8C2I577
A0A8C1WJP3	A0A8C2I5T2
A0A8C1WJP3	A0A671SJA4
A0A8C1WJP3	A0A672SIQ8
A0A8C1WJP3	A0A8C1WGA5
A0A8C1WJP3	A0A8C1WGG3
A0A8C1WJP3	A0A8C1WGW1
A0A8C1WJP3	A0A672P3Z1
A0A8C1WJP3	A0A672P3Z6
A0A8C1WJP3	A0A6P6M647
A0A8C1WJP3	A0A8C2B5B7
A0A8C1WJP3	A0A8C2B613
A0A8C1WJP3	A0A8C1JHB5
A0A8C1WJP3	A0A8C2B523
A0A8C1WJP3	A0A8C1DRA9
A0A8C1WJP3	A0A8C2D087
A0A8C1WJP3	A0A9J7XXQ1
A0A8C1WJP3	A0A8C1BS88
A0A8C1WJP3	A0A8C1JJC7
A0A8C1WJP3	A0A8C2D6M5
A0A8C1WJP3	A0A9J7X6Q6
A0A8C1WJP3	A0A9J7ZY30
A0A8C1WJP3	A0A6P6NL63
A0A8C1WJP3	A0A6P6NLH3
A0A8C1WJP3	A0A6P6J202
A0A8C1WJP3	A0A7J6BRM8
A0A8C1WJP3	A0A6P6M575
A0A8C2A9V8	A0A8C2A9V8
A0A8C2A9V8	A0A673MXT7
A0A8C2A9V8	A0A672STY6
A0A8C2A9V8	A0A673MR06
A0A8C2A9V8	A0A672SX37
A0A8C2A9V8	A0A8C2JLS6
A0A8C2MKZ5	A0A8C2MKZ5
A0A8C2MKZ5	G3HUA1
A0A8J6HC31	A0A8J6HC31
A0A8J6HSG8	A0A8J6HSG8
A0A8J6KK63	A0A8J6KK63
A0A8J6KK63	A0A6P3S4J0
A0A8J6KXY6	A0A8J6KXY6
A0A8J6KXY6	Q03238
A0A8J6KXY6	G3V726
A0A8J6KXY6	O08643
A0A8J6KXY6	A6K8Y7
A0A8J6KXY6	A0A8I5ZVJ4
A0A8J6KXY6	A0A9J7JTV9
A0A8J6KXY6	A0A3L7HHT4
A0A8J6KXY6	A0A9J7G5K5
A0A8J6KXY6	A0A8C8TEY0
A0A8J6KXY6	A0A1A6H845
A0A8J7P3A7	A0A8J7P3A7
A0A8J9Y8V7	A0A8J9Y8V7
A0A8J9YN54	A0A8J9YN54
A0A8K0D067	A0A8K0D067
A0A8K0DCQ9	A0A8K0DCQ9
A0A8K0FYT9	A0A8K0FYT9
A0A8K0G9W9	A0A8K0G9W9
A0A8K0GJX3	A0A8K0GJX3
A0A8K0P6A3	A0A8K0P6A3
A0A8R1WIQ0	A0A8R1WIQ0
A0A8R1WP90	A0A8R1WP90
A0A8R2AAP5	A0A8R2AAP5
A0A8R2B2A7	A0A8R2B2A7
A0A8R2HN02	A0A8R2HN02
A0A8R2HN13	A0A8R2HN13
A0A8R2R5H1	A0A8R2R5H1
A0A8S0YY41	A0A8S0YY41
A0A8S1AFD6	A0A8S1AFD6
A0A8S1AKP2	A0A8S1AKP2
A0A8S1BCT2	A0A8S1BCT2
A0A8S1CDK5	A0A8S1CDK5
A0A8S4G1L9	A0A8S4G1L9
A0A8S4G9H6	A0A8S4G9H6
A0A8S4RJ20	A0A8S4RJ20
A0A8S4RW14	A0A8S4RW14
A0A8S4SEN1	A0A8S4SEN1
A0A8S4SN60	A0A8S4SN60
A0A8S4SNQ6	A0A8S4SNQ6
A0A8S4SQG5	A0A8S4SQG5
A0A8S9XM42	A0A8S9XM42
A0A8T1KYK6	A0A8T1KYK6
A0A8T1KYK6	A0A8T1H0R2
A0A8T1KYK6	A0A8T1ANU6
A0A8T1KYK6	A0A8T1EUK2
A0A8T2PEI5	A0A8T2PEI5
A0A8T2PEI5	A0A8T3D526
A0A8T3CRM9	A0A8T3CRM9
A0A8T3D7W6	A0A8T3D7W6
A0A8U1F359	A0A8U1F359
A0A8U1F359	A0A4W5LNP9
A0A8V0X6F2	A0A8V0X6F2
A0A8V0X6F2	A0A8C3Y346
A0A8V0X6F2	A0A8C3KTK7
A0A8W7P1Z2	A0A8W7P1Z2
A0A8W7P1Z2	A0A182V9J9
A0A8W7P1Z2	A0A4Y0BSM1
A0A8W7P1Z2	A0A182X1C1
A0A8W7P1Z2	A0A240PPT9
A0A8W7P1Z2	Q7PF16
A0A8W7P1Z2	A0A182KA36
A0A8W7P1Z2	Q27289
A0A8W7P1Z2	A0A182VP77
A0A8W7P1Z2	A0A182QXH3
A0A8W7P1Z2	A0A240PM40
A0A8W7P1Z2	A0A4Y0BMJ1
A0A8W7P1Z2	Q17025
A0A8W7P1Z2	Q5TWE1
A0A8W7P1Z2	A0A182MD86
A0A8W7P1Z2	A0AAG5DEV4
A0A8W7P1Z2	A0A4Y0BM19
A0A8W7P4B7	A0A8W7P4B7
A0A8W7P4B7	A0A182UM13
A0A8W7P4B7	A0A182T985
A0A669B2P4	A0A669B2P4
A0A669B2P4	A0A668UUS3
A0A669B2P4	A0A3B4GZS0
A0A669B2P4	A0A3P9BS79
A0A670JTS3	A0A670JTS3
A0A670K3S4	A0A670K3S4
A0A670K5I9	A0A670K5I9
A0A670K5I9	A0A8D2LZD4
A0A670YQD9	A0A670YQD9
A0A670YQD9	A0A670YNA0
A0A670YQD9	A0A8C5SXM7
A0A670YQD9	A0A670YUI1
A0A670YQD9	A0A8C6Y0N5
A0A670YWV0	A0A670YWV0
A0A670YWV0	A0A670YMU1
A0A670YWV0	A0A8C5SV41
A0A670YWV0	A0A670YQD0
A0A670YWV0	A0AAW1C2R6
A0A671K5R9	A0A671K5R9
A0A671K5R9	A0A671K3S4
A0A671K5R9	A0A671K3Q6
A0A671K5R9	A0A671K3T7
A0A671K5R9	A0A672NL90
A0A671K5R9	A0A672NQC3
A0A671K5R9	A0A671K197
A0A671SIU9	A0A671SIU9
A0A671SIU9	A0A671SJL4
A0A671SIU9	A0A671SHL0
A0A671SIU9	A0A673JME0
A0A671SIU9	A0A673JSB8
A0A671SIU9	A0A671SGF4
A0A671SIU9	A0A672NNR1
A0A671SIU9	A0A672NSJ6
A0A671SIU9	A0A672NLI1
A0A671SIU9	A0A671SGD0
A0A671SIU9	A0A671SIW5
A0A671SIU9	A0A672NKT0
A0A671SIU9	A0A673JMF4
A0A671SIU9	A0A672NSL7
A0A671SIU9	A0A673K817
A0A671SIU9	A0A671LYH6
A0A671TCK7	A0A671TCK7
A0A671TCK7	A0A671TC66
A0A671TCK7	A0A671TBJ4
A0A671TQA7	A0A671TQA7
A0A671TQA7	A0AAW1G8J3
A0A671TQA7	A0A1Z1ED51
A0A671TQA7	A0AAN7Y1K1
A0A671TQA7	A0A668RSA1
A0A671TQA7	A0AAV9S9A5
A0A671TQA7	A0A3Q1ANG3
A0A671TQA7	A0A3P8TUG4
A0A671TQA7	A0A3Q1I428
A0A671TQA7	A0A7N5ZVR2
A0A671TQA7	A0A3Q3K5H7
A0A671TQA7	A0AA88SX42
A0A671TQA7	A0A8D3CHS9
A0A671TQA7	A0A8D3CAQ5
A0A672FSR7	A0A672FSR7
A0A672GWZ7	A0A672GWZ7
A0A672GWZ7	A0A672FY70
A0A672H194	A0A672H194
A0A672HRB1	A0A672HRB1
A0A672HRB1	A0A3Q3GKF8
A0A672HRB1	A0A4W4G2E8
A0A194Q9W6	A0A194Q9W6
A0A195B922	A0A195B922
A0A195BPF7	A0A195BPF7
A0A195BPF7	A0A6P3YBM7
A0A1A8MJC6	A0A1A8MJC6
A0A1A9V6D5	A0A1A9V6D5
A0A1A9V6D5	A0A1A9ZHE2
A0A1A9VLS7	A0A1A9VLS7
A0A1A9VZ01	A0A1A9VZ01
A0A1A9VZ01	A0A1B0ALE4
A0A1A9X0W2	A0A1A9X0W2
A0A1A9ZCT6	A0A1A9ZCT6
A0A1A9ZCT6	A0A1B0FQA8
A0A1A9ZCT6	A0A1B0BCW7
A0A1A9ZCT6	A0A1A9WKF8
A0A1A9ZTC5	A0A1A9ZTC5
A0A1A9ZTC5	A0A1A9UTN8
A0A1A9ZTC5	A0A9C5ZAI7
A0A1A9ZTC5	A0A1A9WJH6
A0A1B0BDM5	A0A1B0BDM5
A0A1B0BDM5	A0A1A9UZ94
A0A1B0D1T4	A0A1B0D1T4
A0A1B0D1T4	A8CW82
A0A1B0FHL6	A0A1B0FHL6
A0A1B0G1B6	A0A1B0G1B6
A0A1B0G1B6	A0A1A9VTQ1
A0A1B0GHG0	A0A1B0GHG0
A0A1B3TNW7	A0A1B3TNW7
A0A1B6ENS7	A0A1B6ENS7
A0A1B6ENS7	A0A1B6KI46
A0A1B6ENS7	A0A1B6KJH5
A0A1B6G322	A0A1B6G322
A0A1B6HWG7	A0A1B6HWG7
A0A1B6L2F4	A0A1B6L2F4
A0A1B6L2F4	A0A1B6L7H6
A0A1B6L2F4	A0A1B6L6P6
A0A1B6LAU4	A0A1B6LAU4
A0A1C6UTC5	A0A1C6UTC5
A0A1D1VME8	A0A1D1VME8
A0A1E1W9P7	A0A1E1W9P7
A0A1E1W9P7	A0A1E1WH25
A0A1E1WG09	A0A1E1WG09
A0A1H0PJW1	A0A1H0PJW1
A0A1I8M586	A0A1I8M586
A0A1I8MBL6	A0A1I8MBL6
A0A1I8MGV2	A0A1I8MGV2
A0A1I8MGV2	A0A1I8NNW9
A0A1I8MUN6	A0A1I8MUN6
A0A1I8MUN6	A0A0L0C528
A0A1I8N7Q1	A0A1I8N7Q1
A0A1I8N7Q1	A0A9J7CIR8
A0A1I8N7Q1	A0A1I8MHM9
A0A1I8N7Q1	A0A9J7CJ21
A0A1I8N7Q1	A0A1I8N347
A0A1I8N7Q1	A0A0K8VJE5
A0A1I8N7Q1	A0A1I8P6D9
A0A1I8N9J0	A0A1I8N9J0
A0A1I8NQL5	A0A1I8NQL5
A0A1I8NQL5	A0A1I8NQM0
A0A1I8NQL5	A0A1I8NQM3
A0A1I8PQE4	A0A1I8PQE4
A0A1I8QDE2	A0A1I8QDE2
A0A1J1IPR0	A0A1J1IPR0
A0A1L8DQI3	A0A1L8DQI3
A0A1L8DQW1	A0A1L8DQW1
A0A1L8DQW1	A0A1L8DQP4
A0A1L8DQW1	A0A1L8DQL6
A0A1L8DQW1	A0A1L8DQD8
A0A1L8DQW1	A0A6B2EIC9
A0A1L8DQW1	A4UCN5
A0A1L8DQW1	A0A7G3ABP3
A0A1L8DQW1	A0A7G3B142
A0A1L8DQW1	A0A1B0GHB6
A0A1L8DQW1	A0A7G3B007
A0A3P8UPE4	A0A3P8UPE4
A0A3P8V6Z6	A0A3P8V6Z6
A0A3P8V6Z6	A0A3P8V4V8
A0A3P9BD45	A0A3P9BD45
A0A3P9NVE7	A0A3P9NVE7
A0A3Q0GUJ1	A0A3Q0GUJ1
A0A3Q0GUJ1	A0A151NXV6
A0A3Q1F183	A0A3Q1F183
A0A3Q2NY72	A0A3Q2NY72
A0A3Q2QJF2	A0A3Q2QJF2
A0A3Q2QJF2	A0A667ZLZ5
A0A3Q2QJF2	A0A673AXK8
A0A3Q2QJF2	A0ABD1JCK4
A0A3Q2QJF2	A0A3P8YZW5
A0A3Q2QJF2	A0A3Q3J2V5
A0A3Q2QJF2	A0A669DNP7
A0A3Q2QJF2	A0A669DUW3
A0A3Q2QJF2	A0A8C8GSA8
A0A3Q2QJF2	A0A8C8GWF5
A0A3Q2ZR22	A0A3Q2ZR22
A0A3Q2ZRE3	A0A3Q2ZRE3
A0A3Q2ZRE3	A0A3Q2ZR74
A0A3Q2ZRE3	A0A3Q3EXL3
A0A3Q2ZRE3	A0A3Q2ZT90
A0A3Q2ZRE3	A0A3Q2ZT87
A0A3Q2ZY11	A0A3Q2ZY11
A0A3Q2ZY11	A0A3Q2ZXU1
A0A3Q3A2T4	A0A3Q3A2T4
A0A3Q3A2T4	A0A3P9NQW0
A0A3Q3A2T4	A0A3Q2PGW8
A0A3Q3A2T4	A0A3Q2G009
A0A3Q3AHG9	A0A3Q3AHG9
A0A3Q3ASI9	A0A3Q3ASI9
A0A3Q3EZM4	A0A3Q3EZM4
A0A3Q3JC87	A0A3Q3JC87
A0A3Q3JC87	A0A3Q3QNN8
A0A3Q3JC87	A0A3Q3JIS4
A0A3Q3JC87	A0A3Q3QNP4
A0A3Q3K385	A0A3Q3K385
A0A3Q3X224	A0A3Q3X224
A0A3Q4ASL7	A0A3Q4ASL7
A0A3Q4GY42	A0A3Q4GY42
A0A3Q4GY42	A0A3B4H150
A0A3R7Y2D8	A0A3R7Y2D8
A0A3R7Y2D8	W4FRR1
A0A3R7Y2D8	A0A418FL58
A0A3R7Y2D8	A0A425DGG2
A0A3R7Y2D8	A0A397DVD7
A0A3R7Y2D8	W4FY44
A0A401PMT6	A0A401PMT6
A0A401S8K9	A0A401S8K9
A0A452RWP3	A0A452RWP3
A0A3B3QTU2	A0A3B3QTU2
A0A3B3QU38	A0A3B3QU38
A0A3B3QU38	A0A6P7JYX7
A0A3B3QU38	A0A8T3CUW3
A0A3B3QU38	A0A3B5QTS1
A0A3B3QU38	A0A3P8SEX4
A0A3B3QU38	A0A3Q1C6E6
A0A3B3QU38	A0A3Q1F8G6
A0A3B3QU38	A0A8C9SLR9
A0A3B3QU38	A0A9Q1E137
A0A3B3QU38	A0AAV9SEW4
A0A3B3QU38	F8U088
A0A3B3QU38	A0AAD7RRH5
A0A3B3QU38	A0A3B4Z6W5
A0A3B3QU38	A0A9D3PX78
A0A3B3W1C6	A0A3B3W1C6
A0A3B3W1C6	A0A096M6Z6
A0A3B3W1C6	A0A3B3VZ47
A0A3B4AA74	A0A3B4AA74
A0A3B4AA74	A0A3B4A8N1
A0A3B4AA74	A0A3B4A8N2
A0A3B4AA74	A0A3B4A9V2
A0A3B4AA74	A0A3B4A9B8
A0A3B4AA74	A0A3B4A9L3
A0A3B4AA74	A0A3B4A9L8
A0A3B4AA74	A0A3B4A9K8
A0A3B4AA74	A0A3B4A9V7
A0A3B4AA74	A0AAV2M4X7
A0A3B4ARB7	A0A3B4ARB7
A0A3B4ARB7	A0A3B4ASN2
A0A3B4ARB7	A0A3B4AQG2
A0A3B4ARB7	A0A3B4AQF4
A0A3B4ARB7	A0A3B4AQP6
A0A3B4E9F6	A0A3B4E9F6
A0A3B4TFG2	A0A3B4TFG2
A0A3B4XB47	A0A3B4XB47
A0A3B4XB47	A0A3B4XM26
Q8MTU7	Q8MTU7
Q8MTU7	Q9VEM9
Q8MTU7	B4PM72
Q8MTU7	B4N9L0
Q8T429	Q8T429
Q8T429	B4PEM8
Q8T429	B3NIT9
Q8T429	B4IUJ1
Q9VAX6	Q9VAX6
Q9VAX6	B4PR69
Q9VGA5	Q9VGA5
A0A0B4KGQ4	A0A0B4KGQ4
A0A8I6AKT9	A0A8I6AKT9
A0A8I6AKT9	P07338
A0A8I6AKT9	Q9CR35
A0A8I6AKT9	F1MA56
A0A8I6AKT9	A0A8B8TK85
A0A8I6AKT9	A0A8J6KX75
A0A8I6AKT9	A0AAV0A0G3
A0A8I6AKT9	A0A2K6Q244
A0A8I6AKT9	A0A2K6R604
A0A8I6AKT9	A0A6J2KRF3
A0A8I6AKT9	A0A7N4PCC6
A0A8I6AKT9	A0A9L0IHD7
A0A8I6AKT9	G3SRR4
A0A8I6AKT9	L8IMV1
A0A8I6AKT9	A0A3L7I306
A0A8I6AKT9	A0A7N4PSS8
A0A8I6AKT9	A0A8B8TK78
A0A8I6AKT9	A0A9J7K4K4
A0A8I6AKT9	A0A1U7QIQ6
A0A8I6AKT9	A0A5N4DTG1
A0A8I6AKT9	A0A671FG02
A0A8I6AKT9	A0A6P5Q8W0
A0A8I6AKT9	A0A8C3VS76
A0A8I6AKT9	A0A8C5JV23
A0A8I6AKT9	A0A8C5JX93
A0A8I6AKT9	A0A8C6QRH9
A0A8I6AKT9	A0A8C4LZT2
A0A8I6AKT9	H0VWZ0
A0A8I6AKT9	A0A8C6QSH6
A0A8I6AKT9	A0A2K6MUX5
A0A8I6AKT9	A0A6P5IAN7
A0A8I6AKT9	A0A6P5IDS4
A0A8I6AKT9	A0AAA9S678
A0A8I6AKT9	P00766
A0A8I6AKT9	G1K1L9
A0A8I6AKT9	A0A8D1Y1K2
A0A8I6AKT9	A0AAD4TX62
A0A8I6AKT9	A0A5N3VLC4
A0A8I6AKT9	A0A8B9XHW3
A0A8I6AKT9	A0AAX6P3R6
A0A8I6AKT9	S9X9I0
A0A8I6AKT9	A0A2K6EHM2
A0A8I6AKT9	A0A5N4DPN1
A0A8I6AKT9	A0A8C2UTG5
A0A8I6AKT9	A0A8C6D418
A0A8I6AKT9	A0A9W2W6C0
A0A8I6AKT9	G5B5X5
A0A8I6AKT9	A0A1S3EXZ1
A0A8I6AKT9	A0A9L0STZ2
A0A8I6AKT9	A0A452EJJ4
A0A8I6AKT9	A0A6P5IKF9
A0A8I6AKT9	A0A8C0X4K5
A0A8I6AKT9	A0A8D0Y834
A0A8I6AKT9	A0A8D1NJH9
A0A8I6AKT9	A0A8D0NMP5
A0A8I6AKT9	A0A4X1SW21
A0A8I6AKT9	A0A673UWM3
A0A8I6AKT9	A0A8D1JFN4
A0A8I6AKT9	L8IQI1
A0A8I6AKT9	A0A8C2RJ14
A0A8I6AKT9	A0A452RSQ8
A0A8I6AKT9	A0A6P3RAT4
A0A8I6AKT9	A0A2K5J0N7
A0A8I6AKT9	H2NRH9
A0A8I6AKT9	A0A5G2R980
A0A8I6AKT9	A0A8D1UMX0
A0A8I6AKT9	A0A6I8NW09
A0A8I6AKT9	A0A0D9QUM4
A0A8I6AKT9	A0A8C5ZIP0
A0A8I6AKT9	A0A8C9P4B1
A0A8I6AKT9	A0A8D2DFV2
A0A8I6AKT9	I3M3K6
A0A8I6AKT9	A0A341AQH1
A0A8I6AKT9	A0A5E4A6K1
A0A8I6AKT9	A0A834ULB3
A0A8I6AKT9	A0A8C0H2E9
A0A8I6AKT9	A0A8D2HR06
A0A8I6AKT9	A0A8D0HD51
A0A8I6AKT9	A0A8C0GY03
A0A8I6AKT9	A0A8D0HDC1
A0A8I6AKT9	A0A6I8PF95
A0A8I6AKT9	A0A8C4Y6L9
A0A8I6AKT9	A0A452GR19
A0A8I6AKT9	A0A8C0ISE9
A0A8I6AKT9	F7E7I8
A1ZA41	A1ZA41
D3DMU6	D3DMU6
D3DMU6	A7DYY4
D3DMU6	A7DYY5
D3DMU6	A7DYY6
D3DMU6	A7DYY7
D3DMU6	A7DYZ1
D3DMU6	A7DYY2
D3DMU6	Q9VQ99
D3DMU6	A7DYY3
D3DMU6	A7DZ01
D3DMU6	A7DZ07
D3DMU6	B4Q816
D3DMU6	A0A6P8KF86
D3DMU6	A7DZ05
D3DMU6	A7DZ03
D3DMU6	A7DZ04
D3DMU6	B4I2H6
D3DMU6	B4NW81
F1MGE8	F1MGE8
F1N4G1	F1N4G1
F7FNG0	F7FNG0
F7FNG0	Q61096
F7FNG0	A0A0R4IZY6
F7FNG0	A0A6I9L6V3
F7FNG0	A0A8C6G924
F7FNG0	A0A3L7HHR5
F7FNG0	A0A6P5QJS7
M9MS20	M9MS20
M9MS20	B3NHT7
M9MS20	B4PJL6
M9NDV6	M9NDV6
M9NDV6	B3NDU0
Q4V675	Q4V675
Q4V675	Q9VQ98
Q4V675	A0A6P8KEE7
Q4V675	B4I2H4
Q4V675	B4Q814
Q4V675	B4NW76
Q7KT71	Q7KT71
Q7KT83	Q7KT83
Q7KT83	B3N5L3
Q8IN51	Q8IN51
Q8IQ51	Q8IQ51
Q8IQ51	B3NYB9
Q8IQ51	B4R3Q4
Q8IQ51	A0AB39ZJW2
Q8IQ51	B4PZ17
Q8IQ51	A0A6P8KMF6
Q8IQ51	A0A6P4E6T2
Q8IQ51	A0ABM5GWY8
Q9VQA4	Q9VQA4
Q9VQA4	Q4V4M0
Q9VQA4	A0A6P8LG11
Q9VQA4	B4I2I1
Q9VQA4	B4NW85
Q9VQA4	B4Q821
Q9VQA4	B3N9J2
Q9VWD8	Q9VWD8
Q9VWD8	B3NVS5
Q9VXP8	Q9VXP8
Q9VXP8	B4PX63
A0A023ELF1	A0A023ELF1
A0A023ELF1	A0A023ELG7
A0A023ELF1	A0A023EMK9
A0A023ELF1	A0A023ELG5
A0A023ELF1	A0A023ENR0
A0A023ELF1	A0A023ELE1
A0A023ELF1	A0A023ELC8
A0A023ELF1	A0A023EMX2
A0A023ELF1	A0A023EMW9
A0A023ELF3	A0A023ELF3
A0A023ELF3	A0A023EMK2
A0A023EM03	A0A023EM03
A0A023EP25	A0A023EP25
A0A023EP25	A0A023EP13
A0A023EP25	A0ABM1ZVJ1
A0A023EP25	A0A023ENR3
A0ABD1DIX6	A0ABD1DIX6
A0ABD1DIX6	B0WBU1
A0ABD1DIX6	A0A8D8F9V3
A0ABD1DIX6	A0A8D8AXX2
A0ABD1DT86	A0ABD1DT86
A0ABD1F5E2	A0ABD1F5E2
A0ABD2HIF6	A0ABD2HIF6
A0ABD2ND96	A0ABD2ND96
A0ABD2NK94	A0ABD2NK94
A0ABD2P961	A0ABD2P961
A0ABD2VT02	A0ABD2VT02
A0ABD2VWQ1	A0ABD2VWQ1
A0ABD2W3H3	A0ABD2W3H3
A0ABD2W3H3	A0A7M7QKX7
A0ABD2W3H3	A0A7M7LMU6
A0ABD2WAT0	A0ABD2WAT0
A0ABD2WAT0	A0A6H5I4N0
A0ABD2WAT0	A0ABD2WBP6
A0ABD2X7B7	A0ABD2X7B7
A0ABD2XRE7	A0ABD2XRE7
A0ABD3NRB6	A0ABD3NRB6
A0ABD3PLC7	A0ABD3PLC7
A0ABD7MVQ2	A0ABD7MVQ2
A0ABD7MVQ2	A0ABD0BLJ9
A0ABD7MVQ2	A0ABN4EIA5
A0ABM1NLE6	A0ABM1NLE6
A0ABM1ZX79	A0ABM1ZX79
A0ABM1ZX79	Q16KW4
A0ABM4AR48	A0ABM4AR48
A0ABN9MMQ7	A0ABN9MMQ7
A0ABT6DDL7	A0ABT6DDL7
A7RGS8	A7RGS8
A8CW72	A8CW72
B0LM11	B0LM11
B0LM11	B0LM21
B0LM11	B0LM25
B0LM11	B0LM24
B0LM11	B0LM29
B0LM11	B0LM30
B0W9A8	B0W9A8
B0WR96	B0WR96
B0WR96	A0ABD1DEA5
B0X666	B0X666
B2FVT3	B2FVT3
B3M605	B3M605
B3M643	B3M643
B3M645	B3M645
B3M645	W0C1V1
B3M645	W0BW48
B3M645	W0C1U6
B3M645	W0BYD0
B3M646	B3M646
B3M6V6	B3M6V6
B3M903	B3M903
B3MA34	B3MA34
A0A3Q2CH94	A0A3Q2CH94
A0A3Q2CH94	A0A3Q2DSW9
A0A3Q2CK81	A0A3Q2CK81
A0A3Q2CK81	A0A315W181
A0A3Q2CK81	A0A3B5PRI9
A0A3Q2CK81	A0A3P8S337
A0A3Q2CK81	A0A8C6MBZ9
A0A3Q2CK81	A0A3Q2Y138
A0A3Q2CK81	A0A4Z2GES3
A0A3Q2CK81	A0A3Q3F7S6
A0A3Q2CK81	A0A5C6P0Q0
A0A3Q2CK81	A0A4Z2BWZ1
A0A3Q2CK81	A0AAV1P4K7
A0A3Q2CK81	A0A3Q3FNX4
A0A3Q2DG64	A0A3Q2DG64
A0A3Q2DZ79	A0A3Q2DZ79
A0A3Q2GYE5	A0A3Q2GYE5
A0A3Q2GYE5	Q9UKR0
A0A3Q2GYE5	A0A341DB40
A0A3Q2GYE5	A0A8C9KQF7
A0A3Q2GYE5	A0A485NKI1
A0A3Q2GYE5	A0A8C4LV86
A0A3Q2GYE5	A0A8D1SZ22
A0A3Q2GYE5	A0A1R3UCM7
A0A3Q2GYE5	A0A287BPZ6
A0A3Q2GYE5	A0A6P6H4H2
A0A3Q2GYE5	A0A2Y9GDI6
A0A3Q2GYE5	A0A097PIN8
A0A3Q2NW37	A0A3Q2NW37
A0A3Q2QNA5	A0A3Q2QNA5
A0A3Q2QNA5	A0A3Q2QPI2
A0A3Q2UIU7	A0A3Q2UIU7
A0A3Q2ZTQ9	A0A3Q2ZTQ9
A0A3Q2ZTQ9	A0A3Q2ZRN9
A0A3Q3AW45	A0A3Q3AW45
A0A3Q3JX30	A0A3Q3JX30
A0A3Q3JX30	P47796
A0A3Q3JX30	Q1JPZ1
A0A3Q3JX30	Q7SX97
A0A3Q3JX30	A0A0P7U7X8
A0A3Q3JX30	A0A1S3QDT6
A0A3Q3JX30	A0A2D0SC99
A0A3Q3JX30	A0A384BF30
A0A3Q3JX30	A0A3B3VWN6
A0A3Q3JX30	A0A3P9ARG4
A0A3Q3JX30	A0A3Q2C965
A0A3Q3JX30	A0A3Q3CEA6
A0A3Q3JX30	A0A3Q3NJE0
A0A3Q3JX30	A0A444UEC5
A0A3Q3JX30	A0A498MRC9
A0A3Q3JX30	A0A5C6NLA9
A0A3Q3JX30	A0A669DCL8
A0A3Q3JX30	A0A671QC13
A0A3Q3JX30	A0A671VC77
A0A3Q3JX30	A0A671VCX7
A0A3Q3JX30	A0A672L7S2
A0A3Q3JX30	A0A673YGA5
A0A3Q3JX30	A0A6J2UNR5
A0A3Q3JX30	A0A6P7HZT3
A0A3Q3JX30	A0A8C1UED4
A0A3Q3JX30	A0A8C2ZQB2
A0A3Q3JX30	A0A8C5H0T8
A0A3Q3JX30	A0A8C6U3R7
A0A3Q3JX30	A0A8C7MYG0
A0A3Q3JX30	A0A8C8VGA6
A0A3Q3JX30	A0A8C9ZEE7
A0A3Q3JX30	A0A8D0B1M4
A0A3Q3JX30	A0A8T3E7W2
A0A3Q3JX30	A0A8T3EAH9
A0A3Q3JX30	A0A9D3NK40
A0A3Q3JX30	A0A9Q1EQW3
A0A3Q3JX30	A0AA35KQV2
A0A3Q3JX30	A0AA88NE80
A0A3Q3JX30	A0AA88U5U6
A0A3Q3JX30	A0AA97KIH6
A0A3Q3JX30	A0AAD7STI1
A0A3Q3JX30	A0AAD8D3A8
A0A3Q3JX30	A0AAW1G5P1
A0A3Q3JX30	A0ABD0Y380
A0A3Q3JX30	A0ABD1JMM8
A0A3Q3JX30	G3Q0F6
A0A3Q3JX30	H7CEI2
A0A3Q3JX30	A0A1A8UJH5
A0A3Q3JX30	A0A2I4CVG6
A0A3Q3JX30	A0A3B3RY57
A0A3Q3JX30	A0A3B4DVI7
A0A3Q3JX30	A0A3P8RKH8
A0A3Q3JX30	A0A3Q3EQL4
A0A3Q3JX30	A0A498MID9
A0A3Q3JX30	A0A4D9DTQ4
A0A3Q3JX30	A0A5N5K363
A0A3Q3JX30	A0A672LTF4
A0A3Q3JX30	A0A673YKH7
A0A3Q3JX30	A0A6G1P7N0
A0A3Q3JX30	A0A6J2WQG6
A0A3Q3JX30	A0A6J3QE11
A0A3Q3JX30	A0A8B9LSI4
A0A3Q3JX30	A0A8B9LTE5
A0A3Q3JX30	A0A8B9M0P6
A0A3Q3JX30	A0A8C1CH55
A0A3Q3JX30	A0A8C1HG23
A0A3Q3JX30	A0A8C1UGR8
A0A3Q3JX30	A0A8C8I6U8
A0A3Q3JX30	A0A8T2KVT9
A0A3Q3JX30	A0A8U0QBD0
A0A3Q3JX30	A0A8U0U494
A0A3Q3JX30	A0A9N7YG00
A0A3Q3JX30	A0A9Q1HZW3
A0A3Q3JX30	A0AAD7SSB1
A0A3Q3JX30	A0AAN8D2R3
A0A3Q3JX30	A0AAV1EMK5
A0A3Q3JX30	A0AAV6G4M5
A0A3Q3JX30	A0AAV6G552
A0A3Q3JX30	A0ABD2HEP8
A0A3Q3JX30	A0ABD2HG98
A0A3Q3JX30	G5EMQ6
A0A3Q3JX30	A0A0E9WQE9
A0A3Q3JX30	A0A147AN66
A0A3Q3JX30	A0A2U9BAW2
A0A3Q3JX30	A0A3N0Z2M0
A0A3Q3JX30	A0A3P8R1G7
A0A3Q3JX30	A0A3P8UYC2
A0A3Q3JX30	A0A3Q1FX17
A0A3Q3JX30	A0A3Q2ZXU6
A0A3Q3JX30	A0A484DSQ2
A0A3Q3JX30	A0A665TR56
A0A3Q3JX30	A0A669AZT9
A0A3Q3JX30	A0A671VC90
A0A3Q3JX30	A0A671VCX2
A0A3Q3JX30	A0A672GHE8
A0A3Q3JX30	A0A673AUJ5
A0A3Q3JX30	A0A6J2UKZ9
A0A3Q3JX30	A0A6P3VVL3
A0A3Q3JX30	A0A6P3VVX3
A0A3Q3JX30	A0A6P3VWT1
A0A3Q3JX30	A0A6P6KFE0
A0A3Q3JX30	A0A6P6KFI3
A0A3Q3JX30	A0A6P8FN10
A0A3Q3JX30	A0A7J6AFQ0
A0A3Q3JX30	A0A8B9LR92
A0A3Q3JX30	A0A8B9LVY1
A0A3Q3JX30	A0A8C0DTV2
A0A3Q3JX30	A0A8C1YWU0
A0A3Q3JX30	A0A8C2KC06
A0A3Q3JX30	A0A8C4GRJ5
A0A3Q3JX30	A0A8C9Z6T1
A0A3Q3JX30	A0A8D8C9E6
A0A3Q3JX30	A0A8D8IIT6
A0A3Q3JX30	A0A8T0AAI2
A0A3Q3JX30	A0A8T3D0V2
A0A3Q3JX30	A0A9D3LYA7
A0A3Q3JX30	A0A9D3TA55
A0A3Q3JX30	A0A9Q1CZ13
A0A3Q3JX30	A0AA47MJG6
A0A3Q3JX30	A0AA88LNL3
A0A3Q3JX30	A0AAJ7Q6Z6
A0A3Q3JX30	A0AAN8AY47
A0A3Q3JX30	A0AAN9DMS8
A0A3Q3JX30	A0AAV2LLA1
A0A3Q3JX30	A0AAW2ADP4
A0A3Q3JX30	A0A087XWI9
A0A3Q3JX30	A0A1S3PXC0
A0A3Q3JX30	A0A3B3CH05
A0A3Q3JX30	A0A3B3XND8
A0A3Q3JX30	A0A3B4X925
A0A3Q3JX30	A0A3B4Z7C0
A0A3Q3JX30	A0A3P9AQY0
A0A3Q3JX30	A0A3P9MYT7
A0A3Q3JX30	A0A4W4GVH8
A0A3Q3JX30	A0A5N5NFH5
A0A3Q3JX30	A0A670K3A0
A0A3Q3JX30	A0A671KMD7
A0A3Q3JX30	A0A673YFT6
A0A3Q3JX30	A0A6A5FL48
A0A3Q3JX30	A0A6J2PCH1
A0A3Q3JX30	A0A6J2WQQ7
A0A3Q3JX30	A0A6P7M1X0
A0A3Q3JX30	A0A7S5GHK4
A0A3Q3JX30	A0A8B9K5J9
A0A3Q3JX30	A0A8B9RC17
A0A3Q3JX30	A0A8C1MRK5
A0A3Q3JX30	A0A8C1UFH5
A0A3Q3JX30	A0A8C5EX82
A0A3Q3JX30	A0A8T2NWL5
A0A3Q3JX30	A0A8T2PN95
A0A3Q3JX30	A0A9D3M223
A0A3Q3JX30	A0A9D3S900
A0A3Q3JX30	A0A9W7X3V4
A0A3Q3JX30	A0AAD3MB68
A0A3Q3JX30	A0AAD9DR81
A0A3Q3JX30	A0AAN9DLC5
A0A3Q3JX30	A0AAN9DN22
A0A3Q3JX30	A0AAV7KQS7
A0A3Q3JX30	A0AAV9R469
A0A3Q3JX30	A0ABD1JP01
A0A3Q3JX30	Q4QY78
A0A3Q3JX30	Q4SEW1
A0A3Q3JX30	S6B566
A0A3Q3JX30	W5MNC6
A0A3Q3JX30	A0A059TWS1
A0A3Q3JX30	A0A2U9BB81
A0A3Q3JX30	A0A3B4E315
A0A3Q3JX30	A0A3B4TYE1
A0A3Q3JX30	A0A3N0Z2G9
A0A3Q3JX30	A0A3P8UQC7
A0A3Q3JX30	A0A3P8YMF8
A0A3Q3JX30	A0A3P9H8N6
A0A3Q3JX30	A0A3Q1IBP2
A0A3Q3JX30	A0A498MWA8
A0A3Q3JX30	A0A5A9PM41
A0A3Q3JX30	A0A668UKM9
A0A3Q3JX30	A0A671VDV8
A0A3Q3JX30	A0A673MC47
A0A3Q3JX30	A0A6P8T9E2
A0A3Q3JX30	A0A7J6CWY5
A0A3Q3JX30	A0A7K4KD29
A0A3Q3JX30	A0A8B9LU93
A0A3Q3JX30	A0A8C1CIQ4
A0A3Q3JX30	A0A8C4XDP3
A0A3Q3JX30	A0A8C4ZA95
A0A3Q3JX30	A0A8C7JLG2
A0A3Q3JX30	A0A8C7W7X1
A0A3Q3JX30	A0A8D8CF50
A0A3Q3JX30	A0A8D8GAN6
A0A3Q3JX30	A0A8T0B5R5
A0A3Q3JX30	A0A8U0Q8P7
A0A3Q3JX30	A0A9B0T744
A0A3Q3JX30	A0A9D3PTM0
A0A3Q3JX30	A0A9D3PVZ1
A0A3Q3JX30	A0A9D3XLT0
A0A3Q3JX30	A0A9F2NCF7
A0A3Q3JX30	A0A9Q1IIR6
A0A3Q3JX30	A0A9W7X3E3
A0A3Q3JX30	A0A9Y4NP88
A0A3Q3JX30	A0AA88MF31
A0A3Q3JX30	A0AAD5B333
A0A3Q3JX30	A0AAD7SU68
A0A3Q3JX30	A0AAD8D6V7
A0A3Q3JX30	A0AAE0QNE2
A0A3Q3JX30	A0AAN8HB30
A0A3Q3JX30	A0AAV1QGX6
A0A3Q3JX30	A0AAW2ADC3
A0A3Q3JX30	A0A3B5QI68
A0A3Q3JX30	A0A3B5LLP4
A0A3Q3JX30	A0A3B5R5U0
A0A3Q3JX30	A0A4W4GUT8
A0A3Q3JX30	A0A4W4H249
A0A3Q3JX30	A0A4W4H260
A0A3Q3JX30	A0A4W4H601
A0A3Q3JX30	A0A667Y030
A0A3Q3JX30	A0A667ZPF6
A0A3Q3JX30	A0A672G129
A0A3Q3JX30	A0A673M7Z7
A0A3Q3JX30	A0A671QDF8
A0A3Q3JX30	A0A8B9LW67
A0A3Q3JX30	A0A8C7ZDK2
A0A3Q3JX30	A0A9J8BV35
A0A3Q3JX30	A0AAQ5ZTP8
A0A3Q3JX30	A0AAW0PXR5
A0A3Q3JX30	A0AAW0Q140
A0A3Q3JX30	A0AAY4F013
A0A3Q3JX30	A0AAY4F018
A0A3Q3JX30	A0ABD2HEN9
A0A3Q3JX30	A0A3B4TXN2
A0A3Q3JX30	A0A3Q2DM31
A0A3Q3JX30	A0A665TS83
A0A3Q3JX30	A0A673AQU8
A0A3Q3JX30	A0A6G0J2P9
A0A3Q3JX30	A0AAN8CRU0
A0A3Q3JX30	A0AAN8CTP7
A0A3Q3JX30	A0AAW1G4W7
A0A3Q3JX30	H2S7R5
A0A3Q3JX30	A0A1A8UD97
A0A3Q3JX30	A0A3B5KIP6
A0A3Q3JX30	A0A5C6NMV4
A0A3Q3JX30	A0A8C4HM90
A0A3Q3JX30	A0A9D2Y274
A0A3Q3JX30	A0AAJ7Q713
A0A3Q3JX30	A0AAN8HE03
A0A3Q3JX30	A0AAV2LRI0
A0A3Q3JX30	A0A3B4X417
A0A3Q3JX30	A0A3Q3EU06
A0A3Q3JX30	A0A3Q3LLH2
A0A3Q3JX30	A0A665TUR2
A0A3Q3JX30	A0A665TUS2
A0A3Q3JX30	A0A6G0J2P6
A0A3Q3JX30	A0A6P7HPV3
A0A3Q3JX30	A0A8C2ZQ85
A0A3Q3JX30	A0A8C2ZQ93
A0A3Q3JX30	A0A8C5H1L1
A0A3Q3JX30	A0AAN8AXG5
A0A3Q3JX30	A0AAV1QEA5
A0A3Q3JX30	A0A3Q0RG60
A0A3Q3JX30	A0A4U5TWE1
A0A3Q3JX30	A0A5C6NLI2
A0A3Q3JX30	A0A674P297
A0A3Q3JX30	A0A6J2PAX9
A0A3Q3JX30	A0A8C2ZQ76
A0A3Q3JX30	A0A8C5H3E6
A0A3Q3JX30	A0A8C6KTK8
A0A3Q3JX30	A0AA88NA15
A0A3Q3JX30	A0AAV1EML3
A0A3Q3JX30	A0AAV1QEL6
A0A3Q3JX30	A0ABD2HGT6
A0A3Q3JX30	G5EMQ5
A0A3Q3JX30	A0A3Q2XLQ3
A0A3Q3JX30	A0A3Q3WS95
A0A3Q3JX30	A0A3Q4M8X4
A0A3Q3JX30	A0A665TUP2
A0A3Q3JX30	A0A8C5H1K9
A0A3Q3JX30	A0A9N7YF48
A0A3Q3JX30	A0AAD6F6P7
A0A3Q3JX30	A0AAN8HGS7
A0A3Q3JX30	A0AAV2LS97
A0A3Q3JX30	A0A3P8USD0
A0A3Q3JX30	A0A4W4GUW9
A0A3Q3JX30	A0A668UIX6
A0A3Q3JX30	A0A671KMI4
A0A3Q3JX30	A0AA88TZ82
A0A3Q3JX30	A0AAD6AEN3
A0A3Q3JX30	A0A2Y9K133
A0A3Q3JX30	A0A3P9AQU3
A0A3Q3JX30	A0A3P9JZP0
A0A3Q3JX30	A0A4W4GU83
A0A3Q3JX30	A0A4W4H9L2
A0A3Q3JX30	A0A8C1CIK4
A0A3Q3JX30	G3Q0G3
A0A3Q3JX30	A0A3Q2C9A4
A0A3Q3JX30	A0A4W4GUL5
A0A3Q3JX30	A0A4W4H9P0
A0A3Q3JX30	A0A8T2PLX9
A0A3Q3JX30	A0A9J7ZH39
A0A3Q3JX30	A0AAY4F0X1
A0A3Q3JX30	A0A452GRQ4
A0A3Q3JX30	A0A484DS03
A0A3Q3JX30	A0A671KI14
A0A3Q3JX30	A0A672LMV1
A0A3Q3JX30	A0A8C9XBG0
A0A3Q3JX30	W5KEJ6
A0A3Q3JX30	A0A8B9K5P4
A0A3Q3JX30	A0A8T2KMI0
A0A3Q3JX30	A0A5A9PNL2
A0A3Q3JX30	A0A8J7TF74
A0A3Q3JX30	A0A9J8DN51
A0A3Q3N956	A0A3Q3N956
A0A3Q4H1M9	A0A3Q4H1M9
A0A3Q4I2V7	A0A3Q4I2V7
A0A3Q4I2V7	A0A3Q4NA31
A0A3Q4I2V7	A0A3B4H0W4
A0A3Q4I2V7	A0A3Q2VBC4
A0A3Q4I2V7	A0A3P9BVF1
A0A3Q4I2V7	A0A668US46
A0A3Q4I3G9	A0A3Q4I3G9
A0A3Q4I3G9	A0A3B4GWR1
A0A3Q4I3G9	A0A3B4GXV5
A0A3Q4I3G9	A0A3B4H2N1
A0A3Q4I3G9	A0A3P9BTE7
A0A3Q4I3G9	A0A3Q4I9T6
A0A3Q4I3G9	A0A3P8NJI1
A0A3Q4I3G9	A0A3P9BTD6
A0A3Q4I3G9	A0A3Q2WMA7
A0A3Q4I3G9	A0A3Q4IFU2
A0A3Q4I3G9	A0A3B4H2F0
A0A3Q4I3G9	A0A3P9BTC9
A0A3Q4I3G9	A0A3P9BTD8
A0A3Q4I3G9	A0A9Y3RA11
A0A3Q4I3G9	A0A3Q4NAD7
A0A3Q4I3G9	A0A3B4H2T3
A0A3Q4I3G9	A0A3P8NJC3
A0A3Q4I3G9	A0A669BX65
A0A3Q4I3G9	I3J282
A0A3Q4I3G9	I3JNI2
A0A3Q4I3G9	I3KWF0
A0A3Q4I3G9	A0A669EX34
A0A3Q4I3G9	A0A3P9BTB6
A0A3Q4I3G9	A0A3Q4I7N0
A0A3Q4I3G9	A0A3Q4I7P9
A0A3Q4I3G9	A0A668UVT9
A0A3Q4I3G9	A0A3B4GXL1
A0A3Q4I3G9	A0A3B4GXN6
A0A3Q4I3G9	A0A3B4H0Y0
A0A3Q4I3G9	A0A3B4H424
A0A3Q4I3G9	A0A3Q2WX45
A0A3Q4I3G9	A0A669CC33
A0A3Q4I3G9	A0A3B4GXP3
A0A3Q4I3G9	A0A3B4H0J5
A0A3Q4I3G9	A0A3Q4I3I8
A0A3R7PUE8	A0A3R7PUE8
A0A3S3NHF3	A0A3S3NHF3
A0A401PZP2	A0A401PZP2
A0A423SKM3	A0A423SKM3
A0A423TW77	A0A423TW77
A0A433TV34	A0A433TV34
A0A443QE22	A0A443QE22
A0A452EFF6	A0A452EFF6
A0A452EFF6	Q7YRZ7
A0A671WLF8	A0A671WLF8
A0A671WLF8	A0A3B4ZUY3
A0A671WLF8	A0A3Q2XQV0
A0A671WLF8	A0A4U5V703
A0A671WLF8	A0A671WI68
A0A671WLF8	A0A671WI78
A0A671WLF8	A0A671WIL2
A0A671WLF8	A0A671WQ93
A0A671WLF8	A0A8T2PVG3
A0A671WLF8	A0A9Q1HX02
A0A671WLF8	G1FE64
A0A671WLF8	Q0GYP4
A0A671WLF8	Q4QY73
A0A671WLF8	A0A3B4TCE6
A0A671WLF8	A0A3B4ZAT9
A0A671WLF8	A0A3Q2XP85
A0A671WLF8	A0A671WIR8
A0A671WLF8	A0A671WIS9
A0A671WLF8	A0A671WLB6
A0A671WLF8	A0A671WLG6
A0A671WLF8	A0A671WQ56
A0A671WLF8	A0A671WQ65
A0A671WLF8	A0A6J2R985
A0A671WLF8	A0A8C6TFQ5
A0A671WLF8	A0A9D3RTV7
A0A671WLF8	A0A9D3RXG9
A0A671WLF8	A0A9Q1EA55
A0A671WLF8	A0A9Q1EA78
A0A671WLF8	A0A9Q1EA95
A0A671WLF8	A0A9Q1HWG9
A0A671WLF8	A0A9Q1ICY3
A0A671WLF8	A0AAD7RH31
A0A671WLF8	Q98TG9
A0A671WLF8	A0A3Q3JTG0
A0A671WLF8	A0A671WI21
A0A671WLF8	A0A671WLC8
A0A671WLF8	A0A6G0ICB2
A0A671WLF8	A0A8C4XFH6
A0A671WLF8	A0A8J7T822
A0A671WLF8	A0A9D3TA35
A0A671WLF8	A0A9Q1IAX8
A0A671WLF8	A0AA88Q1T0
A0A671WLF8	G5EMQ8
A0A671WLF8	A0A3Q3DVK4
A0A671WLF8	A0A671WIS4
A0A671WLF8	A0A671WJC8
A0A671WLF8	A0A671WLH0
A0A671WLF8	A0A671WQ69
A0A671WLF8	A0A9Q1EA42
A0A671WLF8	A0A9Q1HXB0
A0A671WLF8	B6CGL9
A0A671WLF8	Q98TH0
A0A671WLF8	Q9W7Q6
A0A671WLF8	A0A3B4TCS1
A0A671WLF8	A0A671WJ91
A0A671WLF8	A0A671WJE9
A0A671WLF8	A0A671WLB1
A0A671WLF8	A0A671WLE6
A0A671WLF8	A0A8C6WNE9
A0A671WLF8	A0A8T2PV73
A0A671WLF8	A0A9Q1HX41
A0A671WLF8	A0AAN9D2C6
A0A671WLF8	A7LD78
A0A671WLF8	A0A3B4A078
A0A671WLF8	A0A3B4U4A1
A0A671WLF8	A0A3Q0S1F3
A0A671WLF8	A0A3Q0RW66
A0A671WLF8	A0A3Q0SBS1
A0A671WLF8	A0A3Q0RVY2
A0A671WLF8	A0A3Q0S2N2
A0A671WLF8	A0A3Q0SB56
A0A671WLF8	A0A3Q0S6R2
A0A671WLF8	A0A3Q0S8L4
A0A671WLF8	A0A3Q0SJK2
A0A671WLF8	A0A3Q0SFW3
A0A671WLF8	A0A3Q3EC01
A0A671WLF8	A0A3Q4B2V5
A0A671WLF8	A0A498NSK1
A0A671WLF8	A0A4P2UYG7
A0A671WLF8	A0A4P2V1X0
A0A671WLF8	A0A665WGQ4
A0A671WLF8	A0A669CHI4
A0A671WLF8	A0A671WI81
A0A671WLF8	A0A671WI70
A0A671WLF8	A0A4W6BII9
A0A671WLF8	A0A8D3BTA5
A0A671WLF8	A0A673CSW8
A0A671WLF8	A0A674D8A9
A0A671WLF8	A0A674MW45
A0A671WLF8	A0A8C4XFI6
A0A671WLF8	A0A8C5D7U1
A0A671WLF8	A0A8C5DAB4
A0A671WLF8	A0A8C5DHR8
A0A671WLF8	A0A8C6KLA7
A0A671WLF8	A0A8C7S845
A0A671WLF8	A0A8C8FQI4
A0A671WLF8	A0A8C7S3Q7
A0A671WLF8	A0A8C7FWY1
A0A671WLF8	A0A9Q1G841
A0A671WLF8	A0A9W7WQV7
A0A671WLF8	A0AAJ8BF78
A0A671WLF8	A0A4W6BI22
A0A671WLF8	A0A4W6BM43
A0A671WLF8	A0A4W6BII4
A0A671WLF8	A0AAN8MGG3
A0A671WLF8	A0AAV1Q2E6
A0A671WLF8	A0A3Q1GF42
A0A671WLF8	G3NFX9
A0A671WLF8	A0A4Z2JHU4
A0A671WLF8	A0A671WIJ6
A0A671WLF8	A0A3B3QRE4
A0A671WLF8	A0A3B3ZWB4
A0A671WLF8	A0A3B4TSF5
A0A671WLF8	A0A3B4ZV03
A0A671WLF8	A0A3P8RGH1
A0A671WLF8	A0A3Q0QZ35
A0A671WLF8	A0A668S3L2
A0A671WLF8	I3KHT2
A0A671WLF8	Q6R670
A0A671WLF8	A0A3B4FAS1
A0A671WLF8	A0A3P8PJR8
A0A671WLF8	A0AAX7VHS3
A0A671WLF8	Q6R671
A0A671WLF8	A0A3P9DIW1
A0A671WLF8	A0A3B5MAH8
A0A671WLF8	A0A3P8RH41
A0A671WLF8	A0A3Q3D9Q2
A0A671WLF8	A0A498LRA4
A0A671WLF8	A0A4U5V3G4
A0A671WLF8	A0A668T291
A0A671WLF8	A0A671WI26
A0A671WLF8	A0A673CT50
A0A671WLF8	A0A673CP61
A0A671WLF8	A0A673CRI1
A0A671WLF8	A0A3B4B1H2
A0A671WLF8	A0A3B3ZVT0
A0A671WLF8	A0A673CRH1
A0A671WLF8	A0A6P8UMC4
A0A671WLF8	A0A6P8V975
A0A671WLF8	A0A8C1IYK1
A0A671WLF8	A0A8C1NEN8
A0A671WLF8	A0A8C8FU92
A0A671WLF8	A0A9Q1E167
A0A671WLF8	A0A0P0KM38
A0A671WLF8	D1MYR2
A0A671WLF8	A0A9D3S5Z7
A0A671WLF8	Q8QGW3
A0A671WLF8	A0AAN8MLZ6
A0A671WLF8	A0AAY4AJA7
A0A671WLF8	A0A665WFW2
A0A671WLF8	A0AA88T4V5
A0A671WLF8	A0A3B4TC80
A0A671WLF8	A0A3B5MN49
A0A671WLF8	A0A3Q3EC22
A0A671WLF8	A0A3B1K1X2
A0A671WLF8	A0A3B1KGM0
A0A671WLF8	W5L7A7
A0A671WLF8	A0A3B1J8Q5
A0A671WLF8	A0A3B1JRY1
A0A671WLF8	A0A3B1KA26
A0A671WLF8	A0A3B3QR77
A0A671WLF8	A0A3B3QT24
A0A671WLF8	A0A3B3QTM5
A0A671WLF8	A0A3B4TTD0
A0A671WLF8	A0A3P8SKL4
A0A671WLF8	A0A3P8SLQ3
A0A671WLF8	A0A3Q0RW19
A0A671WLF8	A0A3Q0S1H3
A0A671WLF8	A0A4W5MDH1
A0A671WLF8	A0A5A9MZW9
A0A671WLF8	A0A668A8U0
A0A671WLF8	A0A668AH91
A0A671WLF8	A0A671WL16
A0A671WLF8	A0A671WGI6
A0A671WLF8	A0A671WIJ2
A0A671WLF8	A0A3B4U389
A0A671WLF8	A0A671WKU1
A0A671WLF8	A0A3B4B0L1
A0A671WLF8	A0A6J2W1V2
A0A671WLF8	A0A8C8FTQ7
A0A671WLF8	A0A8C9SAR7
A0A671WLF8	A0ABD0PDA0
A0A671WLF8	A0A3B3QRF4
A0A671WLF8	A0A3B4TFP1
A0A671WLF8	A0A3B4ZB29
A0A671WLF8	A0A3B4ZHC6
A0A671WLF8	A0A3B5MN84
A0A671WLF8	A0A3P8SHG5
A0A671WLF8	A0A3B4Z7H7
A0A671WLF8	A0A6J2R9T5
A0A671WLF8	A0A3Q2YTT3
A0A671WLF8	A0A3Q3WPC6
A0A671WLF8	A0A3Q3WI63
A0A671WLF8	A0A3Q3WQD4
A0A671WLF8	A0A674PFQ2
A0A671WLF8	A0A8C9V7M5
A0A671WLF8	A0A8T3CSP6
A0A671WLF8	H3B697
A0A671WLF8	A0A3B3QPN6
A0A671WLF8	A0A3B3QQG8
A0A671WLF8	A0A3B4TSZ4
A0A671WLF8	A0A3B4WAH6
A0A671WLF8	A0A3B4Z2X2
A0A671WLF8	A0A3B4ZA85
A0A671WLF8	A0A3P8SKI3
A0A671WLF8	A0A3B4Z9C8
A0A671WLF8	A0A3P8SLT2
A0A671WLF8	A0A3B4Z6F6
A0A671WLF8	A0A3B5MPT6
A0A671WLF8	A0A3Q0S7J3
A0A671WLF8	A0A3Q0SJN3
A0A671WLF8	A0A3Q3X8Z5
A0A671WLF8	A0A4P2V3G3
A0A671WLF8	A0A8C4GRX2
A0A671WLF8	A0A8C9S7I6
A0A671WLF8	A0A8D0DBN7
A0A671WLF8	A0A8D3DAY8
A0A671WLF8	A0A8C5BZ38
A0A671WLF8	Q91041
A0A671WLF8	A0A8C5C055
A0A671WLF8	A0A8T2NA03
A0A671WLF8	A0A3Q3WX60
A0A671WLF8	A0A8C5AD82
A0A671WLF8	F2XFV7
A0A671WLF8	A0A3Q3WI70
A0A671WLF8	F2XFT0
A0A671WLF8	F2XFT1
A0A671WLF8	A0A3Q3W823
A0A671WLF8	A0A3Q3W9L1
A0A671WLF8	A0A3Q3W9F0
A0A671WLF8	A0A6P8UJR0
A0A671XXF7	A0A671XXF7
A0A672JY16	A0A672JY16
A0A672JY16	A0A8C2IFI1
A0A672JY16	A0A671MDN9
A0A672JY16	A0A671R719
A0A672JY16	A0A672JVA4
A0A672JY16	A0A672JVH8
A0A672JY16	A0A8C2IG46
A0A672JY16	A0A8C2IEV5
A0A672JY16	A0A8C1ZCR3
A0A672JY16	A0A8C2IDA2
A0A672JY16	A0A672JV13
A0A672JY16	A0A672JZ82
A0A672JY16	A0A673J169
A0A672JY16	A0A8C2PSB1
A0A672JY16	A0A0R4IDY5
A0A672JY16	A0A672JZM2
A0A672JY16	A0A8C1FRL7
A0A672JY16	A0A672JVM5
A0A672JY16	A0AAW1ZPD0
A0A672JY16	A0A671M9X8
A0A672JY16	A0AAW1ZQR6
A0A672JY16	A0A8C1I9A5
A0A672JY16	A0A672JZI4
A0A672JY16	A0A8C1XVD0
A0A672JY16	A0A671R7M8
A0A672JY16	A0A672JV36
A0A672JY16	A0A672JV75
A0A672ZX25	A0A672ZX25
A0A672ZX25	A0A672ZZ07
A0A673GX78	A0A673GX78
A0A673WN86	A0A673WN86
A0A673WN86	A0A8C7LK21
A0A673WN86	A0A8C8BW53
A0A673WN86	A0AAZ3QRE4
A0A673WN86	A0AAZ3PIL5
A0A673WN86	A0AAZ3QCU7
A0A674JL76	A0A674JL76
A0A6A0GVI7	A0A6A0GVI7
A0A6A0HDZ1	A0A6A0HDZ1
A0A6A4W2L5	A0A6A4W2L5
A0A6A4W2L5	A0A6A4W3K8
A0A6A4Z2K3	A0A6A4Z2K3
A0A6A4ZUF2	A0A6A4ZUF2
A0A6A4ZUF2	A0A6A4ZK14
A0A6A5F964	A0A6A5F964
A0A6A5F964	A0A484D0D8
A0A6A5F9M0	A0A6A5F9M0
A0A6A7G5S3	A0A6A7G5S3
A0A6B0V8J0	A0A6B0V8J0
A0A6G1BIE6	A0A6G1BIE6
A0A6G1BIE6	A0A7J7EAZ0
A0A6G1BIE6	A0A7J8ING1
A0A6G1BIE6	A0A9X9LHB5
A0A6I8N9S9	A0A6I8N9S9
A0A6I8NUD0	A0A6I8NUD0
A0A6I9MUB4	A0A6I9MUB4
A0A6I9VDM3	A0A6I9VDM3
A0A6I9Y5R9	A0A6I9Y5R9
A0A6I9YJ26	A0A6I9YJ26
A0A6I9YJ26	A0A8C6XP38
A0A6I9YJ26	A0A670YNY7
A0A6I9YJ26	A0A670YP67
A0A6I9YJ26	A0A670YRN7
A0A6I9YJ26	A0A9F5MTS5
A0A6I9YJ26	A0A098LYI3
A0A6I9YJ26	A0A670YR81
A0A6I9YJ26	A0A6J1V3P1
A0A6I9YJ26	A0A670YR19
A0A6J0C5R4	A0A6J0C5R4
A0A6J1MD09	A0A6J1MD09
A0A6J1MD09	A0A6J1M9Y6
A0A6J1N7E6	A0A6J1N7E6
A0A6J1N7E6	A0A8S4RV84
A0A6J1TVU9	A0A6J1TVU9
A0A6J1TVU9	A8QL56
A0A6J1TVU9	Q5MCS0
A0A6J1TVU9	A8QL57
A0A6J1TVU9	A8QL53
A0A6J1TVU9	A0A8C6Y285
A0A6J1TVU9	V8PCT6
A0A6J1TVU9	A0A670ZDU7
A0A6J1TVU9	A0A670ZGC3
A0A6J1TVU9	A0A8C6Y6B8
A0A6J1TVU9	A0A6J1TUS8
A0A6J1TVU9	A0A8C5SVS7
A0A6J1TVU9	A0A6J1TU04
A0A6J1TVU9	A0A6P9CA41
A0A6J1TVU9	A0A670ZGB3
A0A6J1WFN9	A0A6J1WFN9
A0A6J2JYZ9	A0A6J2JYZ9
A0A6J2JYZ9	A0A8R2AUF8
A0A9Q0BQG2	A0A9Q0BQG2
A0A9Q0BQG2	Q9VRU0
A0A9Q0BQG2	B3NGD0
A0A9Q0BQG2	B4PJC6
A0A9Q0BVQ3	A0A9Q0BVQ3
A0A9Q0BVQ3	Q9VEM7
A0A9Q0BVQ3	B3M1T7
A0A9Q0EG53	A0A9Q0EG53
A0A9Q0M0S1	A0A9Q0M0S1
A0A9Q0M4R6	A0A9Q0M4R6
A0A9Q0ML40	A0A9Q0ML40
A0A9Q0ML43	A0A9Q0ML43
A0A9Q0NH01	A0A9Q0NH01
A0A9Q0NH01	A0A9Q0NH90
A0A9Q0X6A3	A0A9Q0X6A3
A0A9Q0X6A3	A0A6J0V3S0
A0A9Q0XKY4	A0A9Q0XKY4
A0A9R0DZ41	A0A9R0DZ41
A0A9R0DZ41	A0AAV1LIU2
A0A9R0DZ41	A0A7E5W0A8
A0A9R0DZ41	A0A2A4K562
A0A9R0DZ41	A0A2W1BG09
A0A9R0DZ41	A0A9N8Q1U0
A0A9R0DZ41	A0A8S0ZMA4
A0A9R0ESV3	A0A9R0ESV3
A0A9R0ESV3	A0A9R0DL51
A0A9R0ESV3	A0A9R0EV17
A0A9R0ESV3	A0A9R0ETJ2
A0A9R0ESV3	A0A9R0DLD4
A0A9R0ESV3	A0A9R0DLI5
A0A9R1SU45	A0A9R1SU45
A0A9W3H2I0	A0A9W3H2I0
A0A9W3H2I0	A0A5N4E5M2
A0A9W7T7D8	A0A9W7T7D8
A0A9W7TQS6	A0A9W7TQS6
A0A9W7TQS6	A0A9W7WJF0
A0A9W8C6H9	A0A9W8C6H9
A0A9W9YLN5	A0A9W9YLN5
A0AA35KSA9	A0AA35KSA9
A0AA35KSA9	A0A803U0Q5
A0AA35KSA9	A0A670J4D2
A0AA36GW26	A0AA36GW26
A0AA36GW26	A0A016TNF4
A0AA36GW26	A0A016TMW6
A0AA38I267	A0AA38I267
A0AA38I2D3	A0AA38I2D3
A0AA38IA81	A0AA38IA81
A0AA38IUZ1	A0AA38IUZ1
A0AA38IWP8	A0AA38IWP8
A0AA38M4M3	A0AA38M4M3
A0AA39C7H5	A0AA39C7H5
A0AA39C7H5	A0AA39KI17
A0AA39CAT6	A0AA39CAT6
A0AA39CAT6	A0AA39FRZ3
A0AA39FAM4	A0AA39FAM4
A0AA39FAM4	A0AA39FU15
A0AA39FCV0	A0AA39FCV0
A0AA39ISH7	A0AA39ISH7
A0AA39LDR2	A0AA39LDR2
A0AA40HEY0	A0AA40HEY0
A0AA40HEY0	L5LVQ3
A0AA40KN43	A0AA40KN43
A0AA47M1N6	A0AA47M1N6
A0AA88IS31	A0AA88IS31
A0AA88QI56	A0AA88QI56
A0AA88QI56	A0A7J6CTS5
A0AA88QI56	A0AAW2AH10
A0AA88QI56	A0AAN9HH70
A0AA88TS57	A0AA88TS57
A0AAD4CXZ3	A0AAD4CXZ3
A0A674IA28	A0A674IA28
A0A674IA28	A0A674I6C6
A0A674IA28	A0A8C3XM69
A0A674IA28	A0A8C4YDG8
A0A674IA28	A0A8C8SKA8
A0A674IA28	A0A8C3XMV2
A0A8C7SDU7	A0A8C7SDU7
A0A9W3A1C7	A0A9W3A1C7
F1C762	F1C762
A0A2K6U9Z0	A0A2K6U9Z0
A0A2K6U9Z0	A0A2K5RAN6
A0A2K6U9Z0	F7HD23
A0A4X2JN81	A0A4X2JN81
A0A5F5PKL6	A0A5F5PKL6
A0A5F5PKL6	A0A8C4M4C9
A0A5F5PKL6	A0A2Y9MTY6
A0A3B5QM66	A0A3B5QM66
A0A3B5QM66	A0A3B3Z169
A0A3B5QM66	A0A087XPX5
A0A3B5QM66	A0A096M3M5
A0A3B5QM66	A0A3B3VSN0
A0A3B5QM66	A0A3B3Z137
A0A3B5QM66	A0A3B3Z1T7
A0A3B5QM66	A0A3B5MLF5
A0A3B5QM66	A0A315W8L5
A0A3B5QM66	A0A3B3XUZ5
A0A3B5QM66	A0A3P9QFD8
A0A3B5QM66	A0A3B3VQH6
A0A3B5QM66	A0A3B3VTA0
A0A3B5QM66	A0A3B5MA58
A0A3M6UV45	A0A3M6UV45
A0A3M6UV45	A7S9K6
A0A3M6V6K8	A0A3M6V6K8
A0A3M6V6K8	A0AAV0TTA3
A0A3M6V6K8	A0AAV0TP72
A0A3M6V6K8	A0A425BW74
A0A3P8PCN1	A0A3P8PCN1
A0A3P8PCN1	A0A3P9BCU5
A0A3P8PCN1	A0A3P9BD33
A0A3P8QQ78	A0A3P8QQ78
A0A3P8WKL8	A0A3P8WKL8
A0A3P8YB30	A0A3P8YB30
A0A3P8YI22	A0A3P8YI22
A0A3P8YI22	A0ABD0WM38
A0A3P8YI22	C1BZN2
A0A3P8YI22	A0A3P8YH87
A0A3P8YI22	A0A3P8YHG6
A0A3P8YI22	A0A3P8YIT4
A0A3P8YI22	A0A3P8YJD8
A0A3P8YI22	A0A3P9A6P3
A0A3P8YI22	A0A3P8YHH5
A0A3P8YI22	A0A6Q2YB99
A0A3P8YI22	A0AB40EAN4
A0A3P8YI22	A0A3P8YIZ7
A0A3P8YNY8	A0A3P8YNY8
A0A3P8YNY8	A0A3P8YQ85
A0A3P8YNY8	A0A3P8YP33
A0A3P9BBV2	A0A3P9BBV2
A0A3P9BCC1	A0A3P9BCC1
A0A3P9BSU9	A0A3P9BSU9
A0A3P9KKN2	A0A3P9KKN2
A0A3P9KKN2	H2LRG8
A0A3P9KKN2	A0A437D6V9
A0A3P9KKN2	A0A8C7YFD1
A0A3P9KKN2	A0A3P9H127
A0A3Q1F6P3	A0A3Q1F6P3
A0A3Q1F6P3	A0A3Q1F1U9
A0A3Q1JIW9	A0A3Q1JIW9
A0A3Q1JIW9	A0A3Q1KGC9
A0A3Q2D8Q0	A0A3Q2D8Q0
A0A3Q2DR87	A0A3Q2DR87
A0A3Q2FTP4	A0A3Q2FTP4
A0A3Q2GCL7	A0A3Q2GCL7
A0A3Q2PGX7	A0A3Q2PGX7
A0A3Q2QD58	A0A3Q2QD58
A0A3Q2QD58	A0A3Q2P1D1
A0A3Q2QJW2	A0A3Q2QJW2
A0A3Q2XB81	A0A3Q2XB81
A0A3Q2XB81	A0A6J2PJY4
A0A3Q2XB81	A0A6P8U5U4
A0A3Q2XB81	A0A6I9PUY7
A0A3Q2XB81	A0AAW1EAA0
A0A3Q2XB81	A0AAD9FF13
A0A3Q2XB81	A0AAN8DZA0
A0A3Q2XB81	A0AAN8H9J9
A0A3Q2XB81	A0ABD2G152
A0A3Q2XB81	A0A8C2W836
A0A3Q2XB81	A0A9N7V7M1
A0A3Q3G933	A0A3Q3G933
A0A3Q4GEC5	A0A3Q4GEC5
A0A3Q4GEC5	A0A3Q4G9F1
A0A3Q4I8Z6	A0A3Q4I8Z6
A0A3Q4I8Z6	A0A668SRR7
A0A3Q4I8Z6	A0A3Q4N4S2
A0A3Q4I8Z6	A0A668T7S2
A0A3Q4I8Z6	A0A669EIU5
A0A3Q4I8Z6	I3J9Q5
A0A3Q4I8Z6	A0A6G1PY45
A0A3Q4I8Z6	A0A6A5EUX9
A0A3Q4I8Z6	A0A3Q0S2B9
A0A3Q4I8Z6	A0A3Q4N548
A0A3Q4I8Z6	A0AA88MJY6
A0A3Q4I8Z6	A0A3Q0SFF2
A0A3Q4I8Z6	A0A8C2ZX52
A0A3Q4I8Z6	A0A3B4UEH4
A0A3Q4I8Z6	A0A3B4UE23
A0A3Q4I8Z6	A0A6J2RXQ7
A0A3Q4I8Z6	A0AAZ1XWP1
A0A3Q4I8Z6	A0A8S4AIP5
A0A3Q4I8Z6	A0AAQ4QGN8
A0A3Q4I8Z6	A0AAV1P5V3
A0A3Q4I8Z6	A0A3Q0S6T2
A0A3Q4I8Z6	A0A6P7HCY6
A0A3Q4I8Z6	A0A6P7HLX2
A0A3Q4I8Z6	A0A6P7H5E2
A0A3Q4I8Z6	A0A3B4YJ02
A0A3Q4I8Z6	A0A3B4YF07
A0A3Q4I8Z6	A0A3B4YBX3
A0A3S3PL00	A0A3S3PL00
A0A401PZP6	A0A401PZP6
A0A421G2T4	A0A421G2T4
A0A421G2T4	A0A3F2RXV7
A0A423T4X6	A0A423T4X6
A0A423U6W2	A0A423U6W2
A0A437D4F8	A0A437D4F8
A0A443RXW9	A0A443RXW9
A0A443SQP8	A0A443SQP8
A0A443STW8	A0A443STW8
A0A452EAZ1	A0A452EAZ1
A0A452EAZ1	A0A452E0K0
A0A452EUL2	A0A452EUL2
A0A452EUL2	A0A3Q1MQX8
A0A452EUL2	E1BKY6
A0A452EUL2	A0A452EU95
A0A452EUL2	P80219
A0A452EUL2	P80931
A0A452EUL2	O46683
A0A452EUL2	E1BLE0
A0A452EUL2	A0A452FFZ0
A0A452EUL2	A0A452EM42
A0A452EUL2	A0A452FN38
A0A452RCA6	A0A452RCA6
A0A452RCA6	P15944
A0A452RCA6	A0AAF6DMF2
A0A452RCA6	A0A452RCB7
A0A452RCA6	A0A452RCL4
A0A452RCA6	A0A3Q7R0G9
A0A452RCA6	A0A452RCN3
A0A452RCA6	A0A5S8LA00
A0A452RCA6	A0A2U3W5C9
A0A452RCA6	A0A811Z707
A0A452RCA6	A0A8B9YTD2
A0A452RCA6	A0A2U3Z354
A0A452RCA6	A0A6J2ENK0
A0A452RCA6	A0A8C6CND9
A0A452RCA6	A0A2Y9HQS9
A0A452RCA6	A0A452RCL1
A0A452RCA6	A0A452RCN0
A0A452RCA6	A0A8M1G7A6
A0A452RCA6	A0A4U1FNQ9
A0A452RCA6	P20231
A0A452RCA6	Q15661
A0A452RCA6	A0A3Q1N2T5
A0A452RCA6	A0A671G029
A0A452RCA6	A0A671G175
A0A452RCA6	G1QEN6
A0A452RCA6	L5KJ89
A0A452RCA6	A0A6J2MEP5
A0A452RCA6	A0A8D0RYZ0
A0A452RCA6	A0A4W2DKK9
A0A452RCA6	A0A6P3R647
A0A452RCA6	A0A8D1SCS4
A0A452RCA6	A0A7F8Q8F5
A0A452RCA6	A0A835ZNT5
A0A452RCA6	A0AAD4TTN8
A0A452RCA6	A0A8C4KS51
A0A452RCA6	A0A671G0G6
A0A482VWI4	A0A482VWI4
A0A482WYP3	A0A482WYP3
A0A484B0I0	A0A484B0I0
A0A484B0I0	A0A6J1MJF9
A0A484B0I0	B4L1P0
A0A484B0I0	A0ABM1PT77
A0A498NZJ8	A0A498NZJ8
A0A4C1VYA3	A0A4C1VYA3
A0A4C1W869	A0A4C1W869
A0A4D5RG93	A0A4D5RG93
A0A4U5UI70	A0A4U5UI70
A0A4W3GMA4	A0A4W3GMA4
A0A4W3GMA4	K4G0N3
A0A4W3H6I5	A0A4W3H6I5
A0A4W3JHJ1	A0A4W3JHJ1
A0A4W3JHJ1	A0A4W3JHD7
A0A4W3JHJ1	A0A4W3JRR5
A0A4W4GJ08	A0A4W4GJ08
A0A4W4GJ08	A0A4W4GJF4
A0A4W4GJ08	A0A4W4GKS4
A0A4W4GJ08	A0A4W4GJK5
A0A4W4GJ08	A0A4W4GF96
A0A4W4GJ08	A0A4W4GL12
A0A4W4GJ08	A0A4W4GJC3
A0A4W4GJ08	A0A4W4GGC5
A0A4W4GJ08	A0A4W4GIE8
A0A4W4GJ08	A0A4W4GGL8
A0A4W4GWZ4	A0A4W4GWZ4
A0A4W4GWZ4	A0A4W4GQK8
A0A4W4GWZ4	A0A4W4GQL2
A0A4W4GWZ4	A0A4W4GT14
A0A4W4GWZ4	A0A4W4GT19
A0A4W4GWZ4	A0A4W4GWD6
A0A4W4GWZ4	A0A4W4GWD9
A0A4W4HGI1	A0A4W4HGI1
A0A4W4HGI1	A0A4W4HGH5
A0A4W6BI17	A0A4W6BI17
A0A4W6C517	A0A4W6C517
A0A4W6C517	A0A4W6BJ67
A0A4W6FFU4	A0A4W6FFU4
A0A4W6FFU4	A0A4W6FFX9
A0A4W6FFU4	A0A3B3VQD3
A0A4W6FFU4	A0AAV6H217
A0A4W6FFU4	A0A1A8S090
A0A4X2LVV5	A0A4X2LVV5
A0A4Z2B3B0	A0A4Z2B3B0
A0A4Z2B3B0	H3D4F4
A0A4Z2B3B0	Q4S6A9
A0A4Z2HE22	A0A4Z2HE22
A0A4Z2IDQ8	A0A4Z2IDQ8
A0A553P0X2	A0A553P0X2
A0A553P0X2	A0A6P6MUL8
A0A553P0X2	A0A671QYQ9
A0A553P0X2	A0A4W4DVN7
A0A553P0X2	A0A671N6I6
A0A553P0X2	A0A673HHZ0
A0A553P0X2	A0ABD0XGT1
A0A553P0X2	A0A9Q1J765
A0A553P0X2	A0A8T0AVQ3
A0A553P0X2	A0A556U098
A0A553P0X2	A0A8T2LJG2
A0A553P0X2	A0A2D0SIC1
A0A553P0X2	A0AAD5A471
A0A553RBK5	A0A553RBK5
A0A553RBK5	A0AA88Q200
A0A561TZ79	A0A561TZ79
A0A5A9NFQ4	A0A5A9NFQ4
A0A5A9NRV0	A0A5A9NRV0
A0A5C6MUD5	A0A5C6MUD5
A0A5C6MUD5	A0A4Z2B4W7
A0A5C6MUD5	H2VA83
A0A5E4AS68	A0A5E4AS68
A0A8C5B9U5	A0A8C5B9U5
A0A8C5B9U5	A0A8C5F4N8
A0A8C5B9U5	A0A8C5BND4
A0A8C5B9U5	A0A8C4Z061
A0A8C5B9U5	A0A8C5FNK7
A0A8C5B9U5	A0A8C5B8Z1
A0A8C5CIW6	A0A8C5CIW6
A0A8C5CIW6	A0A8C5A884
A0A8C5CIW6	A0A8C5F5P6
A0A8C5CIW6	A0A8C5A9D1
A0A8C5CIW6	A0A8C5FMR5
A0A8C5CIW6	A0A8C5AV35
A0A8C5CIW6	A0A8C5AZP3
A0A8C5DI93	A0A8C5DI93
A0A8C5DI93	A0A3Q1BX75
A0A8C5DI93	A0A8C4E6T9
A0A8C5DI93	A0A8D3D7C4
A0A8C5DI93	A0AAN8AI10
A0A8C5DI93	A0A8C2Z0R9
A0A8C5DI93	A0A8C4E256
A0A8C5DI93	A0A8D0CX95
A0A8C5DI93	A0A671X6V4
A0A8C5DI93	A0A8C5G113
A0A8C5DI93	A0AAD3QVM0
A0A8C5DI93	A0AAV1MX32
A0A8C5DI93	A0ABD2HDV6
A0A8C5DI93	B9V309
A0A8C5DI93	A0A3B4YW82
A0A8C5DI93	A0A4U5UQT7
A0A8C5DI93	A0A671X976
A0A8C5DI93	A0A6G0IQ02
A0A8C5DI93	A0A8C5DFP4
A0A8C5DI93	A0A8C5DFQ1
A0A8C5DI93	A0A8C5DG57
A0A8C5DI93	A0A9Y4JF27
A0A8C5DI93	A0A3B4YVM0
A0A8C5DI93	A0A6I9NUI0
A0A8C5DI93	A0A8C2WZ81
A0A8C5DI93	A0A8C2WZ88
A0A8C5DI93	A0A8C5DEV3
A0A8C5DI93	A0A8C5DFL2
A0A8C5DI93	A0A8C5G0T0
A0A8C5DI93	A0A8D3DJJ0
A0A8C5DI93	A0AAJ7Q1X0
A0A8C5DI93	A0AAV1MXI5
A0A8C5DI93	A0A672IJ72
A0A8C5DI93	A0A673AP90
A0A8C5DI93	A0A8C5G0Q6
A0A8C5DI93	Q4S850
A0A8C5DI93	A0A3Q2ZB47
A0A8C5DI93	A0A665SYT0
A0A8C5DI93	A0A665T601
A0A8C5DI93	A0A665T605
A0A8C5DI93	A0A672IFD1
A0A8C5DI93	A0A672IHL7
A0A8C5DI93	A0A672IH54
A0A8C5DI93	A0A672IH46
A0A8C5DI93	A0A672IIS8
A0A8C5DI93	A0A8S4BSH0
A0A8C5DI93	A0AAD9CC71
A0A8C5DI93	H3D344
A0A8C5DI93	A0A665SYP5
A0A8C5DI93	A0A672IHT6
A0A8C5DI93	A0A673AUL0
A0A8C5DI93	A0A673ARU5
A0A8C5DI93	A0A673AUJ0
A0A8C5DI93	A0A3B4TAJ5
A0A8C5DI93	A0A4W6G5Q8
A0A8C5DI93	A0A8C2WZN6
A0A8C5DI93	A0A8C4ZN40
A0A8C5XJQ0	A0A8C5XJQ0
A0A8C5ZF06	A0A8C5ZF06
A0A8C6CZT6	A0A8C6CZT6
A0A8C6CZT6	L8HQR8
A0A8C6CZT6	A0A4W2H3Z9
A0A8C6CZT6	A0A4W2DEK0
A0A8C6CZT6	A0A4W2EW09
A0A8C6CZT6	F1SI01
A0A8C6CZT6	A0A4X1TYF8
A0A8C6CZT6	A0A4X1TYN5
A0A8C6E9Q1	A0A8C6E9Q1
A0A8C6E9Q1	G3MXK8
A0A8C6E9Q1	A0A8C0C707
A0A8C6E9Q1	A0A2Y9FTE5
A0A8C6E9Q1	A0A452ELT4
A0A8C6E9Q1	A0A4W2H961
A0A8C6E9Q1	P24158
A0A8C6E9Q1	H2QES4
A0A8C6E9Q1	A0A3Q2HN65
A0A8C6E9Q1	A0A2K5NFE8
A0A8C6E9Q1	A0A2K6NZF2
A0A8C6E9Q1	A0A8C4N0A7
A0A8C6E9Q1	F7BY98
A0A8C6E9Q1	A0A2K6L151
A0A8C6E9Q1	A0A8D0VTQ5
A0A8C6E9Q1	H2NWR5
A0A8C6E9Q1	A0A2K5QC50
A0A8C6E9Q1	A0A671FHN7
A0A8C6E9Q1	A0A8C3VKG5
A0A8C6E9Q1	A0A8C6W2B0
A0A8C6E9Q1	A0A8C9AFZ6
A0A8C6E9Q1	A0A8B7F056
A0A8C6E9Q1	A0A8C6AI22
A0A8C6E9Q1	A0A8C9BQY2
A0A8C6ERU8	A0A8C6ERU8
A0A8C6MZ02	A0A8C6MZ02
A0A8C6Q0C5	A0A8C6Q0C5
A0A8C6QBI1	A0A8C6QBI1
A0A8C6SBW4	A0A8C6SBW4
A0A8C6SBW4	A0A8C6SGN3
A0A8C6SBW4	A0A8C6WG36
A0A8C6SBW4	A0A8C6WG15
A0A8C6SBW4	A0A8C6SDQ8
A0A8C6SBW4	A0A8C6SFT4
A0A8C6SBW4	A0A8C6SG36
A0A8C6TZ25	A0A8C6TZ25
A0A8C6UYP4	A0A8C6UYP4
A0A8C6UYS6	A0A8C6UYS6
A0A8C6UYS6	A0A8C6SKP2
A0A8C6VQ72	A0A8C6VQ72
A0A8C6VQ72	A0A670ZAW9
A0A8C6VQ72	A0AAW1B781
A0A8C6WKW6	A0A8C6WKW6
A0A8C6WKY3	A0A8C6WKY3
A0A8C6WKY3	A0A8C6T3P5
A0A8C6WKY3	A0A8C6T4H9
A0A8C7SRW6	A0A8C7SRW6
A0A8C7VCJ8	A0A8C7VCJ8
A0A8C7VCJ8	H2LHR4
A0A8C7VCJ8	H2LHR2
A0A8C7VCJ8	A0A3P9JSQ9
A0A8C8A6Z2	A0A8C8A6Z2
A0A8C8A6Z2	A0A8B9N4U0
A0A8C8HCT2	A0A8C8HCT2
A0A8C8HCT2	A0A8C8HI52
A0A8C8HCT2	A0A8C8GS42
A0A8C8HCT2	A0A8C8GV84
A0A8C8RXE7	A0A8C8RXE7
A0A8C8W4S1	A0A8C8W4S1
A0A8C8W4S1	A0AAW0HBK9
A0A8C8W4S1	A0A8C8T9X9
A0A8C8W4S1	A0A9J7F1R6
A0A8C9CFY1	A0A8C9CFY1
A0A8C9CFY1	A0A8C9E6V1
A0A8C9CFY1	A0A8C6AW05
A0A8C9IJA6	A0A8C9IJA6
A0A8C9IJA6	P51124
A0A8C9IJA6	A0A2J8QUV8
A0A8C9IJA6	A0A8D2JYK9
A0A8C9IJA6	G3QL61
A0A8C9IJA6	H2NWQ0
A0A8C9IJA6	A0A0D9RKQ1
A0A8C9IJA6	A0A2K5P7U8
A0A8C9IJA6	A0A2K6C240
A0A8C9IJA6	A0A2K6M0N8
A0A8C9IJA6	A0A2K6Q951
A0A8C9IJA6	F7EGZ5
A0A8C9IJA6	A0A2I3TGU7
A0A8C9IJA6	A0A1D5QNS9
A0A8C9IJA6	A0A2K5SI43
A0A8C9IJA6	A0A2K5EIC3
A0A8C9MRB5	A0A8C9MRB5
A0A8C9RG24	A0A8C9RG24
A0A8C9S919	A0A8C9S919
A0A8C9S919	A0A8C9SHN0
A0A8C9S919	A0A8C9RI14
A0A8C9S919	A0A0P7X0B9
A0A8C9S919	A0A8C9SGU5
A0A8C9S919	A0A8C9WFX7
A0A8C9SER1	A0A8C9SER1
A0A8C9SER1	A0A8C9SBY1
A0A8C9UYX0	A0A8C9UYX0
A0A8C5HTN2	A0A8C5HTN2
A0A8C5HTN2	A0A672GPT2
A0A8C5HTZ2	A0A8C5HTZ2
A0A8C5I6T3	A0A8C5I6T3
A0A8C5I6T3	A0A3B4X8D5
A0A8C5I6T3	A0A3Q2ZD27
A0A8C5I6T3	A0A3Q3DYW2
A0A8C5I6T3	A0A3Q1FWM3
A0A8C5I6T3	A0A1A8V508
A0A8C5I6T3	A0A672HWL6
A0A8C5I6T3	A0AA88LYG9
A0A8C5I6T3	A0AAD3M4Z1
A0A8C5I6T3	H3CMP7
A0A8C5I6T3	A0A1A8IQQ2
A0A8C5I6T3	A0A1A8JX98
A0A8C5I6T3	A0A1A8MQ47
A0A8C5I6T3	A0A376A8T4
A0A8C5I6T3	A0A3B4TH59
A0A8C5I6T3	A0A3Q3FNW3
A0A8C5I6T3	A0A6J2S4F4
A0A8C5I6T3	A0AAV1GN64
A0A8C5I6T3	A0A3P9HJT4
A0A8C5I6T3	A0A3P9M6Q6
A0A8C5I6T3	A0A3Q2QE93
A0A8C5I6T3	A0A3Q3REL4
A0A8C5I6T3	A0A4W6C1F9
A0A8C5I6T3	A0A6P7LKX0
A0A8C5I6T3	A0A6P8VKX4
A0A8C5I6T3	A0A3Q3F7T7
A0A8C5I6T3	A0A3Q4IAV7
A0A8C5I6T3	A0A4U5VG62
A0A8C5I6T3	A0A8C4IE20
A0A8C5I6T3	A0AAD9FAM5
A0A8C5I6T3	A0AAV9RYG2
A0A8C5I6T3	Q2Z1R4
A0A8C5I6T3	A0A0X8T9H1
A0A8C5I6T3	A0A1A8P2A9
A0A8C5I6T3	A0A3B3D386
A0A8C5I6T3	A0A6G0IFQ9
A0A8C5I6T3	A0A834F231
A0A8C5I6T3	A0A8C6MDP2
A0A8C5I6T3	A0A8C7XT43
A0A8C5I6T3	A0A8S4ARM1
A0A8C5I6T3	A0AAN8DG02
A0A8C5LS44	A0A8C5LS44
A0A8C5LS44	A0AAD1VNK6
A0A8C5LS44	A0A8C5LZ42
A0A8C5LS44	A0A8C5P7T0
A0A8C5LS44	A0A8J0QMJ5
A0A8C5LS44	A0A8C5P7Q9
A0A8C5LS44	A0A8C5P890
A0A8C5LS44	A0AAD1VR91
A0A8C5LS44	A0AAV7CK69
A0A8C5LS44	A0A8C5LU29
A0A8C5LS44	A0A8C5LWR6
A0A8C5LS44	A0A8C5LY37
A0A8C5LS44	A0AAV3AY87
A0A8C5LS44	A0A8C5LWA1
A0A8C5LS44	A0A8J6FQH0
A0A8C5LS44	B2RZE7
A0A8C5LS44	A0A8J1M646
A0A8C5LS44	A0A974DPP0
A0A8C5LS44	Q7SYY8
A0A8C5LS44	A0A974DK68
A0A8C5LS44	F6R841
A0A8C5QUB1	A0A8C5QUB1
A0A8C5S6P3	A0A8C5S6P3
A0A8C5SBJ9	A0A8C5SBJ9
A0A8C5U7R7	A0A8C5U7R7
A0A8C5WSE8	A0A8C5WSE8
A0A8C6CDW8	A0A8C6CDW8
A0A8C6DE97	A0A8C6DE97
A0A8C6DE97	A0A8C2PFL3
A0A8C6DE97	A0A5N3VJ89
A0A8C6DE97	A0A1R3UDV7
A0A8C6DE97	Q9QYN3
A0A8C6DE97	A0A1R3UCI4
A0A8C6DE97	D3ZZK6
A0A8C6DE97	A0A1R3UCJ9
A0A8C6DE97	A0A6J1XKF8
A0A8C6DE97	A0A9W3EE69
A0A8C6DE97	A0A9X9LDF5
A0A8C6DE97	A0A8C9A0S4
A0A8C6DE97	G3VPI0
A0A8C6DE97	A0A1S3G4H5
A0A8C6DE97	A0A9V1EGR3
A0A8C6DE97	A0A8B7FLX9
A0A8C6DE97	A0A8C0W1I3
A0A8C6DE97	A0A1D5QDH0
A0A8C6DE97	A0A6P6H4I2
A0A8C6DE97	A0A9L0K2Z6
A0A8C6DE97	A0A9L0RJU8
A0A8C6DE97	A0A9V1EGG7
A0A8C6DE97	A0A2I3GSN3
A0A8C6DE97	A0A2K5INM2
A0A8C6DE97	A0A8C5V7T0
A0A8C6DE97	A0A9B0TWE3
A0A8C6DE97	A0A452DPY9
A0A8C6KZZ1	A0A8C6KZZ1
A0A8C6LI29	A0A8C6LI29
A0A8C6LI29	A0A8C6LHH5
A0A8C6LI29	A0A8C6NRN9
A0A8C6LI29	A0A8C6LFL4
A0A8C6LI29	A0A8C6LFG0
A0A8C6LI29	A0A8C6LLS8
A0A8C6U4N5	A0A8C6U4N5
A0A8C6U4N5	A0A8C6WT42
A0A8C6U4N5	A0A8C6U1I7
A0A8C6VU60	A0A8C6VU60
A0A8C6VU60	A0A1A8ADI8
A0A8C6VU60	A0A8C6PB21
A0A8C6VYV6	A0A8C6VYV6
A0A8C6VYV6	A0A9D3BPE9
A0A8C7D521	A0A8C7D521
A0A8C7D521	A0A1S3T708
A0A8C7D521	A0A8C7CV14
A0A8C7D521	A0A8U1BIJ9
A0A8C7D521	A0A674DVF2
A0A8C7D521	A0A8C7QEB2
A0A8C7D521	A0A8K9XAL7
A0A8C7D521	A0AAN8LPG8
A0A8C7D521	A0AAZ3NP28
A0A8C7D521	A0A1S3MMA7
A0A8C7D521	A0AAN8M6W7
A0A8C7D521	A0A673XPN1
A0A8C7D521	A0A4W5KR15
A0A8C7E6U9	A0A8C7E6U9
A0A8C7E6U9	A0A8C6YDI2
A0A8C7E6U9	A0A8C6YIG3
A0A8C7E6U9	A0A8C6YI78
A0A8C7E6U9	A0A8C6YG67
A0A8J2R145	A0A8J2R145
A0A8J2R145	A0A8J2W859
A0A8J2R698	A0A8J2R698
A0A8J2R698	A0A8J2RBI5
A0A8J2R773	A0A8J2R773
A0A8J2R773	A0A212EX29
A0A8J2S1H4	A0A8J2S1H4
A0A8J2VTN2	A0A8J2VTN2
A0A8J2VTN2	A0A8J2QKS9
A0A8J2VTN2	A0A8J2W094
A0A8J2WCY5	A0A8J2WCY5
A0A8J2WCY5	A0A8J2R7Q7
A0A8J2WCY5	A0A8J2R5E0
A0A8J2WCY5	A0A8J2R9H6
A0A8J2WCY5	A0A8J2WAZ8
A0A8J4XD48	A0A8J4XD48
A0A8J4XD48	A0A5N5K808
A0A8J5TLJ4	A0A8J5TLJ4
A0A8J9UZ31	A0A8J9UZ31
A0A8J9W501	A0A8J9W501
A0A8J9Z367	A0A8J9Z367
A0A8J9Z367	A0A8J9Z2N7
A0A8K0C6Q9	A0A8K0C6Q9
A0A8K0C6R3	A0A8K0C6R3
A0A8K0C6R3	A0A8K0C7I8
A0A8K0C6R3	A0A8K0C9K9
A0A8K0C9R4	A0A8K0C9R4
A0A8K0CAP7	A0A8K0CAP7
A0A8K0CR37	A0A8K0CR37
A0A8K0CR37	A0A8K0CN14
A0A8K0CRQ0	A0A8K0CRQ0
A0A8K0CX92	A0A8K0CX92
A0A8K0D025	A0A8K0D025
A0A8K0G1U6	A0A8K0G1U6
A0A8K0GET5	A0A8K0GET5
A0A8K0GKS5	A0A8K0GKS5
A0A8K0GMS0	A0A8K0GMS0
A0A8N5ENQ9	A0A8N5ENQ9
A0A8N5ENQ9	A0A674H820
A0A8N5ENQ9	A0A3M0KZ05
A0A8N5ENQ9	A0A7K9JMM5
A0A8R2AFU8	A0A8R2AFU8
A0A8R2D2N2	A0A8R2D2N2
A0A8R2HMN3	A0A8R2HMN3
A0A8R2HMN3	A0A8R2AHF8
A0A8R2HMN3	A0A8R2M2I1
A0A8R2HMN3	H9BVM5
A0A8R2HPZ9	A0A8R2HPZ9
A0A8R2HPZ9	A0A6J2KC87
A0A8R2R2Z6	A0A8R2R2Z6
A0A8R2R2Z6	A0A8R2R3P6
A0A8R2R2Z6	A0A6J2JQF7
A0A8S0Z0G4	A0A8S0Z0G4
A0A8S0Z6I5	A0A8S0Z6I5
A0A8S0ZK56	A0A8S0ZK56
A0A8S0ZK56	A0A8S1ADF5
A0A8S1ALM4	A0A8S1ALM4
A0A8S1ALM4	A0A8S0ZBF2
A0A8S1CS81	A0A8S1CS81
A0A8S1DSX6	A0A8S1DSX6
A0A8S1DSX6	A0A8S1E0N3
A0A8S4AAH2	A0A8S4AAH2
A0A8S4BYK6	A0A8S4BYK6
A0A8S4DXV3	A0A8S4DXV3
A0A8S4EN52	A0A8S4EN52
A0A8S4FK47	A0A8S4FK47
A0A8S4FK47	A0A8S4D331
A0A8S4FK47	A0A8S4CZU3
A0A8S4FK47	A0A8S4EE61
A0A8S4FK47	A0A8S4D106
A0A8S4G3H0	A0A8S4G3H0
A0A8S4G812	A0A8S4G812
A0A8S4G8F9	A0A8S4G8F9
A0A8S4G8F9	A0A8S4GEV9
A0A8S4R4V9	A0A8S4R4V9
A0A8S4S115	A0A8S4S115
A0A8S4S8F2	A0A8S4S8F2
A0A8S4S8F2	A0A6J1N7E4
A0A8T0FNQ2	A0A8T0FNQ2
A0A8T2J0M0	A0A8T2J0M0
A0A8T2J0M0	A0AAV6ZMU1
A0A8T2J0M0	A0AAV6ZS35
A0A8T2M6I9	A0A8T2M6I9
A0A8T2PHH4	A0A8T2PHH4
A0A1L9RHW2	A0A1L9RHW2
A0A1S3EV55	A0A1S3EV55
A0A1S3EV55	A0A1S3EWL5
A0A1S3EV55	A0A1S3EV74
A0A1S3EV55	A0A1S3EW21
A0A1S3EV55	A0A1S3EWI1
A0A1S3EV55	A0A1S3GVG1
A0A1S3WHL3	A0A1S3WHL3
A0A1S3WHL3	A0A1S3WHW4
A0A1S3WHL3	S7PHV8
A0A1S3WHL3	Q9BZJ3
A0A1S3WHL3	Q02844
A0A1S3WHL3	P27435
A0A1S3WHL3	P50342
A0A1S4FDH3	A0A1S4FDH3
A0A1S4FDL4	A0A1S4FDL4
A0A1S4FDL4	A0ABM1Y4I3
A0A1S4FDL4	B0WIS4
A0A1S4FDL4	A0A8D8E1Q0
A0A1S4FDL4	A0A1Q3FP18
A0A1S4FDL4	A0A8D8DTE1
A0A1S4FGZ8	A0A1S4FGZ8
A0A1S4FGZ8	B0X5A5
A0A1S4FGZ8	Q171L3
A0A1U7UDI7	A0A1U7UDI7
A0A1W0WQX6	A0A1W0WQX6
A0A1Y1KCG1	A0A1Y1KCG1
A0A1Y1MTT2	A0A1Y1MTT2
A0A1Y9HDX0	A0A1Y9HDX0
A0A1Y9HEI4	A0A1Y9HEI4
A0A225VUH8	A0A225VUH8
A0A225WJ33	A0A225WJ33
A0A232EVX7	A0A232EVX7
A0A232EVX7	A0A7M6UME3
A0A232FG40	A0A232FG40
A0A269PEG0	A0A269PEG0
A0A2A4JBA7	A0A2A4JBA7
A0A2A4JBA7	A0A2W1BCS4
A0A2A4JK14	A0A2A4JK14
A0A2A4JK14	A0A2W1C0F3
A0A2A4K0W1	A0A2A4K0W1
A0A2A4K0W1	A0A922MJ37
A0A2A4K0W1	A0A9P0HWU8
A0A2A4K3S1	A0A2A4K3S1
A0A2A4K3S1	A0A2A4K2C1
A0A2A4K3S1	A0A2A4K426
A0A2A4K3S1	A0A2A4K2C9
A0A2A6B9E2	A0A2A6B9E2
A0A2B4R410	A0A2B4R410
A0A2C9KIV1	A0A2C9KIV1
A0A2D4L6B8	A0A2D4L6B8
A0A2G5TJ19	A0A2G5TJ19
A0A2G9QKL3	A0A2G9QKL3
A0A2H1VIU2	A0A2H1VIU2
A0A2H1VIU2	A0A9R0DN79
A0AB38ZEG1	A0AB38ZEG1
A0AB39ZCD8	A0AB39ZCD8
A0AB39ZEI4	A0AB39ZEI4
A0ABD0LE81	A0ABD0LE81
A0ABD0STV9	A0ABD0STV9
A0ABD0SU46	A0ABD0SU46
A0ABD0SUD4	A0ABD0SUD4
A0ABD0T9G4	A0ABD0T9G4
A0ABD0TNX5	A0ABD0TNX5
A0ABD0X2S6	A0ABD0X2S6
A0ABD1CNP6	A0ABD1CNP6
A0ABD1D3P1	A0ABD1D3P1
A0ABD1D750	A0ABD1D750
A0ABD1D7A6	A0ABD1D7A6
A0ABD1DH22	A0ABD1DH22
A0ABD1EK17	A0ABD1EK17
A0ABD1JLU4	A0ABD1JLU4
A0ABD1JLU4	A0A6P3VK99
A0ABD1KYM4	A0ABD1KYM4
A0ABD2A0Z9	A0ABD2A0Z9
A0ABD2A0Z9	A0A834N2J2
A0ABD2A0Z9	A0A834U5K0
A0ABD2A0Z9	A0A834JML1
A0ABD2A0Z9	A0AAD9RZP9
A0ABD2A0Z9	A0ABD2CEV5
A0ABD2MW06	A0ABD2MW06
A0ABD2VWY4	A0ABD2VWY4
A0ABD2VX23	A0ABD2VX23
A0ABD2VX23	A0AAJ7FPW2
A0ABD2VX23	A0AAV2P0T0
A0ABD2VX23	A0A151IHB1
A0ABD2VX23	A0AAW2FRP5
A0ABD2VX23	A0AAV2NY96
A0ABD2VX23	A0A026WVM2
A0ABD2VX23	A0A836GJM5
A0ABD2VX23	A0A0J7KPH6
A0ABD2VX23	A0AAV7J0L0
A0ABD2VX23	A0A8J2HCV4
A0ABD2VX23	A0AAJ6YY45
A0ABD2VX23	A0A2A3EKL4
A0ABD2VX23	A0A0M9A2K3
A0ABD2VX23	A0A154P3U3
A0ABD2VX23	A0A6P3V722
A0ABD2VX23	A0A9C6W367
A0ABD2VX23	A0AAW0Z8W2
A0ABD2VX23	A0A6J1QLL2
A0ABD2VX23	A0A195F0A9
A0ABD2VX23	A0A6J1QRY0
A0ABD2VYP8	A0ABD2VYP8
A0ABD2WJT5	A0ABD2WJT5
A0ABD2WJT5	A0A6H5IJA5
A0ABD2X9Q4	A0ABD2X9Q4
A0ABD2XMH2	A0ABD2XMH2
A0ABD3FDT6	A0ABD3FDT6
A0ABM1LZZ0	A0ABM1LZZ0
A0ABM1PT78	A0ABM1PT78
A0ABM1PT78	A0A6J1MDQ5
A0ABM1PT78	B4L1P1
A0ABM1PT78	A0A484B0T8
A0ABM1YJN8	A0ABM1YJN8
A0ABM1Z0J0	A0ABM1Z0J0
A0ABM1Z0J0	C6ZQY2
A0ABM3VPC1	A0ABM3VPC1
A0ABN8L4S6	A0ABN8L4S6
A0ABN8L4S6	A0AAU9UG13
A0ABN8L4S6	A0ABM3MBB7
A0ABP1RUS8	A0ABP1RUS8
A0ABS7W289	A0ABS7W289
A5CG73	A5CG73
A5CG73	A0A922CWT6
A5CG73	A5CG74
A5CG73	A5CG72
A7SBN1	A7SBN1
B0WIS2	B0WIS2
B0WIS2	A0A1Q3FTV2
B0WIS2	A0ABD1CUF3
B0X377	B0X377
B0XCB9	B0XCB9
B0XKM8	B0XKM8
B0ZBN5	B0ZBN5
B0ZBN6	B0ZBN6
B3MCG4	B3MCG4
B3MF96	B3MF96
B3MF96	Q29QE7
B3MF96	Q9GP27
B3MF96	A1Z8J7
B3MF96	B3NSI3
B3MF96	B4HNF7
B3MF96	A0A6P8JFS4
B3MF96	A0A9P9YNE1
B3MF96	B4P726
B3MF96	A0AAU9GCN2
B3MF96	A0A3B0JL90
B3MH01	B3MH01
B3NSZ4	B3NSZ4
B4GHA0	B4GHA0
B4GVM0	B4GVM0
B4JQZ7	B4JQZ7
B4JQZ7	B4K0E5
B4JVG2	B4JVG2
B4KA07	B4KA07
B4KA07	B4LVU2
B4KA07	A8JRA0
B4KA07	B3M0J0
B4KA07	B4PVX2
B4KF13	B4KF13
B4KF13	B4M9U9
B4KF13	A0A6J1LFN6
B4KF13	A0A484AMS6
B4KF13	A0A6J1LB88
B4KL22	B4KL22
B4KL22	B3MUJ2
B4KL22	B4MTQ6
B4KL22	Q9VPN8
B4KL22	B3N7P2
B4KL22	B4LUQ7
Q4L1L5	Q4L1L5
Q5QBG5	Q5QBG5
Q7QC37	Q7QC37
Q7QC37	A0A3F2YU10
Q7QC37	A0A182UJJ6
Q7QC37	A0A182RTW8
Q7QC37	A0A182M0J8
Q7QC37	A0A182QL59
Q7T0T6	Q7T0T6
Q7T0T6	F6UZN4
Q7Z0G4	Q7Z0G4
S4RAL6	S4RAL6
T1EJ18	T1EJ18
T1GBP0	T1GBP0
T1GE17	T1GE17
T1IZI7	T1IZI7
T1J0D6	T1J0D6
T1JYB8	T1JYB8
U5ET82	U5ET82
W5JIK0	W5JIK0
W5MA55	W5MA55
W5MA55	A0A8J7NTG5
W5MJT8	W5MJT8
W5MJT8	W5MJM5
W5MJT8	A0A8J7TB10
W5MJT8	A0A8J7NP85
W5W9U1	W5W9U1
W9GG38	W9GG38
A0A016SGT8	A0A016SGT8
A0A023ELN8	A0A023ELN8
A0A023ELN8	A0A023EMM9
A0A023ELN8	A0A023ENS1
A0A023ELN8	A0ABM1ZXG0
A0A2A4JHG7	A0A2A4JHG7
A0A2A4K4P0	A0A2A4K4P0
A0A2A4K4P0	A0A2W1BS57
A0A2A4K4P0	A0A835G6J5
A0A2A4K4P0	A0A835G7R0
A0A2C9GV94	A0A2C9GV94
A0A2C9GW63	A0A2C9GW63
A0A2D4H4D5	A0A2D4H4D5
A0A2D4H4D5	A0A2D4MYJ5
A0A2D4H4D5	A0A2H6NAY4
A0A2G9S5I9	A0A2G9S5I9
A0A2I0TMR1	A0A2I0TMR1
A0A2K5E2P3	A0A2K5E2P3
A0AAW0H8Z4	A0AAW0H8Z4
A0AAW0H8Z4	Q6IE06
A0AAW0H8Z4	Q8BW11
A0AAW0H8Z4	A0AAW0HWV4
A0AAW0HCK8	A0AAW0HCK8
A0AAW0S482	A0AAW0S482
A0AAW0S482	A0A2S7YMB7
A0AAW0VTN9	A0AAW0VTN9
A0AAW0ZVN4	A0AAW0ZVN4
A0AAW0ZVN4	A0AA40G0F4
A0AAW1B633	A0AAW1B633
A0AAW1C405	A0AAW1C405
A0AAW1C405	A0A8C5S1G4
A0AAW1C405	A0A8C6XPP0
A0AAW1C405	A0A670XUQ7
A0AAW1C405	V8P374
A0AAW1DJG6	A0AAW1DJG6
A0AAW1JAQ9	A0AAW1JAQ9
A0AAW1TLZ0	A0AAW1TLZ0
A0AAW1UF26	A0AAW1UF26
A0AAW2I5D5	A0AAW2I5D5
A0AAW2I5D5	A0AAW2H9P0
A0AAY4ALS7	A0AAY4ALS7
A0AAY4BKS5	A0AAY4BKS5
A0AAY4BKS5	A0AAY4BKT9
A0AAY4BKS5	A0AAY4BN74
A0AAY4C9P8	A0AAY4C9P8
A0AAZ1X0H2	A0AAZ1X0H2
A0AAZ1X0H2	A0AAZ1WXS9
A0AAZ1X0H2	A0AAZ1XG50
A0AB33KC19	A0AB33KC19
A0AB33KC19	A0A345XT64
A0AB33KC19	A0ABY9W4J5
A0AB33KC19	A0AAU8KMD4
A0AB33KC19	A0A423V2M7
A0AB33KC19	A0A6N9V9Z8
A0AB33KC19	A0ABC8BXM2
A0AB33KC19	A0A345XU08
A0AB33KC19	A0ABY4UTL2
A0AB33KC19	A0A7K3RYG1
A0AB39ZF35	A0AB39ZF35
A0ABD0Q9M5	A0ABD0Q9M5
A0ABD0S633	A0ABD0S633
A0ABD0S9Q8	A0ABD0S9Q8
A0ABD0SBY3	A0ABD0SBY3
A0ABD0SEQ9	A0ABD0SEQ9
A0ABD0SSS5	A0ABD0SSS5
A0ABD0SSS5	A0ABD0SSR1
A0ABD0SSS5	A0ABD0SSW7
A0ABD0SSS5	A0ABD0SSR5
A0ABD0SSS5	I6TRU6
A0ABD0SSS5	Q56IC0
A0ABD0SSS5	A0ABD0SSU4
A0ABD0SSS5	A0ABD0SV70
A0ABD0SSS5	A0ABD0SSQ0
A0ABD0SSS5	A0ABD0SSQ6
A0ABD0SSS5	A0ABD0STP5
A0ABD0SSS5	A0ABD0SX50
A0ABD0SSU2	A0ABD0SSU2
A0ABD0STM9	A0ABD0STM9
A0ABD0STM9	I6SW54
A0ABD0T2V5	A0ABD0T2V5
A0ABD0TJC9	A0ABD0TJC9
A0ABD1CW48	A0ABD1CW48
A0ABD1D4M7	A0ABD1D4M7
A0ABD1D4M7	B0W0N8
A0ABD1D4M7	B0W0N9
A0ABD1DCJ1	A0ABD1DCJ1
A0ABD1DCJ1	B0WR95
A0A922MY31	A0A922MY31
A0A922S8K7	A0A922S8K7
A0A922S8K7	A0A922M1N7
A0A922S8K7	A0A835GEE4
A0A922S8K7	A0A922M264
A0A922S8K7	A0A9J7E9V2
A0A922S8K7	A0A9J7E091
A0A934V7N9	A0A934V7N9
A0A9C5YZR3	A0A9C5YZR3
A0A9C5YZR3	A0A1B0G6R1
A0A9C5YZR3	A0A1A9UTP2
A0A9D2XBA1	A0A9D2XBA1
A0A9D3LSV0	A0A9D3LSV0
A0A9D3QGX1	A0A9D3QGX1
A0A9D3T1F9	A0A9D3T1F9
A0A9D4PQS7	A0A9D4PQS7
A0A9D4PQS7	A0A9J6DM08
A0A9J6BCQ7	A0A9J6BCQ7
A0A9J6BE58	A0A9J6BE58
A0A9J6BE75	A0A9J6BE75
A0A9J6BXK9	A0A9J6BXK9
A0A9J6C2Y6	A0A9J6C2Y6
A0A9J6C721	A0A9J6C721
A0A9J6CDR6	A0A9J6CDR6
A0A9J6CDR6	A0A9N9RXG1
A0A9J6CHS7	A0A9J6CHS7
A0A9J6DLJ2	A0A9J6DLJ2
A0A9J6FQU0	A0A9J6FQU0
A0A9J6GL01	A0A9J6GL01
A0A9J6GL01	A0A1E1XDI4
A0A9J6GL01	A0A131YMW4
A0A9J6GL01	A0A6G5A6X0
A0A9J6GL01	G3MFE1
A0A9J7CHU3	A0A9J7CHU3
A0A9J7CHU3	A0ABM3VG63
A0A9J7CHU3	A0A1I8MB43
A0A9J7EHB3	A0A9J7EHB3
A0A9J7EHB3	A0A9J7EAY4
A0A9J7EHB3	A0A9P0N3U4
A0A9J7EHB3	A0A9P0N4P7
A0A9J7EU68	A0A9J7EU68
A0A9J7EU68	A0A2H1VBM1
A0A9J7EU68	A0A835LBD2
A0A9J7EU68	A0A9P0ICZ1
A0A9J7EU68	A0A2A4JH02
A0A9J7EU68	A0A7E5W1L3
A0A9J7EU68	A0A9R0DJQ0
A0A9J7EU68	A0AAD7Y7P2
A0A9J7EU68	A0A922MWY4
A0A9J7EU68	A0A8S0ZJ89
A0A9J7EU68	A0A8S1A860
A0A9J7EU68	A0AAV1LKY2
A0A9J7EU68	A0ABD0S7G7
A0A9J7EU68	A0A0N1IQ24
A0A9J7EU68	A0AAV1JBH8
A0A9J7EUU2	A0A9J7EUU2
A0A9J7EUU2	A0A835GPF8
A0A9J7IKG8	A0A9J7IKG8
A0A9J7X9H1	A0A9J7X9H1
A0A9J7X9H1	Q561Z7
A0A9J7X9H1	A0A3B5AV58
A0A9J7X9H1	A0A3P8TFK6
A0A9J7X9H1	A0A3P8TIE0
A0A9J7X9H1	A0A3P9ICW4
A0A9J7X9H1	A0A3P9LMY2
A0A9J7X9H1	A0A3Q1IP37
A0A9J7X9H1	A0A3Q1K1Y6
A0A9J7X9H1	A0A3Q3F4D2
A0A9J7X9H1	A0A3Q4G208
A0A9J7X9H1	A0A4U5V347
A0A9J7X9H1	A0A4W6CR37
A0A9J7X9H1	A0A671XL86
A0A9J7X9H1	A0A673AZF8
A0A9J7X9H1	A0A673GRJ3
A0A9J7X9H1	A0A6G0IBQ6
A0A9J7X9H1	A0A6J2W5A3
A0A9J7X9H1	A0A6P7KTE3
A0A9J7X9H1	A0A6P8FN78
A0A9J7X9H1	A0A8C1RZL9
A0A9J7X9H1	A0A8C4F9G2
A0A9J7X9H1	A0A8C4GST1
A0A9J7X9H1	A0A8C4TEE5
A0A9J7X9H1	A0A8C5DYE5
A0A9J7X9H1	A0A8C5E5U8
A0A9J7X9H1	A0A8C5F4N4
A0A9J7X9H1	A0A8J4UPW0
A0A9J7X9H1	A0A8T2M4L2
A0A9J7X9H1	A0AA88NKS7
A0A9J7X9H1	A0AAN9D810
A0A9J7X9H1	A0AAW1DT36
A0A9J7X9H1	A0ABD1JAX9
A0A9J7X9H1	A0ABD1JE33
A0A9J7X9H1	A0ABD2H3V9
A0A9J7X9H1	A7VMR7
A0A9J7X9H1	G3NX51
A0A9J7X9H1	H3CWC1
A0A9J7X9H1	Q4SH19
A0A9J7X9H1	S4S772
A0A9J7X9H1	A0A219KP13
A0A9J7X9H1	A0A2Y9K8T9
A0A9J7X9H1	A0A3B3BUT7
A0A9J7X9H1	A0A3B4A702
A0A9J7X9H1	A0A3B4DEV5
A0A9J7X9H1	A0A3B5AX85
A0A9J7X9H1	A0A3B5AYR3
A0A9J7X9H1	A0A3B5KHE7
A0A9J7X9H1	A0A3Q0QUU3
A0A9J7X9H1	A0A3Q1AQS4
A0A9J7X9H1	A0A3Q1IS96
A0A9J7X9H1	A0A3Q2XXV2
A0A9J7X9H1	A0A437CI73
A0A9J7X9H1	A0A4W6CRH3
A0A9J7X9H1	A0A5A9N219
A0A9J7X9H1	A0A665T103
A0A9J7X9H1	A0A665TL27
A0A9J7X9H1	A0A672HUI9
A0A9J7X9H1	A0A672QU15
A0A9J7X9H1	A0A672S940
A0A9J7X9H1	A0A672S9Y7
A0A9J7X9H1	A0A673J7J1
A0A9J7X9H1	A0A673JHU9
A0A9J7X9H1	A0A6J2W4B7
A0A9J7X9H1	A0A6J2W5T3
A0A9J7X9H1	A0A6P8VD74
A0A9J7X9H1	A0A7J6C864
A0A9J7X9H1	A0A8C1RZD3
A0A9J7X9H1	A0A8C2XRV3
A0A9J7X9H1	A0A8C2XTZ7
A0A9J7X9H1	A0A8C4F8U0
A0A9J7X9H1	A0A8C9Z874
A0A9J7X9H1	A0A8J7T8M0
A0A9J7X9H1	A0A9D3P6P8
A0A9J7X9H1	A0A9J8A4Z7
A0A9J7X9H1	A0A9J8CL50
A0A9J7X9H1	A0A9N7Z6H4
A0A9J7X9H1	A0A9Y4N414
A0A9J7X9H1	A0AAN7XDW2
A0A9J7X9H1	A0AAN8BZW3
A0A9J7X9H1	A0AAV2MDI9
A0A9J7X9H1	H3CWC2
A0A9J7X9H1	A0A068BAK3
A0A9J7X9H1	A0A3B3BV47
A0A9J7X9H1	A0A3B3DEI7
A0A9J7X9H1	A0A3B4A9Q3
A0A9J7X9H1	A0A3B4UXL8
A0A9J7X9H1	A0A3B4XP72
A0A9J7X9H1	A0A3B5ASS8
A0A9J7X9H1	A0A3B5AT57
A0A9J7X9H1	A0A3B5AZC3
A0A9J7X9H1	A0A3B5AZS3
A0A9J7X9H1	A0A3P8TGF9
A0A9J7X9H1	A0A3P9JZ12
A0A9J7X9H1	A0A3Q2CMR3
A0A9J7X9H1	A0A3Q3IR73
A0A9J7X9H1	A0A3Q3MAQ6
A0A9J7X9H1	A0A3Q3NG20
A0A9J7X9H1	A0A484DBQ7
A0A9J7X9H1	A0A4U5V2A3
A0A9J7X9H1	A0A4U5V2S4
A0A9J7X9H1	A0A4W6CR42
A0A9J7X9H1	A0A665TB85
A0A9J7X9H1	A0A665TL37
A0A9J7X9H1	A0A671LWG8
A0A9J7X9H1	A0A671Q7H4
A0A9J7X9H1	A0A672HUF5
A0A9J7X9H1	A0A672HUG3
A0A9J7X9H1	A0A672QTW7
A0A9J7X9H1	A0A6J2RCL0
A0A9J7X9H1	A0A6J2W253
A0A9J7X9H1	A0A6J2W5A6
A0A9J7X9H1	A0A6P6P7H8
A0A9J7X9H1	A0A6P6R6U8
A0A9J7X9H1	A0A6P7JUP4
A0A9J7X9H1	A0A6P8V0W9
A0A9J7X9H1	A0A8C2JJ40
A0A9J7X9H1	A0A8C5DYA5
A0A9J7X9H1	A0A8S4BVA7
A0A9J7X9H1	A0AA88Q7V7
A0A9J7X9H1	A0AAD5AS52
A0A9J7X9H1	A0AAN8DQT7
A0A9J7X9H1	A0AAV1PWT1
A0A9J7X9H1	A0AAV6G7F2
A0A9J7X9H1	A0AAW0PHK1
A0A9J7X9H1	C7DY49
A0A9J7X9H1	D6PVN2
A0A9J7X9H1	G3NX41
A0A9J7X9H1	H2N2L4
A0A9J7X9H1	H2ULX8
A0A9J7X9H1	A0A2U9AZ32
A0A9J7X9H1	A0A3B4UWD1
A0A9J7X9H1	A0A3P8TIN6
A0A9J7X9H1	A0A3Q0QZ92
A0A9J7X9H1	A0A3Q0R2U7
A0A9J7X9H1	A0A3Q1IX62
A0A9J7X9H1	A0A3Q1IYZ8
A0A9J7X9H1	A0A3Q3M185
A0A9J7X9H1	A0A484D989
A0A9J7X9H1	A0A5N5Q5A9
A0A9J7X9H1	A0A673AYT4
A0A9J7X9H1	A0A673B0S9
A0A9J7X9H1	A0A673GR79
A0A9J7X9H1	A0A673JDH1
A0A9J7X9H1	A0A6A5EEK1
A0A9J7X9H1	A0A6J2R9T8
A0A9J7X9H1	A0A6J2W997
A0A9J7X9H1	A0A6P7JYA2
A0A9J7X9H1	A0A6P7KU97
A0A9J7X9H1	A0A6P8G8D2
A0A9J7X9H1	A0A8C1UG42
A0A9J7X9H1	A0A8C1UGN9
A0A9J7X9H1	A0A8C2XLI2
A0A9J7X9H1	A0A8C6SP17
A0A9J7X9H1	A0A8C9Z3N2
A0A9J7X9H1	A0A8C9Z3Y9
A0A9J7X9H1	A0A8D2ZGY0
A0A9J7X9H1	A0A8T0BRF1
A0A9J7X9H1	A0AAV1FK99
A0A9J7X9H1	A0AAV6GBY9
A0A9J7X9H1	A0AAW0PS64
A0A9J7X9H1	A0AAW1ZKJ9
A0A9J7X9H1	A4ZX98
A0A9J7X9H1	W5LTU4
A0A9J7X9H1	A0A2D0QXK6
A0A9J7X9H1	A0A3B4A5Y2
A0A9J7X9H1	A0A3B4UVR7
A0A9J7X9H1	A0A3B4UXB9
A0A9J7X9H1	A0A3B4XWD0
A0A9J7X9H1	A0A3B5AP42
A0A9J7X9H1	A0A3N0YNN8
A0A9J7X9H1	A0A3P8TFK4
A0A9J7X9H1	A0A3P8TFN5
A0A9J7X9H1	A0A3P8TGG4
A0A9J7X9H1	A0A3P8TMF5
A0A9J7X9H1	A0A3P8UZL5
A0A9J7X9H1	A0A3P8V3A5
A0A9J7X9H1	A0A3P9JYR2
A0A9J7X9H1	A0A3Q1ARE1
A0A9J7X9H1	A0A3Q2YRZ6
A0A9J7X9H1	A0A3Q3F6J5
A0A9J7X9H1	A0A3Q3N571
A0A9J7X9H1	A0A4W6CRF8
A0A9J7X9H1	A0A4W6CRK1
A0A9J7X9H1	A0A553QXK4
A0A9J7X9H1	A0A556U193
A0A9J7X9H1	A0A665TL70
A0A9J7X9H1	A0A671LY24
A0A9J7X9H1	A0A671Q7I2
A0A9J7X9H1	A0A673B385
A0A9J7X9H1	A0A6A5F713
A0A9J7X9H1	A0A6G0IAX0
A0A9J7X9H1	A0A6J2W6J9
A0A9J7X9H1	A0A6P7KZC7
A0A9J7X9H1	A0A8C5DW71
A0A9J7X9H1	A0A8C5DYE9
A0A9J7X9H1	A0A8T2N2B9
A0A9J7X9H1	A0A9D3TA30
A0A9J7X9H1	A0A9J7YTU0
A0A9J7X9H1	A0A9N7Z5K2
A0A9J7X9H1	A0A9W8C4A2
A0A9J7X9H1	A0A9Y4N5G3
A0A9J7X9H1	A0AA88MTI8
A0A9J7X9H1	A0AAN8DHY2
A0A9J7X9H1	A0AAV1FKW7
A0A9J7X9H1	A0AAV2MDH9
A0A9J7X9H1	A0A2K6UUL2
A0A9J7X9H1	A0A2K5SDV6
A0A9J7X9H1	A0A8C9IQG9
A0A9J7X9H1	A0A2K6MFY1
A0A9J7X9H1	A0A3B3QV06
A0A9J7X9H1	A0A3B4AEG3
A0A9J7X9H1	A0A3Q1IYY7
A0A9J7X9H1	A0A3B4AEK5
A0A9J7X9H1	A0A3B4ABP7
A0A9J7X9H1	A0A3B4AAG5
A0A9J7X9H1	A0A3B4ADD6
A0A9J7X9H1	A0A3B4AIM7
A0A9J7X9H1	A0A3B5BKN9
A0A9J7X9H1	A0A3P8TJM6
A0A9J7X9H1	A0A3B5AZI0
A0A9J7X9H1	A0A3P8TND7
A0A9J7X9H1	A0A3B5AQV8
A0A9J7X9H1	A0A3B4UTP4
A0A9J7X9H1	A0A3B5ATD3
A0A9J7X9H1	A0A3B5BBY0
A0A9J7X9H1	A0A3Q0R0P9
A0A9J7X9H1	A0A6G0IB49
A0A9J7X9H1	A0A8B9J4S5
A0A9J7X9H1	W5LTT6
A0A9J7X9H1	A0A8B9R9C6
A0A9J7X9H1	A0A8C0DCK7
A0A9J7X9H1	A0A383ZQ81
A0A9J7X9H1	A0A7F8K7B6
A0A9J7X9H1	A0A8B8YDP3
A0A9J7X9H1	A0AB34GWU7
A0A9J7X9H1	A0A9J7Z518
A0A9J7X9H1	G9JKF3
A0A9J7X9H1	L9L2C2
A0A9J7X9H1	A0A3Q0R291
A0A9J7X9H1	A0A3Q0QVC0
A0A9J7X9H1	A0A671EXC5
A0A9J7X9H1	A0A8B7TB43
A0A9J7X9H1	A0A6J2W5M5
A0A9J7X9H1	A0A6J2WA37
A0A9J7X9H1	A0A6J2W5M2
A0A9J7X9H1	A0A6J2W7T4
A0A9J7X9H1	A0A6J2W9E2
A0A9J7X9H1	A0A6P8FYF2
A0A9J7X9H1	A0AAR2LRP6
A0A9J7X9H1	A0A2I3GK14
A0A9J7X9H1	A0A3Q2H2H2
A0A9J7X9H1	A0A3Q3NMQ6
A0A9J7X9H1	A0A3Q3NLZ4
A0A9J7X9H1	A0A3Q3WTE0
A0A9J7X9H1	A0A8C6KJA5
A0A9J7X9H1	A0A8J0T6W0
A0A9J7X9H1	P19799
A0A9J7X9H1	A0AAD7RRK7
A0A9J7X9H1	A0A8T2N3E3
A0A9J7X9H1	A0AAR2KVH6
A0A9J7X9H1	A0AAR2LFQ0
A0A9J7X9H1	A0AAR2M6H6
A0A9J7X9H1	A0AAR2LIS0
A0A9J7X9H1	G3NWZ0
A0A9J7X9H1	S7PQQ8
A0A9J7X9H1	W5LBG9
A0A9J7X9H1	A0A8T2M1L1
A0A9J7X9H1	A0A287CVQ7
A0A9J7X9H1	A0A3B4AH78
A0A9J7X9H1	A0A3B4UUY6
A0A9J7X9H1	A0A3B4UW49
A0A9J7X9H1	A0A3B4V2H9
A0A9J7X9H1	A0A3B4UXQ5
A0A9J7X9H1	A0A3B5BD71
A0A9J7X9H1	A0A3Q0R0K0
A0A9J7X9H1	A0A3Q0R1Z1
A0A9J7X9H1	A0A3Q0R045
A0A9J7X9H1	A0A3Q3W8E0
A0A9J7X9H1	A0A3Q3WH85
A0A9J7X9H1	A0A5F9CS23
A0A9J7X9H1	A0A667H9M4
A0A9J7X9H1	A0A6P7WYX8
A0A9J7X9H1	Q3B898
A0A9J7X9H1	Q6GNU2
A0A9J7X9H1	Q4QR60
A0A9J7X9H1	A0A2G9R757
A0A9J7X9H1	A0A8C4LVV0
A0A9J7X9H1	A0A8C4TCN2
A0A9J7X9H1	A0A8C5C3X3
A0A9J7X9H1	A0A9D3S638
A0A9J7X9H1	A0AAW1ZIA8
A0A9J7X9H1	A0A3B4B2K8
A0A9J7X9H1	A0A3B4UYT0
A0A9J7X9H1	A0A3B4UWN1
A0A9J7X9H1	A0A3B4V001
A0A9J7X9H1	A0A3B5BEJ9
A0A9J7X9H1	A0A3Q3IXR4
A0A9J7X9H1	A0A3Q3J651
A0A9J7X9H1	A0A3Q3J7K3
A0A9J7X9H1	A0A3Q3IUR4
A0A9J7X9H1	A0A3Q3J7A8
A0A9J7X9H1	A0A6J2W5X0
A0A9J7X9H1	A0A6J2W646
A0A9J7X9H1	A0A8C4WMV3
A0A9J7X9H1	A0A8C8YPJ7
A0A9J7X9H1	A0AAR2LKE5
A0A9L0IBM6	A0A9L0IBM6
A0A9L0KLW7	A0A9L0KLW7
A0A9L0KLW7	Q9UKR3
A0A9L0KLW7	Q8CGR6
A0A9L0KLW7	D3ZJ70
A0A9L0KLW7	F1MGR5
A0A9L0KLW7	A0A3Q1N1W6
A0A9L0KLW7	A0A097PIL1
A0A9L0KLW7	A0A1S3A943
A0A9L0KLW7	A0A2K5X6J2
A0A9L0KLW7	A0A384BK05
A0A9L0KLW7	A0A452EDX5
A0A9L0KLW7	A0A5N3VTR9
A0A9L0KLW7	A0A6J2EW71
A0A9L0KLW7	A0A7J8CHB2
A0A9L0KLW7	A0A8C0W6Y8
A0A9L0KLW7	A0A8C3WEL2
A0A9L0KLW7	A0A8C6DEP2
A0A9L0KLW7	A0A8C7C695
A0A9L0KLW7	A0A8I3NJ22
A0A9L0KLW7	A0A8I3NYR0
A0A9L0KLW7	A0A9W3GMH3
A0A9L0KLW7	F7BGY5
A0A9L0KLW7	G3R1H5
A0A9L0KLW7	H0WQB6
A0A9L0KLW7	L5MGW5
A0A9L0KLW7	A0A0D9S552
A0A9L0KLW7	A0A2K5IN05
A0A9L0KLW7	A0A452S8M6
A0A9L0KLW7	A0A5N4DRK8
A0A9L0KLW7	A0A7J7R1N7
A0A9L0KLW7	A0AA40LDX0
A0A9L0KLW7	G1Q643
A0A9L0KLW7	L8IG06
A0A9L0KLW7	A0A1R3UCN3
A0A9L0KLW7	A0A2R8ZFJ1
A0A9L0KLW7	A0A3Q7NQR8
A0A9L0KLW7	A0A8B9XPN4
A0A9L0KLW7	D2I3K5
A0A9L0KLW7	H2QGZ4
A0A9L0KLW7	M3XQZ6
A0A9L0KLW7	A0A0A0MWP3
A0A9L0KLW7	A0A2U3Y862
A0A9L0KLW7	A0A2Y9L839
A0A9L0KLW7	A0A384BK30
A0A9L0KLW7	A0A4X1VTC5
A0A9L0KLW7	A0A6J2N0P1
A0A9L0KLW7	A0A7J7RFR2
A0A9L0KLW7	A0A8B8TND0
A0A9L0KLW7	A0A8B9XN85
A0A9L0KLW7	A0A8U0N402
A0A9L0KLW7	A0A9L0K490
A0A9L0KLW7	A0A9W3FU17
A0A9L0KLW7	S7N918
A0A9L0KLW7	A0A2Y9GGL0
A0A9L0KLW7	A0A5J5MW10
A0A9L0KLW7	A0A671EMC8
A0A9L0KLW7	A0A6I9IEQ3
A0A9L0KLW7	A0A8B7SMY6
A0A9L0KLW7	A0A286ZQU2
A0A9L0KLW7	A0A7E6CQZ3
A0A9L0KLW7	A0A7F8RC74
A0A9L0KLW7	A0A6P6H321
A0A9L0KLW7	A0A667I911
A0A9L0KLW7	A0A673VLX0
A0A9L0KLW7	A0A6J1XKC5
A0A9L0KLW7	A0A9V1EG98
A0A9L0KLW7	A0A2U3WM11
A0A9L0KLW7	A0A485NFD1
A0A9L0KLW7	A0A9V1EGI1
A0A9L0KLW7	A0A5E4BWD9
A0A9L0KLW7	A0A7J8C886
A0A9L0KLW7	L5L4C5
A0A9L0KLW7	F6RN34
A0A9L0KLW7	A0A212DBX1
A0A9N7YFQ7	A0A9N7YFQ7
A0A9N8KPN8	A0A9N8KPN8
A0A9N8KPN8	A0A7E5WFA1
A0A9N8KW21	A0A9N8KW21
A0A9N8KW21	A0A8S4R5R8
A0A9N8PZB4	A0A9N8PZB4
A0A9N8PZB4	A0A7E5VS88
A0A9N8PZB4	A0A9N8KRD4
A0A9N8PZB4	A0A2A4K0B4
A0A9N8PZB4	A0A2H1V6P6
A0A9N8PZB4	A0A922MJZ4
A0A9N8PZB4	A0A9R0DNM0
A0A9N8PZB4	A0AAD7YKZ0
A0A9N8PZB4	A0A9P0N0D8
A0A9N9R0E6	A0A9N9R0E6
A0A9N9R0E6	A0A6J1NHB9
A0A9N9R0E6	A0A821VEX8
A0A9N9R0E6	A0ABD0T2Q2
A0A9N9R0E6	A0A7E5VUZ1
A0A9N9R0E6	A0A8B8HM18
A0A9N9R0E6	A0A9P0T876
A0A9N9R0E6	A0A8J9Y913
A0A9N9R0E6	A0A6J1X270
A0A9N9R0E6	A0A9P0HWI6
A0A9N9R0E6	A0AAV1KBY9
A0A9N9R0E6	A0A8S0ZR94
A0A9N9R0E6	A0A2H1WSK4
A0A9N9R0E6	A0A922CG79
A0A9N9R0E6	A0A9J7E7T3
A0A9N9R0E6	A0A2A4JSI2
A0A9N9R0E6	A0A2W1BVD3
A0A9N9R0E6	A0AAD7YL49
A0A9N9R0E6	A0A8S0YVF1
A0A9N9R0E6	A0A922MG71
A0A9N9R0E6	A0A8S4RR52
A0A9N9R9T6	A0A9N9R9T6
A0A9N9RBN0	A0A9N9RBN0
A0A9N9RK73	A0A9N9RK73
A0A9N9RKX2	A0A9N9RKX2
A0A9N9RPP6	A0A9N9RPP6
A0A9N9RT50	A0A9N9RT50
A0A2Y9KIM4	A0A2Y9KIM4
A0A2Y9KIM4	A0A3Q7P7M0
A0A2Y9KIM4	A0A6J2DH38
A0A2Y9KIM4	G3SW63
A0A3B0JFC8	A0A3B0JFC8
A0A3B0JFC8	P04814
A0A3B0JFC8	P35004
A0A3B0JFC8	C0HKA3
A0A3B0JFC8	C0HKA6
A0A3B0JFC8	P54625
A0A3B0JFC8	P54624
A0A3B0JFC8	B3NSH5
A0A3B0JFC8	B3NSH6
A0A3B0JFC8	B3NSH9
A0A3B0JFC8	A1Z8J8
A0A3B0JFC8	G2J5V1
A0A3B0JFC8	A0A1I8NRR4
A0A3B0JFC8	A0A3B0J3Y5
A0A3B0JFC8	A0A6P8JF57
A0A3B0JFC8	A0A6P8WRP4
A0A3B0JFC8	A0A6P8YGM7
A0A3B0JFC8	A0A9P9YMJ1
A0A3B0JFC8	A0AAD4K851
A0A3B0JFC8	A0AAU9GAS4
A0A3B0JFC8	A0AAU9GC49
A0A3B0JFC8	A0AB39Z9V9
A0A3B0JFC8	A0AB40A183
A0A3B0JFC8	A0ABM5JGM1
A0A3B0JFC8	B3MFA2
A0A3B0JFC8	B4HNG1
A0A3B0JFC8	B4KTX1
A0A3B0JFC8	B4LJ13
A0A3B0JFC8	B4LJ14
A0A3B0JFC8	A0A1I8N813
A0A3B0JFC8	A0A6I8V4L4
A0A3B0JFC8	A0A6J2T6S4
A0A3B0JFC8	A0A6J2UHV8
A0A3B0JFC8	A0A6P4EMN7
A0A3B0JFC8	A0A6P4EWJ4
A0A3B0JFC8	A0A6P4F2B3
A0A3B0JFC8	A0AAD4KB17
A0A3B0JFC8	A0ABM1PC31
A0A3B0JFC8	B4JVV9
A0A3B0JFC8	B4KTW9
A0A3B0JFC8	B4MR43
A0A3B0JFC8	B4NSD6
A0A3B0JFC8	B4P6I9
A0A3B0JFC8	B4QBK3
A0A3B0JFC8	O18599
A0A3B0JFC8	A0A1I8N461
A0A3B0JFC8	A0A3B0J3U0
A0A3B0JFC8	A0A6I8V4Y4
A0A3B0JFC8	A0A6P8WXG5
A0A3B0JFC8	A0A9P9YMJ8
A0A3B0JFC8	A0A9Q0BQ53
A0A3B0JFC8	A0AAU9GB80
A0A3B0JFC8	A0AB40A0U2
A0A3B0JFC8	A0ABM1PLQ1
A0A3B0JFC8	B4LJ12
A0A3B0JFC8	B4MP10
A0A3B0JFC8	B4MP46
A0A3B0JFC8	B4P6I5
A0A3B0JFC8	A0A0J9TZ05
A0A3B0JFC8	A0A6J2SLF0
A0A3B0JFC8	A0A6P4IEK4
A0A3B0JFC8	A0A6P8JGM9
A0A3B0JFC8	B4GGG1
A0A3B0JFC8	B4GGG3
A0A3B0JFC8	B4JVV6
A0A3B0JFC8	B4JVV7
A0A3B0JFC8	B4JVV8
A0A3B0JFC8	B4LJ10
A0A3B0JFC8	B4P6I7
A0A3B0JFC8	Q6XHV9
A0A3B0JFC8	A0A0M3QUE4
A0A3B0JFC8	A0A1I8P403
A0A3B0JFC8	A0A6J1L0Y2
A0A3B0JFC8	A0A6J2T668
A0A3B0JFC8	A0A6P4IW75
A0A3B0JFC8	A0A6P4IYE6
A0A3B0JFC8	A0A6P8JIB3
A0A3B0JFC8	A0AAU9GCH6
A0A3B0JFC8	A0AB39Z903
A0A3B0JFC8	B3MFA0
A0A3B0JFC8	B4KTW8
A0A3B0JFC8	B4MP47
A0A3B0JFC8	P35044
A0A3B0JFC8	A0A0L0C2W8
A0A3B0JFC8	A0A1I8Q5F6
A0A3B0JFC8	A0A484B5M5
A0A3B0JFC8	A0A0M4ESV5
A0A3B0JFC8	A0A1I8PXP4
A0A3B0JFC8	A0A0L0BNU7
A0A3B0JFC8	A0A0M5IX06
A0A3B0JFC8	A0A1I8P6I8
A0A3B0JFC8	A0A0M4ECI3
A0A3B0KVN0	A0A3B0KVN0
A0A3B0KVN0	A0A6I8UHL3
A0A3B0KVN0	A0AAU9G0W7
A0A3B0KVN0	B4H2K6
A0A3B3CHN5	A0A3B3CHN5
A0A3B3CHN5	A0A3P9M9K0
A0A3B3CHN5	H2MND0
A0A3B3CHN5	A0A3P9KX08
A0A3B3CHN5	A0A3B3CHI4
A0A3B3CHN5	A0A3P9J402
A0A3B3CHN5	A0A3S2PFU5
A0A3B3CHN5	A0A8C7Z5B8
A0A3B3CHN5	M4AWY9
A0A3B3CHN5	A0A3B5MJ77
A0A3B3CHN5	A0A3Q2QVZ5
A0A3B3CHN5	A0A3B3V5T6
A0A3B3CHN5	A0A3B5MX25
A0A3B3CHN5	A0A3B5MLF9
A0A3B3CHN5	A0A3Q2TJS5
A0A3B3CHN5	A0A3Q2PTN8
A0A3B3CHN5	A0A3B3V602
A0A3B3CHN5	A0A3B3XJW1
A0A3B3CHN5	A0A3Q2QXK9
A0A3B3CHN5	A0A3B5MX10
A0A3B3CHN5	A0A3B3TPM8
A0A3B3CHN5	A0A3B3TQ40
A0A3B3CHN5	A0A087YJA5
A0A3B3CHN5	A0A3Q2CIE8
A0A3B3CHN5	A0A3P9N1I8
A0A3B3QTZ9	A0A3B3QTZ9
A0A3B3S463	A0A3B3S463
A0A3B3XF71	A0A3B3XF71
A0A3B3XF71	A0A3B3YRB1
A0A8C5E6G8	A0A8C5E6G8
A0A8C5IKU0	A0A8C5IKU0
A0A8C5IKU0	A0A7K9JN51
A0A8C5IKU0	A0A3L8Q5R9
A0A8C5IKU0	A0A852F0R3
A0A8C5IKU0	A0A7L0YXT5
A0A8C5KTJ7	A0A8C5KTJ7
A0A8C5Q285	A0A8C5Q285
A0A8C5QK39	A0A8C5QK39
A0A8C5QK39	A0A8C5QLU1
A0A8C5QK39	A0A8C5QLD5
A0A8C5QK39	A0A8C5QLM1
A0A8C5QK39	A0A8C5WD21
A0A8C5QK39	A0A8C5WHV1
A0A8C5QK39	A0A8C5QKY0
A0A8C5QK39	A0A8C5QLA2
A0A8C5QK39	A0A8C5QM34
A0A8C5QK39	A0A2G9RX14
A0A8C5S8U1	A0A8C5S8U1
A0A8C5SKN0	A0A8C5SKN0
A0A8C5SKN0	A0A670YQQ3
A0A8C5SKN0	A0A670YQH3
A0A8C5SKN0	A0A8C5SIP3
A0A8C5SKN0	A0A670YQN1
A0A8C5SKN0	A0A670YT18
A0A8C5SKN0	A0A670YZ49
A0A8C5SKN0	A0A6J1UXR5
A0A8C5WMJ7	A0A8C5WMJ7
A0A8C5WMJ7	A0A8C5RBV1
A0A8C5YE36	A0A8C5YE36
A0A8C5ZE11	A0A8C5ZE11
A0A8C6KJY4	A0A8C6KJY4
A0A8C6KJY4	A0A8C6NK85
A0A8C6TEC9	A0A8C6TEC9
A0A8C6TEC9	A0A8C6WM37
A0A8C6TEC9	A0AAW0NCI0
A0A8C6TTV1	A0A8C6TTV1
A0A8C6WQ00	A0A8C6WQ00
A0A8C6Z5L5	A0A8C6Z5L5
A0A8C7AB42	A0A8C7AB42
A0A8C7AB42	A0A8C7A222
A0A8C7DTG5	A0A8C7DTG5
A0A8C7DTG5	A0A6P9CEN4
A0A8C7DTG5	A0A670YD33
A0A8C7DTG5	A0A6J1UY34
A0A8C7DTG5	A0A670YB26
A0A8C7DTG5	A0AAW1AUN4
A0A8C7DTG5	A0A8C6X6W3
A0A8C7DTG5	A0A8C5WSZ5
A0A8C7DTG5	A0A8D2J6X3
A0A8C7DTG5	A0A8C5S1T8
A0A8C7DTG5	A0A670YAH5
A0A8C7E116	A0A8C7E116
A0A8C7E116	A0A670YS95
A0A8C7E116	A0A670YUB3
A0A8C7E116	A0A8C5SC48
A0A8C7E116	A0A670YRU9
A0A8C7E116	A0A670YS98
A0A8C7E116	A0A8C6XQA6
A0A8C7E116	A0A8C5SF83
A0A8C7E116	A0A670YS90
A0A8C7E116	A0A670YUD8
A0A8C7E116	A0A670YS00
A0A8C7E116	A0A670YYT6
A0A8C7E116	A0A8C6XNS2
A0A8C7E116	A0A8C6XQ62
A0A8C7E116	A0A8C7E1L9
A0A8C7E116	A0A8C7E1X0
A0A8C7E116	A0A670Z0E8
A0A8C7E116	A0A9Q0Y0Y0
A0A8C7E116	A0A670Z2L0
A0A8C7E116	A0A670YTL7
A0A8C7E116	A0A670Z2C3
A0A8C7E116	A0AAW1C131
A0A8C7E116	H9GDA9
A0A8C7E116	A0A670YTN9
A0A8C7E116	A0A670YTQ8
A0A8C7E116	A0A8C6XPR4
A0A8C7E116	A0A670YTU3
A0A8C7E116	A0A670YTY0
A0A8C7E116	A0A8D2KWS6
A0A8C7E116	A0A8D2KWS1
A0A8C7E116	A0A8D2JJI3
A0A8C7E116	A0A8D2KWS2
A0A8C7E897	A0A8C7E897
A0A8C7E897	A0A8B9SF68
A0A8C7E897	Q90629
A0A8C7E897	A0A8B9ZYA2
A0A8C7E897	A0A8C3CHB8
A0A8C7E897	A0A8B9DQ68
A0A8C7E897	A0A8B9QKX1
A0A8C7E897	A0A8B9QPF5
A0A8C7E897	A0A8B9QTE5
A0A8C7E897	A0A0K2GVM2
A0A8C7E897	A0A226MF55
A0A8C7E897	A0A8V0ZN26
A0A8C7E897	A2JDL7
A0A8C7E897	G1NN41
A0A8C7E897	Q6GYJ5
A0A8C7E897	A0A1D5PN36
A0A8C7E897	A0A6J3E8B2
A0A8C7E897	A0A8B9PMJ9
A0A8C7E897	A0A8B9QPJ7
A0A8C7E897	A0A8C2U5G7
A0A8C7E897	A0A8C2U3L3
A0A8C7E897	A0A8C2U2F4
A0A8C7E897	A0A8B7JEE3
A0A8C7FSH6	A0A8C7FSH6
A0A8C7FSH6	P35033
A0A8C7FSH6	A0A060X1Q8
A0A8C7FSH6	A0A3B4V259
A0A8C7FSH6	A0A8C7ZS71
A0A8C7FSH6	A0A8C8GN47
A0A8C7FSH6	A0A8C8JB90
A0A8C7FSH6	A0A2I4BWF6
A0A8C7FSH6	A0A8U0QW58
A0A8C7FSH6	G3NX20
A0A8C7FSH6	A0A3P9ICN5
A0A8C7FSH6	A0A8C7EZF5
A0A8C7FSH6	A0A8C7FT91
A0A8C7FSH6	A0A8C8IEG3
A0A8C7FSH6	A0AAN8M9D7
A0A8C7FSH6	A0A1S3RXB1
A0A8C7FSH6	A0A4W5KNG9
A0A8C7FSH6	A0A667Z131
A0A8C7FSH6	A0A674B5R5
A0A8C7FSH6	A0A8C8FR83
A0A8C7FSH6	A0A8U0PWI4
A0A8C7FSH6	A0A674B3Y3
A0A8C7FSH6	A0A8C7ZU23
A0A8C7FSH6	A0A665T361
A0A8C7FSH6	A0A8C8HCQ5
A0A8C7FSH6	A0A674DFK3
A0A8C7FSH6	A0A3Q1HKL5
A0A8C7FSH6	A0A8C5Q0Z8
A0A8C7FSH6	A0A3B5B385
A0A8C7FSH6	A0A3B5BEG3
A0A8C7FSH6	A0A674DFD3
A0A8C7FSH6	A0A8C7LTI5
A0A8C3HIT7	A0A8C3HIT7
A0A8C3HIT7	A0A8C3HJE5
A0A8C3HIT7	A0A4D9DNX6
A0A8C3IBU5	A0A8C3IBU5
A0A8C3IBU5	A0A8C4VXV7
A0A8C3IV09	A0A8C3IV09
A0A8C3IV09	A0A674JPP0
A0A8C3IV09	K7FPI6
A0A8C3IV09	A0A8C4W415
A0A8C3IV09	A0A8C0GRP7
A0A8C3VRY8	A0A8C3VRY8
A0A8C4RNS9	A0A8C4RNS9
A0A8C4RQH8	A0A8C4RQH8
A0A8C4T7P6	A0A8C4T7P6
A0A8C4TBE3	A0A8C4TBE3
A0A8C4TE00	A0A8C4TE00
A0A8C4TE00	A0A8C4TGW4
A0A8C4TGC8	A0A8C4TGC8
A0A8C4XFF2	A0A8C4XFF2
A0A8C4XFF2	A0A8C4T9Z0
A0A8C4XFF2	A0A8C4T6A4
A0A8C4XFF2	A0A8C4TFM9
A0A8C4XFF2	A0A8C4T9U3
A0A8C4Z398	A0A8C4Z398
A0A8C4Z398	A0A667ZAR1
A0A8C5D6J1	A0A8C5D6J1
A0A8C5D6J1	A0A8C5D1E2
A0A8C5D6J1	A0A8C5FYD3
A0A8C5LY46	A0A8C5LY46
A0A8C5LY46	A0AAV3B5I1
A0A8C5MN43	A0A8C5MN43
A0A8C5WRK5	A0A8C5WRK5
A0A8C5WRK5	A0A8C5RVD6
A0A8C5Y9L0	A0A8C5Y9L0
A0A8C5Y9L0	A0A2K6GTK2
A0A8C5Y9L0	P06870
A0A8C5Y9L0	A0A2I3T245
A0A8C5Y9L0	Q07276
A0A8C5Y9L0	A0A2K5DBV6
A0A8C5Y9L0	Q28773
A0A8C5Y9L0	A0A2K6U4G8
A0A8C5Y9L0	F7A5S3
A0A8C5Y9L0	A0A8D2KKA1
A0A8C5Y9L0	A0A2K5SD29
A0A8C5Y9L0	A0A6J3GRL9
A0A8C5Y9L0	I3MTF1
A0A8C5Y9L0	A0A671EAS5
A0A8C5Y9L0	A0A8C2PCZ5
A0A8C5Y9L0	Q6H320
A0A8C5Y9L0	A5A2L9
A0A8C5Y9L0	A0A6J0XB38
A0A8C5Y9L0	A0A8C7BJC5
A0A8C5Y9L0	A0A673VKF7
A0A8C5Y9L0	A0A452FPW3
A0A8C5Y9L0	A0A452S8S7
A0A8C6EJ76	A0A8C6EJ76
A0A8C6EJ76	A0A8C5YDT7
A0A8C6EJ76	A0A8C5XUA8
A0A8C6EJI3	A0A8C6EJI3
A0A8C6EJI3	P23946
A0A8C6EJI3	A0A0D9RTH7
A0A8C6EJI3	A0A2K6SUM5
A0A8C6EJI3	A0A9V1EMM7
A0A8C6EJI3	A0A2R9C698
A0A8C6EJI3	F7GM64
A0A8C6EJI3	H2NKX6
A0A8C6EJI3	A0A2I3HXJ5
A0A8C6EJI3	A0A452QRV9
A0A8C6EJI3	A0A8C8ZW57
A0A8C6EJI3	A0ABD2EW66
A0A8C6EJI3	A0A2I2YC11
A0A8C6EJI3	A0A384DJR6
A0A8C6EJI3	A0A2R9C6A2
A0A8C6EJI3	G1S039
A0A8C6EJI3	A0A2K5XV97
A0A8C6EJI3	H2Q838
A0A8C6EJI3	A0A2K5DKE6
A0A8C6EJI3	A0A2K5JUJ0
A0A8C6EJI3	A0A2K5M4P0
A0A8C6EJI3	A0A8C7AC77
A0A8C6EJI3	F6XK83
A0A8C6L567	A0A8C6L567
A0A8C6L567	A0A1A8ARQ5
A0A8C6L567	A0A3B3ULV7
A0A8C6L567	A0A3B3UMA6
A0A8C6L567	A0A834FFL8
A0A8C6L567	M4AD91
A0A8C6L567	A0A096M3I0
A0A8C6L567	A0A3B3CH51
A0A8C6L567	A0A3B3HBX5
A0A8C6L567	A0A3B3Z2E9
A0A8C6L567	A0A3P9KGH5
A0A8C6L567	A0A3S2MNZ6
A0A8C6L567	A0A9Y4NA44
A0A8C6L567	A0AAN8C5G4
A0A8C6L567	A0A087XPI0
A0A8C6L567	A0A3P9H4D9
A0A8C6L567	A0AAN8C2B2
A0A8C6L567	A0A8C7YQP6
A0A8C6L567	A0AAJ7PXI0
A0A8C6L567	A0A3P9QFC2
A0A8C6L567	A0A3B3VTW1
A0A8C6L567	A0A3B3XW07
A0A8C6L567	A0A3B3Z3A3
A0A8C6L567	A0A3B3XWI7
A0A8C6L567	A0A3B5MA74
A0A8C6L567	A0A3Q2U653
A0A8C6L567	A0A3Q2SZN4
A0A8C6L567	A0A3Q2QDM4
A0A8C6L567	A0A3B3UK64
A0A8C6L567	A0A3B3VTQ5
A0A8C6L567	A0A3P9QFH9
A0A8C6L567	A0A3P9QFJ6
A0A8C6L567	A0A3B3ULP0
A0A8C6L567	A0A3B3XW47
A0A8C6L567	A0A3B3VU75
A0A8C6L567	A0A3P9QFL0
A0A8C6L567	A0A2I4CMH5
A0A8C6L567	A0A3Q2ZN06
A0A8C6L567	A0A3B3UM22
A0A8C6L567	A0A3P9QDY1
A0A8C6L567	A0A3P9QDX1
A0A8C6L567	A0A3P9QFD2
A0A8C6L567	A0A3P9QGQ1
A0A8C6L567	A0A3P9QF98
A0A8C6L567	A0A6P8V896
A0A8C6L567	A0A6P8U948
A0A8C6L567	A0A7N8XG34
A0A8C6L567	A0A3B3XWR5
A0A8C6M207	A0A8C6M207
A0A8C6M207	A0A8C6LXH9
A0A8C6T0E7	A0A8C6T0E7
A0A8C6T0E7	A0A8C6WQA5
A0A8C6T3Q6	A0A8C6T3Q6
A0A8C6V0Y5	A0A8C6V0Y5
A0A8C6VKZ6	A0A8C6VKZ6
A0A8C6VKZ6	A0A670Z8Z5
A0A8C6VKZ6	A0A670ZAK4
A0A8C6XK33	A0A8C6XK33
A0A8C6Y7N2	A0A8C6Y7N2
A0A8C6Y7N2	A0A8C7E531
A0A8C6Y7N2	A0A8C6Y7W1
A0A8C7CR24	A0A8C7CR24
A0A8C7CR24	A0A060YV53
A0A8C7CR24	A0A674D9U5
A0A8C7CR24	A0AAN8KJS0
A0A8C7CR24	M4V2E4
A0A8C7CR24	A0A8C7CRW0
A0A8C7CR24	A0A8C7VX58
A0A8C7CR24	A0A3P8Z9M4
A0A8C7EZH5	A0A8C7EZH5
A0A8C8DSQ0	A0A8C8DSQ0
A0A8C8DSQ0	A0A8C7YCU8
A0A8C8DSQ0	H2LI22
A0A8C9EXZ2	A0A8C9EXZ2
A0A8C9EXZ2	A0A7K4X5F3
A0A8C9K1U3	A0A8C9K1U3
A0A8C9K1U3	S7PD70
A0A8C9K1U3	D2GV91
A0A8C9K1U3	G1M1J9
A0A8C9K1U3	A0AA40HK89
A0A8C9K1U3	A0A9W3EWM0
A0A8C9K1U3	L5LH62
A0A8C9K1U3	A0A212C5C2
A0A8C9K1U3	A0A452TCB1
A0A672IME6	A0A672IME6
A0A672IME6	A0A672IMB1
A0A672IME6	A0A672IPP1
A0A672IME6	A0A8D0CR33
A0A672IME6	A0A672IPI3
A0A672IME6	A0A672IPE5
A0A672IME6	A0A672IPI7
A0A672IME6	A0A672IQ49
A0A672IME6	A0A672IMJ1
A0A672IME6	A0A672IPR3
A0A672J4G2	A0A672J4G2
A0A672UNT4	A0A672UNT4
A0A672YVC9	A0A672YVC9
A0A672YVC9	A0A672YV49
A0A672YWR1	A0A672YWR1
A0A672YWR1	A0A672YWV7
A0A672YWR1	A0A672YX39
A0A672YWR1	A0A672YWU4
A0A672YWR1	A0A672YWB8
A0A672YWR1	A0A672YWM2
A0A672YWR9	A0A672YWR9
A0A672YX76	A0A672YX76
A0A672YX76	A0A672YX25
A0A672YZN4	A0A672YZN4
A0A673UWW0	A0A673UWW0
A0A673UWW0	A0A6P3S0V5
A0A673WKZ2	A0A673WKZ2
A0A673WKZ2	A0A673WL78
A0A673WKZ2	A0A1S3PS77
A0A673WKZ2	A0A673WCL2
A0A673WKZ2	A0A4W5L4A7
A0A673WKZ2	A0A4W5L1W4
A0A673WKZ2	A0A4W5KMY7
A0A674J036	A0A674J036
A0A674J036	A0A8C3SXL1
A0A674J036	A0A8C5F1Y7
A0A6A3IVF1	A0A6A3IVF1
A0A6A3IVF1	A0A329RAN2
A0A6A3IVF1	V9EZF4
A0A6A3IVF1	H3GB54
A0A6A3IVF1	W2Z458
A0A6A3IVF1	A0A6A3JSV7
A0A6A3IVF1	A0A8T1HVS7
A0A6A3IVF1	A0A6A3HCH0
A0A6A3IVF1	A0A6A3Y2Y8
A0A6A3IVF1	A0A6A3EFK6
A0A6A4V9Z8	A0A6A4V9Z8
A0A6A4V9Z8	A0A6A4V7L0
A0A9N9MKT6	A0A9N9MKT6
A0A9N9RGR3	A0A9N9RGR3
A0A9N9RGR3	A0A9N9WIE2
A0A9N9RLB8	A0A9N9RLB8
A0A9N9RLN4	A0A9N9RLN4
A0A9N9RQT6	A0A9N9RQT6
A0A9N9RY48	A0A9N9RY48
A0A9N9S0T2	A0A9N9S0T2
A0A9N9S637	A0A9N9S637
A0A9N9T2N5	A0A9N9T2N5
A0A9N9TQ92	A0A9N9TQ92
A0A9N9TQ92	A0A9N9TS50
A0A9N9WDC4	A0A9N9WDC4
A0A9N9WDC4	A0A0M4MQT7
A0A9N9WXN4	A0A9N9WXN4
A0A9P0BWC2	A0A9P0BWC2
A0A9P0C378	A0A9P0C378
A0A9P0CA69	A0A9P0CA69
A0A9P0D968	A0A9P0D968
A0A9P0E3U0	A0A9P0E3U0
A0A9P0G044	A0A9P0G044
A0A9P0G044	A0A7E5VRE1
A0A9P0G044	A0A9P0C0L7
A0A9P0GNC0	A0A9P0GNC0
A0A9P0HAC3	A0A9P0HAC3
A0A9P0II35	A0A9P0II35
A0A9P0II35	A0A922M6N8
A0A9P0II35	A0A089QDB3
A0A9P0II35	A0A2H1V951
A0A9P0II35	A0A2H1VAT0
A0A9P0II35	A0A9R0EHE8
A0A9P0II35	A0A9R0CYL2
A0A9P0II35	A0A2H1VG89
A0A9P0II35	A0A9R0CYK0
A0A9P0II35	A0A9R0EAJ9
A0A9P0II35	A0A9J7DRP8
A0A9P0II35	C9W8I2
A0A9P0II35	I7D523
A0A9P0II35	Q4L1K1
A0A9P0II35	A0A2A4JCA8
A0A9P0II35	A0A835GLH1
A0A9P0II35	A0A9P0N8T8
A0A9P0II35	A0A9R0CYI9
A0A9P0II35	A0A9R0E9X8
A0A9P0II35	Q4L1K2
A0A9P0II35	A0A9J7DMI4
A0A9P0II35	A0A9J7DRJ6
A0A9P0II35	A0A9P0IKD5
A0A9P0KNT9	A0A9P0KNT9
A0A9P0LML7	A0A9P0LML7
A0A9P0LXA2	A0A9P0LXA2
A0A9P0LXA2	A0A9P0KSA2
A0A9P0MQG5	A0A9P0MQG5
A0A9P0MZD9	A0A9P0MZD9
A0A9P0MZD9	A0A0X9HJY6
A0A9P0MZD9	A0A922MJR3
A0A9P0MZD9	A0A9P0I0M2
A0A9P0MZD9	A0A9P0MXD0
A0A9P0N1W7	A0A9P0N1W7
A0A9P0N1W7	C9W8F6
A0A9P0N1W7	A0A2H1VX12
A0A9P0N1W7	A0A922MJQ9
A0A9P0N1W7	A0AAD7YM02
A0A9P0STH8	A0A9P0STH8
A0A9P0STH8	A0A821TKH4
A0A9P0SUP5	A0A9P0SUP5
A0A9P0SUP5	A0A821QG10
A0A9P0TMR1	A0A9P0TMR1
A0A9P0TSV3	A0A9P0TSV3
A0A9P0TTV1	A0A9P0TTV1
A0A9P0TTV1	A0A9P0TX47
A0A9P0TTV1	A0A821R5W6
A0A9P0XED7	A0A9P0XED7
A0A9P0XED7	A0A9P0TN12
A0A9P0XFF3	A0A9P0XFF3
A0A9P9YSR4	A0A9P9YSR4
A0A9P9YSR4	Q9VMX9
A0A9P9YSR4	B4NWA3
A0A9P9YSR4	A0A6P4JCC6
A0A9P9YSR4	A0AAU9FGE5
A0A9P9YSR4	B3MVK7
A0A9P9YSR4	A0A6I8UJZ9
A0A9P9YSR4	A0A9P9YSS1
A0A9P9YSR4	A0AB39Z5A7
A0A9P9YSR4	B3N4C2
A0A9P9YSR4	B4I190
A0A9P9YSR4	A0ABM4TK84
A0A9Q0BM00	A0A9Q0BM00
A0A9Q0BSI7	A0A9Q0BSI7
A0A9Q0BUU5	A0A9Q0BUU5
A0A9Q0BUU5	Q4V5J3
A0A9Q0BUU5	A0A6P4E5V4
A0A9Q0BUU5	A0A6P8KCL0
A0A9Q0BUU5	A0AB40A8R8
A0A9Q0BUU5	A0ABM5H2A6
A0A9Q0BUU5	B3M2K2
A0A9Q0BUU5	B4PQL8
A0A9Q0BUU5	B4IBV5
A0A9Q0BUU5	A0A6P4I214
A0A9Q0BUU5	B3P127
A0A9Q0BUU5	B4QX29
A0A9Q0BUU5	A0A3B0KD22
A0A9Q0BUU5	A0A6I8UQL7
A0A9Q0BUU5	A0AAU9F7Y7
A0A9Q0BUU5	B4GFB5
A0A9Q0BUU5	A0AAD4JS86
A0A9Q0BUU5	A0A484BD79
A0A9Q0BUU5	A0A6J1MC61
A0A9Q0BUU5	A0ABM1P554
A0A9Q0BUU5	B4K677
A0A9Q0BUU5	B4M4D0
A0A9Q0BUU5	A0A0M4F3N6
A0A9Q0RQ37	A0A9Q0RQ37
A0A9Q0RV00	A0A9Q0RV00
A0A9Q0XAX7	A0A9Q0XAX7
A0A9Q0XBY8	A0A9Q0XBY8
A0A9Q0XLP4	A0A9Q0XLP4
A0A9Q1CY79	A0A9Q1CY79
A0A9Q1D532	A0A9Q1D532
A0A9Q1F7C4	A0A9Q1F7C4
A0A9Q1F7C4	A0A9Q1DVB7
A0A9Q1F7C4	A0AAD7RQT8
A0A9Q1GGF3	A0A9Q1GGF3
A0A9Q1IHN0	A0A9Q1IHN0
A0A9R0DCR4	A0A9R0DCR4
A0A8T3DXG1	A0A8T3DXG1
A0A8U0WA33	A0A8U0WA33
A0A8U0WE44	A0A8U0WE44
A0A8U0WE44	A0A1B0FG16
A0A8U0WKJ7	A0A8U0WKJ7
A0A8U0WKJ7	A0A8U0WJT8
A0A8U0WKJ7	A0A8U0WL16
A0A8W7PB06	A0A8W7PB06
A0A8W7PB06	A0A182UZK1
A0A8W7PB06	F5HLC5
A0A8W7PB06	A0A182U4F9
A0A8W7PB06	A0A2C9H8K3
A0A8W7PB06	A0A182MEJ3
A0A8W7PB06	A0A182WVM8
A0A8W7PB06	A0A182UJY2
A0A8W7PP65	A0A8W7PP65
A0A8W7PP65	F2X546
A0A8W7PP65	F2X554
A0A8W7PP65	A0A1Y9J0H3
A0A8W7PP65	F2X543
A0A8W7PP65	F2X550
A0A8W7PP65	F2X561
A0A8W7PP65	A0A6E8VM72
A0A8W7PP65	F2X523
A0A8W7PP65	F2X531
A0A8W7PP65	F2X557
A0A8W7PP65	A0A1I8JTH3
A0A8W7PP65	F2X520
A0A8W7PP65	F2X537
A0A8W7PP65	F2X544
A0A8W7PP65	F2X547
A0A8W7PP65	F2X565
A0A8W7PP65	F2X567
A0A8X6H121	A0A8X6H121
A0A8X7CI75	A0A8X7CI75
A0A8X7CTT5	A0A8X7CTT5
A0A8X7X7F7	A0A8X7X7F7
A0A8X7X7F7	A0A8C4TA61
A0A8X7X7F7	A0A8C4TCB1
A0A8X7XEM8	A0A8X7XEM8
A0A8X8BHQ5	A0A8X8BHQ5
A0A903TNM3	A0A903TNM3
A0A903Z095	A0A903Z095
A0A913X0X9	A0A913X0X9
A0A921S8E2	A0A921S8E2
A0A921YL77	A0A921YL77
A0A921YP74	A0A921YP74
A0A921Z2Z3	A0A921Z2Z3
A0A921Z330	A0A921Z330
A0A921Z330	A0A921Z4F4
A0A921ZFF5	A0A921ZFF5
A0A921ZHH1	A0A921ZHH1
A0A921ZHI1	A0A921ZHI1
A0A921ZHI1	A0A921ZK54
A0A921ZHI1	A0A921ZHN9
A0A921ZIM8	A0A921ZIM8
A0A921ZIP0	A0A921ZIP0
A0A921ZJC8	A0A921ZJC8
A0A922CW20	A0A922CW20
A0A922CW20	P35046
A0A922CW20	P35047
A0A922CW20	P35045
A0A922CW20	A0A921ZLJ1
A0A922CW20	A0A922CUB2
A0A922M2F6	A0A922M2F6
A0A922MWJ7	A0A922MWJ7
A0A922MXE5	A0A922MXE5
A0A922MXE5	Q4L1L8
A0A922MXE5	A0A0K8SII3
A0A922MXE5	A0A2W1BL45
A0A922MXE5	A0A9J7E0A8
A0A922MXE5	I7DEJ0
A0A922MXE5	J7IF09
A0A922MXE5	A0A2A4K6E9
A0A922MXE5	A0A2W1BGQ7
A0A922MXE5	A0A9J7E550
A0A922MXE5	A0A9R0DCT3
A0A922MXE5	A0A9R0DCU4
A0A922MXE5	A0A9R0DXD7
A0A922MXE5	I7C7P7
A0A922MXE5	J7IFG7
A0A922MXE5	A0A0K0Q498
A0A922MXE5	A0A1B0RHN7
A0A922MXE5	A0A2A4K769
A0A922MXE5	C4PFX2
A0A922MXE5	C9W8F7
A0A922MXE5	O18436
A0A922MXE5	A0A1C9M3A1
A0A922MXE5	A0A2A4K5G7
A0A922MXE5	A0A2A4K5I4
A0A922MXE5	A0A9J7IQQ9
A0A922MXE5	B4X996
A0A922MXE5	I7DHL6
A0A922MXE5	O18434
A0A922MXE5	Q4L1K4
A0A922MXE5	A0A2A4K648
A0A922MXE5	A0A2W1BP39
A0A922MXE5	A0A9R0DCW3
A0A922MXE5	A0A9R0DWE7
A0A922MXE5	A0AAD7Z291
A0A922MXE5	B3F884
A0A922MXE5	A0A2A4K602
A0A922MXE5	A0A2W1BE44
A0A922MXE5	J7IM02
A0A922MXE5	A0A9J7DZX6
A0A922MXE5	O18435
A0A922MXE5	J7IN23
A0A922MXE5	A0A9J7DZN8
A0A922MXE5	A0A9R0DCR2
A0A922MXE5	A0A9J7E2A0
A0A922MXE5	Q9NGY5
A0A922MXE5	A0A9J7E3R2
A0A922MXE5	A0A9R0EP93
A0A922MXE5	A0A9J7E4A1
A0A922MXE5	A0A2W1BJK7
A0A922MXE5	A0A2W1BKR8
A0A922MXE5	A9P3S8
A0A922MXE5	O18441
A0A922MXE5	A0A2A4K6F8
A0A922MXE5	A0A2W1BFJ3
A0A922MXE5	A0A9J7INI6
A0A922MXE5	A0A9R0DCQ0
A0A922MY75	A0A922MY75
A0A976II41	A0A976II41
A0A976NZQ0	A0A976NZQ0
A0A976NZQ0	A0A976FFQ0
A0A976NZQ0	A0A976IDH1
A0A9B0BWC6	A0A9B0BWC6
A0A9B0BWC6	A0AAJ7JAA3
A0A9B0BWC6	A0A6P3DY60
A0A9B0BWC6	A0A6P8MNI6
A0A9B0BWC6	A0A6J3KDR6
A0A9B0BWC6	A0AAW0ZU51
A0A9C5ZKE7	A0A9C5ZKE7
A0A9D3MBM7	A0A9D3MBM7
A0A9J6BIU3	A0A9J6BIU3
A0A9J6BKC4	A0A9J6BKC4
A0A9J6BYF7	A0A9J6BYF7
A0A9J6CD96	A0A9J6CD96
A0A9J6CDH3	A0A9J6CDH3
A0A9J6CDH3	A0A9N9RYL5
A0A9J6CEC7	A0A9J6CEC7
A0A9J6EE16	A0A9J6EE16
A0A9J7DR32	A0A9J7DR32
A0A9J7DR32	A0A9R0DGW1
A0A9J7DR32	A0A2H1VGM7
A0A6P8WRN8	A0A6P8WRN8
A0A6P8WZM6	A0A6P8WZM6
A0A6P8YAR8	A0A6P8YAR8
A0A6P8YLD7	A0A6P8YLD7
A0A6P8Z2S3	A0A6P8Z2S3
A0A6P8Z2S3	A0AAD4JYY3
A0A6P9BK07	A0A6P9BK07
A0A6P9BK07	A0A6P9BAM1
A0A6P9BK07	A0A8C6VK12
A0A6P9BK07	A0A670ZTN9
A0A6P9BK07	A0A8C5SJB7
A0A6P9BK07	A0AAW1C0D3
A0A6P9FKF5	A0A6P9FKF5
A0A6P9FKF5	A0A452SZK6
A0A6P9FKF5	A0A6G1B0N2
A0A6P9FKF5	D2I855
A0A6P9FKF5	A0A8B7SW01
A0A6P9FKF5	A0A8B7SXP5
A0A7D9N0H9	A0A7D9N0H9
A0A7E5VPI3	A0A7E5VPI3
A0A7E5VPI3	A0A9P0FZB3
A0A7E5VUG4	A0A7E5VUG4
A0A7E5VUG4	A0A9N8PYW4
A0A7E5W917	A0A7E5W917
A0A7E5W917	Q8MVZ0
A0A7E5WEH1	A0A7E5WEH1
A0A7E5WEH1	A0A9P0FWH9
A0A7E5WM60	A0A7E5WM60
A0A7E5WM60	A0A9P0C4W1
A0A7G3AZU5	A0A7G3AZU5
A0A7G3AZU5	A0A1B0GHB5
A0A7G3AZU5	A8CW51
A0A7J6B498	A0A7J6B498
A0A7J6B498	A0A9Y4K2J4
A0A7K4M525	A0A7K4M525
A0A7K4M525	A0A7L4FDD6
A0A7K4M525	A0A7K4KD08
A0A7K4M525	A0A6J3DR13
A0A7K4M525	A0A8B9TQ01
A0A7K4M525	A0A851NEI1
A0A7K4M525	A0A8B9ZJY6
A0A7K4M525	H9KYN7
A0A7K4M525	A0A6J3DMD7
A0A7K4M525	A0A6J3DQG7
A0A7K4M525	A0A6J3DR64
A0A7K4M525	A0A7K7LHV6
A0A7K4M525	A0A7K9Z7D7
A0A7K4M525	A0A8C3C836
A0A7K4M525	A0A7L0CA64
A0A7K4M525	A0A7K6B4F1
A0A7K4M525	A0A7K6VWC6
A0A7K4M525	A0A7K7F912
A0A7K4M525	A0A7K7NA52
A0A7K4M525	A0A7L1P289
A0A7K4M525	A0A7L3UCZ8
A0A7K4M525	A0A8D0HEJ2
A0A7K4M525	H0Z7P8
A0A7K4M525	A0A7K5YFW8
A0A7K4M525	A0A7K7VLX1
A0A7K4M525	A0A7L4AKC8
A0A7K4M525	A0A8B9MX08
A0A7K4M525	A0A8B9P5L0
A0A7K4M525	A0A8D0H475
A0A7K4M525	A0ABC9XDC9
A0A7K4M525	A0A2I0M0C0
A0A7K4M525	A0A7L2VTU4
A0A7K4M525	A0A7L2W206
A0A7K4M525	A0A7L2X409
A0A7K4M525	A0A7L3W6U6
A0A7K4M525	A0A852L7K3
A0A7K4M525	A0A8J4NIW1
A0A7K4M525	A0AA40GRI8
A0A7K4M525	H0Z7M3
A0A7K4M525	A0A7K6SYS1
A0A7K4M525	A0A7K7VJN6
A0A7K4M525	A0A7L0EYI6
A0A7K4M525	A0A7L1H6L0
A0A7K4M525	A0A7K6NCN1
A0A7K4M525	A0A7K6TYF4
A0A7K4M525	A0A7K9EI56
A0A7K4M525	A0A7L0UFB8
A0A7K4M525	A0A7L1XGB1
A0A7K4M525	A0A8D0H997
A0A7K4M525	A0A8C6Z6H6
A0A7K7S7M1	A0A7K7S7M1
A0A7K8VWB8	A0A7K8VWB8
A0A7K8VWB8	A0A851N4F4
A0A7K8VWB8	A0A7K5BKT7
A0A7K8VWB8	A0A7L3PQS0
A0A7L0WUW2	A0A7L0WUW2
A0A7L0WUW2	A0A7L0WAL8
A0A7L0XDB6	A0A7L0XDB6
A0A7L0XDB6	A0A7K4RB99
A0A7L0XDB6	A0A7L0ZRN5
A0A7L1AJT8	A0A7L1AJT8
A0A7L1AJT8	A0A7K9ZFX7
A0A7L1AJT8	A0A851BEU1
A0A7L1E557	A0A7L1E557
A0A7L1E557	A0A851REI7
A0A7L1E557	A0A851W1J0
A0A7L2BFA0	A0A7L2BFA0
A0A7L3AM17	A0A7L3AM17
A0A7M5XA90	A0A7M5XA90
A0A7M6UGH7	A0A7M6UGH7
A0A7M6W5N5	A0A7M6W5N5
A0A7M7GCK5	A0A7M7GCK5
A0A7M7GCK5	A0A7M7G1T3
A0A7M7KXS2	A0A7M7KXS2
A0A7M7LIY5	A0A7M7LIY5
A0A7M7MMK1	A0A7M7MMK1
A0A7M7MMK1	A0A7M7MMI1
A0A7M7MMK1	A0A7M7MMJ4
A0A7M7Q064	A0A7M7Q064
A0A7M7Q064	A0A7M7HF52
A0A7M7Q805	A0A7M7Q805
A0A7M7Q805	A0A7M7IN92
A0A7N4PF72	A0A7N4PF72
A0A7N4PRN7	A0A7N4PRN7
A0A7N4PRN7	A0A7N4NQB5
A0A7N4PRN7	A0A7N4V057
A0A7N4PRN7	A0A7N4PW86
A0A7N5KQV3	A0A7N5KQV3
A0A7N5KQV3	A0A485NG35
A0A7N5KQV3	A0A6P6H4S2
A0A7N5KQV3	A0A8C8XE86
A0A7N5KQV3	A0A1R3UCP5
A0A7N5KQV3	A0A8C6DES4
A0A7N5KQV3	A0A8C5P053
A0A7R8UIU8	A0A7R8UIU8
A0A7R8ULQ8	A0A7R8ULQ8
A0A7R8UVW7	A0A7R8UVW7
A0A7R8UZN7	A0A7R8UZN7
A0A7R8XK61	A0A7R8XK61
A0A7R8YXV9	A0A7R8YXV9
A0A7R9A9C7	A0A7R9A9C7
A0A7R9KUU2	A0A7R9KUU2
A0A7R9LPL4	A0A7R9LPL4
A0A7R9QPY8	A0A7R9QPY8
A0A7S0NEU2	A0A7S0NEU2
A0A7S1EFV4	A0A7S1EFV4
A0A7S2GRS7	A0A7S2GRS7
A0A7S2L423	A0A7S2L423
A0A803SR56	A0A803SR56
A0A803SR56	A0A803TUG3
A0A803SR56	A0A803TCH0
A0A803SR56	A0A8D0BFB9
A0A803SR56	A0AA97KBX7
A0A803SR56	A0A670JJU2
A0A803VQP0	A0A803VQP0
A0A803VR81	A0A803VR81
A0A803VR81	A0A803V226
A0A811ZT17	A0A811ZT17
A0A811ZT17	A0A8I3NXF9
A0A814G0A8	A0A814G0A8
A0A821M5F1	A0A821M5F1
A0A821M5F1	A0A9P0T4U5
A0A821M5F1	A0A821MAT8
A0A821M5F1	A0A821MBP2
A0A821M5F1	A0A9P0T2F0
A0A821R8B5	A0A821R8B5
A0A821R8B5	A0A821RDR3
A0A821R8B5	A0A9P0TMS0
A0A833ZP25	A0A833ZP25
A0A834BZM9	A0A834BZM9
A0A834BZM9	A0A8C7YHZ9
A0A834BZM9	A0A3P9ILR3
A0A834BZM9	A0A3P9JT39
A0A834BZM9	A0A3P9LQW1
A0A834BZM9	A0A3B3IF42
A0A834BZM9	A0A3Q3FM71
A0A834I3J9	A0A834I3J9
A0A834INV3	A0A834INV3
A0A834P4N2	A0A834P4N2
A0A834Y4T8	A0A834Y4T8
A0A835CTD2	A0A835CTD2
A0A835CTD2	A0A0C9R6J3
A0A835CTD2	A0A0C9RMY7
A0A835CVF9	A0A835CVF9
A0A835L2V8	A0A835L2V8
A0A852EWF1	A0A852EWF1
A0A852EWF1	A0A7K7D4S8
A0A852EWF1	A0A7K8M633
A0A852EWF1	A0A7L0VI56
A0A852EWF1	A0A850V7B9
A0A852EWF1	A0A851DYD7
A0A852EWF1	A0A7K9W8D4
A0A852EWF1	A0A7L4EKK6
A0A852EWF1	A0A852AVC0
A0A852EWF1	A0A7L2EBH7
A0A852EWF1	A0A851BPT8
A0A852EWF1	A0A852I1H4
A0A852EWF1	A0A7K4X9T9
A0A852EWF1	A0A7K6FK23
A0A852EWF1	A0A7K6VLC2
A0A852EWF1	A0A7K7PDQ6
A0A852EWF1	A0A7L3V703
A0A852EWF1	A0A7K6KIE8
A0A852EWF1	A0A7K7JYE7
A0A852EWF1	A0A7L0LHR0
A0A852EWF1	A0A7L3QH49
A0A852EWF1	A0A7K4PEG8
A0A852EWF1	A0A7K4VSM1
A0A852EWF1	A0A7K5M1C8
A0A852EWF1	A0A7K5PZK1
A0A852EWF1	A0A7K7YC83
A0A852EWF1	A0A7K9N707
A0A852EWF1	A0A7L2PZ46
A0A852EWF1	A0A7K5STA8
A0A852EWF1	A0A7K6PPY7
A0A852EWF1	A0A7K9QEN1
A0A852EWF1	A0A7L1FSX1
A0A852EWF1	A0A7L2A5L0
A0A852EWF1	A0A7L3K2D4
A0A852EWF1	A0A851ZYS6
A0A852EWF1	A0A7K5VCK3
A0A852EWF1	A0A7L1VQA8
A0A852EWF1	A0A852DP93
A0A852EWF1	A0A7K6KXP9
A0A852EWF1	A0A7K7JEI9
A0A852EWF1	A0A7K8S5S4
A0A852EWF1	A0A7L0YTH2
A0A852EWF1	A0A7L1AYQ9
A0A852EWF1	A0A7L2FWX1
A0A852EWF1	A0A7L2Y0H1
A0A852EWF1	A0A852ELX0
A0A852EWF1	A0A7K4UCE4
A0A852EWF1	A0A7K9H1K7
A0A852EWF1	A0A7L1PQ07
A0A852EWF1	A0A7L1QV95
A0A852EWF1	A0A7L2BUG6
A0A852EWF1	A0A7L3E290
A0A852EWF1	A0A7K6ESX5
A0A852EWF1	A0A7K9K8D4
A0A852EWF1	A0A7L1C0S3
A0A852EWF1	A0A850YXZ2
A0A852EWF1	A0A7K6XID2
A0A852EWF1	A0A7L1MPY5
A0A852EWF1	A0A7L4IUH4
A0A852EWF1	A0A7K9SDQ3
A0A852EWF1	A0A852P218
A0A852EWF1	A0A7K6BQQ3
A0A852EWF1	A0A7K6JBM9
A0A852EWF1	A0A7K6HWT2
A0A852EWF1	A0A7L2M5E7
A0A852EWF1	A0A7K8C421
A0A852EWF1	A0A7L1WFQ1
A0A852EWF1	A0A7L2N9X7
A0A852EWF1	A0A7K8GW27
A0A852EWF1	A0A7K6MWF0
A0A852EWF1	A0A7K7Y0R4
A0A852EWF1	A0A7L2QR72
A0A852EWF1	A0A851KDK5
A0A852EWF1	A0A7K8AXR7
A0A852EWF1	A0A7L2J9W4
A0A852EWF1	A0A7L2S4C0
A0A852EWF1	A0A7K7QVS1
A0A852EWF1	A0A7L2ZQJ9
A0A852EWF1	A0A7K5R1E0
A0A852EWF1	A0A7K5CJ32
A0A852EWF1	A0A7K7EBJ6
A0A852EWF1	A0A7K6D3J3
A0A891XHA9	A0A891XHA9
A0A8B7UL75	A0A8B7UL75
A0A8B8RI07	A0A8B8RI07
A0A8B8RI07	Q9N2D1
A0A8B8RI07	Q9XSM2
A0A8B8RI07	A6QPI9
A0A8B8RI07	A6QQ05
A0A8B8RI07	Q8HYJ2
A0A8B8RI07	A0A452G1R6
A0A8B8RI07	A0A4U1FMW1
A0A8B8RI07	A0A6J3Q0C1
A0A8B8RI07	A0A2Y9PSI7
A0A8B8RI07	A0A340WW75
A0A8B8RI07	A0A835ZJQ4
A0A8B8RI07	A0A8C9E190
A0A8B8RI07	A0A341AIC5
A0A8B8RI07	A0A5N3UKF6
A0A8B8RI07	A0A5N3UKK0
A0A8B8RI07	A0A5N3VQF0
A0A8B8RI07	A0A8C9E0J4
A0A8B8RI07	Q9XSM1
A0A8B8RI07	A0A5N3VQG5
A0A8B8RI07	A0A6B0QW45
A0A8B8RI07	A0A8B8RG23
A0A8B8RI07	A0A8B8VAU4
A0A8B8RI07	A0A286ZXM3
A0A8B8RI07	A0A2U4BMK9
A0A8B8RI07	A0A8C0ALD0
A0A8B8RI07	A0AAD4TSG9
A0A8B8RI07	P21845
A0A8B8RI07	P50343
A0AAN8P7Q5	A0AAN8P7Q5
A0AAN8PFF2	A0AAN8PFF2
A0AAN8SD35	A0AAN8SD35
A0AAN9TRT4	A0AAN9TRT4
A0AAN9TRT4	A0AAN9TLY7
A0AAN9W295	A0AAN9W295
A0AAQ4EUR4	A0AAQ4EUR4
A0AAU9FQ21	A0AAU9FQ21
A0AAU9FQ21	A0A3B0JNY0
A0AAU9TJA6	A0AAU9TJA6
A0AAU9TWW0	A0AAU9TWW0
A0AAU9U627	A0AAU9U627
A0AAU9UJV0	A0AAU9UJV0
A0AAU9V0B7	A0AAU9V0B7
A0AAV1FFU8	A0AAV1FFU8
A0AAV1FFU8	A0AAV1FHV5
A0AAV1FH10	A0AAV1FH10
A0AAV1J0C2	A0AAV1J0C2
A0AAV1JCI7	A0AAV1JCI7
A0AAV1JCI7	A0A821WBI6
A0AAV1JCI7	A0AAU9UQE1
A0AAV1JCI7	A0A9P0BXN8
A0AAV1JCI7	A0A8S0ZN63
A0AAV1JCI7	G9D465
A0AAV1JCI7	A0A8S1A856
A0AAV1JCI7	A0AAV1LMR2
A0AAV1JCI7	A0AAV1LMX5
A0AAV1JF91	A0AAV1JF91
A0AAV1JGU4	A0AAV1JGU4
A0AAV1JHX0	A0AAV1JHX0
A0AAV1JHX0	A0AAV1JIW3
A0AAV1JHX0	A0AAV1JHV2
A0AAV1JHX0	A0AAV1JG67
A0AAV1JID0	A0AAV1JID0
A0AAV1JJC4	A0AAV1JJC4
A0AAV1JM90	A0AAV1JM90
A0AAV1JTD8	A0AAV1JTD8
A0AAV1JUJ2	A0AAV1JUJ2
A0AAV1JV55	A0AAV1JV55
A0AAV1JV55	A0A9P0TQF4
A0AAV1K1X0	A0AAV1K1X0
A0AAV1KIJ4	A0AAV1KIJ4
A0AAV1KLA7	A0AAV1KLA7
A0AAV1KLA7	A0AAV1KK85
A0AAV1L3N7	A0AAV1L3N7
A0AAV1LJV4	A0AAV1LJV4
A0AAV1LJV4	A0AAJ7EEX8
A0AAV1N6Q8	A0AAV1N6Q8
A0AAV1N6Q8	A0AAV1N7W0
A0AAV1UT46	A0AAV1UT46
A0AAV1Z796	A0AAV1Z796
A0AAV1Z796	A0AAV1ZAB9
A0AAV1Z796	A0A4Y1ZRB2
A0AAV1Z796	A0A4Y2KX09
A0AAV2I1D0	A0AAV2I1D0
A0AAV2KMS4	A0AAV2KMS4
A0AAV2KXA4	A0AAV2KXA4
A0AAV2KXP5	A0AAV2KXP5
A0AAV2L0F6	A0AAV2L0F6
A0AAV2L0F6	A0A0B6VW94
A0AAV2L0F6	Q59IS6
A0AAV2L0F6	Q59IS7
A0AAV2L0F6	A0AA88SFF2
A0AAV2N3Q3	A0AAV2N3Q3
A0AAV2N3Q3	A0AAW2F588
A0AAV2N3Q3	A0A6I9WGM4
A0AAV2N3Q3	A0A158NZ64
A0AAV2SFK5	A0AAV2SFK5
A0AAV2SFK5	A0AAV2PVJ5
A0AAV4MXV3	A0AAV4MXV3
A0AAV4MXV3	A0A087UN30
A0AAV4T2I7	A0AAV4T2I7
A0AAV4T2I7	A0A4Y2B683
A0AAV4T2I7	A0AAV1ZT98
A0AAV6GDU9	A0AAV6GDU9
A0AAV6TR28	A0AAV6TR28
A0A9P0XBA0	A0A9P0XBA0
A0A9P0XBA0	A0AAV1J194
A0A9P0XBA0	A0A9P0XD03
A0A9P0XBA0	A0A821SJS9
A0A9P0XBA0	A0A821SK04
A0A9P9YG48	A0A9P9YG48
A0A9P9YKN0	A0A9P9YKN0
A0A9P9YKW5	A0A9P9YKW5
A0A9P9YKW5	A1ZBU1
A0A9P9YKW5	Q4V440
A0A9P9YKW5	A0A6P8JR17
A0A9P9YKW5	B4HQ70
A0A9P9YKW5	B4PAL4
A0A9P9YKW5	B4QEN6
A0A9P9YKW5	B3NK83
A0A9P9YKW5	B3MHK5
A0A9P9YKW5	A0A6P4FMC8
A0A9P9YKW5	A0A6P4IQ85
A0A9Q0BMZ8	A0A9Q0BMZ8
A0A9Q0BMZ8	A0A6P4ERY0
A0A9Q0BMZ8	A0ABM5HIL3
A0A9Q0BMZ8	B4I8A7
A0A9Q0I4U0	A0A9Q0I4U0
A0A9Q0M2B9	A0A9Q0M2B9
A0A9Q0MNG0	A0A9Q0MNG0
A0A9Q0RV20	A0A9Q0RV20
A0A9Q1DHQ5	A0A9Q1DHQ5
A0A9Q1DHQ5	A0A9Q1DIC7
A0A9Q1DR34	A0A9Q1DR34
A0A9Q1DRQ5	A0A9Q1DRQ5
A0A9Q1DRQ5	A0A9Q1DQW9
A0A9Q1GET3	A0A9Q1GET3
A0A9Q1GET3	A0A9D3MA90
A0AAD9FCX1	A0AAD9FCX1
A0AAD9FCX1	A0A7J5XDG7
A0AAD9FCX1	A0AAD9C997
A0AAD9FCX1	A0AAD9FFW0
A0AAD9FCX1	A0A6P8U603
A0AAD9FCX1	A0AAD6BJD5
A0AAD9FCX1	A0A6I9NFZ7
A0AAD9VRP3	A0AAD9VRP3
A0AAE1FR51	A0AAE1FR51
A0AAG5DBE1	A0AAG5DBE1
A0AAJ0FTL4	A0AAJ0FTL4
A0AAJ7CEF1	A0AAJ7CEF1
A0AAJ7CEG5	A0AAJ7CEG5
A0AAJ7CEQ8	A0AAJ7CEQ8
A0AAJ7E7B6	A0AAJ7E7B6
A0AAJ7E9R5	A0AAJ7E9R5
A0AAJ7E9R5	A0AAJ7E9R8
A0AAJ7E9R5	A0A194PNU8
A0AAJ7FPU6	A0AAJ7FPU6
A0AAN7P2N0	A0AAN7P2N0
A0AAN7P2N0	A0AAN7PQ07
A0AAN7PBN2	A0AAN7PBN2
A0AAN7PP94	A0AAN7PP94
A0AAN7PP94	A0AAN7P1U2
A0AAN7PPC4	A0AAN7PPC4
A0AAN7Q1V5	A0AAN7Q1V5
A0AAN7QJU3	A0AAN7QJU3
A0AAN7VBN3	A0AAN7VBN3
A0AAN7VID2	A0AAN7VID2
A0AAN7X0C3	A0AAN7X0C3
A0AAN7ZAN8	A0AAN7ZAN8
A0AAN7ZH21	A0AAN7ZH21
A0AAN8E374	A0AAN8E374
A0AAN8KA78	A0AAN8KA78
A0AAN8KA78	A0AAN8JWT0
A0AAN8KA78	A0AAN8QE37
A0AAN8KA78	A0AAN8Q2N0
A0AAN8KA78	A0AAN8K5R9
A0AAN8KA78	A0AAN8GGK4
A0AAN8KA78	A0AAN8FXA1
A0AAN8KA78	A0AAN8GFZ8
A0AAN8KA78	A0AAN8G4U2
A0AAN8P177	A0AAN8P177
A0AAN9D5Y5	A0AAN9D5Y5
A0AAN9D5Y5	A0AAN9D6S2
A0AAP4BSG9	A0AAP4BSG9
A0AAQ4DC20	A0AAQ4DC20
A0AAQ4DC20	A0A1E1XQP2
A0AAQ4DG73	A0AAQ4DG73
A0AAQ4DG74	A0AAQ4DG74
A0AAU9FUN9	A0AAU9FUN9
A0AAU9FUN9	B4H6E4
A0AAU9KLN4	A0AAU9KLN4
A0AAU9KLN4	A0AAU9KQF5
A0AAU9THJ9	A0AAU9THJ9
A0AAU9THJ9	A0AAU9TI62
A0AAU9TJ39	A0AAU9TJ39
A0AAU9TJ39	A0A8J9URK1
A0AAU9TUX6	A0AAU9TUX6
A0AAU9TUX6	A0AAU9TTF9
A0AAU9TUX6	A0AAU9TX29
A0AAU9TW64	A0AAU9TW64
A0AAU9TW64	A0AAU9TZX6
A0AAU9U9K6	A0AAU9U9K6
A0AAU9UBB6	A0AAU9UBB6
A0AAV0T7P2	A0AAV0T7P2
A0AAV1IVT1	A0AAV1IVT1
A0AAV1IXX4	A0AAV1IXX4
A0AAV1J3W1	A0AAV1J3W1
A0AAV1J408	A0AAV1J408
A0AAV1JGV3	A0AAV1JGV3
A0AAV1JI78	A0AAV1JI78
A0AAV1K6J2	A0AAV1K6J2
A0AAV1K6J2	A0AAV1K4E4
A0AAV1K6J2	A0AAV1K4E6
A0AAV1KHB4	A0AAV1KHB4
A0AAV1KI56	A0AAV1KI56
A0AAV1KJ43	A0AAV1KJ43
A0AAV1KJ43	A0AAV1KMI9
A0AAV1KJ43	A0AAV1KJ45
A0AAV1KJ43	A0AAV1KMK7
A0AAV1KJ43	A0AAV1KJ38
A0AAV1KK26	A0AAV1KK26
A0AAV1KK26	A0AAV1KNG4
A0AAV1LI56	A0AAV1LI56
A0AAV2R8T9	A0AAV2R8T9
A0AAV2RS77	A0AAV2RS77
A0AAV2RUB2	A0AAV2RUB2
A0AAV6G995	A0AAV6G995
A0AAV6H695	A0AAV6H695
A0AAV6H7B5	A0AAV6H7B5
A0AAV7BVD0	A0AAV7BVD0
A0AAV7I6T1	A0AAV7I6T1
A0AAV7I6T1	A0AAV7I529
A0AAV7I7L2	A0AAV7I7L2
A0AAV7INI2	A0AAV7INI2
A0AAV7J9K8	A0AAV7J9K8
A0AAV7M8I5	A0AAV7M8I5
A0AAV7M8I5	A0AAV7MEB9
A0AAV7QAL8	A0AAV7QAL8
A0AAV7QAL8	A0AAV7Q9X9
A0AAV7XBN6	A0AAV7XBN6
A0AAV8VQD9	A0AAV8VQD9
A0AAV8VVB6	A0AAV8VVB6
A0AAV8XLW0	A0AAV8XLW0
A0AAV8XTI1	A0AAV8XTI1
A0AAV8YRV3	A0AAV8YRV3
A0AAV8YW59	A0AAV8YW59
A0AAW0NNI0	A0AAW0NNI0
A0AAW0Q1D6	A0AAW0Q1D6
A0AAW0XTF4	A0AAW0XTF4
A0AAW1AFX3	A0AAW1AFX3
A0AAW1LSQ7	A0AAW1LSQ7
A0AAW1MKJ0	A0AAW1MKJ0
A0AAW1TS30	A0AAW1TS30
A0AAW1UPL3	A0AAW1UPL3
A0AAW2F1P3	A0AAW2F1P3
A0AAW2F5Z3	A0AAW2F5Z3
A0AAW2F5Z3	A0AAW2F6T4
A0AAW2G822	A0AAW2G822
A0AAW2G822	A0AAW2G9U8
A0AAW2GAZ5	A0AAW2GAZ5
A0AAW2HCL0	A0AAW2HCL0
A0AAX6RME0	A0AAX6RME0
A0AAX6RME0	P07477
A0AAX6RME0	P07478
A0AAX6RME0	P00760
A0AAX6RME0	P00762
A0AAX6RME0	P00761
A0AAX6RME0	Q29463
A0AAX6RME0	P06871
A0AAX6RME0	Q792Z1
A0AAX6RME0	A1A508
A0AAX6RME0	Q3SY20
A0AAX6RME0	A0A0J9YYC8
A0AAX6RME0	Q3SY19
A0AAX6RME0	A0AAA9SES5
A0AAX6RME0	A5PJB4
A0AAX6RME0	Q547S4
A0AAX6RME0	Q7M754
A0AAX6RME0	A7YWU9
A0AAX6RME0	A0AAA9S633
A0AAX6RME0	A0A1S3FKI6
A0AAX6RME0	A0A1S3FMG1
A0AAX6RME0	A0A2I3HCN5
A0AAX6RME0	A0A2I3T5G2
A0AAX6RME0	A0A2J8QUC3
A0AAX6RME0	A0A2R9CKU9
A0AAX6RME0	A0A2Y9DXU7
A0AAX6RME0	A0A2Y9HAE6
A0AAX6RME0	A0A5N3XS56
A0AAX6RME0	A0A671ELQ9
A0AAX6RME0	A0A6D2WF55
A0AAX6RME0	A0A6G1ACQ5
A0AAX6RME0	A0A6I9IE61
A0AAX6RME0	A0A6I9M3N1
A0AAX6RME0	A0A6I9MAY1
A0AAX6RME0	A0A6I9MF30
A0AAX6RME0	A0A6J2BD47
A0AAX6RME0	A0A6J2BEC9
A0AAX6RME0	A0A6P3IFR1
A0AAX6RME0	A0A6P3IN88
A0AAX6RME0	A0A6P5P823
A0AAX6RME0	A0A8B7ATL6
A0AAX6RME0	A0A8C0QCP4
A0AAX6RME0	A0A8C4LWG3
A0AAX6RME0	A0A8C4PL71
A0AAX6RME0	A0A8C6GCP0
A0AAX6RME0	A0A8C6S1J1
A0AAX6RME0	A0A8C6S502
A0AAX6RME0	A0A8C6W510
A0AAX6RME0	A0A8C8S418
A0AAX6RME0	A0A8C8UHW9
A0AAX6RME0	A0A8C8W7N2
A0AAX6RME0	A0A8C9PDZ3
A0AAX6RME0	A0A8D0BHT1
A0AAX6RME0	A0A8D2HG80
A0AAX6RME0	A0A8I5TYC9
A0AAX6RME0	A0A8J6KZ97
A0AAX6RME0	A0A9L0I6N6
A0AAX6RME0	A0A9L0JYJ5
A0AAX6RME0	A0AAW0H3I3
A0AAX6RME0	F7HBQ8
A0AAX6RME0	H2PNR8
A0AAX6RME0	I3MAQ1
A0AAX6RME0	I3NFU5
A0AAX6RME0	M3YB18
A0AAX6RME0	A0A1S3FKF1
A0AAX6RME0	A0A1U7UB22
A0AAX6RME0	A0A2K5JAE3
A0AAX6RME0	A0A2K6DF91
A0AAX6RME0	A0A2K6UX74
A0AAX6RME0	A0A4W2HEW4
A0AAX6RME0	A0A5F9CL61
A0AAX6RME0	A0A674ILR5
A0AAX6RME0	A0A6B0S2R7
A0AAX6RME0	A0A6J3F674
A0AAX6RME0	A0A6P3RMC2
A0AAX6RME0	A0A8C0QMS3
A0AAX6RME0	A0A8C0QMT0
A0AAX6RME0	A0A8C3HG84
A0AAX6RME0	A0A8C3X6P1
A0AAX6RME0	A0A8C4LRR5
A0AAX6RME0	A0A8C6FFC3
A0AAX6RME0	A0A8C6MQH3
A0AAX6RME0	A0A8C7BL35
A0AAX6RME0	A0A8C7BUP2
A0AAX6RME0	A0A8C8RZZ0
A0AAX6RME0	A0A8D0JD89
A0AAX6RME0	A0A8D0KD44
A0AAX6RME0	A0A8D1RDS5
A0AAX6RME0	A0A8D2GHR9
A0AAX6RME0	A0A8I3P0A5
A0AAX6RME0	A0A8J6G406
A0AAX6RME0	A0A8J6GFL1
A0AAX6RME0	A0A9W3FCT3
A0AAX6RME0	G1QQL8
A0AAX6RME0	G1U3L5
A0AAX6RME0	G1U414
A0AAX6RME0	G9KIV2
A0AAX6RME0	H0X996
A0AAX6RME0	H2PNU2
A0AAX6RME0	U3CWD3
A0AAX6RME0	A0A061IMN7
A0AAX6RME0	A0A1S3FM08
A0AAX6RME0	A0A2I3TWU1
A0AAX6RME0	A0A2K5NAY1
A0AAX6RME0	A0A2K5VST1
A0AAX6RME0	A0A2Y9K2I4
A0AAX6RME0	A0A384ABN6
A0AAX6RME0	A0A3Q7R7J3
A0AAX6RME0	A0A4W2HCN1
A0AAX6RME0	A0A4W2HI70
A0AAX6RME0	A0A5F9DQ64
A0AAX6RME0	A0A8B6YJZ1
A0AAX6RME0	A0A8B7TP14
A0AAX6RME0	A0A8B8TB36
A0AAX6RME0	A0A8B8TC46
A0AAX6RME0	A0A8B9W8U3
A0AAX6RME0	A0A8C3YMW5
A0AAX6RME0	A0A8C6CJQ1
A0AAX6RME0	A0A8C6GC41
A0AAX6RME0	A0A8C6RYD2
A0AAX6RME0	A0A8C8USA8
A0AAX6RME0	A0A8D0BGN9
A0AAX6RME0	A0A8D1UTU5
A0AAX6RME0	A0A9L0JTD9
A0AAX6RME0	A0A9W3ESR3
A0AAX6RME0	C6L245
A0AAX6RME0	G1SGH0
A0AAX6RME0	G3RPB6
A0AAX6RME0	H0XFT0
A0AAX6RME0	K7FSQ6
A0AAX6RME0	L5KQU0
A0AAX6RME0	M3YAT9
A0AAX6RME0	Q5H728
A0AAX6RME0	A0A1S3FKE6
A0AAX6RME0	A0A287B5W2
A0AAX6RME0	A0A2K5J9Y8
A0AAX6RME0	A0A2K5JA15
A0AAX6RME0	A0A2K5NDI0
A0AAX6RME0	A0A2K6JYM5
A0AAX6RME0	A0A2R9CKV3
A0AAX6RME0	A0A2R9CSV7
A0AAX6RME0	A0A3Q2IA10
A0AAX6RME0	A0A452FED1
A0AAX6RME0	A0A4W2D2V2
A0AAX6RME0	A0A6I9KYW4
A0AAX6RME0	A0A7N5JMP3
A0AAX6RME0	A0A7N5KMK5
A0AAX6RME0	A0A833Z5X1
A0AAX6RME0	A0A8B7B535
A0AAX6RME0	A0A8B8YA56
A0AAX6RME0	A0A8C0L663
A0AAX6RME0	A0A8C4PLH7
A0AAX6RME0	A0A8C5K0Z3
A0AAX6RME0	A0A8C6GD71
A0AAX6RME0	A0A8C6WCV5
A0AAX6RME0	A0A8C7BW48
A0AAX6RME0	A0A8C8THT8
A0AAX6RME0	A0A8C8UFG2
A0AAX6RME0	A0A8C9ICD1
A0AAX6RME0	A0A8D2KTU8
A0AAX6RME0	A0A8U0R929
A0AAX6RME0	A0A9B0T944
A0AAX6RME0	A0A9L0IE58
A0AAX6RME0	A0AA35LIV7
A0AAX6RME0	A0AAW0H793
A0AAX6RME0	A3FEW6
A0AAX6RME0	D2HP16
A0AAX6RME0	F6T323
A0AAX6RME0	G1LI59
A0AAX6RME0	G3STI1
A0AAX6RME0	H2PP86
A0AAX6RME0	Q5H729
A0AAX6RME0	A0A1S3FKY5
A0AAX6RME0	A0A2I3T9A0
A0AAX6RME0	A0A2J8V2Y8
A0AAX6RME0	A0A2K5EV46
A0AAX6RME0	A0A2K5IWD7
A0AAX6RME0	A0A2K5WFS7
A0AAX6RME0	A0A2R8NEX5
A0AAX6RME0	A0A2Y9IQS8
A0AAX6RME0	A0A340Y052
A0AAX6RME0	A0A4W2D7A2
A0AAX6RME0	A0A4W2HJC7
A0AAX6RME0	A0A4X1V4D2
A0AAX6RME0	A0A4X2KZJ2
A0AAX6RME0	A0A5F9D5Z3
A0AAX6RME0	A0A6J2MV36
A0AAX6RME0	A0A6P3IQ77
A0AAX6RME0	A0A7N5JDR6
A0AAX6RME0	A0A803SSB5
A0AAX6RME0	A0A8B7QIA0
A0AAX6RME0	A0A8C0WXE0
A0AAX6RME0	A0A8C4LN56
A0AAX6RME0	A0A8C8UE55
A0AAX6RME0	A0A8C8UKQ7
A0AAX6RME0	A0A8D2D917
A0AAX6RME0	A0A8D2KA69
A0AAX6RME0	A0A8M1M6S9
A0AAX6RME0	A0AAV0ADG5
A0AAX6RME0	A0AAV0AEY6
A0AAX6RME0	A3FEW7
A0AAX6RME0	E7EQ64
A0AAX6RME0	A0A2R9BGV3
A0AAX6RME0	A6XMV8
A0AAX6RME0	A0A151NL27
A0AAX6RME0	A0A674IMR6
A0AAX6RME0	A0A1U7S924
A0AAX6RME0	A0A2K5JA69
A0AAX6RME0	A0A2K5JCU0
A0AAX6RME0	A0A2K5NU59
A0AAX6RME0	A0A2K6A134
A0AAX6RME0	A0A2K5Z2A8
A0AAX6RME0	A0A2K6DF83
A0AAX6RME0	A0A2K6KR17
A0AAX6RME0	A0A5F8G7G2
A0AAX6RME0	A0A5F8H642
A0AAX6RME0	A0A5F8HEX7
A0AAX6RME0	A0A5F8GQM5
A0AAX6RME0	A0A5F8GNW7
A0AAX6RME0	A0A5F8GZN7
A0AAX6RME0	A0A7N5KJK7
A0AAX6RME0	A0A8B8Y8U6
A0AAX6RME0	A0A8C7BRV4
A0AAX6RME0	A0A8C7BTH7
A0AAX6RME0	A0A3G2GQM6
A0AAX6RME0	A0A3G2GQW3
A0AAX6RME0	A0A2U3X3I1
A0AAX6RME0	A0A3Q7MTT8
A0AAX6RME0	A0A8D0BUX8
A0AAX6RME0	A0A8J6AB99
A0AAX6RME0	P00763
A0AAX6RME0	Q9R0T7
A0AAX6RME0	Q9QUK9
A0AAX6RME0	A6IF27
A0AAX6RME0	A0A8I5Y5M6
A0AAX6RME0	A6IF29
A0AAX6RME0	A6IF30
A0AAX6RME0	Q3V2E0
A0AAX6RME0	A0A6P5P7E3
A0AAX6RME0	A0A6P5PCY4
A0AAX6RME0	A0A8C8U8W7
A0AAX6RME0	A0AB34GW62
A0AAX6RME0	G3VR43
A0AAX6RME0	A0A7N4PAZ7
A0AAX6RME0	A0A8C2M8G5
A0AAX6RME0	A0A8C2MG01
A0AAX6RME0	A0A6P5P995
A0AAX6RME0	A0A9J7F2L5
A0AAX6RME0	A0A340Y2M2
A0AAX6RME0	G1LIB7
A0AAX6RME0	A0A1S3FM12
A0AAX6RME0	A0A2K5ZNJ1
A0AAX6RME0	A0A2K5NAP6
A0AAX6RME0	A0A2K6JYQ0
A0AAX6RME0	A0A5F8H3M6
A0AAX6RME0	A0A5F8HJ24
A0AAX6RME0	A0A5N4E071
A0AAX6RME0	A0A671EMR2
A0AAX6RME0	A0A671EMU6
A0AAX6RME0	A0A8B9WCN1
A0AAX6RME0	A0A8C4LUZ2
A0AAX6RME0	A0A8C8UND2
A0AAX6RME0	A0A8C9BYW8
A0AAX6RME0	A0A8C9IKF0
A0AAX6RME0	A0A8D2GJH3
A0AAX6RME0	A0A8D2GKP7
A0AAX6RME0	A0A8D0BJU6
A0AAX6RME0	A0A8D0DJX5
A0AAX6RME0	A0A8D0DMV0
A0AAX6RME0	A0A8D0DMY4
A0AAX6RME0	A0A8D0BKF8
A0AAX6RME0	A0A8D2GAS0
A0AAX6RME0	A0A2K5ND85
A0AAX6RME0	F6X2B2
A0AAX6RME0	A0A2K6EAX7
A0AAX6RME0	A0A8D2GAI3
A0AAX6RME0	Q5H732
A0AAX6RME0	A0A2K5Z290
A0AAX6RME0	A0A2K5Z299
A0AAX6RME0	A0A8D2GE14
A0AAX6RME0	A0A2K6EAY3
A0AAX6RME0	A0A8D2GJ85
A0AAX6RME0	A0A8D2J6S6
A0AAX6RME0	A0AAX6RT01
A0AAX6RME0	A0A6P3F2P2
A0AAX6RME0	A0AAX6PZS6
A0AAX6RME0	G5C5M9
A0AAX6RME0	A0A1S3FKJ0
A0AAX6RME0	A0A1S3FL51
A0AAX6RME0	A0ABM1L1E5
A0AAX6RME0	L8HM14
A0AAX6RME0	L8HNC2
A0AAX6RME0	A0A2K5NTZ6
A0AAX6RME0	A0A2K5JCN0
A0AAX6RME0	A0A2K6DZW8
A0AAX6RME0	Q5H734
A0AAX6RME0	A0A2K6LZT7
A0AAX6RME0	A0A2K6A107
A0AAX6RME0	A0A2K6JYP9
A0AAX6RME0	A0A4X2KY83
A0AAX6RME0	A0A5F8G3M6
A0AAX6RME0	A0A8B7VR50
A0AAX6RME0	A0A8B9WAU1
A0AAX6RME0	A0A8C9IDP2
A0AAX6RME0	A0A8D2GIZ3
A0AAX6RME0	A0A2K5JAI0
A0AAX6RME0	A0A4W2HH41
A0AAX6RME0	A0A4X2KXY5
A0AAX6RME0	A0A5F8HBV2
A0AAX6RME0	A0A5F9DG13
A0AAX6RME0	A0A8C4LTC4
A0AAX6RME0	A0A8C9LX65
A0AAX6RME0	A0A8C9INB0
A0AAX6RME0	A0A8D0BID7
A0AAX6RME0	A0A8D0BLC5
A0AAX6RME0	A0A8D0BK60
A0AAX6RME0	A0A8D0BEA5
A0AAX6RME0	A0A8D2KXN5
A0AAX6RME0	A0A7L0BCJ9
A0AAX6RME0	A0A8D2KXN4
A0AAX6RME0	A0A091T9D9
A0AAX6RME0	A0A8C3L2C8
A0AAX6RME0	A0A8K1D6F5
A0AAX6RME0	A0A7K4RGJ0
A0AAX6RME0	A0A7L4A598
A0AAX6RME0	A0A7L2HDC3
A0AAX6RME0	A0A8D2PZ43
A0AAX6RME0	A0A2I3HAS6
A0AAX6RME0	A0A2I3G4T4
A0AAX6RME0	A0A2K5JCW2
A0AAX6RME0	A0A8C0ITP1
A0AAX6RME0	A0A8C5ZBX8
A0AAX6RME0	A0A8C8YFK4
A0AAX6RME0	A0A8D2GII3
A0AAX6RME0	A0A8D2K9Z2
A0AAX6RME0	A0A8C4LTD4
A0AAX6RME0	A0A8C4LNV8
A0AAX6RME0	A0AAW1C1M1
A0AAX6RME0	A0A8D2J5Z8
A0AAX6RME0	A0A9F2R3L5
A0AAX6RME0	A0A8D2J5S4
A0AAX6RME0	A0A8D2J2N8
A0AAX6RME0	A0A8D2IZS9
A0AAX6RME0	A0A8D2J5Z7
A0AAX6RME0	A0A1A6GFB2
A0AAX6RME0	A0A8J6FXK1
A0AAX6RME0	A0A8C6IQ66
A0AAX6RME0	A0A8V5FQT2
A0AAX6RME0	A0A851PYJ2
A0AAX6RME0	A0A2K6LCH6
A0AAX6RME0	A0A2K6P0G1
A0AAY4BWQ4	A0AAY4BWQ4
A0AAY4CD70	A0AAY4CD70
A0AB39YXJ3	A0AB39YXJ3
A0AB39YXZ5	A0AB39YXZ5
A0AB39YXZ5	Q9VXC7
A0AB39YXZ5	B4IER8
A0AB39YXZ5	A0A6P8L2H2
A0AB39YXZ5	B4R618
A0AB39YXZ5	B4Q1T7
A0AB39YXZ5	B3NVL3
A0AB39ZAF9	A0AB39ZAF9
A0AB39ZEF9	A0AB39ZEF9
A0AB39ZF92	A0AB39ZF92
A0AB40DLV1	A0AB40DLV1
A0AB40DLV1	A0AB39ZQT7
A0AB40DLV1	A0AB39Z2D6
A0ABC9WKW9	A0ABC9WKW9
A0ABC9WKW9	A0A091KRK9
A0ABC9WKW9	A0A7L1KJE1
A0ABC9WKW9	A0A0A0AP72
A0ABC9WKW9	A0A7L2WX79
A0ABC9WKW9	A0A7K4WN72
A0ABC9WKW9	A0A7K8YNC5
A0ABC9WKW9	A0A7K5D9S3
A0ABC9WKW9	A0A7K8PMM9
A0ABC9WKW9	A0A7L0XNG8
A0ABC9WKW9	A0A7L3YZW1
A0ABC9WKW9	A0A7L0PG60
A0ABC9WKW9	A0A7L1KZ98
A0ABC9WKW9	A0A091TP95
A0ABC9WKW9	A0A7K5Z9L1
A0ABC9WKW9	A0A7L1TM90
A0ABC9WKW9	A0A7L2HD40
A0ABC9WKW9	A0A7L2UP44
A0ABC9WKW9	A0A7L3JMY5
A0ABC9WKW9	A0A7K6EBQ6
A0ABC9WKW9	A0A7K6RNI1
A0ABC9WKW9	A0A7L4JLB4
A0ABC9WKW9	A0A850T369
A0ABD0MT80	A0ABD0MT80
A0ABD0MT80	A0A498P3V8
A0ABD0STM6	A0ABD0STM6
A0ABD0STM6	A0ABD0STR4
A0ABD0STM6	A0ABD0SW82
A0ABD0STM6	A0ABD0STN9
A0ABD0STV8	A0ABD0STV8
A0ABD0TNG1	A0ABD0TNG1
A0ABD0WS27	A0ABD0WS27
A0ABD1CIT8	A0ABD1CIT8
A0ABD1CIT8	A0A1I8JW09
A0ABD1CIT8	A0A1Y9H2V9
A0ABD1CIT8	A0A1Y9IVK5
A0ABD1CIT8	A0A1I8JVC4
A0ABD1CIT8	A0A1Y9INF5
A0ABD1CIT8	A0A903V9A8
A0ABD1CIT8	A0AAG5D3D4
A0ABD1CIT8	A0A182SKU1
A0ABD1CIT8	A0A182QTG1
A0ABD1CIT8	B0WFK5
A0ABD1D3B4	A0ABD1D3B4
A0ABD1DEF4	A0ABD1DEF4
A0ABD1DEF4	A0ABD1D6X1
A0ABD1DEJ9	A0ABD1DEJ9
A0ABD1DEX8	A0ABD1DEX8
A0A8C2WAD8	A0A8C2WAD8
A0A8C2WSA6	A0A8C2WSA6
A0A8C3GWC2	A0A8C3GWC2
A0A8C3GWC2	A0A7K6RBR8
A0A8C3GWC2	A0A7L0NYI0
A0A8C3GWC2	A0A851J563
A0A8C3GWC2	A0A7K4PMX5
A0A8C3GWC2	A0A7K5KSX2
A0A8C3GWC2	A0A852N6V2
A0A8C3GWC2	A0A7K8GLH0
A0A8C3GWC2	A0A7L0LKZ2
A0A8C3GWC2	A0ABQ9DVE1
A0A8C3GWC2	A0A7K4R9R0
A0A8C3GWC2	A0A7K8WVU2
A0A8C3GWC2	A0A7L1YSE1
A0A8C3GWC2	A0A7K5BAU3
A0A8C3GWC2	A0A7K5BAU4
A0A8C3GWC2	A0A7K8R3G7
A0A8C3GWC2	A0A7K5US39
A0A8C3GWC2	A0A7K6CY33
A0A8C3GWC2	A0A7K9K9S1
A0A8C3GWC2	A0A850XT86
A0A8C3GWC2	A0A7K6C410
A0A8C3GWC2	A0A7K6CBK3
A0A8C3GWC2	A0A7L0A874
A0A8C3GWC2	A0A7L2BK65
A0A8C3KJT1	A0A8C3KJT1
A0A8C3KJT1	A0A8B9EKH3
A0A8C3ND56	A0A8C3ND56
A0A8C3ND56	A0A7K6DIF0
A0A8C3ND56	A0A7K6DIZ8
A0A8C3ND56	A0A7K6HLK6
A0A8C3ND56	A0A7K8G1R7
A0A8C3ND56	A0A7K5LL38
A0A8C3ND56	A0A7L2XNS2
A0A8C3ND56	A0A7K6E331
A0A8C3ND56	A0A7K6HL01
A0A8C3ND56	A0A7K8BHI6
A0A8C3ND56	A0A7L0JD73
A0A8C3ND56	A0A7L1U4A5
A0A8C3ND56	A0A7K5MDH5
A0A8C3T9F8	A0A8C3T9F8
A0A8C3T9F8	A0A151NUB2
A0A8C3T9F8	A0A1U7SC28
A0A8C3T9F8	A0A674IX02
A0A8C3T9F8	A0A8C3HIP8
A0A8C3T9F8	A0A8T1S298
A0A8C3T9F8	A0A674IYA5
A0A8C3T9F8	A0A8C3HIJ9
A0A8C3T9F8	A0A8C3T6L5
A0A8C3T9F8	A0A8C3T6Y0
A0A8C3T9F8	A0A8C8SXU3
A0A8C3T9F8	A0A8C3HIZ2
A0A8C3T9F8	A0A8C3HKG7
A0A8C3T9F8	A0A8C3HKZ3
A0A8C4DCY2	A0A8C4DCY2
A0A8C4M6Y2	A0A8C4M6Y2
A0A8C4PL82	A0A8C4PL82
A0A8C4PL82	Q92876
A0A8C4PL82	A6QQ95
A0A8C4PL82	A0A0D9S544
A0A8C4PL82	A0A2K5DHZ7
A0A8C4PL82	A0A2K5RES4
A0A8C4PL82	A0A6P3TNN4
A0A8C4PL82	A0A8B9XXU1
A0A8C4PL82	A0A8C0S6U4
A0A8C4PL82	A0A8C6QBS2
A0A8C4PL82	I2CYD9
A0A8C4PL82	A0A2J8U920
A0A8C4PL82	A0A2K5HUS8
A0A8C4PL82	A0A2K5KYN9
A0A8C4PL82	A0A2K6BCH3
A0A8C4PL82	A0A2K6P4J3
A0A8C4PL82	A0A3Q2KSM8
A0A8C4PL82	A0A671EBJ2
A0A8C4PL82	A0A8C0I305
A0A8C4PL82	A0A8C3WHL1
A0A8C4PL82	A0A8C8XGJ6
A0A8C4PL82	A0A8C9CLZ8
A0A8C4PL82	A0A9V1EGA7
A0A8C4PL82	A0AAJ7HN73
A0A8C4PL82	A0AB34HDD0
A0A8C4PL82	A0A2J8Q6K5
A0A8C4PL82	A0A2K6EWE5
A0A8C4PL82	A0A452E0K3
A0A8C4PL82	A0A4X1VV98
A0A8C4PL82	A0A5N3VIW5
A0A8C4PL82	A0A7F8K9D2
A0A8C4PL82	A0A7J7RFV7
A0A8C4PL82	A0A8C6DI89
A0A8C4PL82	A0A8C9K552
A0A8C4PL82	A0A8D2HQU8
A0A8C4PL82	A0A8I3W0M0
A0A8C4PL82	I3M8B4
A0A8C4PL82	A0A1S3A977
A0A8C4PL82	A0A1U7UY69
A0A8C4PL82	A0A2K5YBQ0
A0A8C4PL82	A0A3Q7TJC3
A0A8C4PL82	A0A7N5JF74
A0A8C4PL82	A0A8B7FLY4
A0A8C4PL82	A0A8C7BVD5
A0A8C4PL82	G7PYG1
A0A8C4PL82	H0XB10
A0A8C4PL82	A0A2Y9ELW9
A0A8C4PL82	A0A5J5MZN9
A0A8C4PL82	A0A8C0W2L6
A0A8C4PL82	A0A8C6B0Y0
A0A8C4PL82	A0A8D2DWN1
A0A8C4PL82	A0A9X9LHW1
A0A8C4PL82	A0A2I2MP54
A0A8C4PL82	A0A2I2MP55
A0A8C4PL82	A0A8C5YV30
A0A8C4PL82	A0A452S8L7
A0A8C4PL82	A0A452TZQ5
A0A8C4PL82	A0A8C0L3Q4
A0A8C4PL82	A0A8C2UKU1
A0A8C4PL82	A0A286XJU8
A0A8C4PL82	A0A8C9DQ96
A0A8C4PL82	A0AA40HEU0
A0A8C4RQX4	A0A8C4RQX4
A0A8C4RQX4	A0A8C4RNW0
A0A8C4RQX4	A0A8C4RR38
A0A8C4RQX4	A0A8C4RR53
A0A8C4RQX4	A0A8C4RQB5
A0A8C4RQX4	A0A8C4RVK8
A0A8C4RRT6	A0A8C4RRT6
A0A8C4S520	A0A8C4S520
A0A8C4S520	A0A8C4S4G0
A0A8C4S520	A0A8X7X0B8
A0A8C4S520	A0A8C4S4F2
A0A8C4S520	A0AAD8FXB1
A0A8C4S520	A0AAD8FZD6
A0A8C4S5K3	A0A8C4S5K3
A0A8C4S5K3	A0A8C4S4W8
A0A8C4S5K3	A0A8C4X7Z8
A0A8C4S5K3	A0A8C4S4L6
A0A8C4T7K5	A0A8C4T7K5
A0A8C4T7K5	A0A8X7XAE7
A0A8C4T7K5	A0A8C4XFA6
A0A8C4T7K5	A0A8C4T5M4
A0A8C4T7K5	A0A8C4T3M7
A0A8C4T7K5	A0A8C4T7H9
A0A8C4T867	A0A8C4T867
A0A8C4T867	A0A8C4XFF9
A0A8C4T867	A0A8X7X7P2
A0A8C4TEG2	A0A8C4TEG2
A0A8C4TEG2	A0A8X7XP80
A0A8C4TEG2	A0AAV7PYN8
A0A8C4TJ89	A0A8C4TJ89
A0A8C9Z200	A0A8C9Z200
A0A8C9Z200	A0A8C9Z0J6
A0A8C9Z200	A0A8C9Z0I7
A0A8C9Z200	A0A6A5EV03
A0A8C9Z200	A0A8C9Z3K1
A0A8C9Z200	A0A8D0D216
A0A8C9Z200	A0A6A5E9Q9
A0A8C9Z200	A0A8C9Z081
A0A8C9Z200	A0A8C9Z098
A0A8D0BBK1	A0A8D0BBK1
A0A8D0DN01	A0A8D0DN01
A0A8D0GIG1	A0A8D0GIG1
A0A8D0GIG1	A0A8D0GC06
A0A8D0GJW9	A0A8D0GJW9
A0A8D0HG24	A0A8D0HG24
A0A8D0L7F1	A0A8D0L7F1
A0A8D0L7F1	A0A8D0GZ16
A0A8D0LAV9	A0A8D0LAV9
A0A8D2B4M1	A0A8D2B4M1
A0A8D2IUT9	A0A8D2IUT9
A0A8D2IUT9	A0A8D2IVR2
A0A8D2KX46	A0A8D2KX46
A0A8D2KX46	A0A8D2Q1U5
A0A8D2KX46	A0A8D2KZW3
A0A8D2KX46	A0A8D2KXJ9
A0A8D2KX46	A0A8D2KZE0
A0A8D2KX46	A0A670JES0
A0A8D2KX46	A0A670JGG7
A0A8D2KX46	A0A8D2Q1Q3
A0A8D2L2U8	A0A8D2L2U8
A0A8D2Q082	A0A8D2Q082
A0A8D8A738	A0A8D8A738
A0A8D8A738	B0XES9
A0A8D8A738	A0A1Q3EV88
A0A8D8A738	A0A8D8DNX9
A0A8D8A738	A0ABD1CC42
A0A8D8AB03	A0A8D8AB03
A0A8D8AB03	B0WSP2
A0A8D8AB03	A0ABD1D5P5
A0A8D8DEQ8	A0A8D8DEQ8
A0A8D8DEQ8	A0A1Q3FQJ5
A0A8D8DEQ8	A0A1Q3FNA4
A0A8D8DEQ8	B0W771
A0A8D8DEQ8	A0A1Q3FPS2
A0A8D8DEQ8	A0ABD1DAT8
A0A8D8FXI8	A0A8D8FXI8
A0A8D8J271	A0A8D8J271
A0A8D8J271	A0A1Q3FSN3
A0A8D8J271	A0A8D8C833
A0A8D8J271	B0WIS5
A0A8D8J271	A0A1Q3FSM4
A0A8D8J271	A0ABD1DFS3
A0A8D8J271	A0ABD1CU63
A0A8D8J271	A0A8D8C6S9
A0A8T2P3S9	A0A8T2P3S9
A0A8T3E4J3	A0A8T3E4J3
A0A8W7K9K8	A0A8W7K9K8
A0A8W7PMJ0	A0A8W7PMJ0
A0A8W7PMJ0	A0AAG5CTS6
A0A8X6GE43	A0A8X6GE43
A0A8X6GE43	A0A8X6XPE2
A0A8X6GE43	A0A8X6Y397
A0A8X8BRW2	A0A8X8BRW2
A0A903VK20	A0A903VK20
A0A903Z006	A0A903Z006
A0A914P810	A0A914P810
A0A914P810	A0A914R085
A0A921S8E3	A0A921S8E3
A0A921YRQ1	A0A921YRQ1
A0A922CGC2	A0A922CGC2
A0A922MRA9	A0A922MRA9
A0A974D236	A0A974D236
A0A979FWF3	A0A979FWF3
A0A9C5ZNS9	A0A9C5ZNS9
A0A9C6T5D4	A0A9C6T5D4
A0A9D3PMU0	A0A9D3PMU0
A0A9D3QEP6	A0A9D3QEP6
A0A9D4PKU7	A0A9D4PKU7
A0A9J6BCB5	A0A9J6BCB5
A0A9J6BCB5	A0A9J6BCS9
A0A9J6BG56	A0A9J6BG56
A0A9J6BJJ5	A0A9J6BJJ5
A0A9J6BZG7	A0A9J6BZG7
A0A9J6BZS7	A0A9J6BZS7
A0A9J6CK13	A0A9J6CK13
A0A9J6CRS6	A0A9J6CRS6
A0A9J7CXJ7	A0A9J7CXJ7
A0A9J7XBA8	A0A9J7XBA8
A0A9J7XBA8	A0A8C1WMM6
A0A9J7XBA8	A0A8C2IEU2
A0A9J7XBA8	A0A9J8CU55
A0A9J7XBA8	A0A8C1G480
A0A9J7XBA8	A0A8C1WLW1
A0A9J7XBA8	A0A9J7XEU3
A0A9J7XBA8	A0A673FIP5
A0A9J7XBA8	A0A671R7H9
A0A9J7XBA8	A0A671R772
A0A9J7XBA8	A0A671R7L6
A0A9J7XBA8	A0A6P6QWH7
A0A9J7XBA8	A0AAN9DD65
A0A9J7XBA8	A0AAN9DEE1
A0A9J7XBA8	A0A673LD51
A0A9J7XBA8	A0AAW1ZM07
A0A9J7XBA8	A0A3N0YVH6
A0A9J7XBA8	A0A671R785
A0A9J7XBA8	A0A671R7I9
A0A9J7XBA8	A0A8C1WQ07
A0A9J7XBA8	A0A673LDA3
A0A9J7XBA8	A0A6P6NBF8
A0A9J7XBA8	A0AA88PF76
A0A9J7XBA8	A0A498MEV9
A0A9J7XBA8	A0A8C1NQP2
A0A9J7XBA8	A0A8C1WRH3
A0A9J7XBA8	A0A8C2ID64
A0A9J7XBA8	A0AAW1ZME9
A0A9J7XBA8	A0A498MQV9
A0A9J7XBA8	A0A8C1FVD3
A0A9J7XBA8	A0A8C1G1T9
A0A9J7XBA8	A0A8C1NP59
A0A9J7XBA8	A0A3N0YVF6
A0A9J7XBA8	A0A8C1NNK4
A0A9J7XBA8	A0A8C1NQI7
A0A9J7XBA8	A0A8C1R883
A0A9J7XBA8	A0A498MNU5
A0A9J7XBA8	A0A498MRU0
A0A9J7XBA8	A0A671R7W1
A0A9J7XBA8	A0A6P6PH70
A0A9J7XBA8	A0A8C1R832
A0A9J7XBA8	A0A8C1WPI1
A0A9J7XBA8	A0A8C2IDP7
A0A9J7XBA8	A0A8C2IER6
A0A9J7XBA8	A0A9J8CIY9
A0A9J7XBA8	A0AAN9DFD4
A0A9J7XBA8	A0AA88PMV7
A0A9J8CG82	A0A9J8CG82
A0A9J8CG82	A0A673MNM8
A0A9L0RUB5	A0A9L0RUB5
A0A9L0TLD5	A0A9L0TLD5
A0A9N7YIU6	A0A9N7YIU6
A0A9N7YIU6	A0A8C9ZDE7
A0A9N8KWW1	A0A9N8KWW1
A0A9N9RJV4	A0A9N9RJV4
A0A9N9RL07	A0A9N9RL07
A0A9N9RQI7	A0A9N9RQI7
A0A9N9RT32	A0A9N9RT32
A0A9N9RTZ2	A0A9N9RTZ2
A0A9N9RV49	A0A9N9RV49
A0A9N9S655	A0A9N9S655
A0A9N9S687	A0A9N9S687
A0A9N9S687	A0A9N9WUU7
A0A9N9S6I6	A0A9N9S6I6
A0A9N9S7B5	A0A9N9S7B5
A0A9N9SAA9	A0A9N9SAA9
A0A9N9SM52	A0A9N9SM52
A0A9N9SRQ8	A0A9N9SRQ8
A0A9N9WIA2	A0A9N9WIA2
A0A9N9WIA2	A0A9N9WK09
A0A9N9WK56	A0A9N9WK56
A0A9N9WMV2	A0A9N9WMV2
A0A9N9X511	A0A9N9X511
A0A9P0C0R4	A0A9P0C0R4
A0A9P0C0R4	A0A7E5VK79
A0A9P0DIT0	A0A9P0DIT0
A0A9P0DTL4	A0A9P0DTL4
A0A9P0E4B0	A0A9P0E4B0
A0A9P0FDV8	A0A9P0FDV8
A0A9P0GD56	A0A9P0GD56
A0A9P0GHZ3	A0A9P0GHZ3
A0A9P0H0T8	A0A9P0H0T8
A0A9P0IDH9	A0A9P0IDH9
A0A9P0IDH9	A0A9J7E2G4
A0A9P0IV64	A0A9P0IV64
A0A9P0J599	A0A9P0J599
A0A9P0KVP9	A0A9P0KVP9
A0A9P0MWT7	A0A9P0MWT7
A0A9P0NWX4	A0A9P0NWX4
A0A9P0PAA3	A0A9P0PAA3
A0A9P0PAA3	A0A9P0PBL9
A0A9P0PFB7	A0A9P0PFB7
A0A9P0TMR0	A0A9P0TMR0
A0A9P0TNQ9	A0A9P0TNQ9
A0A9P0TPX3	A0A9P0TPX3
A0A9P0X4A3	A0A9P0X4A3
A0A9P0X5I2	A0A9P0X5I2
A0A9P0X9F9	A0A9P0X9F9
A0A9P0XG80	A0A9P0XG80
A0A9P0XG80	A0A821RDS8
A0A9P9YNF9	A0A9P9YNF9
A0A9P9YNF9	A0ABM4TMN0
A0A9P9YNF9	P42279
A0A9P9YNF9	P54629
A0A9P9YNF9	G2J5Y6
A0A9P9YNF9	A0A6P8JCJ5
A0A9P9YNF9	B4QB84
A0A9P9YNF9	B4P6J1
A0A9P9YNF9	B3NSI1
A0A9P9YNF9	A0AAU9GCS5
A0A9P9YNF9	B3MF98
A0A9P9YNF9	B4GGG5
A0A7R9L8J1	A0A7R9L8J1
A0A8C5RIL7	A0A8C5RIL7
A0A8C5SR04	A0A8C5SR04
A0A8C5SR04	A0A8C5SKZ0
A0A8I3NK04	A0A8I3NK04
A0A8I3NK04	A0A3Q7T4W6
A0A8I3NK04	M3Y2G6
A0A8I3NK04	A0A8C7EJ23
A0A8I3NK04	A0A9V1EMT0
A0A8I3NK04	A0A8C9L3X5
A0A8I3NK04	A0A8C8Y4Z2
A0A8I3NK04	A0A452QQD0
A0A8I3NK04	A0A384DIZ4
A0A8I3NK04	A0A7N5JVN1
A0A8X6JII7	A0A8X6JII7
A0A9J6G7G6	A0A9J6G7G6
A0A0B4LEW8	A0A0B4LEW8
A0A2R8QQC0	A0A2R8QQC0
A0A3Q1MEU3	A0A3Q1MEU3
A0A8M1PUX6	A0A8M1PUX6
A0A8M9P5M1	A0A8M9P5M1
A0A8M9P5M1	A0AB13A3Z6
A0A8M9P5M1	A0A673GDM1
A0A8M9P5M1	A0A8C1I7Z8
A0A8M9P5M1	A0A8C1V3J5
A0A8M9P5M1	A0A553P0X9
A0A8M9P5M1	A0A671N6K8
A0A8M9P5M1	A0A673GCB8
A0A8M9P5M1	A0A5A9NBH4
A0A8M9P5M1	A0A673HJ65
A0A8M9P5M1	A0A673GD31
A0A8M9P5M1	A0A6P6J512
A0A8M9P5M1	A0A7J6BNZ4
A0A8M9P5M1	A0A8C2D046
A0A8M9P5M1	A0A671NAH8
A0A8M9P5M1	A0A672NRI5
A0A8M9P5M1	A0A671NAI1
A0A8M9P5M1	A0A672NPY5
A0A8M9P5M1	A0A673HHY4
A0A8M9P5M1	A0A672NN50
A0A8M9P5M1	A0A673HES1
A0A8M9P5M1	A0A671QYS8
A0A8M9P5M1	A0A673G907
A0A8M9P5M1	A0AAW1Z2E4
A0A8M9P5M1	A0A673GDM5
A0A8M9P5M1	A0AAN9CEB9
A0A8M9PQ42	A0A8M9PQ42
A0A8M9PQ42	A0A8M9PWG8
A0A8M9PQ42	A0A8M9Q7E3
A0A8M9PQ42	A0A8M1RP82
A7DYV6	A7DYV6
A7DYV6	A7DYW3
A7DYV6	Q0GSS7
A7DYV6	A7DYV8
A7DYV6	Q0GSS5
A7DYV6	Q0GSS6
A7DYV6	A7DYV9
A7DYV6	A7DYW0
A7DYV6	A7DYW5
A7DYV6	Q0GST3
A7DYV6	Q9VQA0
A7DYV6	A7DYV7
A7DYV6	Q0GSU5
A7DYV6	Q0GST5
A7DYV6	A7DYY0
A7DYV6	B4I2H7
A7DYV6	A7DYX5
A7DYV6	A7DYX7
A7DYV6	A0A6P8K135
A7DYV6	A7DYX6
A7DYV6	A7DYX9
A7DYV6	A7DYY1
A8DYG0	A8DYG0
A9UN47	A9UN47
A9UN47	A9UN56
A9UN47	B5X0M1
A9UN47	Q8IPY7
A9UN47	A0A0J9QUC2
B7Z091	B7Z091
B7Z091	Q9VP92
B7Z091	X2JCP6
B7Z091	A0A0R1DZ40
B7Z091	A0A0R1E7W2
B7Z091	B4PEM7
B7Z091	B4IUJ2
B7Z091	A0A0Q5UJY3
B7Z091	B3NIU0
D3ZD22	D3ZD22
D3ZD22	B2RVZ0
M0R4Y2	M0R4Y2
Q8IRR3	Q8IRR3
Q920S1	Q920S1
Q99M20	Q99M20
A0A287BI78	A0A287BI78
A0A287BI78	A0A8D0N0G2
A0A287BI78	I3LSM8
A0A287BI78	A0A8C3WCN7
A0A287BI78	A0A8D0MYL4
A0A287BI78	A0A8D0N3E6
A0A287BI78	A0A8D1KZC8
A0A287BI78	Q6H319
A0A2A3EPZ5	A0A2A3EPZ5
A0A2A3EPZ5	A0AA40G0K3
A0A2A3EPZ5	A0A0L7RF89
A0A2A3EPZ5	A0A7M7R3J2
A0A2A4J216	A0A2A4J216
A0A2A4J216	A0A2W1BMA6
A0A2A4J216	A0A922M7P7
A0A2A4J216	A0A2H1VSC8
A0A2A4J216	A0A9J7J239
A0A2A4J216	A0A9R0DTF9
A0A2A4J216	A0A7E5W8E9
A0A2A4J216	A0A9P0FVC2
A0A2A4JIQ6	A0A2A4JIQ6
A0A2A4JIQ6	A0A2W1BDR0
A0A2A4JWI7	A0A2A4JWI7
A0A2A4JX80	A0A2A4JX80
A0A2A4K747	A0A2A4K747
A0A2A4K747	A0A9P0BTJ6
A0A2A4K747	A0A2W1BKF9
A0A2A4K747	A0A7E5WY46
A0A2A4K747	A0A922MY66
A0A2A4K747	A0A9R0DCJ0
A0A2C9GV82	A0A2C9GV82
A0A2C9H8W5	A0A2C9H8W5
A0A2C9H8W5	A0A240PPU9
A0A2C9H8W5	A0A182MIF9
A0A2C9H8W5	A0A2C9H6I5
A0A2C9H8W5	A0A8W7PFX0
A0A2C9H8W5	A0A182U0F0
A0A2C9H8W5	A0A182UY08
A0A2C9H8W5	A0A240PK19
A0A2C9H8W5	A0A2C9GVB6
A0A2C9H8W5	A0AAG5DDQ3
A0A2D4FYT2	A0A2D4FYT2
A0A2G5U2T5	A0A2G5U2T5
A0A2G5U2T5	Q94176
A0A2H1VAF3	A0A2H1VAF3
A0A2H1VAF3	A0A9R0D2S4
A0A2H1W522	A0A2H1W522
A0A2H1W522	A0A9P0N5F6
A0A2H1W522	A0A922N0A7
A0A2I1KSC5	A0A2I1KSC5
A0A2I3TAJ1	A0A2I3TAJ1
A0A2I3TAJ1	Q8IYP2
A0A2I3TAJ1	A0A8C8YXV9
A0A2I3TAJ1	A0A8J8XE26
A0A2I3TAJ1	G7MMW4
A0A2I3TAJ1	A0A8C5XVP0
A0A2I3TAJ1	A0A9W3GMU0
A0A2I3TAJ1	F1SRS0
A0A2I3TAJ1	G3QZ77
A0A2I3TAJ1	F7A072
A0A2I3TAJ1	A0A0D9R6C6
A0A2I3TAJ1	A0A8C0XDQ3
A0A2I5YNR2	A0A2I5YNR2
A0A2I5YNR2	A0A2I5YNX5
A0A2I5YNR2	A0A2I5YNW9
A0A2I5YNR2	A0A2I5YNX1
A0A2I5YNW8	A0A2I5YNW8
A0A2J7PGY7	A0A2J7PGY7
A0A2J7PGY7	A0A2J7PGY0
A0A2J7Q278	A0A2J7Q278
A0A2K6BUE8	A0A2K6BUE8
A0A2K6BUE8	Q7Z5A4
A0A2K6BUE8	A0A2K6K7F9
A0A2K6BUE8	G3QJD2
A0A2K6BUE8	A0A8D2EU01
A0A2K6BUE8	A0A2I3S8A3
A0A2K6BUE8	A0A2R9CDZ0
A0A2K6BUE8	G7MIS7
A0A2K6BUE8	A0A0D9RUF2
A0A2K6BUE8	A0A8C9GPM5
A0A2K6BUE8	A0A2K5HAH6
A0A2K6GB55	A0A2K6GB55
A0A2K6P0X7	A0A2K6P0X7
A0A2M4AWQ6	A0A2M4AWQ6
A0A2M4AWQ6	A0A2M4AYW4
A0A2M4AWQ6	A0A2M4AXP2
A0A2M4C629	A0A2M4C629
A0A2U9BZN3	A0A2U9BZN3
A0A2W1B2E4	A0A2W1B2E4
A0A2W1BB90	A0A2W1BB90
A0A2W1BB90	A0A2W1B1G1
A0A2W1BB90	A0A2A4K6E3
A0A2W1BB90	A0A2A4K5F8
A0A2W1BB90	A0A2A4K6U2
A0A2W1BB90	A0A2W1B606
A0A2W1BB90	E7D004
A0A2W1BB90	A0AAD7Z349
A0A2W1BB90	A0A2W1BA14
A0A2W1BGR2	A0A2W1BGR2
A0A2W1BGR2	A0A2A4K5Z2
A0A2W1BGR2	A0A2A4K756
A0A2W1BGR2	A0A2A4K759
A0A2W1BGR2	A0A2A4K5I0
A0A2W1BGR2	A0A2A4K5H3
A0A2W1BGR2	A0A2W1BE69
A0A2W1BII2	A0A2W1BII2
A0A2W1BII2	A0A2A4JFE4
A0A2W1BIS3	A0A2W1BIS3
A0A2W1BIS3	A0A835GUF7
A0A2W1BIS3	A0A9P0MZY7
A0A2W1BIS3	A0A922MDF9
A0A2W1BSA6	A0A2W1BSA6
A0A2W1BSA6	A0A2W1BKV8
A0A2W1BSA6	I7DEI4
A0A2W1BSA6	A0A2A4K6W3
A0A2W1BSA6	A0A2A4K6F3
A0A2W1BSA6	A0A2W1BQW9
A0A2Y9DXK2	A0A2Y9DXK2
A0A2Y9K8U6	A0A2Y9K8U6
A0A2Y9K8U6	A0A3Q7P8A8
A0A2Y9K8U6	A0A8C0LM94
A0A2Y9K8U6	A0A8C7AVI6
A0A2Y9K8U6	A0A8C7B0E1
A0A2Y9K8U6	M3Y7E6
A0A2Y9K8U6	A0A8C0S554
A0A2Y9K8U6	D2GXR9
A0A2Y9K8U6	A0A8C0N4N7
A0A2Y9K8U6	A0A8P0TLV2
A0A2Y9K8U6	A0A8C0R8L1
A0A2Y9K8U6	A0A8P0SRY2
A0A2Y9K8U6	G1MJE8
A0A2Y9K8U6	A0A8I3N2L0
A0A2Y9K8U6	A0A384BMI3
A0A2Y9K8U6	A0A452RY26
A0A2Y9K8U6	A0A811Z144
A0A329RAT5	A0A329RAT5
A0A397D653	A0A397D653
A0A3B1JG48	A0A3B1JG48
A0A3B1JG48	A0A8B9H9H8
A0A3B1JG48	A0A8B9HAQ0
A0A3B1JG48	A0AAE0QE56
A0A3B1JG48	A0A8C6LQF5
A0A3B1JG48	A0A8C6NTJ5
A0A3B1JG48	A0A8C6LVU6
A0A3B1JG48	A0AA88RZX6
A0A3B1K9R2	A0A3B1K9R2
A0A3B1K9R2	A0A3B4CZQ2
A0A3B1K9R2	A0AAD5A3N9
A0A3B1K9R2	A0A7J6A9A3
A0A3B1K9R2	A0AA88LW97
A0A3B1K9R2	A0A979F8P6
A0A3B1K9R2	A0A9D3NK92
A0A3B1K9R2	A0AAE0UVP1
A0A3B1K9R2	A0A3B1J039
A0A3B1K9R2	A0A8T2LGC8
A0A3B1K9R2	A0A4W4DWW8
A0A3B3BNT6	A0A3B3BNT6
A0A3B3BNT6	A0A834CGL8
A0A3B3DLA7	A0A3B3DLA7
A0A3B3DLA7	A0A3B3HLR0
A0A3B3DLA7	A0A3P9HGJ4
A0A3B3DLA7	A0A8C7X911
A0A3B3DLA7	A0A3P9KQR8
A0A3B3QKP7	A0A3B3QKP7
A0A3B3YS11	A0A3B3YS11
A0A3B4A558	A0A3B4A558
A0A3B4AQK8	A0A3B4AQK8
A0A3B4B5E6	A0A3B4B5E6
A0A3B4BNW4	A0A3B4BNW4
A0A3B4CIV7	A0A3B4CIV7
A0A3B4CIV7	A0A3B4E3H2
A0A3B4DR66	A0A3B4DR66
A0A3B4FAH5	A0A3B4FAH5
A0A3B4FAH5	A0A668SE02
A0A3B4FAH5	A0A668SE48
A0A3B4FAH5	A0A668SE60
A0A3B4FAH5	A0A668S6V2
A0A3B4FAH5	A0A669BY96
A0A3B4FAH5	A0A669C7T3
A0A3B4FAH5	A0A669CDE5
A0A3B4FAH5	A0A669CC11
A0A3B4FAH5	A0A669BB73
A0A3B4FAH5	A0A669B8U9
A0A3B4FAH5	A0A669BNH9
A0A3B4FAH5	A0A669E140
A0A3B4FAH5	A0A668SDY5
A0A3B4FGY6	A0A3B4FGY6
A0A3B4FGY6	A0A9Y6M8R8
A0A3B4GM87	A0A3B4GM87
A0A3B4GM87	A0A3B4GP67
A0A3B4GM87	A0A3B4GPL6
A0A3B4GM87	A0A3P8R1U2
A0A3B4GM87	A0A3Q2WI46
A0A3B4GM87	A0A3Q4MN21
A0A3B4GM87	A0A3Q1JV23
A0A3B4GM87	A0A3Q4HDZ6
A0A3B4GM87	A0AAZ1Y398
A0A3B4GM87	A0A3B4GM62
A0A3B4GM87	A0A3P8QZT8
A0A3B4GM87	A0A3P9B5V7
A0A3B4GM87	A0A3Q4H4Y4
A0A3B4GM87	A0A9Y3R2F6
A0A3B4GM87	A0AAN7XZY5
A0A3B4GM87	A0A3P9BIQ2
A0A3B4GM87	A0A669D2U4
A0A3B4XCJ9	A0A3B4XCJ9
A0A3B4XCJ9	A0A3B4XPN0
A0A3B4XCJ9	A0A3B4THA8
A0A3B4YPJ7	A0A3B4YPJ7
A0A3B4Z2U8	A0A3B4Z2U8
A0A3B4Z2U8	A0A3B4Z6S6
A0A3B4Z2U8	A0A3B3TRX3
A0A3B5B2P4	A0A3B5B2P4
A0A3B5BEY8	A0A3B5BEY8
A0A3B5BEY8	A0A3Q1GSB1
A0A3B5BEY8	A0A3P8UBG7
A0A3B5BEY8	A0A3P8UD40
A0A3B5BEY8	A0A3P9D918
A0A3B5QMF6	A0A3B5QMF6
A0A3F2RAS4	A0A3F2RAS4
A0A3G5BIH5	A0A3G5BIH5
A0A3L8E416	A0A3L8E416
A0A3L8E416	A0A3L8E491
A0A3M0ITR1	A0A3M0ITR1
A0A3M0ITR1	A0A7L2DD52
A0A3M0ITR1	A0A7K8GGC5
A0A3M0ITR1	A0A7L1DU59
A0A3P8SHV3	A0A3P8SHV3
A0A3P8SHV3	A0A3Q1B5Z2
A0A3P8SHV3	A0AAQ6AI48
A0A3P8W8P2	A0A3P8W8P2
A0A3P8W8P2	A0A3Q1K4R8
A0A3P8W8P2	A0A671XUH9
A0A3P8W8P2	A0A6A5EEF6
A0A3P8W8P2	A0A8D0A004
A0A3P8W8P2	C9D6Z6
A0A3P8W8P2	Q4STJ9
A0A3P8W8P2	A0A6G1QEN7
A0A3P8W8P2	A0A8C2ZLN3
A0A3P8W8P2	A0A3B4Z3Z9
A0A3P8W8P2	A0A484CBR9
A0A3P8W8P2	A0A3P8WB55
A0A3P8W8P2	A0AAN7XDS0
A0A3P8W8P2	A0AAW1FHQ6
A0A3P8W8P2	A0A7J5Y976
A0A3P8WQT9	A0A3P8WQT9
A0A3P8YFV0	A0A3P8YFV0
A0A3P8YFV0	C1BZF3
A0A3P8YHB4	A0A3P8YHB4
A0A3P8Z8A2	A0A3P8Z8A2
A0A3P8Z8A2	C1BZ25
A0A3P8ZZL4	A0A3P8ZZL4
A0A3P8ZZL4	A0A6Q2ZGW5
A0A3P8ZZL4	A0A3P8YH70
A0A3P8ZZL4	A0A6Q2YUW3
A0A3P9D513	A0A3P9D513
A0A3P9IK54	A0A3P9IK54
A0A3P9LM28	A0A3P9LM28
A0A3P9LM28	A0A8C7Y753
A0A3P9LM28	A0A3B3CIT9
A0A3P9LM28	A0A3P9LM18
A0A3P9LM28	A0A3S2PK04
A0A3P9LM28	A0A8C7Y5S6
A0A3P9LM28	A0A3P9IYL8
A0A3P9LM28	A0A834F0I6
A0A3P9LM28	A0A3P9IYF5
A0A3P9LM28	A0A3P9LM37
A0A3P9LM28	A0A3B3CJH1
A0A3P9LM28	A0A3P9IYG7
A0A3P9LM28	A0A834BWF2
A0A3P9LM28	A0A8C7Y863
A0A3P9QGA0	A0A3P9QGA0
A0A3P9QGA0	A0A3B3YGU2
A0A3P9QGA0	A0A3P9QGH1
A0A3P9QGA0	A0A3P9QGK6
A0A3P9QGA0	A0A3P9QGL4
A0A3Q0RMT9	A0A3Q0RMT9
A0A3Q0RMT9	A0A3B4F257
A0A3Q0RMT9	A0A3Q2WI73
A0A3Q0RMT9	A0A3P9BJ50
A0A3Q0RMT9	A0AAZ1Y1Y0
A0A3Q0RMT9	Q29XY8
A0A3Q0RMT9	A0A3P8Q898
A0A3Q0RMT9	A0A3Q4GL35
A0A3Q0RMT9	A0AAZ1X631
A0A3Q0RMT9	A0A668SJQ5
A0A3Q0SX05	A0A3Q0SX05
A0A3Q0T5J8	A0A3Q0T5J8
A0A3Q1AUR6	A0A3Q1AUR6
A0A3Q1AUR6	A0A3P8TK32
A0A3Q1AUR6	A0A3P8TKN9
A0A3Q1AUR6	A0A3Q1CAW2
A0A3Q1BW21	A0A3Q1BW21
A0A3Q1BW21	A0A3P8SI18
A0A3Q1GGH8	A0A3Q1GGH8
A0A3Q1JU92	A0A3Q1JU92
A0A3Q1KAM0	A0A3Q1KAM0
A0A3Q2CWL7	A0A3Q2CWL7
A0A3Q2GEY7	A0A3Q2GEY7
A0A3Q2QET4	A0A3Q2QET4
A0A3Q2V8U0	A0A3Q2V8U0
A0A3Q2V8U0	A0A3P8QP88
A0A3Q2V8U0	A0A3P9B9E8
A0A3Q2V8U0	A0A3Q2WL31
A0A3Q2V8U0	A0A3P9B9K0
A0A3Q2V8U0	A0A669D277
A0A3Q2V8U0	A0AAZ1XZ96
A0A3Q2VC67	A0A3Q2VC67
A0A3Q2VC67	A0A3B4H2H7
A0A3Q2VC67	A0A3P8NIT9
A0A3Q2VC67	A0A3Q4I3V8
A0A3Q2VC67	I3J283
A0A3Q2VC67	A0A3Q4IG12
A0A3Q2VC67	A0A668UUL0
A0A3Q2VC67	A0A9Y3RDJ9
A0A3Q2YCP9	A0A3Q2YCP9
A0A3Q2YQD2	A0A3Q2YQD2
A0A3Q3ELB9	A0A3Q3ELB9
A0A3Q3EXV1	A0A3Q3EXV1
A0A3Q3F1L2	A0A3Q3F1L2
A0A3Q3F1L2	A0A3Q2ZUS0
A0A3Q3F1L2	A0A3Q3AC48
A0A3Q3G9C7	A0A3Q3G9C7
A0A3Q3MMK3	A0A3Q3MMK3
A0A3Q3MZI4	A0A3Q3MZI4
A0A3Q3SPV8	A0A3Q3SPV8
A0A3Q3SPV8	A0A7N8XXV8
A0A3Q3SPV8	A0A7N8YAD8
A0A3Q3SPV8	A0A7N8YFK3
A0A3Q3SPV8	A0A3Q3MUI4
A0A3R7MKW0	A0A3R7MKW0
A0A3R7PTK8	A0A3R7PTK8
A0A401NM20	A0A401NM20
A0A401NM20	A0A4W3KHG1
A0A401NM20	A0A4W3KHF9
A0A401NM20	A0A4W3JVD5
A0A401NM20	A0A4W3K4W5
A0A401T723	A0A401T723
A0A401T723	A0A401PMN1
A0A423T548	A0A423T548
A0A437DHQ6	A0A437DHQ6
A0A443SFZ3	A0A443SFZ3
A0A452FDU3	A0A452FDU3
A0A452FDU3	A0A452FDJ8
A0A452H7L2	A0A452H7L2
A0A452HHC9	A0A452HHC9
A0A452RC67	A0A452RC67
A0A452RC67	A0A6J2EHQ6
A0A452RC67	A0A452RBV7
A0A452RC67	A0A8C7BYS1
A0A452RC67	A0A8C0LU75
A0A452RC67	A0A7N5NZX8
A0A452RC67	A0A7N5P9W9
A0A452RC67	A0A8C0LK29
A0A452RC67	A0A8C0LR48
A0A452RC67	A0A8C4PIT6
A0A452RC67	A0A8C4LHV2
A0A452RC67	A0A8C0LPY0
A0A452RC67	A0A8C0LJQ6
A0A452RC67	A0A8C4LDX3
A0A482WK87	A0A482WK87
A0A482Z7J7	A0A482Z7J7
A0A484B8K2	A0A484B8K2
A0A484B8K2	B4M5B4
A0A484B8K2	B4KDX6
A0A484B8K2	B0FDC3
A0A484BUQ6	A0A484BUQ6
A0A484BUQ6	B4KVU4
A0A498L684	A0A498L684
A0A498L684	A0A498MVS7
A0A498L684	A0A498LE80
A0A498M333	A0A498M333
A0A498M333	A0A6P6NQN0
A0A498M333	A0A498NA07
A0A498M333	A0AAN9CTC0
A0A498MGZ6	A0A498MGZ6
A0A498NH52	A0A498NH52
A0A4C1WFM4	A0A4C1WFM4
A0A4Q8K383	A0A4Q8K383
A0A4Q8K383	A0A4Q8K232
A0A4W2EZH0	A0A4W2EZH0
A0A4W2EZH0	A0A6J3S7N9
A0A4W2EZH0	A0A8C6DXZ5
A0A4W2EZH0	A0A8B8YHK5
A0A4W2EZH0	A0A8B9WBH2
A0A4W2EZH0	A0A384BHC3
A0A4W2EZH0	A0A9W2WPR5
A0A4W2EZH0	A0A8C2NHA1
A0A4W2EZH0	L8ILJ9
A0A4W2EZH0	A0A452EA95
A0A4W2EZH0	A0A4W2ILN5
A0A4W2GJY5	A0A4W2GJY5
A0A4W2GJY5	A0A6P3J879
A0A4W2HBD4	A0A4W2HBD4
A0A4W3K6W4	A0A4W3K6W4
A0A4W3K6W4	A0A4W3KHZ9
A0A4W3K6W4	A0A4W3JWE7
A0A4W3K6W4	A0A4W3K5N6
A0A4W3K6W4	A0A4W3K5Q2
A0A4W3K6W4	A0A4W3K6W7
A0A4W3K6W4	A0A4W3K5M5
A0A4W5K9N9	A0A4W5K9N9
A0A4W5K9N9	A0A8C7MAX0
A0A4W6C5V2	A0A4W6C5V2
A0A4W6C5V2	A0A4W6C5T4
A0A4W6C5V2	A0A4W6BYT5
A0A4W6C5V2	A0A4W6BYY8
A0A4X1VU03	A0A4X1VU03
A0A4X1VU03	A0A7J8C8C5
A0A4X1VU03	A0A7N5KGD0
A0A4X1VU03	L5LXF6
A0A4X1VU03	D3ZZY0
A0A4X1VU03	A0A8C0W1F8
A0A4X1VU03	A0A8C5W5B6
A0A4X1VU03	A0A8C6RFM1
A0A4X1VU03	A0A6P5Q5K6
A0A4X2KM44	A0A4X2KM44
A0A4X2KM44	G3WMY5
A0A4X2KM44	G3WMY6
A0A4X2L509	A0A4X2L509
A0A4X2L509	G3VQU8
A0A4X2L509	A0A7N4Q0X9
A0A4X2L509	A0A7N4UWX9
A0A4Z2HFP4	A0A4Z2HFP4
A0A4Z2HFP4	A0A8C2WAP7
A0A4Z2HHR1	A0A4Z2HHR1
A0A4Z2HHR1	A0A8C2WM54
A0A4Z2HHR1	A0A8C2WKD6
A0A4Z2HHR1	A0A8C9Z8K5
A0A4Z2HHR1	A0A8C9ZIW7
A0A4Z2HHR1	A0A8C2WL99
A0A511MXP6	A0A511MXP6
A0A553NTG5	A0A553NTG5
A0A5A9PGC1	A0A5A9PGC1
A0A5A9PGC1	A0A9W7TFF9
A0A5B9GEP5	A0A5B9GEP5
A0A5B9GEP5	A0A821SF73
A0A5C6N3D8	A0A5C6N3D8
A0A5C6N3D8	A0AAW1F4F0
A0A5E4ARZ5	A0A5E4ARZ5
A0A5E4ARZ5	A0A834QZA6
A0A5E4QAB5	A0A5E4QAB5
A0A5E4QBU3	A0A5E4QBU3
A0A5E4QLM9	A0A5E4QLM9
A0A5E4QLM9	A0AAV1L7E8
A0A5E4R748	A0A5E4R748
A0A5E4R748	A0ABD0TMF7
A0A5F5PMA7	A0A5F5PMA7
A0A5F5PMA7	A0A3Q2HAL2
A0A5F5PMA7	A0A3Q2IDB2
A0A5F5PMA7	A0A3Q2L855
A0A5F5PMA7	A0A3Q2GST8
A0A5F5PMA7	A0A8C4LPA6
A0A5F5PMA7	A0A8C4LSI6
A0A5F5PMA7	A0A3Q2LDS7
A0A5N4A5P6	A0A5N4A5P6
A0A5N4A683	A0A5N4A683
A0A5N4A683	A0AAN7V7Q2
A0A5N4A683	A0AAN7V0I8
A0A5N4A683	A0AAN7V0Q4
A0A5N4A683	A0AAN7V3I9
A0A5N4A683	A0A1Y1MLX5
A0A5N4A683	A0AAN7V7J6
A0A5N4A683	A0AAN7V4Y9
A0A5N4AI23	A0A5N4AI23
A0A5N4AI23	A0A5N4AI39
A0A5N5SL45	A0A5N5SL45
A0A5N5SW08	A0A5N5SW08
A0A650ATH8	A0A650ATH8
A0A650ATH8	A0A4Y5T8E0
A0A650ATH8	A0A4Y5T762
A0A650ATH8	A0A4Y5T8K6
A0A650ATH8	A0A4Y5T761
A0A650ATH8	A0A4Y5T8C5
A0A663E071	A0A663E071
A0A663E071	A0A7K4XQY6
A0A663E071	A0A7K4ZQ95
A0A663E071	A0A7K5ILW3
A0A663E071	A0A7K5KIY1
A0A663E071	A0A7K5L6I9
A0A663E071	A0A7K6CUM4
A0A663E071	A0A7K6DYJ4
A0A663E071	A0A7K6KPQ6
A0A663E071	A0A7K6UZR6
A0A663E071	A0A7K7C0Q7
A0A663E071	A0A7K7R6K4
A0A663E071	A0A7K7ZI98
A0A663E071	A0A7K8D9G2
A0A663E071	A0A7K8DPE6
A0A663E071	A0A7K8ER35
A0A663E071	A0A7K8H3R7
A0A663E071	A0A7K8J569
A0A663E071	A0A7K8TA78
A0A663E071	A0A7K8URD6
A0A663E071	A0A7K8WT95
A0A663E071	A0A7K8YNR5
A0A663E071	A0A7K9K8C6
A0A663E071	A0A7L0JHY3
A0A663E071	A0A7L0SGD4
A0A663E071	A0A7L0VU60
A0A663E071	A0A7L0XEG6
A0A663E071	A0A7L1A4A3
A0A663E071	A0A7L1AA61
A0A663E071	A0A7L1XB12
A0A663E071	A0A7L4CSM9
A0A663E071	A0A7L4G939
A0A663E071	A0A7L4KQH2
A0A663E071	A0A852CBJ3
A0A663E071	A0A852E364
A0A663E071	A0A852LUI4
A0A663E071	A0A852N6H5
A0A663E071	A0A973Y6Y4
A0A663E071	A0A7K4RF14
A0A663E071	A0A7K5FS02
A0A663E071	A0A7K5KLG2
A0A663E071	A0A7K5VKP7
A0A663E071	A0A7K6FZF5
A0A663E071	A0A7K6HBW2
A0A663E071	A0A7K7TGI3
A0A663E071	A0A7K8AM57
A0A663E071	A0A7K8C2Y0
A0A663E071	A0A7K8H345
A0A663E071	A0A7K9D4M4
A0A663E071	A0A7K9L358
A0A663E071	A0A7K9UJE8
A0A663E071	A0A7L0UMS7
A0A663E071	A0A7L0ZHJ5
A0A663E071	A0A7L1NWC7
A0A663E071	A0A7L3NSE2
A0A663E071	A0A7L3ZFZ9
A0A663E071	A0A7L4GBL9
A0A663E071	A0A850V0S7
A0A663E071	A0A851SG39
A0A663E071	A0A851YEE5
A0A663E071	A0A852BG37
A0A663E071	A0A7K5DNH6
A0A663E071	A0A7K5KP43
A0A663E071	A0A7K6JAK4
A0A663E071	A0A7K6L589
A0A663E071	A0A7K6LSM9
A0A663E071	A0A7K6N9A8
A0A663E071	A0A7K6PE94
A0A663E071	A0A7K6QQR0
A0A663E071	A0A7K6ULE4
A0A663E071	A0A7K7L3Z4
A0A663E071	A0A7K7X2X8
A0A663E071	A0A7K7XIZ5
A0A663E071	A0A7K8FDU1
A0A663E071	A0A7K8JKR4
A0A663E071	A0A7K8S4I2
A0A663E071	A0A7K9JUR3
A0A663E071	A0A7K9ZP18
A0A663E071	A0A7K9ZVP2
A0A663E071	A0A7L0DQC5
A0A663E071	A0A7L0IQH2
A0A663E071	A0A7L0UJM7
A0A663E071	A0A7L1DTU7
A0A663E071	A0A7L1NZI0
A0A663E071	A0A7L1YBG7
A0A663E071	A0A7L2J568
A0A663E071	A0A7L2V3F2
A0A663E071	A0A7L2XSS8
A0A663E071	A0A7L3G646
A0A663E071	A0A7L3JUZ8
A0A663E071	A0A852FHU9
A0A663E071	A0A852J3Q4
A0A663E071	A0A8K0B7S3
A0A663E071	A0AA97MYU3
A0A663E071	A0A7K4TAT3
A0A663E071	A0A7K5ELA3
A0A663E071	A0A7K5R6L0
A0A663E071	A0A7K5RC33
A0A663E071	A0A7K6WGL1
A0A663E071	A0A7K7L3Q4
A0A663E071	A0A7K7S576
A0A663E071	A0A7K7Y7K3
A0A663E071	A0A7K8ASJ9
A0A663E071	A0A7K8BJC4
A0A663E071	A0A7K9IMK6
A0A663E071	A0A7K9Q119
A0A663E071	A0A7L0EX98
A0A663E071	A0A7L0H5E5
A0A663E071	A0A7L0Q7L5
A0A663E071	A0A7L1AYS9
A0A663E071	A0A7L1VIX8
A0A663E071	A0A7L1W4Q2
A0A663E071	A0A7L2BBH7
A0A663E071	A0A7L2CTL7
A0A663E071	A0A7L2E2J0
A0A663E071	A0A7L2QBZ4
A0A663E071	A0A7L2VVQ3
A0A663E071	A0A7L2YUT3
A0A663E071	A0A7L2ZVH3
A0A663E071	A0A7L3HBY2
A0A663E071	A0A7L4KXA5
A0A663E071	A0A851CAR9
A0A663E071	A0A851EXV5
A0A663E071	A0A851MPN9
A0A663E071	A0A851QA65
A0A663E071	A0A851VTA2
A0A663E071	A0A851X2T6
A0A663E071	A0A852AXR5
A0A663E071	A0A852NJP0
A0A663E071	A0A7K4Q8W5
A0A663E071	A0A7K4X1A3
A0A663E071	A0A7K5CGX8
A0A663E071	A0A7K5SBB0
A0A663E071	A0A7K5SJF7
A0A663E071	A0A7K5UH21
A0A663E071	A0A7K6AD04
A0A663E071	A0A7K6ENV9
A0A663E071	A0A7K6KCW3
A0A663E071	A0A7K6PDJ1
A0A663E071	A0A7K7CL39
A0A663E071	A0A7K8TIP5
A0A663E071	A0A7K9CWV7
A0A663E071	A0A7K9I6Y4
A0A663E071	A0A7K9RKD9
A0A663E071	A0A7K9WGI9
A0A663E071	A0A7L0X3Z9
A0A663E071	A0A7L1H9M8
A0A663E071	A0A7L1MRT4
A0A663E071	A0A7L1NNJ6
A0A663E071	A0A7L1TUL5
A0A663E071	A0A7L2RRQ3
A0A663E071	A0A7L3PAK1
A0A663E071	A0A7L4CDQ5
A0A663E071	A0A7L4FP70
A0A663E071	A0A851E5G6
A0A663E071	A0A851NMX3
A0A663E071	A0A852CVS3
A0A663E071	A0A852IZ73
A0A663E071	A0A7K9CC42
A0A663E071	A0A7K7J8L3
A0A663E071	A0A7K8KAS9
A0A663E071	A0A7K9FYP6
A0A663E071	A0A7L2U117
A0A663E071	A0A7K6BIP9
A0A663E071	A0A7K6UR94
A0A663E071	A0A7K8KKU0
A0A663E071	A0A7K8LN76
A0A663E071	A0A7L1N8Q3
A0A663E071	A0A7L3KUK8
A0A663E071	A0A7L3LVD9
A0A663E071	A0A850XNB2
A0A663E071	A0A7K8LNR1
A0A663E071	A0A7L3FHF7
A0A663E071	A0A7L3NFF3
A0A663E071	A0A7K4SGC9
A0A663E071	A0A7K5VC93
A0A663E071	A0A7K6NQ18
A0A663E071	A0A7L0I735
A0A663E071	A0A7K6WPB3
A0A663E071	A0A7K9GSG4
A0A663E071	A0A7L2SGQ0
A0A663E071	A0A8D0EQJ8
A0A663E071	A0A7L4G2A4
A0A663E071	A0A7K5HEM4
A0A663E071	A0A7L0LPZ0
A0A663E071	A0A851XSP9
A0A663E071	A0A6I9ZAB2
A0A663E071	A0A7K6R7I8
A0A663E071	A0A7L0LE22
A0A663E071	A0A7L2KV30
A0A663E071	A0A7L3QPB9
A0A663E071	A0A850Y5G2
A0A663E071	A0A7K6H4A2
A0A663E071	A0A7K9Q954
A0A663E071	A0A7L1FB07
A0A663E071	A0A7L1S050
A0A663E071	A0A7L2BP65
A0A663E071	A0A7L2NHR1
A0A663E071	A0A7K5PV34
A0A663E071	A0A7K7EQM5
A0A663E071	A0A7L0YVB4
A0A663E071	A0A7L3EJ86
A0A663E071	A0A851E6H3
A0A663E071	A0A7K5BIU4
A0A663E071	A0A7K6D2B4
A0A663E071	A0A7K6XYM5
A0A663E071	A0A7L0HPR4
A0A663E071	A0A7L2TL43
A0A663E071	A0A850ZJT8
A0A663E071	A0A852HGJ3
A0A663E071	A0A7K4TVI6
A0A663E071	A0A7K5W5A8
A0A663E071	A0A7L4ERY7
A0A663E071	A0A851BIA3
A0A663E071	A0A7K6CHM3
A0A663E071	A0A7L4J4P3
A0A663E071	A0A7K5TUB9
A0A663E071	A0A7K6MGF8
A0A663E071	A0A851DA25
A0A663E071	A0A7K8XBW2
A0A663E071	A0A7L0NLC5
A0A663E071	A0A7K6J7J4
A0A663E071	A0A7L1GXF6
A0A663E071	A0A851D1F6
A0A663E071	A0A8D0EQ14
A0A663ML11	A0A663ML11
A0A663ML11	A0A7L1YK84
A0A663ML11	A0A7L0S3E5
A0A663ML11	A0A7K8V8N1
A0A663ML11	A0A7L0DBJ0
A0A663ML11	A0A7L1H7L2
A0A663ML11	A0A7L1XWN3
A0A663ML11	A0A7L4BXC8
A0A663ML11	A0A663EJ44
A0A663ML11	A0A7L4A274
A0A663ML11	A0A091P275
A0A663ML11	A0A7L0CB62
A0A663ML11	A0A7L3RZQ7
A0A663ML11	A0A7K4T0Z8
A0A663ML11	A0A7K6YTI8
A0A663ML11	A0A7K9M9I9
A0A663ML11	A0A7L3UJI5
A0A663ML11	A0A8D0FA02
A0A663ML11	A0A663MJY3
A0A663ML11	A0A7L0UEY7
A0A663ML11	A0A7L4MEH6
A0A663ML11	A0A7K4QL16
A0A663ML11	A0A7K5K5P4
A0A663ML11	A0A087V7I9
A0A663ML11	A0A7L0K122
A0A663ML11	A0A091MTK7
A0A663ML11	A0A7K7L6R4
A0A663ML11	A0A7L4G919
A0A663ML11	A0A093QFS6
A0A663ML11	A0A7L0ZNH3
A0A663ML11	A0A7K5UH31
A0A663ML11	A0A7L0J3U2
A0A663ML11	A0A7L0NX89
A0A663ML11	A0A091I283
A0A663ML11	A0A7K9VBC6
A0A663ML11	A0A7K6TAC8
A0A663ML11	A0A7K5XHA7
A0A663ML11	A0A7L1ILS4
A0A663ML11	A0A7K5N8G5
A0A663ML11	A0A7L3T4Q5
A0A663ML11	A0A7K9EXT6
A0A665TCF3	A0A665TCF3
A0A667I6S3	A0A667I6S3
A0A667I6S3	A0A667I9H6
A0A667I6S3	A0A667IQD2
A0A667I6S3	A0A9W2UTX3
A0A667I6S3	A0A667J6A2
A0A667X9P3	A0A667X9P3
A0A667X9P3	A0A667X9P8
A0A667ZK61	A0A667ZK61
A0A667ZK61	A0A3B5A635
A0A667ZK61	A0A3B5AUC9
A0A667ZK61	A0A665VXP8
A0A667ZK61	A0A665VYQ1
A0A667ZK61	A0A673ALU3
A0A667ZK61	A0A3B4TY03
A0A667ZK61	A0A665VYD0
A0A667ZK61	A0A673AM48
A0A667ZK61	A0A6G0HTY8
A0A667ZK61	A0A6I9PTL4
A0A667ZK61	A0A8C4E1Y5
A0A667ZK61	A0A3B4WZR0
A0A667ZK61	A0A3B5AB45
A0A667ZK61	A0A665VYN4
A0A667ZK61	A0A665VXK0
A0A667ZK61	A0A665VYD9
A0A667ZK61	A0A667ZU84
A0A667ZK61	A0A673AP85
A0A667ZK61	A0A6G0HTJ1
A0A667ZK61	A0A3B4WZR3
A0A667ZK61	A0A667ZCS8
A0A667ZK61	A0A3B5A5T7
A0A667ZK61	A0A3B5AHB4
A0A667ZK61	A0A3B5AAB2
A0A667ZK61	A0A667Z0E4
A0A667ZK61	A0A672HK85
A0A667ZK61	A0A672HKS1
A0A667ZK61	A0A3B5ABU4
A0A667ZK61	A0A665VXQ8
A0A667ZK61	A0A665VYU7
A0A667ZK61	A0A673AM56
A0A667ZK61	A0A6P8GWU2
A0A667ZK61	A0ABD1IYF2
A0A667ZK61	A0A665VYJ1
A0A667ZK61	A0A8C4ZIB3
A0A667ZK61	A0A3B4TX17
A0A667ZK61	A0A3B4TXM7
A0A667ZK61	A0A3B4WZG5
A0A667ZK61	A0A3B4TY08
A0A667ZK61	A0A667Z050
A0A667ZK61	A0A665VYS6
A0A667ZK61	A0A667Z7P0
A0A667ZK61	A0A667ZTC4
A0A667ZK61	A0A8C4ZHN3
A0A667ZK61	A0A3B5AB54
A0A667ZK61	A0A3B5AC55
A0A667ZK61	A0A3B5A9Q4
A0A667ZK61	A0A673AL72
A0A667ZK61	A0A673AMF8
A0A667ZK61	A0A7J5XCA7
A0A667ZK61	A0AAV1PLT2
A0A667ZK61	A0A3B4TYE8
A0A667ZK61	A0A3B4XA84
A0A667ZK61	A0A673APU0
A0A667ZK61	A0A3B4TWS3
A0A667ZK61	A0A3B4WWG5
A0A667ZK61	A0A3B4WZP0
A0A7K9JMN5	A0A7K9JMN5
A0A9R0D5M7	A0A9R0D5M7
A0A9R0D5M7	A0A9J7IV19
A0A9R0D5M7	A0A835GJB8
A0A9R0D5M7	A0A9P0HXI6
A0A9R0D5M7	A0A922MMX7
A0A9R0D5M7	A0AAD7YKC5
A0A9R0DUW9	A0A9R0DUW9
A0A9R0E3M6	A0A9R0E3M6
A0A9R0E3M6	A0A9R0ERK1
A0A9R0ENU8	A0A9R0ENU8
A0A9R0ENU8	A0A2H1W9X8
A0A9R0ENU8	A0A2H1WNB6
A0A9R0ENU8	A0A922MXF3
A0A9R0ENU8	A0A9J7ISH7
A0A9R0ENU8	A0A922MXL9
A0A9R0ENU8	A0A2H1W4N7
A0A9R0ENU8	A0A9R0EXM5
A0A9R0ENU8	A0A2H1WBW9
A0A9R0ENU8	A0A9R0EPA7
A0A9R0ENU8	A0A089RSY7
A0A9R0EV24	A0A9R0EV24
A0A9R0EV24	A0A922M530
A0A9R0EV24	D7RZZ6
A0A9R0EV24	A0A089Q9N5
A0A9R1TE90	A0A9R1TE90
A0A9V1GKM4	A0A9V1GKM4
A0A9W7TQZ8	A0A9W7TQZ8
A0A9W7TQZ8	A0A5A9MZX5
A0A9W7TQZ8	A0A9W7TPQ4
A0A9W7TQZ8	A0A5A9MXQ3
A0A9W9ZHZ8	A0A9W9ZHZ8
A0A9X3IYJ7	A0A9X3IYJ7
A0AA35QFH9	A0AA35QFH9
A0AA35QFH9	A0A0B7KED9
A0AA35QFH9	A0A9N9VGU1
A0AA35QFH9	A0A8H7NBR5
A0AA35QFH9	A0A9N9Y0U7
A0AA35QFH9	A0A9P0EJF2
A0AA38HYB2	A0AA38HYB2
A0AA38I590	A0AA38I590
A0AA38ID84	A0AA38ID84
A0AA38ID84	A0AA38IB68
A0AA38IEM9	A0AA38IEM9
A0AA38IEM9	A0AA38IEZ8
A0AA38IM34	A0AA38IM34
A0AA38IRD0	A0AA38IRD0
A0AA38IRG1	A0AA38IRG1
A0AA38ISB8	A0AA38ISB8
A0AA38MAB7	A0AA38MAB7
A0AA38MEA3	A0AA38MEA3
A0AA38MEA3	A0AA38IBW9
A0AA38MEA3	A0AA38MDQ1
A0AA39F1Z3	A0AA39F1Z3
A0AA39F1Z3	A0A8K0CRH7
A0AA39F1Z3	A0AAJ7JFE0
A0AA39H904	A0AA39H904
A0AA41MBZ6	A0AA41MBZ6
A0AA41MBZ6	H0VFK0
A0AA41MBZ6	G5EA43
A0AA41MBZ6	A0A452RU94
A0AA41MBZ6	A0A452TAI2
A0AA41MBZ6	A0A8C4LKP3
A0AA41MBZ6	A0A5G2QH40
A0AA41MBZ6	A0A7N5JA24
A0AA41N2A5	A0AA41N2A5
A0AA47P4T6	A0AA47P4T6
A0AA88LJU2	A0AA88LJU2
A0AA88N2R2	A0AA88N2R2
A0AA88PBA8	A0AA88PBA8
A0AA88TJD6	A0AA88TJD6
A0AA88TJD6	A0A2D0RVF6
A0AA88TJD6	A0A7J6AJY2
A0AAD1R6D6	A0AAD1R6D6
A0AAD1R6D6	A0A8C5R743
A0AAD1R6D6	A0A8C5LVD1
A0AAD4JSY6	A0AAD4JSY6
A0AAD4JSY6	A0AAD4PHI7
A0AAD4JUQ9	A0AAD4JUQ9
A0AAD4PST9	A0AAD4PST9
A0AAD4PST9	A0A6P8XB85
A0AAD4PST9	A0A6P8XD04
A0AAD4PST9	A0A6P8WWJ0
A0AAD4PST9	A0AAD4K9H3
P12546	P12546
P85202	P85202
P85202	G1TUZ6
Q09GK1	Q09GK1
Q7Z269	Q7Z269
P00765	P00765
Q07943	Q07943
Q17004	Q17004
Q54179	Q54179
P83298	P83298
G5AE35	G5AE35
G5AE35	Q945U0
C1JE15	C1JE15
Q7M4I3	Q7M4I3
Q9VXC8	Q9VXC8
Q9VXC8	B3NVL2
Q9VXC8	A0A6P8KMB1
Q9VXC8	B4IER7
Q9VXC8	B4Q1T6
H0W9I4	H0W9I4
H0W9I4	G5C5X4
C5WLM7	C5WLM7
D3DMW5	D3DMW5
D3DMW5	Q7KT95
D3DMW5	A7DZ43
D3DMW5	A7DZ48
D3DMW5	A7DZ53
D3DMW5	A7DZ40
D3DMW5	A7DZ41
D3DMW5	A7DZ45
D3DMW5	A7DZ55
D3DMW5	A7DZ47
D3DMW5	A7DZ49
D3DMW5	A7DZ57
D3DMW5	B4HXG0
D3DMW5	A7DZ56
D3DMW5	A7DZ62
D3DMW5	A7DZ59
D3DMW5	A0A6P8JZR8
D3DMW5	A7DZ63
E1B7C7	E1B7C7
E1B7C7	B8XTR9
E1B7C7	A0A0D9RVL8
E1B7C7	G3SQC2
E1B7C7	H0WVM9
E1B7C7	H2PFJ9
E1B7C7	A0A096MMZ5
E1B7C7	A0A2K5WLK3
E1B7C7	A0A2K6FAG7
E1B7C7	A0A2K6QL70
E1B7C7	A0A6P3IMF5
E1B7C7	A0A8C3YAX5
E1B7C7	A0A8C6AIN4
E1B7C7	A0A2K5LBN1
E1B7C7	A0A2K6DRS5
E1B7C7	A0A452F012
E1B7C7	A0A5N4EC56
E1B7C7	A0A8C0AHC0
E1B7C7	A0A8C5W3Z8
E1B7C7	A0A8C7A7D9
E1B7C7	A0A8C9A8E7
E1B7C7	A0A8C9BVD9
E1B7C7	F6UJH8
E1B7C7	G1QKC5
E1B7C7	L8J0R2
E1B7C7	A0A1U7UFA7
E1B7C7	A0A2K5BUG9
E1B7C7	A0A2K6T2T0
E1B7C7	A0A8C0LGR5
E1B7C7	A0A8C4M0G9
E1B7C7	A0A8C8WDY7
E1B7C7	A0A8C9KS07
E1B7C7	F7HXB2
E1B7C7	M3YS94
E1B7C7	A0A2Y9FAV0
E1B7C7	A0A671EQ83
E1B7C7	A0A8C0CIX0
E1B7C7	A0A8C6CG44
E1B7C7	P49863
E1B7C7	A0A2R8ZT28
E1B7C7	A0A6D2XR20
E1B7C7	G3RND2
E1B7C7	A0A8D2GVI7
E1B7C7	I3MPC5
E1B7C7	A0A2K6JNQ9
E1B7C7	P49864
E1B7C7	F1M8K5
E1B7C7	A0A8C6ERL9
E1B7C7	A0A8C8U609
E1B7C7	A0A8C2MQV7
E1B7C7	A0A452SVZ2
E1B7C7	A0A452TGS7
E1B7C7	O35205
E1B7C7	A0A6P5QXR5
E1B7C7	A0A8C6HGP5
E1B7C7	H0VBH4
E1B7C7	A0A8C2V434
F1QII6	F1QII6
F1QS72	F1QS72
M0RBY1	M0RBY1
Q7KVM7	Q7KVM7
Q7KVM8	Q7KVM8
Q7KVM8	A0A0J9RJF5
Q9D9G7	Q9D9G7
Q9D9G7	A6IEZ6
Q9D9G7	A0A6P5PRG1
Q9D9G7	A0A8C8TTY8
Q9VAQ2	Q9VAQ2
Q9VAQ2	B4PQ79
Q9VAQ2	B3LXN4
Q9VGB9	Q9VGB9
Q9VGB9	A0A6P8K9Z6
Q9VGB9	B3P1F1
Q9VGB9	B4HHF9
Q9VGB9	A0ABM5HRB6
Q9VGB9	B4KDY0
Q9VGB9	B4M5B7
Q9VGB9	B4N8Y7
Q9VGB9	B4PNP2
Q9VGB9	B3LZM5
Q9VGB9	B4QSZ8
Q9VGB9	A0A6P4FFJ0
Q9VRS5	Q9VRS5
Q9VRS5	B3NCC3
A0A0B4K687	A0A0B4K687
A0A0B4KHA5	A0A0B4KHA5
A0A8I6AGX9	A0A8I6AGX9
A0A8I6AGX9	P36375
A0A8I6AGX9	A0A8I6A8T7
A0A8I6AGX9	P36373
A0A8I6AGX9	P15950
A0A8I6AGX9	P36376
A0A8I6AGX9	G3V8H1
A0A8I6AGX9	A0A8I5Y6G6
A0A8I6AGX9	A0A8I5ZLG5
A0A8I6AGX9	P07647
A0A8I6AGX9	P00759
A0A8I6AGX9	A0A0G2JX00
A0A8I6AGX9	A0A8I6ASZ7
A0A8I6AGX9	A0A0G2KAN9
A0A8I6AGX9	Q6IE61
A0A8I6AGX9	A0A0G2JSQ7
A0A8I6AGX9	P00758
A0A8I6AGX9	P00756
A0A8I6AGX9	P15949
A0A8I6AGX9	P36374
A0A8I6AGX9	A6JAL2
A0A8I6AGX9	A0A8I6GHE1
A0A8I6AGX9	A0A8I6AMU8
E9QD93	E9QD93
E9QD93	A0A8C1V1K7
E9QD93	A0A8C2EU88
E9QD93	A0AAN9CTH5
E9QD93	A0A3N0YMS4
G3V8J3	G3V8J3
G3V8J3	A0A8I6AFJ4
G3V8J3	A6IYU1
G3V8J3	Q9EQZ8
G3V8J3	Q9ER05
A0A026WKJ5	A0A026WKJ5
A0A026WKV8	A0A026WKV8
A0A026WKV8	A0AAV2NYJ3
A0A026WKV8	A0A6J1QQ90
A0A034WVP3	A0A034WVP3
A0A034WVP3	A0A0A1WVF3
A0A034WVP3	A0A6I9W456
A0A068F781	A0A068F781
A0A080ZWJ5	A0A080ZWJ5
A0A080ZWJ5	A0A329RFQ9
A0A080ZWJ5	W2ING4
A0A080ZWJ5	W2N112
A0A080ZWJ5	W2Q0F5
A0A084VY03	A0A084VY03
A0A084VY03	P35035
A0A084VY03	A0A1Y9GKU7
A0A084VY03	A0A4Y0BHJ0
A0A084VY03	A0A3F2YXM0
A0A084VY03	A0A3F2YXN3
A0A084VY03	A0AAG5D970
A0A084VY03	A0A240PKC7
A0A084VY03	A0A3F2YXL9
A0A084VY03	A0A084VY04
A0A084VY03	A0A182KHH7
A0A084VY03	A0A1Y9GLX5
A0A084VY03	A0A1Y9J184
A0A084VY03	A0A182VG56
A0A084VY03	A0A8W7Q4T3
A0A084VY03	A0A084VY02
A0A084VY03	A0A182TKI7
A0A084VY03	A0A182MJH4
A0A084VY03	A0A182M8Z6
A0A084VY03	A0A182T724
A0A084VY03	A0A1Y9HES5
A0A084VY03	A0AAG5D8R4
A0A084VY03	A0A084VY00
A0A084VY03	A0A182J896
A0A089Q9M9	A0A089Q9M9
A0A089QAK4	A0A089QAK4
A0A089QDA8	A0A089QDA8
A0A089RSY0	A0A089RSY0
A0A093R1R0	A0A093R1R0
A0A093R1R0	R0K0C9
A0A0A1X0W9	A0A0A1X0W9
A0A0A9X8X3	A0A0A9X8X3
A0A0B6YYA6	A0A0B6YYA6
A0A0C9R9U5	A0A0C9R9U5
A0A0C9RRV3	A0A0C9RRV3
A0A0H3CZ07	A0A0H3CZ07
A0A0J7KKN1	A0A0J7KKN1
A0A0J7KKN1	A0AAV2NSY3
A0A0J7KKN1	A0AAV2NTW1
A0A0J7KKN1	A0A0J7KL43
A0A0J7KKN1	A0AAV2NSI5
A0A0J9RDJ6	A0A0J9RDJ6
A0A0J9RDJ6	A1ZA42
A0A0J9RDJ6	B4HS76
A0A0J9RDJ6	B4QGY1
A0A0L0BUI4	A0A0L0BUI4
A0A0L0CGP1	A0A0L0CGP1
A0A0L0CGP1	A0A0L0CGC8
A0A0L0CIF2	A0A0L0CIF2
A0A0L0CIF2	A0A1I8PTY8
A0A0L0CIF2	T1P8X9
A0A0L0CIF2	A0A0L0CG95
A0A0L7L8L6	A0A0L7L8L6
A0A0L7LF03	A0A0L7LF03
A0A0L8HH16	A0A0L8HH16
A0A0M4EP39	A0A0M4EP39
A0A0M4ESP5	A0A0M4ESP5
A0A0M4EWN7	A0A0M4EWN7
A0A0M4EWN7	A0A6P8WS36
A0A0M4EWN7	B4LKZ8
A0A0M4EWN7	A0AAD4PG65
A0A0M4EWN7	A0A484BQK5
A0A0M4EWN7	A0A6J1LDA5
A0A0M4EWN7	A0ABM1PLJ6
A0A0M4EWN7	B4J5L3
A0A0M4EYA1	A0A0M4EYA1
A0A0M4M5D8	A0A0M4M5D8
A0A0M5JAK3	A0A0M5JAK3
A0A0M5JD63	A0A0M5JD63
A0A0N1IJT1	A0A0N1IJT1
A0A0N1IQS6	A0A0N1IQS6
A0A0N1IQS6	A0AAV1K8H8
A0A0N1IQS6	A0AAV1K7Z3
A0A0Q5VJY1	A0A0Q5VJY1
A0A0Q5VJY1	A8DZ15
A0A0Q5VJY1	A0A0R1DP91
A0A0Q5VWB4	A0A0Q5VWB4
A0A0Q9WSD7	A0A0Q9WSD7
A0A0Q9WWJ5	A0A0Q9WWJ5
A0A0Q9WWJ5	B4LEF9
A0A0Q9WX94	A0A0Q9WX94
A0A0R1DPB4	A0A0R1DPB4
A0A0R1DWH8	A0A0R1DWH8
A0A0V1KRF1	A0A0V1KRF1
A0A0V1KRF1	E5SCH5
A0A0V1KRF1	A0A0V1DHM4
A0A0V1KRF1	A0A0V0YI07
A0A0V1KRF1	A0A0V1I8X7
A0A0V1KRF1	A0A0V0UH80
A0A0V1KRF1	A0A0V1A5B1
A0A0V1KRF1	A0A0V1KBS6
A0A0V1KRF1	A0A1Y3EYT8
A0A0V1KRF1	A0A0V0SMG5
A0A0V1KRF1	A0A0V1EU32
A0A0V1KRF1	A0A0V1FYI2
A0A131Y9D4	A0A131Y9D4
A0A131Y9D4	V5HKZ6
A0A131Y9D4	V5HE24
A0A146ZYF1	A0A146ZYF1
A0A146ZYF1	A0A146ZZQ1
A0A158NDD5	A0A158NDD5
A0A158NE13	A0A158NE13
A0A158NE13	A0AAW2EK86
A0A7L0EQ16	A0A7L0EQ16
A0A7L1N5Z4	A0A7L1N5Z4
A0A7L1N5Z4	A0A7L1NVH1
A0A7L1N5Z4	A0A7L1MU21
A0A674J899	A0A674J899
A0A674K250	A0A674K250
A0A674MS80	A0A674MS80
A0A674N5Q9	A0A674N5Q9
A0A6A3H9G1	A0A6A3H9G1
A0A6A3H9G1	Q945T9
A0A6A3H9G1	A0A6G0KW52
A0A6A3H9G1	A0A6A3JQT9
A0A6A3H9G1	A0A8T1HX36
A0A6A3H9G1	B1AC87
A0A6A3H9G1	A0A329RHU4
A0A6A3H9G1	H3GAF6
A0A6A3H9G1	A0A8T0YWT0
A0A6A4K6Y4	A0A6A4K6Y4
A0A6A4K6Y4	A0A0K8SZI6
A0A6A4K6Y4	Q95P15
A0A6A4K6Y4	A0A6A4KEG3
A0A6A4K6Y4	A0A184WFY1
A0A6A4K6Y4	A0A184WFY3
A0A6A4K6Y4	A0A184WFY6
A0A6A4K6Y4	A0A184WFY4
A0A6A4K6Y4	A0A6C0WZ43
A0A6A4V2Q8	A0A6A4V2Q8
A0A6A4V2Q8	A0A6A4XG47
A0A6A4V829	A0A6A4V829
A0A6A4W453	A0A6A4W453
A0A6A4ZJL5	A0A6A4ZJL5
A0A6A5TJE6	A0A6A5TJE6
A0A6B8VJD3	A0A6B8VJD3
A0A6G0WA07	A0A6G0WA07
A0A6G0WA07	A0A6G0WA74
A0A6G0WA07	A0A6G0W9N5
A0A6G0WA07	A0A6G0WA03
A0A6G0WA07	A0A6G0WBS4
A0A6G0WA07	A0A6G0WCM7
A0A6G1PLR0	A0A6G1PLR0
A0A6G1PLR0	A0AA88MHD6
A0A6G1Q3R9	A0A6G1Q3R9
A0A6G1Q3R9	A0A2U9C0K0
A0A6G1Q3R9	A0A3B4H318
A0A6G1Q3R9	A0A3B4Y1J3
A0A6G1Q3R9	A0A3P8QHF0
A0A6G1Q3R9	A0A3Q4G633
A0A6G1Q3R9	A0A3Q4G6A3
A0A6G1Q3R9	A0A665UTT4
A0A6G1Q3R9	A0A665UU31
A0A6G1Q3R9	A0A668VCV4
A0A6G1Q3R9	A0A669BD93
A0A6G1Q3R9	A0A669BTI1
A0A6G1Q3R9	A0A672H4G2
A0A6G1Q3R9	A0A7N8XN44
A0A6G1Q3R9	A0A8C2WPF4
A0A6G1Q3R9	A0A8C2WSH2
A0A6G1Q3R9	A0A9W2XXM6
A0A6G1Q3R9	A0AA47P546
A0A6G1Q3R9	H3D4F3
A0A6G1Q3R9	A0A3P9D8J5
A0A6G1Q3R9	A0A3P9DA85
A0A6G1Q3R9	A0A3P9QFF6
A0A6G1Q3R9	A0A3Q0S7Q6
A0A6G1Q3R9	A0A3Q3KXW0
A0A6G1Q3R9	A0A8U1GY62
A0A6G1Q3R9	A0A3B5AUL4
A0A6G1Q3R9	A0A3Q1BN29
A0A6G1Q3R9	A0A3Q2QEZ4
A0A6G1Q3R9	A0A3Q2VCE5
A0A6G1Q3R9	A0A5C6MUZ4
A0A6G1Q3R9	A0A671TID3
A0A6G1Q3R9	A0A673ZFD0
A0A6G1Q3R9	A0A8C2WQ08
A0A6G1Q3R9	A0AAD7RTN9
A0A6G1Q3R9	A0AAQ4S149
A0A6G1Q3R9	A0A3B4GWV5
A0A6G1Q3R9	A0A3P9D8D3
A0A6G1Q3R9	A0A3Q2CLP9
A0A6G1Q3R9	A0A6P7ILF3
A0A6G1Q3R9	A0A8C5G6T2
A0A6G1Q3R9	A0A9Y3RPS3
A0A6G1Q3R9	A0AA88NDK8
A0A6G1Q3R9	A0AAN7XJ09
A0A6G1Q3R9	A0AAW1DYF7
A0A6G1Q3R9	G3PBJ6
A0A6G1Q3R9	A0A3B4GX12
A0A6G1Q3R9	A0A3Q4G6R9
A0A6G1Q3R9	A0A3Q4G6Z0
A0A6G1Q3R9	A0A3Q4GC40
A0A6G1Q3R9	A0A667YZS8
A0A6G1Q3R9	A0A669BHV2
A0A6G1Q3R9	A0A669F564
A0A6G1Q3R9	A0A6J2UVK4
A0A6G1Q3R9	A0A8C4DV54
A0A6G1Q3R9	A0A8C7FWF3
A0A6G1Q3R9	A0A8D3BF81
A0A6G1Q3R9	A0A9N7YH55
A0A6G1Q3R9	A0A3P8XIL1
A0A6G1Q3R9	A0A672GZ12
A0A6G1Q3R9	A0AAY4CEW9
A0A6G1Q3R9	A0A3B3S4E0
A0A6G1Q3R9	A0A3Q0SCH2
A0A6G1Q3R9	A0A3Q3G0T7
A0A6G1Q3R9	A0A3Q3X2W8
A0A6G1Q3R9	A0A3B4H2Z0
A0A6G1Q3R9	A0A3Q0SED1
A0A6G1Q3R9	A0A3Q4BNY0
A0A6G1Q3R9	A0A4W5NR91
A0A6G1Q3R9	A0A672GZW0
A0A6G1Q3R9	A0AAV1HEI6
A0A6G1Q3R9	A0A3P8WKN2
A0A6G1Q3R9	A0A3Q3FZ60
A0A6G1Q3R9	A0A4W5P147
A0A6G1Q3R9	A0A667YS50
A0A6G1Q3R9	A0A667ZKI9
A0A6G1Q3R9	W5M1V8
A0A6G1Q3R9	W5M1U0
A0A6G1Q3R9	A0A8J7P5V4
A0A6G1Q3R9	A0A3P9DAJ2
A0A6G1Q3R9	A0A3P9D9M0
A0A6G1Q3R9	A0A3Q3FX21
A0A6G1Q3R9	A0A3Q3XF68
A0A6G1Q3R9	A0A3Q4BN50
A0A6G1Q3R9	A0A3Q3FYU2
A0A6G1Q3R9	A0A3Q4BNV4
A0A6G1Q3R9	A0A3Q3WUK0
A0A6G1Q3R9	A0A3Q4M7Y0
A0A6G1Q3R9	A0A3Q4GBQ4
A0A6G1Q3R9	A0A3Q4GC74
A0A6G1Q3R9	A0A3Q4G726
A0A6I8N3H3	A0A6I8N3H3
A0A6I8N834	A0A6I8N834
A0A6I8PQJ8	A0A6I8PQJ8
A0A6I8PQJ8	A1L2K0
A0A6I8T312	A0A6I8T312
A0A6I8T312	Q17PX9
A0A6I8V5A6	A0A6I8V5A6
A0A6I8V5A6	B4GAH1
A0A6I8V5A6	A0AAU9GCZ2
A0A6I9VZN1	A0A6I9VZN1
A0A6I9WG40	A0A6I9WG40
A0A6I9XN02	A0A6I9XN02
A0A6J0BRD1	A0A6J0BRD1
A0A6J1M363	A0A6J1M363
A0A6J1M363	A0A6J1LZ92
A0A6J1M363	A0A6J1LZ87
A0A6J1M363	A0A6J1M359
M3ZM04	M3ZM04
N6T9R2	N6T9R2
O18438	O18438
O18438	A0A2A4JFM8
O18438	A0A0X9H412
O18438	A0A9P0HYR7
O18438	A0A9J7ITH3
O18440	O18440
O18440	B4X998
O18440	O18442
O18440	A0A2W1BPI6
O18440	A0A2A4K5J3
O44332	O44332
Q5IRX0	Q5IRX0
Q5IY38	Q5IY38
Q5IY38	Q5IY39
Q5M910	Q5M910
Q5M910	Q6GPX7
Q5QBG0	Q5QBG0
Q5QBG3	Q5QBG3
Q7Z0G2	Q7Z0G2
Q91004	Q91004
Q9XY10	Q9XY10
T1DJF4	T1DJF4
T1DJF4	A0A182F5P4
T1GA21	T1GA21
T1IVS7	T1IVS7
T1JRG3	T1JRG3
T1KRU4	T1KRU4
T1L3B1	T1L3B1
T1L3B9	T1L3B9
T1L3B9	T1L3I0
T1L3H6	T1L3H6
T1L3H6	T1L3A8
T1L3H6	T1L3C6
T1L3H6	T1L3H8
T1L3H6	T1L3H5
T1L3S8	T1L3S8
T1L584	T1L584
T1QDI0	T1QDI0
T1QDI0	A0A9N9RHN8
T1QDI0	A0A9N9WLJ1
T1QDI0	A0A9N9RGX0
T1QDI0	A0A9N9WM52
U5EZJ4	U5EZJ4
U6D1Z8	U6D1Z8
V9FAM0	V9FAM0
V9FAM0	B1AC90
V9FAM0	A0A6A3GXE3
V9FAM0	W2X632
V9FAM0	A0A329RL59
V9FAM0	A0A6A3JP35
V9FAM0	A0A6A4CB06
V9FAM0	A0A6G0LCM7
V9LL27	V9LL27
W2GF69	W2GF69
W2GF69	W2R499
W5MCC9	W5MCC9
