cluster_id,class_label,cluster_size,motif_both_motifs,motif_histidine_only,motif_serine_only,motif_neither_motif
bg__A0A009IHW8,0,1,,,,
bg__A0A024RBG1,0,2,,,,
bg__A0A024SC78,0,2,,,,
bg__A0A059ZRB8,0,1,,,,
bg__A0A060LAL9,0,2,,,,
bg__A0A067CMC7,0,1,,,,
bg__A0A067DFU5,0,1,,,,
bg__A0A067XR63,0,1,,,,
bg__A0A067XRK9,0,2,,,,
bg__A0A067YMX8,0,1,,,,
bg__A0A069AMK2,0,1,,,,
bg__A0A075D654,0,1,,,,
bg__A0A075D6M1,0,2,,,,
bg__A0A075TR27,0,1,,,,
bg__A0A075TRB3,0,1,,,,
bg__A0A075TRL0,0,2,,,,
bg__A0A078ISJ6,0,1,,,,
bg__A0A081HJP9,0,1,,,,
bg__A0A084JZF2,0,1,,,,
bg__A0A096ZED0,0,1,,,,
bg__A0A097ZPD5,0,1,,,,
bg__A0A0A1GNF2,0,1,,,,
bg__A0A0A1H8I4,0,1,,,,
bg__A0A0A2JAR6,0,1,,,,
bg__A0A0A7HF73,0,1,,,,
bg__A0A0A7HIF0,0,1,,,,
bg__A0A0A7XNA3,0,1,,,,
bg__A0A0B4J1L0,0,1,,,,
bg__A0A0B5AC19,0,1,,,,
bg__A0A0B5JC15,0,1,,,,
bg__A0A0D1DPX0,0,1,,,,
bg__A0A0D1DWQ2,0,1,,,,
bg__A0A0D2H023,0,1,,,,
bg__A0A0D3MJQ5,0,1,,,,
bg__A0A0D4WV12,0,8,,,,
bg__A0A0D8BWP6,0,3,,,,
bg__A0A0E3NFS5,0,3,,,,
bg__A0A0E3USC3,0,1,,,,
bg__A0A0E4AE82,0,1,,,,
bg__A0A0F5HNH9,0,1,,,,
bg__A0A0F5HPP7,0,1,,,,
bg__A0A0F7TXA1,0,1,,,,
bg__A0A0F7TZD6,0,4,,,,
bg__A0A0F7U1Z1,0,1,,,,
bg__A0A0F9ZXE3,0,1,,,,
bg__A0A0G4KL96,0,1,,,,
bg__A0A0H2V871,0,1,,,,
bg__A0A0H2V8B5,0,1,,,,
bg__A0A0H2VA12,0,1,,,,
bg__A0A0H2WZY4,0,1,,,,
bg__A0A0H2XEK8,0,1,,,,
bg__A0A0H2ZF87,0,1,,,,
bg__A0A0H2ZLL3,0,1,,,,
bg__A0A0H2ZM82,0,1,,,,
bg__A0A0H2ZQL5,0,1,,,,
bg__A0A0H3B1Q8,0,1,,,,
bg__A0A0H3DN66,0,3,,,,
bg__A0A0H3G4K1,0,1,,,,
bg__A0A0H3GM48,0,1,,,,
bg__A0A0H3JN63,0,1,,,,
bg__A0A0H3JQ59,0,1,,,,
bg__A0A0H3JU78,0,1,,,,
bg__A0A0H3JXA8,0,1,,,,
bg__A0A0H3KNC4,0,1,,,,
bg__A0A0H3KNE7,0,1,,,,
bg__A0A0H3L116,0,1,,,,
bg__A0A0H3L1B8,0,1,,,,
bg__A0A0H3LM39,0,1,,,,
bg__A0A0H3MD02,0,3,,,,
bg__A0A0H3MDW1,0,1,,,,
bg__A0A0H3PEK7,0,1,,,,
bg__A0A0J5WTU0,0,1,,,,
bg__A0A0J9X285,0,1,,,,
bg__A0A0K2H9D8,0,1,,,,
bg__A0A0K3AUJ9,0,5,,,,
bg__A0A0K8P6T7,0,1,,,,
bg__A0A0K8P8V5,0,1,,,,
bg__A0A0M0ELU2,0,1,,,,
bg__A0A0M3KKW3,0,1,,,,
bg__A0A0M4FTF3,0,1,,,,
bg__A0A0M9VUI4,0,1,,,,
bg__A0A0M9VX84,0,1,,,,
bg__A0A0N7L7I9,0,1,,,,
bg__A0A0N8YGA2,0,1,,,,
bg__A0A0N9HQ36,0,1,,,,
bg__A0A0P0X0C0,0,1,,,,
bg__A0A0R4IGV4,0,1,,,,
bg__A0A0R4IM31,0,1,,,,
bg__A0A0R6Y3I5,0,1,,,,
bg__A0A0S0FTT9,0,1,,,,
bg__A0A0S2DNG5,0,1,,,,
bg__A0A0S3QTC6,0,1,,,,
bg__A0A0U1LQE2,0,1,,,,
bg__A0A0U5CNN8,0,1,,,,
bg__A0A0U5GIU9,0,1,,,,
bg__A0A0U8TRG9,0,1,,,,
bg__A0A125YY17,0,2,,,,
bg__A0A125YZH9,0,1,,,,
bg__A0A126P745,0,1,,,,
bg__A0A140N890,0,2,,,,
bg__A0A142I729,0,1,,,,
bg__A0A150XSR0,0,1,,,,
bg__A0A160PB22,0,1,,,,
bg__A0A161CFW5,0,1,,,,
bg__A0A161CKG1,0,1,,,,
bg__A0A162J3X8,0,1,,,,
bg__A0A163UT06,0,1,,,,
bg__A0A166ACJ5,0,1,,,,
bg__A0A172M4N0,0,1,,,,
bg__A0A172U6X0,0,1,,,,
bg__A0A178VEK7,0,1,,,,
bg__A0A179H0I3,0,1,,,,
bg__A0A182BSR8,0,1,,,,
bg__A0A182BSR9,0,1,,,,
bg__A0A193KX02,0,1,,,,
bg__A0A1A9TAK5,0,1,,,,
bg__A0A1B2CTC6,0,1,,,,
bg__A0A1B5L6A5,0,1,,,,
bg__A0A1B7YCX1,0,1,,,,
bg__A0A1C3KYI2,0,5,,,,
bg__A0A1D3PCK2,0,1,,,,
bg__A0A1D5NY17,0,3,,,,
bg__A0A1D5PPP7,0,5,,,,
bg__A0A1D6F5N5,0,1,,,,
bg__A0A1D8PEH1,0,1,,,,
bg__A0A1D8PJ73,0,1,,,,
bg__A0A1D8PK71,0,1,,,,
bg__A0A1D8PLT8,0,1,,,,
bg__A0A1D8PSV5,0,1,,,,
bg__A0A1D8PT02,0,1,,,,
bg__A0A1D8PT03,0,1,,,,
bg__A0A1H0NKS3,0,1,,,,
bg__A0A1I9LMX5,0,1,,,,
bg__A0A1J0HSP5,0,1,,,,
bg__A0A1L3THR9,0,1,,,,
bg__A0A1L4BJ46,0,1,,,,
bg__A0A1L5YRA2,0,2,,,,
bg__A0A1L7NQ96,0,1,,,,
bg__A0A1L7VEP9,0,1,,,,
bg__A0A1L8ENT6,0,1,,,,
bg__A0A1L8F8I9,0,1,,,,
bg__A0A1L8FZ98,0,1,,,,
bg__A0A1L8H579,0,1,,,,
bg__A0A1L8HBI7,0,1,,,,
bg__A0A1L8HV70,0,6,,,,
bg__A0A1P8B554,0,1,,,,
bg__A0A1P8CWZ3,0,1,,,,
bg__A0A1R3RGK4,0,1,,,,
bg__A0A1S1YUU1,0,1,,,,
bg__A0A1S3EL69,0,1,,,,
bg__A0A1S4EWW7,0,1,,,,
bg__A0A1S4K3K8,0,1,,,,
bg__A0A1S7LCW6,0,1,,,,
bg__A0A1T4LJ54,0,1,,,,
bg__A0A1U8QIH0,0,1,,,,
bg__A0A1U8QXK4,0,1,,,,
bg__A0A1U9YI04,0,1,,,,
bg__A0A1U9YI21,0,1,,,,
bg__A0A1V0HUX5,0,1,,,,
bg__A0A1V0QSF1,0,1,,,,
bg__A0A1W2PQD8,0,1,,,,
bg__A0A1W2PR19,0,3,,,,
bg__A0A1W2PR82,0,1,,,,
bg__A0A1W7HCY1,0,1,,,,
bg__A0A1X9PY88,0,2,,,,
bg__A0A1Y0BRF7,0,1,,,,
bg__A0A1Y0BRG0,0,1,,,,
bg__A0A1Y2IY60,0,1,,,,
bg__A0A223GEC9,0,1,,,,
bg__A0A244CMP0,0,1,,,,
bg__A0A251PW43,0,1,,,,
bg__A0A286LEZ7,0,2,,,,
bg__A0A286YDK6,0,1,,,,
bg__A0A286YEU6,0,1,,,,
bg__A0A2C9EVE6,0,3,,,,
bg__A0A2G0QDP0,0,1,,,,
bg__A0A2H3CZZ2,0,1,,,,
bg__A0A2H3D8Y2,0,1,,,,
bg__A0A2H3D905,0,2,,,,
bg__A0A2H5AIZ6,0,2,,,,
bg__A0A2I1BSV7,0,1,,,,
bg__A0A2I1BSW8,0,3,,,,
bg__A0A2I1BSZ6,0,1,,,,
bg__A0A2I1BT01,0,1,,,,
bg__A0A2I1BT09,0,1,,,,
bg__A0A2I1C3V7,0,1,,,,
bg__A0A2I6PJ07,0,1,,,,
bg__A0A2J8C362,0,2,,,,
bg__A0A2K3DU55,0,1,,,,
bg__A0A2K5X3B6,0,2,,,,
bg__A0A2N6JFX7,0,1,,,,
bg__A0A2P1DP74,0,1,,,,
bg__A0A2P1GIW3,0,1,,,,
bg__A0A2R6PN00,0,1,,,,
bg__A0A2R8RY99,0,1,,,,
bg__A0A2R8YED5,0,1,,,,
bg__A0A2T4VDM4,0,1,,,,
bg__A0A2U7R6V5,0,1,,,,
bg__A0A2Z4LIS9,0,1,,,,
bg__A0A2Z5U507,0,1,,,,
bg__A0A2Z5Z9X0,0,1,,,,
bg__A0A345BJN5,0,1,,,,
bg__A0A345MJY6,0,1,,,,
bg__A0A348HAX8,0,1,,,,
bg__A0A381HAP5,0,1,,,,
bg__A0A384JLD1,0,1,,,,
bg__A0A384K474,0,1,,,,
bg__A0A385XI13,0,1,,,,
bg__A0A3B1EFQ0,0,1,,,,
bg__A0A3B3IS91,0,1,,,,
bg__A0A3B3IT45,0,1,,,,
bg__A0A3B6UEU3,0,1,,,,
bg__A0A3G2S8R6,0,1,,,,
bg__A0A3G9H8P0,0,1,,,,
bg__A0A3G9HAL8,0,1,,,,
bg__A0A3G9HRC8,0,1,,,,
bg__A0A3G9JYH7,0,2,,,,
bg__A0A3G9JYJ6,0,1,,,,
bg__A0A3P7XL18,0,1,,,,
bg__A0A3Q0KGQ7,0,1,,,,
bg__A0A3Q8GL18,0,1,,,,
bg__A0A3Q8GLE8,0,1,,,,
bg__A0A3T2V133,0,2,,,,
bg__A0A411PQM3,0,2,,,,
bg__A0A443HJZ3,0,1,,,,
bg__A0A455LJ99,0,1,,,,
bg__A0A478ECY3,0,2,,,,
bg__A0A481WNM5,0,1,,,,
bg__A0A482ARP7,0,1,,,,
bg__A0A482AU66,0,1,,,,
bg__A0A482NB13,0,1,,,,
bg__A0A494C1R9,0,5,,,,
bg__A0A4P8GEE8,0,1,,,,
bg__A0A4P8GG75,0,1,,,,
bg__A0A4P8PKE4,0,1,,,,
bg__A0A4P9I8G4,0,1,,,,
bg__A0A509ADH4,0,1,,,,
bg__A0A509APT1,0,1,,,,
bg__A0A5B8NIM2,0,1,,,,
bg__A0A5B8X7H4,0,3,,,,
bg__A0A5B8YUX5,0,1,,,,
bg__A0A5B8YVD7,0,1,,,,
bg__A0A5D0EMF2,0,1,,,,
bg__A0A5J6BJN2,0,1,,,,
bg__A0A5J6BJN5,0,1,,,,
bg__A0A5J6BJP2,0,1,,,,
bg__A0A5J6BJQ5,0,1,,,,
bg__A0A5J6BJT0,0,1,,,,
bg__A0A5N6UWA3,0,1,,,,
bg__A0A6A6H402,0,1,,,,
bg__A0A6C0M6J9,0,1,,,,
bg__A0A6F8RQ06,0,1,,,,
bg__A0A6P3R0Z0,0,3,,,,
bg__A0A6S6QNE4,0,1,,,,
bg__A0A7E5WUT2,0,1,,,,
bg__A0A7J6KBZ0,0,1,,,,
bg__A0A7P0TBJ1,0,1,,,,
bg__A0A7R7ZDZ6,0,1,,,,
bg__A0A7R7ZLL0,0,1,,,,
bg__A0A7W3N5X5,0,1,,,,
bg__A0A805Z5R7,0,2,,,,
bg__A0A848M4Z0,0,1,,,,
bg__A0A8D5M6H6,0,1,,,,
bg__A0A8F4N283,0,1,,,,
bg__A0A8F5SIS3,0,1,,,,
bg__A0A8F5XX49,0,1,,,,
bg__A0A8K1Y6E0,0,1,,,,
bg__A0A8M2B5N2,0,4,,,,
bg__A0A8M9PDM1,0,1,,,,
bg__A0A8X6EH27,0,1,,,,
bg__A0A8X8M505,0,1,,,,
bg__A0A9J9HGY6,0,1,,,,
bg__A0A9P5BNK0,0,1,,,,
bg__A0A9W3HR60,0,1,,,,
bg__A0A9Y1LQX3,0,1,,,,
bg__A0AAD6J5F2,0,1,,,,
bg__A0AAT9JA24,0,5,,,,
bg__A0AAW1NHX6,0,1,,,,
bg__A0AEZ3,0,2,,,,
bg__A0AF11,0,1,,,,
bg__A0AHS0,0,1,,,,
bg__A0AI95,0,2,,,,
bg__A0AK12,0,4,,,,
bg__A0B5C6,0,1,,,,
bg__A0B5R0,0,1,,,,
bg__A0B6C1,0,1,,,,
bg__A0B796,0,1,,,,
bg__A0B880,0,1,,,,
bg__A0B8L1,0,1,,,,
bg__A0B999,0,1,,,,
bg__A0B9X4,0,1,,,,
bg__A0CIS3,0,1,,,,
bg__A0CY51,0,1,,,,
bg__A0DSB3,0,2,,,,
bg__A0DTY1,0,3,,,,
bg__A0DUC3,0,1,,,,
bg__A0E358,0,1,,,,
bg__A0FKN6,0,1,,,,
bg__A0JLT2,0,2,,,,
bg__A0JPZ8,0,1,,,,
bg__A0JTZ0,0,1,,,,
bg__A0JUP3,0,2,,,,
bg__A0JUZ2,0,2,,,,
bg__A0JVC9,0,1,,,,
bg__A0JWX7,0,1,,,,
bg__A0JWY6,0,2,,,,
bg__A0JXB5,0,2,,,,
bg__A0JXT5,0,1,,,,
bg__A0JZ68,0,6,,,,
bg__A0K1I7,0,1,,,,
bg__A0KCF0,0,3,,,,
bg__A0KF11,0,1,,,,
bg__A0KIC9,0,1,,,,
bg__A0KJE0,0,1,,,,
bg__A0KJM0,0,5,,,,
bg__A0KK26,0,1,,,,
bg__A0KN01,0,1,,,,
bg__A0KNV5,0,1,,,,
bg__A0KP08,0,1,,,,
bg__A0KQI1,0,2,,,,
bg__A0KR69,0,3,,,,
bg__A0KSQ8,0,5,,,,
bg__A0KYQ6,0,1,,,,
bg__A0L1N7,0,5,,,,
bg__A0L3K8,0,1,,,,
bg__A0L3M5,0,1,,,,
bg__A0L3M6,0,1,,,,
bg__A0L4B0,0,1,,,,
bg__A0L4N8,0,1,,,,
bg__A0L4W0,0,1,,,,
bg__A0L4Z4,0,1,,,,
bg__A0L5M9,0,1,,,,
bg__A0L7P3,0,1,,,,
bg__A0L8Q7,0,1,,,,
bg__A0L8V0,0,1,,,,
bg__A0L9E2,0,1,,,,
bg__A0L9F4,0,1,,,,
bg__A0LCF3,0,1,,,,
bg__A0LDB5,0,1,,,,
bg__A0LDX4,0,1,,,,
bg__A0LE04,0,1,,,,
bg__A0LFP6,0,1,,,,
bg__A0LG38,0,1,,,,
bg__A0LG64,0,1,,,,
bg__A0LK96,0,1,,,,
bg__A0LLI5,0,1,,,,
bg__A0LLR2,0,1,,,,
bg__A0LLU7,0,1,,,,
bg__A0LLU8,0,1,,,,
bg__A0LMC1,0,1,,,,
bg__A0LMM5,0,1,,,,
bg__A0LP26,0,1,,,,
bg__A0LPG9,0,1,,,,
bg__A0LQR5,0,1,,,,
bg__A0LR22,0,1,,,,
bg__A0LR93,0,1,,,,
bg__A0LRC9,0,1,,,,
bg__A0LRM5,0,1,,,,
bg__A0LTK3,0,1,,,,
bg__A0LTZ0,0,2,,,,
bg__A0LUZ6,0,1,,,,
bg__A0LV66,0,1,,,,
bg__A0LV85,0,1,,,,
bg__A0LXJ4,0,2,,,,
bg__A0LXW0,0,1,,,,
bg__A0LY29,0,2,,,,
bg__A0LYC3,0,2,,,,
bg__A0M0C9,0,1,,,,
bg__A0M360,0,1,,,,
bg__A0M554,0,2,,,,
bg__A0MTA1,0,1,,,,
bg__A0NLY7,0,1,,,,
bg__A0PA81,0,1,,,,
bg__A0PJE2,0,1,,,,
bg__A0PJW6,0,1,,,,
bg__A0PJX4,0,3,,,,
bg__A0PK05,0,1,,,,
bg__A0PM51,0,1,,,,
bg__A0PPI8,0,6,,,,
bg__A0PT81,0,4,,,,
bg__A0PTG1,0,3,,,,
bg__A0PXL3,0,1,,,,
bg__A0PYB4,0,1,,,,
bg__A0PYP2,0,1,,,,
bg__A0PYW1,0,1,,,,
bg__A0PYX5,0,1,,,,
bg__A0Q055,0,1,,,,
bg__A0Q0A0,0,1,,,,
bg__A0Q109,0,1,,,,
bg__A0Q1F1,0,1,,,,
bg__A0Q2B1,0,1,,,,
bg__A0Q2N5,0,1,,,,
bg__A0Q5Y4,0,1,,,,
bg__A0Q638,0,1,,,,
bg__A0Q7B4,0,3,,,,
bg__A0Q7V5,0,1,,,,
bg__A0Q7W6,0,4,,,,
bg__A0QEV5,0,4,,,,
bg__A0QFB6,0,3,,,,
bg__A0QGK1,0,1,,,,
bg__A0QJ19,0,7,,,,
bg__A0QNI7,0,1,,,,
bg__A0QPF9,0,2,,,,
bg__A0QQ53,0,2,,,,
bg__A0QQF4,0,1,,,,
bg__A0QS56,0,1,,,,
bg__A0QSC0,0,1,,,,
bg__A0QSG1,0,1,,,,
bg__A0QSY0,0,1,,,,
bg__A0QT90,0,1,,,,
bg__A0QUZ4,0,1,,,,
bg__A0QV09,0,1,,,,
bg__A0QVY5,0,7,,,,
bg__A0QVZ5,0,1,,,,
bg__A0QWU8,0,1,,,,
bg__A0QX51,0,1,,,,
bg__A0QYC2,0,1,,,,
bg__A0QZ12,0,1,,,,
bg__A0R006,0,2,,,,
bg__A0R109,0,3,,,,
bg__A0R1X0,0,2,,,,
bg__A0R1Y1,0,1,,,,
bg__A0R2D4,0,2,,,,
bg__A0R2E6,0,1,,,,
bg__A0R2N3,0,1,,,,
bg__A0R2W4,0,2,,,,
bg__A0R2W9,0,2,,,,
bg__A0R3I3,0,2,,,,
bg__A0R3S7,0,2,,,,
bg__A0R580,0,5,,,,
bg__A0R5C5,0,1,,,,
bg__A0R5K4,0,1,,,,
bg__A0R610,0,2,,,,
bg__A0R6D0,0,1,,,,
bg__A0R756,0,1,,,,
bg__A0R8K8,0,2,,,,
bg__A0R8K9,0,2,,,,
bg__A0R8Y3,0,2,,,,
bg__A0R904,0,3,,,,
bg__A0R9W6,0,1,,,,
bg__A0RHR1,0,5,,,,
bg__A0RID0,0,6,,,,
bg__A0RMP5,0,1,,,,
bg__A0RNS3,0,1,,,,
bg__A0RNY9,0,1,,,,
bg__A0RPN6,0,1,,,,
bg__A0RQ72,0,1,,,,
bg__A0RUY7,0,1,,,,
bg__A0RV25,0,1,,,,
bg__A0RVQ7,0,1,,,,
bg__A0RXT6,0,1,,,,
bg__A0S0B0,0,1,,,,
bg__A0SIF1,0,2,,,,
bg__A0SVK0,0,1,,,,
bg__A0T0L1,0,1,,,,
bg__A0T0Z4,0,1,,,,
bg__A0ZWU1,0,1,,,,
bg__A0ZZM2,0,1,,,,
bg__A1A1N2,0,1,,,,
bg__A1A1X1,0,4,,,,
bg__A1A2G3,0,2,,,,
bg__A1A4J8,0,3,,,,
bg__A1A4L1,0,1,,,,
bg__A1A546,0,1,,,,
bg__A1A5V9,0,1,,,,
bg__A1A5X5,0,1,,,,
bg__A1A6K6,0,1,,,,
bg__A1ABS1,0,15,,,,
bg__A1ACV5,0,9,,,,
bg__A1ADJ6,0,1,,,,
bg__A1AGN7,0,2,,,,
bg__A1AIG4,0,3,,,,
bg__A1ALZ9,0,1,,,,
bg__A1APM0,0,1,,,,
bg__A1APN8,0,1,,,,
bg__A1APR8,0,1,,,,
bg__A1ASL7,0,1,,,,
bg__A1ATI7,0,3,,,,
bg__A1AU58,0,1,,,,
bg__A1AU59,0,1,,,,
bg__A1AUF4,0,1,,,,
bg__A1AUV7,0,1,,,,
bg__A1AV04,0,1,,,,
bg__A1AV74,0,1,,,,
bg__A1AV91,0,2,,,,
bg__A1AVG1,0,1,,,,
bg__A1AVQ5,0,1,,,,
bg__A1AW32,0,1,,,,
bg__A1AW70,0,1,,,,
bg__A1AW91,0,1,,,,
bg__A1AW96,0,1,,,,
bg__A1AWJ5,0,1,,,,
bg__A1AX35,0,1,,,,
bg__A1AY86,0,1,,,,
bg__A1AZ43,0,1,,,,
bg__A1AZF2,0,1,,,,
bg__A1B0E7,0,2,,,,
bg__A1B0G4,0,4,,,,
bg__A1B196,0,1,,,,
bg__A1B1H5,0,1,,,,
bg__A1B2F3,0,1,,,,
bg__A1B316,0,1,,,,
bg__A1B3Z0,0,2,,,,
bg__A1B475,0,1,,,,
bg__A1B477,0,6,,,,
bg__A1B5M0,0,2,,,,
bg__A1B5M1,0,1,,,,
bg__A1B5V3,0,2,,,,
bg__A1B8Z0,0,1,,,,
bg__A1B8Z2,0,1,,,,
bg__A1B8Z4,0,1,,,,
bg__A1B962,0,5,,,,
bg__A1B9K8,0,1,,,,
bg__A1BAL9,0,3,,,,
bg__A1BAN1,0,3,,,,
bg__A1BDY2,0,1,,,,
bg__A1BE07,0,1,,,,
bg__A1BED6,0,1,,,,
bg__A1BEF7,0,4,,,,
bg__A1BFE5,0,1,,,,
bg__A1BHM3,0,2,,,,
bg__A1BHP6,0,3,,,,
bg__A1BI80,0,1,,,,
bg__A1BQQ5,0,1,,,,
bg__A1CHQ0,0,2,,,,
bg__A1CIK4,0,7,,,,
bg__A1CRJ0,0,1,,,,
bg__A1DBJ7,0,2,,,,
bg__A1DCY5,0,1,,,,
bg__A1DEZ0,0,1,,,,
bg__A1E9U9,0,2,,,,
bg__A1JIJ0,0,30,,,,
bg__A1JIJ2,0,6,,,,
bg__A1JJA0,0,28,,,,
bg__A1JJN8,0,15,,,,
bg__A1JK62,0,12,,,,
bg__A1JKA9,0,1,,,,
bg__A1JL07,0,5,,,,
bg__A1JP11,0,1,,,,
bg__A1JQJ2,0,1,,,,
bg__A1JRJ9,0,4,,,,
bg__A1K2Y3,0,2,,,,
bg__A1K306,0,1,,,,
bg__A1K3C4,0,1,,,,
bg__A1K3G8,0,1,,,,
bg__A1K3T2,0,1,,,,
bg__A1K3U8,0,1,,,,
bg__A1K4R4,0,1,,,,
bg__A1K598,0,1,,,,
bg__A1K8P2,0,1,,,,
bg__A1K8Q1,0,2,,,,
bg__A1KA92,0,1,,,,
bg__A1KAA6,0,1,,,,
bg__A1KBB9,0,1,,,,
bg__A1KFV2,0,1,,,,
bg__A1KGF0,0,1,,,,
bg__A1KJ19,0,4,,,,
bg__A1KJ21,0,14,,,,
bg__A1KR52,0,2,,,,
bg__A1KRN3,0,2,,,,
bg__A1KSW0,0,1,,,,
bg__A1KTN1,0,2,,,,
bg__A1KTW0,0,2,,,,
bg__A1KVH8,0,2,,,,
bg__A1KVS6,0,5,,,,
bg__A1L237,0,1,,,,
bg__A1L2Q8,0,1,,,,
bg__A1L3X0,0,4,,,,
bg__A1R163,0,1,,,,
bg__A1R1M6,0,1,,,,
bg__A1R4F7,0,1,,,,
bg__A1R520,0,1,,,,
bg__A1R587,0,3,,,,
bg__A1R5S0,0,3,,,,
bg__A1R6I0,0,2,,,,
bg__A1RLI0,0,6,,,,
bg__A1RQK2,0,3,,,,
bg__A1RS58,0,1,,,,
bg__A1RSE3,0,3,,,,
bg__A1RSJ8,0,2,,,,
bg__A1RU26,0,1,,,,
bg__A1RU67,0,2,,,,
bg__A1RXJ4,0,1,,,,
bg__A1RXU2,0,1,,,,
bg__A1RY04,0,1,,,,
bg__A1S1K8,0,1,,,,
bg__A1S262,0,4,,,,
bg__A1S3J2,0,1,,,,
bg__A1S3L4,0,1,,,,
bg__A1S3W8,0,21,,,,
bg__A1S3Y1,0,6,,,,
bg__A1S6T3,0,1,,,,
bg__A1S7A2,0,1,,,,
bg__A1S8B8,0,1,,,,
bg__A1SBC7,0,9,,,,
bg__A1SG03,0,1,,,,
bg__A1SGA2,0,1,,,,
bg__A1SIB6,0,1,,,,
bg__A1SJ19,0,4,,,,
bg__A1SJB1,0,1,,,,
bg__A1SJI9,0,1,,,,
bg__A1SJZ1,0,1,,,,
bg__A1SLU7,0,1,,,,
bg__A1SND2,0,1,,,,
bg__A1SNF6,0,1,,,,
bg__A1SNG8,0,1,,,,
bg__A1SR12,0,1,,,,
bg__A1SRC7,0,1,,,,
bg__A1SS81,0,1,,,,
bg__A1SS88,0,1,,,,
bg__A1SS95,0,1,,,,
bg__A1SSG8,0,1,,,,
bg__A1SSG9,0,1,,,,
bg__A1SSM8,0,1,,,,
bg__A1SSR3,0,1,,,,
bg__A1ST38,0,7,,,,
bg__A1STE7,0,1,,,,
bg__A1STI3,0,2,,,,
bg__A1SUA7,0,1,,,,
bg__A1SUX5,0,1,,,,
bg__A1SVX2,0,1,,,,
bg__A1SW72,0,1,,,,
bg__A1SWS5,0,1,,,,
bg__A1SY91,0,1,,,,
bg__A1SYB5,0,1,,,,
bg__A1SYW1,0,28,,,,
bg__A1T4T2,0,2,,,,
bg__A1TAP4,0,6,,,,
bg__A1TB16,0,1,,,,
bg__A1TN71,0,12,,,,
bg__A1TWN6,0,1,,,,
bg__A1TWQ8,0,2,,,,
bg__A1TYI2,0,1,,,,
bg__A1TYR6,0,1,,,,
bg__A1TZ53,0,1,,,,
bg__A1TZF4,0,1,,,,
bg__A1U0V1,0,1,,,,
bg__A1U1Q5,0,1,,,,
bg__A1U1R0,0,1,,,,
bg__A1U2D4,0,1,,,,
bg__A1U4A9,0,1,,,,
bg__A1U4D6,0,1,,,,
bg__A1U749,0,1,,,,
bg__A1U776,0,1,,,,
bg__A1UED7,0,11,,,,
bg__A1UEV1,0,6,,,,
bg__A1UT26,0,1,,,,
bg__A1UTA5,0,19,,,,
bg__A1UTC2,0,2,,,,
bg__A1UTZ3,0,1,,,,
bg__A1UU20,0,1,,,,
bg__A1VBJ4,0,1,,,,
bg__A1VBV4,0,1,,,,
bg__A1VCX9,0,1,,,,
bg__A1VCZ9,0,1,,,,
bg__A1VDB2,0,1,,,,
bg__A1VDN2,0,1,,,,
bg__A1VGV6,0,2,,,,
bg__A1VK09,0,1,,,,
bg__A1VKP2,0,2,,,,
bg__A1VS34,0,2,,,,
bg__A1VST0,0,4,,,,
bg__A1VSZ8,0,14,,,,
bg__A1VXG4,0,1,,,,
bg__A1VXT4,0,1,,,,
bg__A1VY43,0,1,,,,
bg__A1VYG1,0,5,,,,
bg__A1VYL5,0,2,,,,
bg__A1VZF4,0,3,,,,
bg__A1W3F9,0,5,,,,
bg__A1W4G6,0,1,,,,
bg__A1W4I7,0,2,,,,
bg__A1W7L8,0,2,,,,
bg__A1WE26,0,2,,,,
bg__A1WHP5,0,1,,,,
bg__A1WJ68,0,1,,,,
bg__A1WMW1,0,1,,,,
bg__A1WUN4,0,1,,,,
bg__A1WUU4,0,1,,,,
bg__A1WUU5,0,1,,,,
bg__A1WWH7,0,1,,,,
bg__A1WWZ8,0,1,,,,
bg__A1WX34,0,1,,,,
bg__A1WXW9,0,1,,,,
bg__A1WY18,0,1,,,,
bg__A1WYU0,0,1,,,,
bg__A1WZ50,0,1,,,,
bg__A1YF08,0,6,,,,
bg__A1YIY0,0,2,,,,
bg__A1YQ92,0,4,,,,
bg__A1YQ93,0,1,,,,
bg__A1Z6E0,0,1,,,,
bg__A1Z9J4,0,1,,,,
bg__A1ZAW5,0,1,,,,
bg__A1ZB29,0,1,,,,
bg__A1ZBT5,0,1,,,,
bg__A2A1A1,0,1,,,,
bg__A2A7V7,0,2,,,,
bg__A2A825,0,2,,,,
bg__A2AA28,0,3,,,,
bg__A2ADF7,0,2,,,,
bg__A2AKM2,0,3,,,,
bg__A2AQ14,0,1,,,,
bg__A2AUQ7,0,1,,,,
bg__A2AWP0,0,1,,,,
bg__A2AXG5,0,1,,,,
bg__A2BIS8,0,1,,,,
bg__A2BIU4,0,2,,,,
bg__A2BIX4,0,1,,,,
bg__A2BJU2,0,1,,,,
bg__A2BLM0,0,1,,,,
bg__A2BPM9,0,1,,,,
bg__A2BPX7,0,5,,,,
bg__A2BVG1,0,1,,,,
bg__A2BWR1,0,1,,,,
bg__A2BWT5,0,1,,,,
bg__A2BX94,0,3,,,,
bg__A2BXX8,0,1,,,,
bg__A2BYT0,0,8,,,,
bg__A2BZ20,0,1,,,,
bg__A2BZ72,0,3,,,,
bg__A2C0K7,0,1,,,,
bg__A2C1M1,0,7,,,,
bg__A2C1W8,0,1,,,,
bg__A2C236,0,1,,,,
bg__A2C243,0,1,,,,
bg__A2C3L3,0,1,,,,
bg__A2C4A1,0,1,,,,
bg__A2C4C2,0,1,,,,
bg__A2C601,0,1,,,,
bg__A2CDE8,0,1,,,,
bg__A2CI36,0,10,,,,
bg__A2Q8K8,0,1,,,,
bg__A2R1P9,0,2,,,,
bg__A2R6G8,0,1,,,,
bg__A2R7Z2,0,3,,,,
bg__A2RHP2,0,1,,,,
bg__A2RI01,0,1,,,,
bg__A2RI02,0,1,,,,
bg__A2RI67,0,6,,,,
bg__A2RI75,0,1,,,,
bg__A2RI78,0,1,,,,
bg__A2RIX0,0,1,,,,
bg__A2RJR7,0,1,,,,
bg__A2RJS9,0,1,,,,
bg__A2RKH0,0,1,,,,
bg__A2RKR7,0,2,,,,
bg__A2RNZ5,0,1,,,,
bg__A2RU54,0,2,,,,
bg__A2RVK7,0,1,,,,
bg__A2RVQ5,0,1,,,,
bg__A2RVS6,0,1,,,,
bg__A2S134,0,6,,,,
bg__A2S7R2,0,6,,,,
bg__A2SBW1,0,1,,,,
bg__A2SCY7,0,1,,,,
bg__A2SD05,0,1,,,,
bg__A2SEX7,0,1,,,,
bg__A2SEX8,0,1,,,,
bg__A2SF76,0,1,,,,
bg__A2SHS6,0,1,,,,
bg__A2SKU1,0,5,,,,
bg__A2SKU4,0,1,,,,
bg__A2SLF7,0,1,,,,
bg__A2SPZ6,0,1,,,,
bg__A2SQJ8,0,1,,,,
bg__A2SQU8,0,1,,,,
bg__A2SS66,0,1,,,,
bg__A2SZW8,0,5,,,,
bg__A2T6X6,0,4,,,,
bg__A2T733,0,4,,,,
bg__A2T806,0,5,,,,
bg__A2TBU1,0,1,,,,
bg__A2TK72,0,1,,,,
bg__A2VD98,0,1,,,,
bg__A2VDH3,0,2,,,,
bg__A2VDN0,0,5,,,,
bg__A2VDY3,0,1,,,,
bg__A2VE33,0,1,,,,
bg__A2WSZ6,0,2,,,,
bg__A2WTQ5,0,2,,,,
bg__A2WZ60,0,2,,,,
bg__A2XDK5,0,2,,,,
bg__A2XMJ1,0,2,,,,
bg__A2XVG1,0,1,,,,
bg__A2YVR7,0,3,,,,
bg__A2ZRY8,0,1,,,,
bg__A3AJ77,0,2,,,,
bg__A3AWH5,0,1,,,,
bg__A3BEP8,0,1,,,,
bg__A3BKM2,0,1,,,,
bg__A3BLC3,0,1,,,,
bg__A3BV95,0,1,,,,
bg__A3BYC1,0,1,,,,
bg__A3CN81,0,3,,,,
bg__A3CN88,0,1,,,,
bg__A3CNT2,0,1,,,,
bg__A3CP46,0,8,,,,
bg__A3CRE5,0,1,,,,
bg__A3CS46,0,1,,,,
bg__A3CTK2,0,1,,,,
bg__A3CUB9,0,1,,,,
bg__A3CXN3,0,1,,,,
bg__A3D303,0,4,,,,
bg__A3D5N2,0,7,,,,
bg__A3DBD3,0,1,,,,
bg__A3DBH0,0,1,,,,
bg__A3DC28,0,1,,,,
bg__A3DC74,0,1,,,,
bg__A3DDG7,0,1,,,,
bg__A3DDI1,0,1,,,,
bg__A3DDV6,0,1,,,,
bg__A3DE17,0,1,,,,
bg__A3DEE6,0,1,,,,
bg__A3DGK6,0,2,,,,
bg__A3DHD2,0,1,,,,
bg__A3DIF0,0,1,,,,
bg__A3DJK8,0,1,,,,
bg__A3DK21,0,1,,,,
bg__A3DK68,0,1,,,,
bg__A3DM02,0,1,,,,
bg__A3DMG3,0,1,,,,
bg__A3DMM2,0,1,,,,
bg__A3DN81,0,1,,,,
bg__A3EZ53,0,2,,,,
bg__A3F5F0,0,2,,,,
bg__A3FBE9,0,4,,,,
bg__A3FEM2,0,1,,,,
bg__A3KFF6,0,1,,,,
bg__A3KFT3,0,4,,,,
bg__A3KMR8,0,4,,,,
bg__A3KMZ6,0,3,,,,
bg__A3KNS2,0,1,,,,
bg__A3KNS9,0,1,,,,
bg__A3KNW0,0,1,,,,
bg__A3KNX5,0,1,,,,
bg__A3KNX6,0,1,,,,
bg__A3KP85,0,1,,,,
bg__A3KPA0,0,1,,,,
bg__A3KPP3,0,1,,,,
bg__A3KPR5,0,1,,,,
bg__A3LR68,0,1,,,,
bg__A3LVK6,0,1,,,,
bg__A3LZU7,0,1,,,,
bg__A3LZW1,0,1,,,,
bg__A3M294,0,2,,,,
bg__A3M2B3,0,1,,,,
bg__A3M2T7,0,3,,,,
bg__A3M508,0,2,,,,
bg__A3M9B0,0,1,,,,
bg__A3MSM9,0,1,,,,
bg__A3MTW6,0,1,,,,
bg__A3MUC6,0,2,,,,
bg__A3MUS8,0,1,,,,
bg__A3MUU3,0,3,,,,
bg__A3MUZ0,0,1,,,,
bg__A3MW09,0,1,,,,
bg__A3MWA6,0,2,,,,
bg__A3MWD7,0,1,,,,
bg__A3MXJ5,0,1,,,,
bg__A3MY92,0,1,,,,
bg__A3MY96,0,3,,,,
bg__A3MYW5,0,1,,,,
bg__A3MZB7,0,4,,,,
bg__A3N0D8,0,3,,,,
bg__A3N0J2,0,3,,,,
bg__A3N0Q7,0,5,,,,
bg__A3N1Z1,0,1,,,,
bg__A3N216,0,1,,,,
bg__A3N2T5,0,2,,,,
bg__A3N353,0,17,,,,
bg__A3N3U7,0,1,,,,
bg__A3NJS6,0,2,,,,
bg__A3NUS3,0,4,,,,
bg__A3NVY2,0,6,,,,
bg__A3P6S9,0,4,,,,
bg__A3PBT3,0,2,,,,
bg__A3PDH3,0,2,,,,
bg__A3PEG2,0,3,,,,
bg__A3PFJ4,0,3,,,,
bg__A3PGF8,0,2,,,,
bg__A3PGR9,0,1,,,,
bg__A3PHT2,0,1,,,,
bg__A3PIG5,0,1,,,,
bg__A3PJF5,0,1,,,,
bg__A3PL91,0,1,,,,
bg__A3PM38,0,1,,,,
bg__A3PML8,0,1,,,,
bg__A3PTW9,0,2,,,,
bg__A3PU20,0,4,,,,
bg__A3Q145,0,2,,,,
bg__A3Q1R8,0,2,,,,
bg__A3Q9P7,0,3,,,,
bg__A3Q9U4,0,1,,,,
bg__A3QBA3,0,7,,,,
bg__A3QBM4,0,3,,,,
bg__A3QEN5,0,1,,,,
bg__A3QET2,0,1,,,,
bg__A3QF19,0,1,,,,
bg__A3QH33,0,9,,,,
bg__A3QMC6,0,1,,,,
bg__A3QMD7,0,1,,,,
bg__A3R052,0,2,,,,
bg__A3UNN4,0,1,,,,
bg__A4D161,0,1,,,,
bg__A4D2B0,0,4,,,,
bg__A4D2G3,0,5,,,,
bg__A4D998,0,1,,,,
bg__A4ECA9,0,2,,,,
bg__A4F2N8,0,1,,,,
bg__A4F743,0,1,,,,
bg__A4F7P5,0,1,,,,
bg__A4F7X3,0,1,,,,
bg__A4FBM6,0,1,,,,
bg__A4FBW8,0,1,,,,
bg__A4FFN9,0,1,,,,
bg__A4FFQ6,0,1,,,,
bg__A4FMJ7,0,1,,,,
bg__A4FUG7,0,2,,,,
bg__A4FV27,0,5,,,,
bg__A4FV72,0,3,,,,
bg__A4FVW5,0,1,,,,
bg__A4FWC6,0,1,,,,
bg__A4FXV0,0,1,,,,
bg__A4FXY0,0,2,,,,
bg__A4FY69,0,2,,,,
bg__A4FZY3,0,2,,,,
bg__A4G0C7,0,3,,,,
bg__A4G0L4,0,3,,,,
bg__A4G288,0,1,,,,
bg__A4G433,0,1,,,,
bg__A4G4B0,0,1,,,,
bg__A4G529,0,7,,,,
bg__A4G724,0,1,,,,
bg__A4G883,0,1,,,,
bg__A4GCJ9,0,38,,,,
bg__A4GYZ0,0,1,,,,
bg__A4IFA7,0,4,,,,
bg__A4IFN5,0,4,,,,
bg__A4IG53,0,2,,,,
bg__A4IGD2,0,1,,,,
bg__A4IGL3,0,1,,,,
bg__A4IH61,0,7,,,,
bg__A4IHR0,0,2,,,,
bg__A4IIC5,0,1,,,,
bg__A4IJB8,0,7,,,,
bg__A4IL48,0,1,,,,
bg__A4IN26,0,1,,,,
bg__A4IPI2,0,1,,,,
bg__A4IPP2,0,1,,,,
bg__A4IQS0,0,2,,,,
bg__A4IR66,0,3,,,,
bg__A4IRW9,0,1,,,,
bg__A4ISR4,0,2,,,,
bg__A4IWW5,0,4,,,,
bg__A4IY09,0,5,,,,
bg__A4IZZ4,0,4,,,,
bg__A4J0G0,0,1,,,,
bg__A4J0P1,0,1,,,,
bg__A4J233,0,1,,,,
bg__A4J247,0,1,,,,
bg__A4J3F5,0,1,,,,
bg__A4J4X3,0,1,,,,
bg__A4J559,0,1,,,,
bg__A4J560,0,1,,,,
bg__A4J568,0,1,,,,
bg__A4J5G8,0,1,,,,
bg__A4J5V5,0,1,,,,
bg__A4J661,0,1,,,,
bg__A4J683,0,1,,,,
bg__A4J804,0,1,,,,
bg__A4JBS4,0,2,,,,
bg__A4JPY0,0,3,,,,
bg__A4KWA6,0,1,,,,
bg__A4L9J0,0,8,,,,
bg__A4QAA5,0,1,,,,
bg__A4QBP4,0,2,,,,
bg__A4QCC4,0,1,,,,
bg__A4QCP1,0,2,,,,
bg__A4QE51,0,1,,,,
bg__A4QEG0,0,1,,,,
bg__A4QFD9,0,3,,,,
bg__A4QFR6,0,1,,,,
bg__A4QFW4,0,1,,,,
bg__A4QHQ6,0,2,,,,
bg__A4R1J6,0,3,,,,
bg__A4RF31,0,1,,,,
bg__A4RHN3,0,1,,,,
bg__A4RS24,0,1,,,,
bg__A4SD85,0,4,,,,
bg__A4SE82,0,1,,,,
bg__A4SE87,0,1,,,,
bg__A4SEC9,0,1,,,,
bg__A4SEG3,0,1,,,,
bg__A4SER8,0,4,,,,
bg__A4SG25,0,1,,,,
bg__A4SG33,0,1,,,,
bg__A4SGC0,0,1,,,,
bg__A4SI95,0,1,,,,
bg__A4SIM3,0,1,,,,
bg__A4SJ61,0,1,,,,
bg__A4SM99,0,1,,,,
bg__A4SNT8,0,1,,,,
bg__A4SPI6,0,2,,,,
bg__A4SQ27,0,1,,,,
bg__A4SQX0,0,1,,,,
bg__A4SRB6,0,1,,,,
bg__A4STD1,0,2,,,,
bg__A4SUY5,0,3,,,,
bg__A4SXL6,0,1,,,,
bg__A4SYB4,0,1,,,,
bg__A4SYE9,0,1,,,,
bg__A4T0F4,0,1,,,,
bg__A4T340,0,2,,,,
bg__A4T8B7,0,2,,,,
bg__A4T9L2,0,2,,,,
bg__A4TCN3,0,1,,,,
bg__A4TLE6,0,18,,,,
bg__A4TMJ3,0,2,,,,
bg__A4TMR9,0,2,,,,
bg__A4TPX1,0,3,,,,
bg__A4TQH5,0,4,,,,
bg__A4TSD4,0,20,,,,
bg__A4UHP9,0,3,,,,
bg__A4UHT7,0,2,,,,
bg__A4USB4,0,12,,,,
bg__A4UYK8,0,4,,,,
bg__A4VFY4,0,1,,,,
bg__A4VJ44,0,1,,,,
bg__A4VKK1,0,1,,,,
bg__A4VLQ5,0,1,,,,
bg__A4VND8,0,1,,,,
bg__A4VPM6,0,4,,,,
bg__A4VQZ7,0,3,,,,
bg__A4VRK8,0,1,,,,
bg__A4VVZ0,0,12,,,,
bg__A4VX71,0,4,,,,
bg__A4W1C8,0,2,,,,
bg__A4W7Z3,0,2,,,,
bg__A4WF38,0,8,,,,
bg__A4WG94,0,12,,,,
bg__A4WGX8,0,3,,,,
bg__A4WH05,0,1,,,,
bg__A4WKY7,0,3,,,,
bg__A4WNS1,0,1,,,,
bg__A4WP17,0,1,,,,
bg__A4WP19,0,3,,,,
bg__A4WQD8,0,3,,,,
bg__A4WU04,0,2,,,,
bg__A4WV81,0,1,,,,
bg__A4WVB2,0,1,,,,
bg__A4WVE5,0,1,,,,
bg__A4WW31,0,3,,,,
bg__A4WWA0,0,1,,,,
bg__A4WWP7,0,2,,,,
bg__A4X3Q0,0,1,,,,
bg__A4X4W1,0,1,,,,
bg__A4X642,0,1,,,,
bg__A4X744,0,2,,,,
bg__A4X776,0,1,,,,
bg__A4X9F8,0,1,,,,
bg__A4XCQ4,0,1,,,,
bg__A4XG66,0,1,,,,
bg__A4XK06,0,1,,,,
bg__A4XKM9,0,1,,,,
bg__A4XKT6,0,1,,,,
bg__A4XL42,0,1,,,,
bg__A4XL45,0,1,,,,
bg__A4XLW0,0,1,,,,
bg__A4XNX4,0,7,,,,
bg__A4XT57,0,1,,,,
bg__A4XYV5,0,1,,,,
bg__A4XYX4,0,1,,,,
bg__A4YA61,0,8,,,,
bg__A4YD40,0,1,,,,
bg__A4YGQ6,0,1,,,,
bg__A4YI34,0,1,,,,
bg__A4YIV7,0,5,,,,
bg__A4YJH0,0,3,,,,
bg__A4YQU0,0,2,,,,
bg__A4YVG4,0,5,,,,
bg__A4YWC7,0,1,,,,
bg__A4YWD1,0,6,,,,
bg__A4Z112,0,1,,,,
bg__A4ZFB2,0,1,,,,
bg__A4ZHT6,0,1,,,,
bg__A5ABE6,0,3,,,,
bg__A5ABP2,0,9,,,,
bg__A5CD21,0,1,,,,
bg__A5CD80,0,1,,,,
bg__A5CDI4,0,1,,,,
bg__A5CRN8,0,1,,,,
bg__A5CS08,0,1,,,,
bg__A5CSW0,0,1,,,,
bg__A5CVF7,0,1,,,,
bg__A5CVV1,0,2,,,,
bg__A5CW55,0,1,,,,
bg__A5CX21,0,2,,,,
bg__A5CX90,0,2,,,,
bg__A5CXD7,0,1,,,,
bg__A5CY11,0,1,,,,
bg__A5D014,0,1,,,,
bg__A5D143,0,1,,,,
bg__A5D1H6,0,1,,,,
bg__A5D2E1,0,1,,,,
bg__A5D2K7,0,1,,,,
bg__A5D2Q5,0,1,,,,
bg__A5D2S3,0,1,,,,
bg__A5D2Z8,0,1,,,,
bg__A5D506,0,1,,,,
bg__A5D654,0,1,,,,
bg__A5D673,0,1,,,,
bg__A5D7A0,0,4,,,,
bg__A5D7B2,0,1,,,,
bg__A5D7N9,0,4,,,,
bg__A5D7R8,0,5,,,,
bg__A5D7U1,0,1,,,,
bg__A5D8S8,0,1,,,,
bg__A5D9A7,0,4,,,,
bg__A5DAH9,0,1,,,,
bg__A5DE01,0,1,,,,
bg__A5DQ25,0,1,,,,
bg__A5DQE4,0,1,,,,
bg__A5DR82,0,6,,,,
bg__A5DR93,0,1,,,,
bg__A5DRH5,0,1,,,,
bg__A5DUA7,0,1,,,,
bg__A5DXE2,0,3,,,,
bg__A5DZ34,0,1,,,,
bg__A5E1A0,0,1,,,,
bg__A5E598,0,4,,,,
bg__A5E7T4,0,3,,,,
bg__A5E7U2,0,4,,,,
bg__A5EEC6,0,3,,,,
bg__A5EFG7,0,1,,,,
bg__A5ETC9,0,5,,,,
bg__A5EV41,0,1,,,,
bg__A5EV74,0,1,,,,
bg__A5EV96,0,1,,,,
bg__A5EVG5,0,1,,,,
bg__A5EVH6,0,1,,,,
bg__A5EVK4,0,1,,,,
bg__A5EX24,0,1,,,,
bg__A5EXM4,0,1,,,,
bg__A5EXM7,0,1,,,,
bg__A5EXQ4,0,1,,,,
bg__A5EY60,0,1,,,,
bg__A5F051,0,1,,,,
bg__A5F1U0,0,24,,,,
bg__A5F1V0,0,1,,,,
bg__A5F2S7,0,1,,,,
bg__A5F2S8,0,1,,,,
bg__A5F384,0,1,,,,
bg__A5F4C4,0,7,,,,
bg__A5F9C1,0,1,,,,
bg__A5F9D9,0,2,,,,
bg__A5FB79,0,2,,,,
bg__A5FIF5,0,1,,,,
bg__A5FIL6,0,2,,,,
bg__A5FJD0,0,1,,,,
bg__A5FJK8,0,1,,,,
bg__A5FK26,0,1,,,,
bg__A5FKI9,0,1,,,,
bg__A5FMG4,0,1,,,,
bg__A5FMV7,0,1,,,,
bg__A5FQY4,0,1,,,,
bg__A5FR68,0,1,,,,
bg__A5FR69,0,1,,,,
bg__A5FRZ6,0,1,,,,
bg__A5FS34,0,1,,,,
bg__A5FUG4,0,1,,,,
bg__A5FXW5,0,1,,,,
bg__A5FYE5,0,1,,,,
bg__A5FZ95,0,1,,,,
bg__A5FZS7,0,1,,,,
bg__A5FZU4,0,1,,,,
bg__A5G0G0,0,1,,,,
bg__A5G381,0,1,,,,
bg__A5G7Q9,0,1,,,,
bg__A5G8J8,0,1,,,,
bg__A5G8K8,0,1,,,,
bg__A5GD89,0,2,,,,
bg__A5GDG7,0,1,,,,
bg__A5GE43,0,1,,,,
bg__A5GF41,0,3,,,,
bg__A5GFQ5,0,4,,,,
bg__A5GFS8,0,5,,,,
bg__A5GJ90,0,1,,,,
bg__A5GMI5,0,2,,,,
bg__A5GPN0,0,1,,,,
bg__A5GRJ3,0,1,,,,
bg__A5GU97,0,2,,,,
bg__A5GUT4,0,1,,,,
bg__A5H454,0,1,,,,
bg__A5HEG9,0,1,,,,
bg__A5HEH4,0,2,,,,
bg__A5HNF6,0,10,,,,
bg__A5HXS0,0,2,,,,
bg__A5HZ59,0,1,,,,
bg__A5I365,0,4,,,,
bg__A5I4L0,0,4,,,,
bg__A5I7N1,0,1,,,,
bg__A5I7Y4,0,1,,,,
bg__A5IAR4,0,1,,,,
bg__A5IAW3,0,3,,,,
bg__A5IAW8,0,1,,,,
bg__A5IBA2,0,1,,,,
bg__A5IBB3,0,1,,,,
bg__A5IBL5,0,1,,,,
bg__A5IBW2,0,2,,,,
bg__A5IBW5,0,1,,,,
bg__A5IC64,0,1,,,,
bg__A5ID21,0,1,,,,
bg__A5IG27,0,2,,,,
bg__A5IHW5,0,1,,,,
bg__A5II59,0,1,,,,
bg__A5II90,0,1,,,,
bg__A5IIS7,0,1,,,,
bg__A5IJP9,0,2,,,,
bg__A5IK72,0,1,,,,
bg__A5ILH3,0,1,,,,
bg__A5ILX9,0,1,,,,
bg__A5IME8,0,1,,,,
bg__A5IMJ0,0,1,,,,
bg__A5IQL2,0,2,,,,
bg__A5IS26,0,3,,,,
bg__A5IU64,0,4,,,,
bg__A5IXQ6,0,1,,,,
bg__A5IY02,0,1,,,,
bg__A5IYB2,0,1,,,,
bg__A5IYV3,0,1,,,,
bg__A5JTM5,0,1,,,,
bg__A5JYX5,0,1,,,,
bg__A5K3F9,0,1,,,,
bg__A5N1C9,0,1,,,,
bg__A5N219,0,1,,,,
bg__A5N2L8,0,1,,,,
bg__A5N4J0,0,1,,,,
bg__A5N4S5,0,6,,,,
bg__A5N4T0,0,1,,,,
bg__A5N5B5,0,1,,,,
bg__A5N5W0,0,4,,,,
bg__A5N6S3,0,1,,,,
bg__A5N6V8,0,1,,,,
bg__A5N6W8,0,1,,,,
bg__A5N807,0,1,,,,
bg__A5N8A0,0,2,,,,
bg__A5N8M0,0,1,,,,
bg__A5PJG7,0,3,,,,
bg__A5PJP1,0,2,,,,
bg__A5PJS2,0,1,,,,
bg__A5PK27,0,3,,,,
bg__A5PLK2,0,1,,,,
bg__A5U153,0,5,,,,
bg__A5U3S4,0,1,,,,
bg__A5U557,0,3,,,,
bg__A5U5T4,0,3,,,,
bg__A5U7G9,0,2,,,,
bg__A5U7L9,0,2,,,,
bg__A5UA83,0,1,,,,
bg__A5UAH7,0,3,,,,
bg__A5UDW2,0,2,,,,
bg__A5UEI7,0,3,,,,
bg__A5UFT9,0,6,,,,
bg__A5UFU9,0,2,,,,
bg__A5UG62,0,3,,,,
bg__A5UIU8,0,4,,,,
bg__A5UJF1,0,1,,,,
bg__A5UJL1,0,1,,,,
bg__A5UJS0,0,1,,,,
bg__A5UK52,0,1,,,,
bg__A5UK92,0,1,,,,
bg__A5ULI2,0,1,,,,
bg__A5ULR8,0,1,,,,
bg__A5ULV6,0,1,,,,
bg__A5UM10,0,1,,,,
bg__A5UMF6,0,1,,,,
bg__A5UQC0,0,2,,,,
bg__A5URA8,0,1,,,,
bg__A5US49,0,1,,,,
bg__A5UUV0,0,1,,,,
bg__A5UVV6,0,1,,,,
bg__A5UX01,0,1,,,,
bg__A5UXK1,0,2,,,,
bg__A5UY57,0,1,,,,
bg__A5V1H2,0,1,,,,
bg__A5V212,0,1,,,,
bg__A5V230,0,2,,,,
bg__A5V3G4,0,1,,,,
bg__A5V3T8,0,3,,,,
bg__A5V4U1,0,1,,,,
bg__A5V602,0,1,,,,
bg__A5V649,0,1,,,,
bg__A5V9E5,0,1,,,,
bg__A5VAA8,0,2,,,,
bg__A5VAG4,0,1,,,,
bg__A5VB15,0,1,,,,
bg__A5VDC2,0,1,,,,
bg__A5VDL9,0,1,,,,
bg__A5VFM5,0,1,,,,
bg__A5VHS3,0,1,,,,
bg__A5VI94,0,1,,,,
bg__A5VIJ8,0,1,,,,
bg__A5VIY5,0,1,,,,
bg__A5VJL7,0,1,,,,
bg__A5VKP2,0,1,,,,
bg__A5VKR7,0,1,,,,
bg__A5VLG9,0,1,,,,
bg__A5VLH4,0,1,,,,
bg__A5VMB3,0,1,,,,
bg__A5VNW6,0,2,,,,
bg__A5VP16,0,2,,,,
bg__A5VQ44,0,3,,,,
bg__A5VRR6,0,1,,,,
bg__A5VRR9,0,1,,,,
bg__A5VT27,0,2,,,,
bg__A5VVQ3,0,1,,,,
bg__A5VXN1,0,3,,,,
bg__A5VYG1,0,8,,,,
bg__A5W059,0,2,,,,
bg__A5W9G9,0,2,,,,
bg__A5WAE0,0,3,,,,
bg__A5WAK1,0,1,,,,
bg__A5WCV5,0,2,,,,
bg__A5WDY2,0,1,,,,
bg__A5WEW5,0,1,,,,
bg__A5WUY6,0,1,,,,
bg__A5XB26,0,1,,,,
bg__A6BLW4,0,1,,,,
bg__A6GVR5,0,1,,,,
bg__A6GW45,0,1,,,,
bg__A6GX95,0,2,,,,
bg__A6GZH5,0,1,,,,
bg__A6H098,0,1,,,,
bg__A6H4Q3,0,3,,,,
bg__A6H784,0,3,,,,
bg__A6H7A0,0,2,,,,
bg__A6H7B0,0,1,,,,
bg__A6H7B8,0,5,,,,
bg__A6H7F2,0,4,,,,
bg__A6L046,0,3,,,,
bg__A6L1H7,0,2,,,,
bg__A6L1Q8,0,2,,,,
bg__A6L2J2,0,1,,,,
bg__A6L391,0,1,,,,
bg__A6L3H3,0,1,,,,
bg__A6L5G7,0,2,,,,
bg__A6L5J5,0,1,,,,
bg__A6L683,0,3,,,,
bg__A6L8I6,0,1,,,,
bg__A6L8J2,0,2,,,,
bg__A6L8U3,0,1,,,,
bg__A6L9X1,0,1,,,,
bg__A6LB99,0,1,,,,
bg__A6LC32,0,1,,,,
bg__A6LC86,0,1,,,,
bg__A6LD69,0,1,,,,
bg__A6LDI7,0,2,,,,
bg__A6LDS8,0,1,,,,
bg__A6LEL8,0,2,,,,
bg__A6LF25,0,1,,,,
bg__A6LF90,0,1,,,,
bg__A6LIB3,0,1,,,,
bg__A6LJI3,0,1,,,,
bg__A6LL68,0,1,,,,
bg__A6LLN4,0,1,,,,
bg__A6LLV6,0,1,,,,
bg__A6LMK5,0,1,,,,
bg__A6LN85,0,1,,,,
bg__A6LNF3,0,2,,,,
bg__A6LP88,0,1,,,,
bg__A6LPL2,0,5,,,,
bg__A6LPT2,0,2,,,,
bg__A6LPU5,0,1,,,,
bg__A6LQY8,0,1,,,,
bg__A6LS61,0,1,,,,
bg__A6LSD1,0,1,,,,
bg__A6LSN4,0,1,,,,
bg__A6LSW5,0,1,,,,
bg__A6LU50,0,1,,,,
bg__A6LUQ4,0,1,,,,
bg__A6LUQ7,0,1,,,,
bg__A6LWN6,0,2,,,,
bg__A6M0X2,0,3,,,,
bg__A6M2Y4,0,1,,,,
bg__A6NC86,0,1,,,,
bg__A6NCN2,0,1,,,,
bg__A6NCS4,0,1,,,,
bg__A6ND01,0,1,,,,
bg__A6ND48,0,1,,,,
bg__A6NDD5,0,2,,,,
bg__A6NDH6,0,7,,,,
bg__A6NDL8,0,2,,,,
bg__A6NDP7,0,1,,,,
bg__A6NDR6,0,1,,,,
bg__A6NDY0,0,1,,,,
bg__A6NF89,0,7,,,,
bg__A6NFC9,0,1,,,,
bg__A6NFD8,0,2,,,,
bg__A6NFN3,0,1,,,,
bg__A6NH52,0,1,,,,
bg__A6NHA9,0,2,,,,
bg__A6NI61,0,3,,,,
bg__A6NI73,0,1,,,,
bg__A6NI79,0,2,,,,
bg__A6NI87,0,1,,,,
bg__A6NIH7,0,3,,,,
bg__A6NJ46,0,2,,,,
bg__A6NJG6,0,1,,,,
bg__A6NJW4,0,1,,,,
bg__A6NJW9,0,1,,,,
bg__A6NK58,0,2,,,,
bg__A6NLU0,0,1,,,,
bg__A6NLW8,0,1,,,,
bg__A6NLX3,0,1,,,,
bg__A6NM03,0,1,,,,
bg__A6NM10,0,2,,,,
bg__A6NMN3,0,1,,,,
bg__A6NMU1,0,1,,,,
bg__A6NMZ5,0,1,,,,
bg__A6NND4,0,1,,,,
bg__A6NNS2,0,4,,,,
bg__A6PWV3,0,2,,,,
bg__A6Q117,0,3,,,,
bg__A6Q160,0,1,,,,
bg__A6Q1H0,0,1,,,,
bg__A6Q1P1,0,2,,,,
bg__A6Q1X8,0,1,,,,
bg__A6Q2C1,0,1,,,,
bg__A6Q2Y9,0,1,,,,
bg__A6Q311,0,6,,,,
bg__A6Q349,0,1,,,,
bg__A6Q3B2,0,1,,,,
bg__A6Q3U3,0,1,,,,
bg__A6Q3Y6,0,1,,,,
bg__A6Q538,0,1,,,,
bg__A6Q5K0,0,1,,,,
bg__A6Q6L9,0,1,,,,
bg__A6Q6T6,0,1,,,,
bg__A6Q782,0,1,,,,
bg__A6Q9C9,0,1,,,,
bg__A6QK89,0,1,,,,
bg__A6QKF4,0,1,,,,
bg__A6QLI0,0,4,,,,
bg__A6QLM0,0,3,,,,
bg__A6QLY2,0,1,,,,
bg__A6QLZ1,0,1,,,,
bg__A6QNS9,0,2,,,,
bg__A6QNY1,0,1,,,,
bg__A6QPC0,0,2,,,,
bg__A6QPM6,0,3,,,,
bg__A6QQ24,0,4,,,,
bg__A6QQM8,0,3,,,,
bg__A6RCS8,0,3,,,,
bg__A6RP27,0,1,,,,
bg__A6S8E7,0,1,,,,
bg__A6SSW9,0,1,,,,
bg__A6SV13,0,1,,,,
bg__A6SXJ3,0,1,,,,
bg__A6T009,0,1,,,,
bg__A6T273,0,1,,,,
bg__A6T2A4,0,2,,,,
bg__A6T2A5,0,1,,,,
bg__A6T2F6,0,1,,,,
bg__A6T2R7,0,2,,,,
bg__A6T2S0,0,1,,,,
bg__A6T6K8,0,1,,,,
bg__A6T7F1,0,7,,,,
bg__A6T962,0,1,,,,
bg__A6TAC7,0,4,,,,
bg__A6TAC8,0,5,,,,
bg__A6TBW1,0,1,,,,
bg__A6TF97,0,2,,,,
bg__A6TFN2,0,6,,,,
bg__A6TJK9,0,2,,,,
bg__A6TRF9,0,1,,,,
bg__A6TRW0,0,1,,,,
bg__A6TRX5,0,1,,,,
bg__A6TSJ8,0,1,,,,
bg__A6TTJ1,0,1,,,,
bg__A6TVF6,0,1,,,,
bg__A6TVI5,0,1,,,,
bg__A6TWC9,0,1,,,,
bg__A6TYW7,0,3,,,,
bg__A6TZ65,0,7,,,,
bg__A6U030,0,9,,,,
bg__A6U0N1,0,2,,,,
bg__A6U4X9,0,5,,,,
bg__A6U5J9,0,6,,,,
bg__A6U5N7,0,1,,,,
bg__A6U6F0,0,4,,,,
bg__A6U6N3,0,1,,,,
bg__A6UB14,0,1,,,,
bg__A6UEF5,0,4,,,,
bg__A6ULU4,0,1,,,,
bg__A6UNQ4,0,2,,,,
bg__A6UNU0,0,2,,,,
bg__A6UPE5,0,1,,,,
bg__A6UQ18,0,3,,,,
bg__A6UQK8,0,2,,,,
bg__A6UQY8,0,1,,,,
bg__A6USD4,0,1,,,,
bg__A6UTA2,0,1,,,,
bg__A6UU64,0,1,,,,
bg__A6UUM1,0,1,,,,
bg__A6UUS4,0,1,,,,
bg__A6UVA8,0,1,,,,
bg__A6UX30,0,4,,,,
bg__A6UX87,0,1,,,,
bg__A6UZH2,0,2,,,,
bg__A6V1N9,0,2,,,,
bg__A6V389,0,1,,,,
bg__A6V8P9,0,5,,,,
bg__A6VAK3,0,5,,,,
bg__A6VHF2,0,1,,,,
bg__A6VIG8,0,3,,,,
bg__A6VJM9,0,4,,,,
bg__A6VM79,0,4,,,,
bg__A6VPG7,0,1,,,,
bg__A6VQT1,0,1,,,,
bg__A6VQW4,0,5,,,,
bg__A6VQW6,0,6,,,,
bg__A6VRW7,0,1,,,,
bg__A6VSX4,0,4,,,,
bg__A6VTC3,0,1,,,,
bg__A6VX48,0,1,,,,
bg__A6VXA6,0,1,,,,
bg__A6VYL7,0,1,,,,
bg__A6W1C7,0,3,,,,
bg__A6W1R4,0,11,,,,
bg__A6W1T1,0,1,,,,
bg__A6W2I3,0,1,,,,
bg__A6W2I4,0,1,,,,
bg__A6W3H7,0,6,,,,
bg__A6W4E9,0,1,,,,
bg__A6W572,0,1,,,,
bg__A6W7S6,0,1,,,,
bg__A6W7V0,0,1,,,,
bg__A6W849,0,1,,,,
bg__A6W915,0,1,,,,
bg__A6W971,0,1,,,,
bg__A6WC54,0,1,,,,
bg__A6WE21,0,1,,,,
bg__A6WFI5,0,1,,,,
bg__A6WLC0,0,3,,,,
bg__A6WVC7,0,10,,,,
bg__A6WVK9,0,6,,,,
bg__A6WWW9,0,2,,,,
bg__A6WXE0,0,2,,,,
bg__A6WYK9,0,2,,,,
bg__A6WZC8,0,3,,,,
bg__A6WZQ8,0,1,,,,
bg__A6X1F1,0,5,,,,
bg__A6X570,0,1,,,,
bg__A6XGL0,0,2,,,,
bg__A6XIG6,0,1,,,,
bg__A6Y9S5,0,1,,,,
bg__A6YGA2,0,1,,,,
bg__A6ZVM6,0,2,,,,
bg__A6ZWC8,0,2,,,,
bg__A6ZX66,0,3,,,,
bg__A7AZH2,0,1,,,,
bg__A7B3K3,0,1,,,,
bg__A7B555,0,1,,,,
bg__A7DY56,0,4,,,,
bg__A7E2U8,0,1,,,,
bg__A7E3Z4,0,1,,,,
bg__A7EAA1,0,1,,,,
bg__A7FD15,0,5,,,,
bg__A7FDQ9,0,1,,,,
bg__A7FJD3,0,2,,,,
bg__A7FM60,0,15,,,,
bg__A7FMF9,0,2,,,,
bg__A7FN83,0,2,,,,
bg__A7FNJ7,0,1,,,,
bg__A7FUK4,0,1,,,,
bg__A7FVS6,0,3,,,,
bg__A7FXH7,0,1,,,,
bg__A7GCK7,0,1,,,,
bg__A7GCL0,0,4,,,,
bg__A7GJW3,0,3,,,,
bg__A7GMW0,0,5,,,,
bg__A7GNP0,0,1,,,,
bg__A7GR32,0,3,,,,
bg__A7GSF2,0,1,,,,
bg__A7GT52,0,5,,,,
bg__A7GTE5,0,8,,,,
bg__A7GU36,0,1,,,,
bg__A7GUE1,0,2,,,,
bg__A7GVF0,0,6,,,,
bg__A7GWC2,0,1,,,,
bg__A7GXF7,0,1,,,,
bg__A7GXK2,0,1,,,,
bg__A7GYU4,0,1,,,,
bg__A7GZE9,0,2,,,,
bg__A7GZP8,0,1,,,,
bg__A7GZZ5,0,1,,,,
bg__A7H0X7,0,1,,,,
bg__A7H1L1,0,1,,,,
bg__A7H1N9,0,2,,,,
bg__A7H1R4,0,5,,,,
bg__A7H426,0,2,,,,
bg__A7H439,0,2,,,,
bg__A7H4H1,0,2,,,,
bg__A7H4H3,0,1,,,,
bg__A7H5P5,0,2,,,,
bg__A7H6S7,0,1,,,,
bg__A7H8K2,0,2,,,,
bg__A7H8W2,0,2,,,,
bg__A7H9A5,0,1,,,,
bg__A7H9V8,0,1,,,,
bg__A7HH70,0,2,,,,
bg__A7HK75,0,1,,,,
bg__A7HKV8,0,1,,,,
bg__A7HL98,0,1,,,,
bg__A7HLM0,0,1,,,,
bg__A7HMA1,0,1,,,,
bg__A7HMT2,0,1,,,,
bg__A7HNE8,0,1,,,,
bg__A7HNV0,0,1,,,,
bg__A7HPT7,0,1,,,,
bg__A7HS32,0,1,,,,
bg__A7HU88,0,1,,,,
bg__A7HVA3,0,1,,,,
bg__A7HVD7,0,1,,,,
bg__A7HVY9,0,1,,,,
bg__A7HWU9,0,1,,,,
bg__A7HX36,0,1,,,,
bg__A7HYW1,0,1,,,,
bg__A7HZ36,0,1,,,,
bg__A7HZE0,0,1,,,,
bg__A7HZV6,0,1,,,,
bg__A7I0J2,0,1,,,,
bg__A7I0N0,0,3,,,,
bg__A7I0P8,0,1,,,,
bg__A7I1D0,0,1,,,,
bg__A7I243,0,1,,,,
bg__A7I254,0,1,,,,
bg__A7I277,0,1,,,,
bg__A7I2X3,0,1,,,,
bg__A7I316,0,1,,,,
bg__A7I4T3,0,1,,,,
bg__A7I854,0,2,,,,
bg__A7IA72,0,1,,,,
bg__A7IDU0,0,1,,,,
bg__A7IF36,0,1,,,,
bg__A7IFW1,0,1,,,,
bg__A7IKJ3,0,1,,,,
bg__A7INK7,0,1,,,,
bg__A7IQH5,0,2,,,,
bg__A7KAL6,0,1,,,,
bg__A7KII6,0,2,,,,
bg__A7LKB2,0,1,,,,
bg__A7M7B9,0,1,,,,
bg__A7MAZ4,0,4,,,,
bg__A7MBI7,0,5,,,,
bg__A7MGP7,0,14,,,,
bg__A7MH33,0,5,,,,
bg__A7MHJ8,0,1,,,,
bg__A7MJY7,0,16,,,,
bg__A7MK09,0,1,,,,
bg__A7MNQ4,0,3,,,,
bg__A7MQJ1,0,22,,,,
bg__A7MSZ6,0,18,,,,
bg__A7MTC9,0,3,,,,
bg__A7MVV6,0,1,,,,
bg__A7MWQ0,0,1,,,,
bg__A7MYX3,0,4,,,,
bg__A7N0R3,0,1,,,,
bg__A7N1L9,0,1,,,,
bg__A7N805,0,1,,,,
bg__A7NB32,0,1,,,,
bg__A7NET5,0,1,,,,
bg__A7NG78,0,2,,,,
bg__A7NJG1,0,2,,,,
bg__A7NK01,0,1,,,,
bg__A7NKU8,0,1,,,,
bg__A7NPB5,0,1,,,,
bg__A7NQM8,0,2,,,,
bg__A7NRF8,0,1,,,,
bg__A7S5D9,0,1,,,,
bg__A7SE05,0,1,,,,
bg__A7SKE9,0,1,,,,
bg__A7SNR3,0,1,,,,
bg__A7TDI2,0,1,,,,
bg__A7TDM0,0,1,,,,
bg__A7TFP8,0,1,,,,
bg__A7TFW4,0,1,,,,
bg__A7TJ85,0,1,,,,
bg__A7TM72,0,1,,,,
bg__A7TNL7,0,1,,,,
bg__A7TT36,0,2,,,,
bg__A7TTE6,0,1,,,,
bg__A7TZG3,0,1,,,,
bg__A7WXH2,0,1,,,,
bg__A7X665,0,1,,,,
bg__A7XRZ1,0,1,,,,
bg__A7Y7W3,0,1,,,,
bg__A7YWN2,0,3,,,,
bg__A7Z070,0,1,,,,
bg__A7Z0S0,0,3,,,,
bg__A7Z0U6,0,2,,,,
bg__A7Z5Z3,0,2,,,,
bg__A7Z6F0,0,2,,,,
bg__A7Z6J9,0,2,,,,
bg__A7ZA58,0,2,,,,
bg__A7ZA59,0,2,,,,
bg__A7ZB70,0,1,,,,
bg__A7ZCB2,0,1,,,,
bg__A7ZCD9,0,1,,,,
bg__A7ZEC2,0,2,,,,
bg__A7ZEZ4,0,1,,,,
bg__A7ZFR4,0,1,,,,
bg__A7ZI09,0,1,,,,
bg__A7ZP87,0,5,,,,
bg__A8A9B8,0,1,,,,
bg__A8A9H3,0,1,,,,
bg__A8A9K6,0,1,,,,
bg__A8A9P0,0,2,,,,
bg__A8AGG0,0,1,,,,
bg__A8AH19,0,5,,,,
bg__A8ANB2,0,2,,,,
bg__A8ANI2,0,1,,,,
bg__A8AP76,0,7,,,,
bg__A8AQ28,0,4,,,,
bg__A8AY24,0,1,,,,
bg__A8AYI5,0,1,,,,
bg__A8B479,0,1,,,,
bg__A8DMN5,0,1,,,,
bg__A8E7D2,0,1,,,,
bg__A8E7G5,0,1,,,,
bg__A8ERB8,0,1,,,,
bg__A8ERG2,0,1,,,,
bg__A8EWF5,0,2,,,,
bg__A8EWX7,0,1,,,,
bg__A8EZU2,0,1,,,,
bg__A8F300,0,2,,,,
bg__A8F429,0,1,,,,
bg__A8F450,0,1,,,,
bg__A8F498,0,1,,,,
bg__A8F4T2,0,1,,,,
bg__A8F7Q7,0,1,,,,
bg__A8F7S0,0,1,,,,
bg__A8F7T6,0,4,,,,
bg__A8F8I4,0,1,,,,
bg__A8F9E0,0,1,,,,
bg__A8FD14,0,2,,,,
bg__A8FD18,0,2,,,,
bg__A8FEH6,0,1,,,,
bg__A8FG57,0,9,,,,
bg__A8FH15,0,2,,,,
bg__A8FIR7,0,1,,,,
bg__A8FJH9,0,2,,,,
bg__A8FK87,0,1,,,,
bg__A8FKA1,0,1,,,,
bg__A8FL79,0,3,,,,
bg__A8FMF7,0,1,,,,
bg__A8FMG2,0,2,,,,
bg__A8FMK7,0,1,,,,
bg__A8FPN0,0,4,,,,
bg__A8FRR1,0,1,,,,
bg__A8FST3,0,5,,,,
bg__A8FU90,0,6,,,,
bg__A8FWC5,0,6,,,,
bg__A8FWK2,0,5,,,,
bg__A8FZE2,0,1,,,,
bg__A8G6C1,0,4,,,,
bg__A8G6D8,0,1,,,,
bg__A8G6G0,0,2,,,,
bg__A8G702,0,1,,,,
bg__A8G737,0,1,,,,
bg__A8G742,0,1,,,,
bg__A8G909,0,5,,,,
bg__A8GCG3,0,1,,,,
bg__A8GD46,0,1,,,,
bg__A8GDR8,0,3,,,,
bg__A8GE01,0,1,,,,
bg__A8GIW3,0,1,,,,
bg__A8GKG1,0,1,,,,
bg__A8GKT5,0,17,,,,
bg__A8GMZ9,0,1,,,,
bg__A8GNL2,0,2,,,,
bg__A8GQY1,0,4,,,,
bg__A8GS71,0,3,,,,
bg__A8GSS6,0,1,,,,
bg__A8GUZ8,0,1,,,,
bg__A8GW88,0,2,,,,
bg__A8GYE2,0,3,,,,
bg__A8H0A6,0,2,,,,
bg__A8H0D3,0,10,,,,
bg__A8H5U9,0,2,,,,
bg__A8H619,0,1,,,,
bg__A8H756,0,9,,,,
bg__A8HPM5,0,1,,,,
bg__A8HRJ3,0,4,,,,
bg__A8HZ17,0,1,,,,
bg__A8HZA5,0,1,,,,
bg__A8I066,0,1,,,,
bg__A8ID91,0,1,,,,
bg__A8IEY6,0,1,,,,
bg__A8IFY6,0,1,,,,
bg__A8IGU8,0,2,,,,
bg__A8IPJ4,0,1,,,,
bg__A8IQL3,0,2,,,,
bg__A8J785,0,1,,,,
bg__A8JGF7,0,1,,,,
bg__A8JHD7,0,1,,,,
bg__A8JR14,0,1,,,,
bg__A8K830,0,1,,,,
bg__A8KB34,0,1,,,,
bg__A8KRL3,0,1,,,,
bg__A8L594,0,1,,,,
bg__A8L6K4,0,1,,,,
bg__A8L766,0,4,,,,
bg__A8L893,0,1,,,,
bg__A8LHT6,0,4,,,,
bg__A8LJI8,0,1,,,,
bg__A8LJU6,0,1,,,,
bg__A8LK35,0,1,,,,
bg__A8LKN7,0,1,,,,
bg__A8LL57,0,1,,,,
bg__A8LLE0,0,1,,,,
bg__A8LNK8,0,1,,,,
bg__A8LRY5,0,1,,,,
bg__A8LS60,0,1,,,,
bg__A8LY14,0,1,,,,
bg__A8M223,0,1,,,,
bg__A8M620,0,1,,,,
bg__A8M621,0,1,,,,
bg__A8M661,0,2,,,,
bg__A8M783,0,1,,,,
bg__A8M8E8,0,1,,,,
bg__A8M9N5,0,1,,,,
bg__A8MAH5,0,1,,,,
bg__A8MBU4,0,1,,,,
bg__A8MC59,0,1,,,,
bg__A8MEE1,0,1,,,,
bg__A8MF40,0,1,,,,
bg__A8MFE2,0,1,,,,
bg__A8MFV5,0,1,,,,
bg__A8MFY0,0,1,,,,
bg__A8MH77,0,1,,,,
bg__A8MIU4,0,1,,,,
bg__A8MIW2,0,1,,,,
bg__A8MIX7,0,1,,,,
bg__A8MJ87,0,1,,,,
bg__A8MK93,0,1,,,,
bg__A8MLM9,0,5,,,,
bg__A8MLW8,0,1,,,,
bg__A8MLY0,0,2,,,,
bg__A8MTA8,0,3,,,,
bg__A8MTL3,0,3,,,,
bg__A8MTQ0,0,1,,,,
bg__A8MUP2,0,2,,,,
bg__A8MVS5,0,1,,,,
bg__A8MVZ5,0,1,,,,
bg__A8MXZ3,0,1,,,,
bg__A8MYP8,0,1,,,,
bg__A8N1W8,0,1,,,,
bg__A8N4R8,0,1,,,,
bg__A8NFF0,0,2,,,,
bg__A8NWP2,0,1,,,,
bg__A8PAA1,0,1,,,,
bg__A8PUY3,0,1,,,,
bg__A8PUY5,0,1,,,,
bg__A8PX55,0,1,,,,
bg__A8QGZ7,0,1,,,,
bg__A8QMS7,0,1,,,,
bg__A8QZJ5,0,1,,,,
bg__A8RG82,0,1,,,,
bg__A8W649,0,4,,,,
bg__A8WFR0,0,1,,,,
bg__A8WFS8,0,1,,,,
bg__A8WG88,0,1,,,,
bg__A8WGP3,0,10,,,,
bg__A8WGT1,0,1,,,,
bg__A8WVD0,0,4,,,,
bg__A8XI75,0,1,,,,
bg__A8XJN7,0,2,,,,
bg__A8XT16,0,1,,,,
bg__A8XZJ0,0,2,,,,
bg__A8XZP2,0,1,,,,
bg__A8YPR6,0,1,,,,
bg__A8YPR9,0,1,,,,
bg__A8YU42,0,2,,,,
bg__A8YV22,0,5,,,,
bg__A8YVV8,0,1,,,,
bg__A8YXN0,0,2,,,,
bg__A8YZY3,0,6,,,,
bg__A8Z3T3,0,3,,,,
bg__A8Z624,0,1,,,,
bg__A8ZSE7,0,1,,,,
bg__A8ZU12,0,1,,,,
bg__A8ZVC5,0,1,,,,
bg__A8ZVP3,0,1,,,,
bg__A8ZWQ4,0,1,,,,
bg__A8ZXG7,0,1,,,,
bg__A9A1K7,0,2,,,,
bg__A9A233,0,1,,,,
bg__A9A2Q5,0,1,,,,
bg__A9A2U7,0,1,,,,
bg__A9A3X2,0,1,,,,
bg__A9A3Z1,0,1,,,,
bg__A9A4S0,0,1,,,,
bg__A9A5K8,0,1,,,,
bg__A9A677,0,1,,,,
bg__A9A8T4,0,3,,,,
bg__A9A8U1,0,1,,,,
bg__A9A906,0,2,,,,
bg__A9A909,0,1,,,,
bg__A9AAC4,0,1,,,,
bg__A9AAG9,0,1,,,,
bg__A9AD42,0,1,,,,
bg__A9AUN9,0,1,,,,
bg__A9AZE0,0,1,,,,
bg__A9AZP9,0,1,,,,
bg__A9B0X2,0,1,,,,
bg__A9B1D4,0,1,,,,
bg__A9B2U4,0,1,,,,
bg__A9B6H3,0,1,,,,
bg__A9BBN4,0,7,,,,
bg__A9BCM2,0,1,,,,
bg__A9BDY5,0,1,,,,
bg__A9BEI3,0,1,,,,
bg__A9BFZ7,0,1,,,,
bg__A9BGS3,0,1,,,,
bg__A9BHU3,0,1,,,,
bg__A9BIX4,0,1,,,,
bg__A9BJ15,0,1,,,,
bg__A9BML8,0,2,,,,
bg__A9BN40,0,18,,,,
bg__A9BNB6,0,1,,,,
bg__A9BQY3,0,1,,,,
bg__A9BV02,0,2,,,,
bg__A9C3B1,0,1,,,,
bg__A9C3N6,0,1,,,,
bg__A9CEQ7,0,1,,,,
bg__A9CES4,0,1,,,,
bg__A9CF16,0,1,,,,
bg__A9CH28,0,1,,,,
bg__A9CJR8,0,1,,,,
bg__A9CKY2,0,1,,,,
bg__A9EXF3,0,1,,,,
bg__A9F3N2,0,1,,,,
bg__A9F881,0,1,,,,
bg__A9FCY5,0,1,,,,
bg__A9FDP9,0,1,,,,
bg__A9FHA5,0,1,,,,
bg__A9G853,0,1,,,,
bg__A9GBI6,0,1,,,,
bg__A9GQU6,0,1,,,,
bg__A9GXK1,0,1,,,,
bg__A9H1G5,0,2,,,,
bg__A9H3J9,0,1,,,,
bg__A9H9N2,0,1,,,,
bg__A9HE99,0,1,,,,
bg__A9HI30,0,1,,,,
bg__A9HJ86,0,1,,,,
bg__A9HRF2,0,1,,,,
bg__A9I0U7,0,1,,,,
bg__A9I769,0,1,,,,
bg__A9IHJ7,0,1,,,,
bg__A9IQ35,0,1,,,,
bg__A9IQL1,0,2,,,,
bg__A9IS46,0,1,,,,
bg__A9IU29,0,1,,,,
bg__A9IUY4,0,1,,,,
bg__A9IZR9,0,3,,,,
bg__A9JR86,0,1,,,,
bg__A9JS49,0,5,,,,
bg__A9KC25,0,1,,,,
bg__A9KEA1,0,2,,,,
bg__A9KEB5,0,1,,,,
bg__A9KEG7,0,1,,,,
bg__A9KEG8,0,1,,,,
bg__A9KEZ8,0,1,,,,
bg__A9KF13,0,1,,,,
bg__A9KFA0,0,4,,,,
bg__A9KFW4,0,2,,,,
bg__A9KGL7,0,3,,,,
bg__A9KGQ5,0,1,,,,
bg__A9KH21,0,1,,,,
bg__A9KHE4,0,1,,,,
bg__A9KIR8,0,1,,,,
bg__A9KK96,0,1,,,,
bg__A9KKE9,0,1,,,,
bg__A9KKR4,0,1,,,,
bg__A9KL08,0,1,,,,
bg__A9KL97,0,1,,,,
bg__A9KMP0,0,1,,,,
bg__A9KNS9,0,1,,,,
bg__A9KP30,0,4,,,,
bg__A9KPF8,0,1,,,,
bg__A9KPK9,0,1,,,,
bg__A9KSS1,0,1,,,,
bg__A9KY72,0,1,,,,
bg__A9L185,0,26,,,,
bg__A9L3D9,0,3,,,,
bg__A9L5S5,0,2,,,,
bg__A9LYY1,0,1,,,,
bg__A9M007,0,1,,,,
bg__A9M0S4,0,1,,,,
bg__A9M2I7,0,3,,,,
bg__A9M3A0,0,4,,,,
bg__A9M3H4,0,3,,,,
bg__A9M3N1,0,2,,,,
bg__A9M8M2,0,1,,,,
bg__A9MAB2,0,1,,,,
bg__A9MC67,0,2,,,,
bg__A9MCW8,0,1,,,,
bg__A9MGN4,0,7,,,,
bg__A9MIE1,0,13,,,,
bg__A9MLP6,0,2,,,,
bg__A9N3L5,0,1,,,,
bg__A9N514,0,8,,,,
bg__A9N936,0,1,,,,
bg__A9N9F4,0,2,,,,
bg__A9N9U7,0,1,,,,
bg__A9NA46,0,1,,,,
bg__A9NB65,0,2,,,,
bg__A9NBS5,0,1,,,,
bg__A9NBU3,0,1,,,,
bg__A9NBU5,0,1,,,,
bg__A9NC23,0,1,,,,
bg__A9ND23,0,1,,,,
bg__A9ND24,0,1,,,,
bg__A9NE82,0,1,,,,
bg__A9NE96,0,1,,,,
bg__A9NFE8,0,1,,,,
bg__A9NFH1,0,1,,,,
bg__A9NGD7,0,1,,,,
bg__A9NGI4,0,1,,,,
bg__A9NGL4,0,1,,,,
bg__A9QA56,0,1,,,,
bg__A9R3W4,0,2,,,,
bg__A9UVV1,0,1,,,,
bg__A9VFW9,0,4,,,,
bg__A9VHP8,0,2,,,,
bg__A9VHR7,0,6,,,,
bg__A9VJL6,0,4,,,,
bg__A9VLH7,0,9,,,,
bg__A9VT75,0,5,,,,
bg__A9VYW8,0,2,,,,
bg__A9W185,0,1,,,,
bg__A9WA87,0,1,,,,
bg__A9WAL0,0,1,,,,
bg__A9WC41,0,1,,,,
bg__A9WDC2,0,2,,,,
bg__A9WG69,0,1,,,,
bg__A9WGE2,0,1,,,,
bg__A9WHH4,0,1,,,,
bg__A9WIJ8,0,1,,,,
bg__A9WJ10,0,1,,,,
bg__A9WJ69,0,2,,,,
bg__A9WKG4,0,2,,,,
bg__A9WLN5,0,2,,,,
bg__A9WM40,0,1,,,,
bg__A9WQ48,0,1,,,,
bg__A9WS39,0,1,,,,
bg__A9WW74,0,7,,,,
bg__A9Y0K8,0,1,,,,
bg__A9Y0K9,0,1,,,,
bg__B0B836,0,1,,,,
bg__B0B8S5,0,1,,,,
bg__B0B8U8,0,2,,,,
bg__B0B931,0,2,,,,
bg__B0B9D1,0,1,,,,
bg__B0B9I6,0,1,,,,
bg__B0B9N6,0,1,,,,
bg__B0BAT9,0,1,,,,
bg__B0BM28,0,1,,,,
bg__B0BM95,0,1,,,,
bg__B0BMY1,0,3,,,,
bg__B0BNF0,0,3,,,,
bg__B0BNF8,0,3,,,,
bg__B0BNM9,0,2,,,,
bg__B0BRS0,0,4,,,,
bg__B0BT06,0,2,,,,
bg__B0BTY5,0,6,,,,
bg__B0BU16,0,1,,,,
bg__B0BUD1,0,1,,,,
bg__B0BZZ8,0,2,,,,
bg__B0C079,0,1,,,,
bg__B0C142,0,1,,,,
bg__B0C5D4,0,1,,,,
bg__B0CAB9,0,1,,,,
bg__B0CC88,0,1,,,,
bg__B0CCD5,0,1,,,,
bg__B0CE23,0,1,,,,
bg__B0CFX9,0,1,,,,
bg__B0CJW0,0,2,,,,
bg__B0CQN7,0,1,,,,
bg__B0CZ32,0,1,,,,
bg__B0D5R2,0,1,,,,
bg__B0D7T0,0,1,,,,
bg__B0DQ09,0,1,,,,
bg__B0JGG3,0,1,,,,
bg__B0JL91,0,1,,,,
bg__B0JLU4,0,1,,,,
bg__B0JPM6,0,1,,,,
bg__B0JX07,0,1,,,,
bg__B0K0V4,0,1,,,,
bg__B0K172,0,2,,,,
bg__B0K2C2,0,1,,,,
bg__B0K2C3,0,1,,,,
bg__B0K2E5,0,3,,,,
bg__B0K3T4,0,1,,,,
bg__B0K4D4,0,2,,,,
bg__B0K4N6,0,1,,,,
bg__B0K5B1,0,1,,,,
bg__B0K5S6,0,2,,,,
bg__B0K6X4,0,1,,,,
bg__B0K7G1,0,4,,,,
bg__B0K889,0,1,,,,
bg__B0K8K4,0,1,,,,
bg__B0K9L0,0,1,,,,
bg__B0KC91,0,1,,,,
bg__B0KCS0,0,1,,,,
bg__B0KFA9,0,4,,,,
bg__B0KFS4,0,4,,,,
bg__B0KH05,0,6,,,,
bg__B0KKX4,0,4,,,,
bg__B0KLM9,0,1,,,,
bg__B0KM36,0,7,,,,
bg__B0KN79,0,5,,,,
bg__B0KP28,0,4,,,,
bg__B0R2U4,0,1,,,,
bg__B0R386,0,1,,,,
bg__B0R4Y2,0,1,,,,
bg__B0R5P8,0,2,,,,
bg__B0R633,0,1,,,,
bg__B0R686,0,1,,,,
bg__B0R6V9,0,1,,,,
bg__B0R6W9,0,1,,,,
bg__B0R753,0,1,,,,
bg__B0R7B4,0,1,,,,
bg__B0R7G3,0,1,,,,
bg__B0RAW4,0,1,,,,
bg__B0RE23,0,1,,,,
bg__B0REI2,0,1,,,,
bg__B0RGZ2,0,2,,,,
bg__B0RHB0,0,1,,,,
bg__B0RLD0,0,2,,,,
bg__B0RM75,0,3,,,,
bg__B0RR87,0,2,,,,
bg__B0RSP5,0,1,,,,
bg__B0RUW5,0,1,,,,
bg__B0RXN7,0,5,,,,
bg__B0RZT0,0,1,,,,
bg__B0S230,0,1,,,,
bg__B0S5D5,0,1,,,,
bg__B0S794,0,1,,,,
bg__B0S9E8,0,1,,,,
bg__B0S9V0,0,1,,,,
bg__B0SAC5,0,1,,,,
bg__B0SBG1,0,1,,,,
bg__B0SBH6,0,1,,,,
bg__B0SBH8,0,1,,,,
bg__B0SC03,0,1,,,,
bg__B0SE58,0,1,,,,
bg__B0SE82,0,1,,,,
bg__B0SEH6,0,2,,,,
bg__B0SFE6,0,1,,,,
bg__B0SFV4,0,1,,,,
bg__B0SK77,0,1,,,,
bg__B0SL58,0,1,,,,
bg__B0SQ03,0,1,,,,
bg__B0SRN4,0,3,,,,
bg__B0SRX6,0,1,,,,
bg__B0STV8,0,1,,,,
bg__B0SX50,0,3,,,,
bg__B0T130,0,2,,,,
bg__B0T1Q2,0,2,,,,
bg__B0T1S6,0,2,,,,
bg__B0T3I0,0,2,,,,
bg__B0T669,0,1,,,,
bg__B0T8J6,0,1,,,,
bg__B0TAY4,0,1,,,,
bg__B0TB07,0,1,,,,
bg__B0TBP5,0,1,,,,
bg__B0TD39,0,1,,,,
bg__B0TDM7,0,6,,,,
bg__B0TDZ7,0,1,,,,
bg__B0TER7,0,1,,,,
bg__B0TFC9,0,1,,,,
bg__B0TG92,0,2,,,,
bg__B0TGC2,0,1,,,,
bg__B0TGQ3,0,1,,,,
bg__B0TGQ8,0,1,,,,
bg__B0TGW4,0,1,,,,
bg__B0TI33,0,1,,,,
bg__B0TK10,0,1,,,,
bg__B0TT38,0,5,,,,
bg__B0TVX5,0,4,,,,
bg__B0TWU2,0,4,,,,
bg__B0TY41,0,1,,,,
bg__B0U0S6,0,4,,,,
bg__B0U1D6,0,5,,,,
bg__B0U1G5,0,2,,,,
bg__B0U235,0,2,,,,
bg__B0U2W8,0,4,,,,
bg__B0U410,0,1,,,,
bg__B0U4U5,0,5,,,,
bg__B0U6Z8,0,6,,,,
bg__B0UA74,0,4,,,,
bg__B0UAV0,0,1,,,,
bg__B0ULY3,0,1,,,,
bg__B0UR68,0,2,,,,
bg__B0URX4,0,1,,,,
bg__B0USF0,0,1,,,,
bg__B0USP1,0,2,,,,
bg__B0UU81,0,2,,,,
bg__B0V3F8,0,1,,,,
bg__B0V3H4,0,1,,,,
bg__B0V7U8,0,1,,,,
bg__B0V9I9,0,1,,,,
bg__B0VCA5,0,1,,,,
bg__B0VEM6,0,3,,,,
bg__B0VHH0,0,1,,,,
bg__B0VQB5,0,1,,,,
bg__B0VRV3,0,1,,,,
bg__B0VTM5,0,4,,,,
bg__B0VZS1,0,6,,,,
bg__B0WQ75,0,1,,,,
bg__B0X2G0,0,7,,,,
bg__B0Y6Q5,0,1,,,,
bg__B0Y6Z7,0,1,,,,
bg__B0ZT47,0,1,,,,
bg__B1AI63,0,1,,,,
bg__B1AIA5,0,1,,,,
bg__B1AIC4,0,1,,,,
bg__B1AJ44,0,1,,,,
bg__B1AJ89,0,1,,,,
bg__B1AJH7,0,2,,,,
bg__B1AJM6,0,2,,,,
bg__B1AS42,0,2,,,,
bg__B1AVZ0,0,2,,,,
bg__B1B212,0,1,,,,
bg__B1GYY3,0,1,,,,
bg__B1GZW3,0,1,,,,
bg__B1GZZ1,0,1,,,,
bg__B1H0E3,0,1,,,,
bg__B1H0E6,0,1,,,,
bg__B1H1H3,0,1,,,,
bg__B1H2P7,0,8,,,,
bg__B1H3D5,0,3,,,,
bg__B1HMV0,0,1,,,,
bg__B1HPA1,0,1,,,,
bg__B1HPR7,0,1,,,,
bg__B1HPV0,0,1,,,,
bg__B1HQC2,0,1,,,,
bg__B1HS22,0,1,,,,
bg__B1HS82,0,2,,,,
bg__B1HST2,0,1,,,,
bg__B1HTF0,0,1,,,,
bg__B1HTT1,0,1,,,,
bg__B1HTW4,0,1,,,,
bg__B1HV79,0,1,,,,
bg__B1HVQ1,0,7,,,,
bg__B1HW99,0,1,,,,
bg__B1HX32,0,1,,,,
bg__B1I1B5,0,1,,,,
bg__B1I3D6,0,1,,,,
bg__B1I3G7,0,1,,,,
bg__B1I3W2,0,1,,,,
bg__B1I4M6,0,1,,,,
bg__B1ICL5,0,4,,,,
bg__B1IEG9,0,3,,,,
bg__B1IHD1,0,2,,,,
bg__B1ILK9,0,5,,,,
bg__B1IM66,0,1,,,,
bg__B1IMN2,0,4,,,,
bg__B1ITB3,0,2,,,,
bg__B1J5Q0,0,4,,,,
bg__B1JK79,0,5,,,,
bg__B1JRM5,0,19,,,,
bg__B1JV80,0,7,,,,
bg__B1JZB2,0,8,,,,
bg__B1KD01,0,1,,,,
bg__B1KDX2,0,2,,,,
bg__B1KFS0,0,2,,,,
bg__B1KFY6,0,10,,,,
bg__B1KKN8,0,2,,,,
bg__B1KRY8,0,3,,,,
bg__B1KSP3,0,2,,,,
bg__B1KTJ6,0,4,,,,
bg__B1KTK1,0,3,,,,
bg__B1KW01,0,5,,,,
bg__B1KX15,0,4,,,,
bg__B1KX91,0,2,,,,
bg__B1L271,0,1,,,,
bg__B1L385,0,1,,,,
bg__B1L550,0,1,,,,
bg__B1L6Q8,0,1,,,,
bg__B1L6T7,0,1,,,,
bg__B1L6Z7,0,1,,,,
bg__B1LAF5,0,2,,,,
bg__B1LB32,0,2,,,,
bg__B1LB65,0,1,,,,
bg__B1LBR1,0,2,,,,
bg__B1LC19,0,1,,,,
bg__B1LC41,0,1,,,,
bg__B1LCF9,0,1,,,,
bg__B1LK79,0,6,,,,
bg__B1LUP7,0,3,,,,
bg__B1LXZ1,0,1,,,,
bg__B1M272,0,1,,,,
bg__B1M6N9,0,3,,,,
bg__B1MAI2,0,1,,,,
bg__B1MAI3,0,1,,,,
bg__B1MDL2,0,1,,,,
bg__B1ME26,0,1,,,,
bg__B1MFK2,0,1,,,,
bg__B1MFZ1,0,1,,,,
bg__B1MH53,0,1,,,,
bg__B1MK49,0,1,,,,
bg__B1MLZ4,0,1,,,,
bg__B1MW95,0,1,,,,
bg__B1MW96,0,1,,,,
bg__B1MX63,0,1,,,,
bg__B1MXB1,0,1,,,,
bg__B1MXL9,0,1,,,,
bg__B1MXU5,0,1,,,,
bg__B1MY28,0,1,,,,
bg__B1MZ17,0,1,,,,
bg__B1MZ77,0,1,,,,
bg__B1MZM8,0,1,,,,
bg__B1N044,0,1,,,,
bg__B1N079,0,1,,,,
bg__B1NNT7,0,1,,,,
bg__B1NY81,0,1,,,,
bg__B1V9I5,0,1,,,,
bg__B1VAJ9,0,1,,,,
bg__B1VEE1,0,1,,,,
bg__B1VG60,0,1,,,,
bg__B1VH27,0,3,,,,
bg__B1VH88,0,1,,,,
bg__B1VN93,0,1,,,,
bg__B1VTI5,0,1,,,,
bg__B1VXS2,0,3,,,,
bg__B1VXZ4,0,3,,,,
bg__B1VZM4,0,1,,,,
bg__B1W3N7,0,2,,,,
bg__B1W4V9,0,1,,,,
bg__B1WAX6,0,2,,,,
bg__B1WBW4,0,2,,,,
bg__B1WNK3,0,3,,,,
bg__B1WTF7,0,2,,,,
bg__B1X0D2,0,1,,,,
bg__B1XIL4,0,3,,,,
bg__B1XIV9,0,1,,,,
bg__B1XJI2,0,1,,,,
bg__B1XJV9,0,1,,,,
bg__B1XKE8,0,1,,,,
bg__B1XQ35,0,1,,,,
bg__B1XS63,0,1,,,,
bg__B1XS66,0,1,,,,
bg__B1XSG8,0,2,,,,
bg__B1XT16,0,1,,,,
bg__B1XT71,0,1,,,,
bg__B1XUJ6,0,1,,,,
bg__B1XXG3,0,2,,,,
bg__B1Y0J8,0,1,,,,
bg__B1Y1E6,0,1,,,,
bg__B1Y4W6,0,1,,,,
bg__B1YBH2,0,1,,,,
bg__B1YEE3,0,1,,,,
bg__B1YGP2,0,1,,,,
bg__B1YGP7,0,1,,,,
bg__B1YHD4,0,1,,,,
bg__B1YHQ8,0,1,,,,
bg__B1YHU0,0,1,,,,
bg__B1YIR7,0,1,,,,
bg__B1YIX1,0,1,,,,
bg__B1YJ39,0,1,,,,
bg__B1YJ94,0,1,,,,
bg__B1YKA0,0,1,,,,
bg__B1YL09,0,1,,,,
bg__B1YL84,0,1,,,,
bg__B1YL88,0,5,,,,
bg__B1YLE0,0,1,,,,
bg__B1YLQ1,0,1,,,,
bg__B1YLU8,0,1,,,,
bg__B1Z772,0,1,,,,
bg__B1ZDL3,0,2,,,,
bg__B1ZDT1,0,1,,,,
bg__B1ZFB1,0,3,,,,
bg__B1ZHG6,0,2,,,,
bg__B1ZJ09,0,3,,,,
bg__B1ZP50,0,1,,,,
bg__B1ZSC4,0,1,,,,
bg__B1ZU25,0,1,,,,
bg__B1ZVD6,0,1,,,,
bg__B1ZXD5,0,1,,,,
bg__B1ZZZ4,0,1,,,,
bg__B2A2U4,0,1,,,,
bg__B2A499,0,1,,,,
bg__B2A4Q0,0,1,,,,
bg__B2A532,0,1,,,,
bg__B2A663,0,1,,,,
bg__B2A6I7,0,1,,,,
bg__B2A6X0,0,1,,,,
bg__B2A6Y0,0,1,,,,
bg__B2AAJ5,0,1,,,,
bg__B2AC45,0,1,,,,
bg__B2ACC7,0,2,,,,
bg__B2AG52,0,2,,,,
bg__B2AGY8,0,2,,,,
bg__B2ANF9,0,1,,,,
bg__B2ATL7,0,1,,,,
bg__B2AU25,0,1,,,,
bg__B2AUV0,0,1,,,,
bg__B2AWZ9,0,2,,,,
bg__B2AXJ5,0,1,,,,
bg__B2BRG3,0,6,,,,
bg__B2BW43,0,1,,,,
bg__B2FJS1,0,3,,,,
bg__B2FKA7,0,1,,,,
bg__B2FMD7,0,7,,,,
bg__B2FPA9,0,4,,,,
bg__B2FPP2,0,2,,,,
bg__B2FU61,0,6,,,,
bg__B2G592,0,1,,,,
bg__B2G5A1,0,1,,,,
bg__B2G5I8,0,1,,,,
bg__B2G5N5,0,1,,,,
bg__B2G5Z2,0,1,,,,
bg__B2G7K3,0,2,,,,
bg__B2G7Q2,0,1,,,,
bg__B2G835,0,1,,,,
bg__B2GAH2,0,1,,,,
bg__B2GB29,0,1,,,,
bg__B2GB76,0,1,,,,
bg__B2GBD1,0,2,,,,
bg__B2GBV7,0,1,,,,
bg__B2GBW0,0,1,,,,
bg__B2GC12,0,1,,,,
bg__B2GC51,0,1,,,,
bg__B2GD67,0,1,,,,
bg__B2GFD7,0,2,,,,
bg__B2GGU8,0,1,,,,
bg__B2GJ87,0,1,,,,
bg__B2GKG9,0,1,,,,
bg__B2GM30,0,1,,,,
bg__B2HDJ9,0,2,,,,
bg__B2HGX7,0,3,,,,
bg__B2HHL3,0,5,,,,
bg__B2HKM2,0,2,,,,
bg__B2HM76,0,2,,,,
bg__B2HQ02,0,8,,,,
bg__B2HTR5,0,3,,,,
bg__B2HTT5,0,1,,,,
bg__B2HUM5,0,1,,,,
bg__B2HXA8,0,2,,,,
bg__B2HYI9,0,1,,,,
bg__B2I023,0,2,,,,
bg__B2I5X4,0,1,,,,
bg__B2I6I8,0,1,,,,
bg__B2I9C0,0,1,,,,
bg__B2I9H6,0,1,,,,
bg__B2I9I2,0,4,,,,
bg__B2I9J0,0,4,,,,
bg__B2IED0,0,1,,,,
bg__B2IEM1,0,1,,,,
bg__B2IEZ6,0,1,,,,
bg__B2IKE2,0,1,,,,
bg__B2IKU6,0,1,,,,
bg__B2IM77,0,2,,,,
bg__B2INA6,0,4,,,,
bg__B2INW0,0,6,,,,
bg__B2IQZ3,0,1,,,,
bg__B2IR75,0,5,,,,
bg__B2IT87,0,1,,,,
bg__B2ITP9,0,6,,,,
bg__B2IWK6,0,2,,,,
bg__B2IY45,0,3,,,,
bg__B2J1A3,0,2,,,,
bg__B2J1L7,0,2,,,,
bg__B2J5G0,0,3,,,,
bg__B2JA20,0,3,,,,
bg__B2JC45,0,7,,,,
bg__B2JCN7,0,3,,,,
bg__B2JF31,0,1,,,,
bg__B2JH09,0,4,,,,
bg__B2JKP8,0,6,,,,
bg__B2JML0,0,2,,,,
bg__B2JQF1,0,2,,,,
bg__B2K116,0,16,,,,
bg__B2K962,0,24,,,,
bg__B2KA03,0,1,,,,
bg__B2KB94,0,1,,,,
bg__B2KDR9,0,1,,,,
bg__B2KE93,0,1,,,,
bg__B2KEA9,0,1,,,,
bg__B2KEC4,0,1,,,,
bg__B2KES3,0,1,,,,
bg__B2KG20,0,2,,,,
bg__B2LXS7,0,1,,,,
bg__B2RI48,0,1,,,,
bg__B2RI95,0,2,,,,
bg__B2RIJ1,0,1,,,,
bg__B2RJI6,0,2,,,,
bg__B2RKS4,0,1,,,,
bg__B2RKY9,0,1,,,,
bg__B2RLA0,0,1,,,,
bg__B2RMB9,0,1,,,,
bg__B2RVW2,0,2,,,,
bg__B2RZ50,0,2,,,,
bg__B2RZC4,0,1,,,,
bg__B2RZF9,0,1,,,,
bg__B2S100,0,2,,,,
bg__B2S334,0,1,,,,
bg__B2S3D3,0,1,,,,
bg__B2S3K6,0,1,,,,
bg__B2S6L0,0,2,,,,
bg__B2S885,0,6,,,,
bg__B2SAD9,0,1,,,,
bg__B2SDS9,0,1,,,,
bg__B2SHR3,0,1,,,,
bg__B2SL46,0,1,,,,
bg__B2SM82,0,1,,,,
bg__B2SR15,0,3,,,,
bg__B2SXG9,0,5,,,,
bg__B2T1L6,0,1,,,,
bg__B2T2A3,0,6,,,,
bg__B2T600,0,2,,,,
bg__B2THS4,0,2,,,,
bg__B2TJ05,0,3,,,,
bg__B2TL64,0,3,,,,
bg__B2TL69,0,1,,,,
bg__B2TPF2,0,2,,,,
bg__B2TPW8,0,1,,,,
bg__B2TQ13,0,1,,,,
bg__B2TQ14,0,1,,,,
bg__B2TWA0,0,20,,,,
bg__B2TY92,0,9,,,,
bg__B2U092,0,9,,,,
bg__B2U4S8,0,11,,,,
bg__B2U7E0,0,3,,,,
bg__B2U7S2,0,2,,,,
bg__B2U8L7,0,1,,,,
bg__B2U8Z4,0,1,,,,
bg__B2UA33,0,9,,,,
bg__B2UB85,0,10,,,,
bg__B2UBB5,0,1,,,,
bg__B2UBJ4,0,2,,,,
bg__B2UD46,0,6,,,,
bg__B2UER7,0,1,,,,
bg__B2UFY4,0,22,,,,
bg__B2UM17,0,1,,,,
bg__B2UMF1,0,1,,,,
bg__B2UND0,0,1,,,,
bg__B2UPE6,0,1,,,,
bg__B2UPK2,0,1,,,,
bg__B2UQE3,0,1,,,,
bg__B2URE3,0,1,,,,
bg__B2US24,0,5,,,,
bg__B2UUG0,0,1,,,,
bg__B2UUU1,0,4,,,,
bg__B2UVC1,0,2,,,,
bg__B2UVF6,0,1,,,,
bg__B2UVU9,0,2,,,,
bg__B2UW10,0,2,,,,
bg__B2UX20,0,2,,,,
bg__B2UX63,0,2,,,,
bg__B2UXC4,0,2,,,,
bg__B2UXD0,0,2,,,,
bg__B2UZH3,0,2,,,,
bg__B2UZX8,0,6,,,,
bg__B2UZY4,0,1,,,,
bg__B2V267,0,2,,,,
bg__B2V5A9,0,1,,,,
bg__B2V5I7,0,1,,,,
bg__B2V5L9,0,1,,,,
bg__B2V5N9,0,1,,,,
bg__B2V5V9,0,1,,,,
bg__B2V6F1,0,1,,,,
bg__B2V6U1,0,1,,,,
bg__B2V7A4,0,1,,,,
bg__B2V7G0,0,1,,,,
bg__B2V7Y5,0,2,,,,
bg__B2V963,0,1,,,,
bg__B2VD79,0,2,,,,
bg__B2VEB1,0,10,,,,
bg__B2VFG2,0,1,,,,
bg__B2VFR1,0,5,,,,
bg__B2VGP6,0,15,,,,
bg__B2VHJ7,0,1,,,,
bg__B2VIF3,0,1,,,,
bg__B2VK85,0,14,,,,
bg__B2X050,0,1,,,,
bg__B3A003,0,1,,,,
bg__B3CLF3,0,1,,,,
bg__B3CQP5,0,1,,,,
bg__B3CSN9,0,1,,,,
bg__B3DHU2,0,1,,,,
bg__B3DP38,0,1,,,,
bg__B3DQ80,0,1,,,,
bg__B3DQI6,0,1,,,,
bg__B3DQQ9,0,1,,,,
bg__B3DS55,0,3,,,,
bg__B3DS61,0,1,,,,
bg__B3DSS3,0,1,,,,
bg__B3DV19,0,1,,,,
bg__B3DVI7,0,1,,,,
bg__B3DWQ9,0,1,,,,
bg__B3DZZ7,0,1,,,,
bg__B3E0A0,0,1,,,,
bg__B3E177,0,1,,,,
bg__B3E2M3,0,2,,,,
bg__B3E422,0,1,,,,
bg__B3E693,0,1,,,,
bg__B3E6X0,0,1,,,,
bg__B3E8I3,0,1,,,,
bg__B3EDF1,0,3,,,,
bg__B3EEG6,0,5,,,,
bg__B3EEJ7,0,2,,,,
bg__B3EHV1,0,1,,,,
bg__B3EI94,0,1,,,,
bg__B3EIC2,0,1,,,,
bg__B3EIU4,0,1,,,,
bg__B3ELA4,0,1,,,,
bg__B3ELU3,0,1,,,,
bg__B3ELV8,0,2,,,,
bg__B3EMN7,0,1,,,,
bg__B3EN04,0,2,,,,
bg__B3EN99,0,1,,,,
bg__B3EPH5,0,1,,,,
bg__B3EPK0,0,6,,,,
bg__B3EQ72,0,3,,,,
bg__B3EQT0,0,1,,,,
bg__B3ES47,0,1,,,,
bg__B3ESU1,0,1,,,,
bg__B3EU56,0,1,,,,
bg__B3EWG9,0,1,,,,
bg__B3EWQ9,0,3,,,,
bg__B3EYM8,0,2,,,,
bg__B3F211,0,1,,,,
bg__B3FHT4,0,4,,,,
bg__B3FK34,0,1,,,,
bg__B3FWR8,0,1,,,,
bg__B3GY27,0,1,,,,
bg__B3H2F9,0,1,,,,
bg__B3H2Z8,0,2,,,,
bg__B3H615,0,1,,,,
bg__B3H707,0,1,,,,
bg__B3H7A9,0,1,,,,
bg__B3LQU1,0,1,,,,
bg__B3M0F3,0,5,,,,
bg__B3MYY4,0,6,,,,
bg__B3NB67,0,2,,,,
bg__B3PBR5,0,1,,,,
bg__B3PI90,0,1,,,,
bg__B3PJN8,0,1,,,,
bg__B3PLS2,0,1,,,,
bg__B3PND6,0,1,,,,
bg__B3PR74,0,1,,,,
bg__B3PUR0,0,4,,,,
bg__B3Q1Q5,0,1,,,,
bg__B3Q6H7,0,4,,,,
bg__B3Q854,0,2,,,,
bg__B3QA91,0,6,,,,
bg__B3QBD2,0,1,,,,
bg__B3QM51,0,4,,,,
bg__B3QNZ0,0,1,,,,
bg__B3QPB3,0,2,,,,
bg__B3QPX7,0,1,,,,
bg__B3QPY9,0,1,,,,
bg__B3QQ95,0,1,,,,
bg__B3QRP3,0,1,,,,
bg__B3QSB4,0,1,,,,
bg__B3QSZ9,0,1,,,,
bg__B3QU02,0,1,,,,
bg__B3QW96,0,1,,,,
bg__B3QX21,0,1,,,,
bg__B3QY46,0,1,,,,
bg__B3QYG7,0,1,,,,
bg__B3R075,0,1,,,,
bg__B3R0F3,0,1,,,,
bg__B3R1I4,0,5,,,,
bg__B3SGL0,0,4,,,,
bg__B3SP85,0,2,,,,
bg__B3STP1,0,1,,,,
bg__B3VA58,0,1,,,,
bg__B3VBK9,0,1,,,,
bg__B3VMP4,0,1,,,,
bg__B3W9W2,0,1,,,,
bg__B3WDB0,0,1,,,,
bg__B3WEY4,0,2,,,,
bg__B3WF00,0,2,,,,
bg__B4E9J1,0,12,,,,
bg__B4EBB9,0,8,,,,
bg__B4ESY3,0,1,,,,
bg__B4EUD2,0,1,,,,
bg__B4EVF5,0,7,,,,
bg__B4EW04,0,8,,,,
bg__B4EYT7,0,1,,,,
bg__B4EZF5,0,28,,,,
bg__B4EZQ3,0,1,,,,
bg__B4F1G5,0,26,,,,
bg__B4F2T9,0,21,,,,
bg__B4F6K2,0,9,,,,
bg__B4F7B7,0,2,,,,
bg__B4FNK8,0,1,,,,
bg__B4FNX4,0,1,,,,
bg__B4FUP5,0,1,,,,
bg__B4GWP5,0,1,,,,
bg__B4J4E7,0,2,,,,
bg__B4JAX0,0,6,,,,
bg__B4JGW7,0,1,,,,
bg__B4L760,0,2,,,,
bg__B4M4X4,0,1,,,,
bg__B4MA02,0,1,,,,
bg__B4MQT3,0,5,,,,
bg__B4NEH6,0,3,,,,
bg__B4PV71,0,4,,,,
bg__B4QPV0,0,2,,,,
bg__B4QVX4,0,2,,,,
bg__B4R8N8,0,1,,,,
bg__B4RBF7,0,1,,,,
bg__B4RBV1,0,1,,,,
bg__B4RC21,0,1,,,,
bg__B4RC42,0,1,,,,
bg__B4RC43,0,1,,,,
bg__B4RCS6,0,1,,,,
bg__B4RFX6,0,1,,,,
bg__B4RG38,0,1,,,,
bg__B4RJZ8,0,2,,,,
bg__B4RK50,0,1,,,,
bg__B4RK78,0,1,,,,
bg__B4RKE5,0,1,,,,
bg__B4RL47,0,1,,,,
bg__B4RLL0,0,2,,,,
bg__B4RMM2,0,25,,,,
bg__B4RQC3,0,2,,,,
bg__B4RQP9,0,2,,,,
bg__B4RY28,0,2,,,,
bg__B4RZM6,0,1,,,,
bg__B4S0P6,0,1,,,,
bg__B4S5G6,0,1,,,,
bg__B4S5J5,0,6,,,,
bg__B4S675,0,4,,,,
bg__B4S9J4,0,1,,,,
bg__B4SA64,0,1,,,,
bg__B4SCC0,0,2,,,,
bg__B4SCU3,0,1,,,,
bg__B4SD14,0,1,,,,
bg__B4SE07,0,1,,,,
bg__B4SGR0,0,1,,,,
bg__B4SGW9,0,2,,,,
bg__B4SH93,0,1,,,,
bg__B4SI37,0,1,,,,
bg__B4SLP5,0,1,,,,
bg__B4SMH0,0,3,,,,
bg__B4SNS0,0,1,,,,
bg__B4SQT8,0,4,,,,
bg__B4ST96,0,3,,,,
bg__B4STP2,0,5,,,,
bg__B4SZJ1,0,4,,,,
bg__B4TBG7,0,12,,,,
bg__B4TCI7,0,11,,,,
bg__B4TD16,0,10,,,,
bg__B4TI56,0,11,,,,
bg__B4U5Q9,0,1,,,,
bg__B4U7M4,0,1,,,,
bg__B4U8T3,0,1,,,,
bg__B4U950,0,1,,,,
bg__B4U9P0,0,1,,,,
bg__B4UBC0,0,2,,,,
bg__B4UDQ3,0,1,,,,
bg__B4UDZ6,0,1,,,,
bg__B4UEL4,0,1,,,,
bg__B4UGH8,0,1,,,,
bg__B4UGL0,0,1,,,,
bg__B4UHY1,0,1,,,,
bg__B4UJZ9,0,2,,,,
bg__B4ULC6,0,1,,,,
bg__B4UMK8,0,1,,,,
bg__B4UT01,0,1,,,,
bg__B4XH86,0,1,,,,
bg__B5BLW5,0,1,,,,
bg__B5DE31,0,1,,,,
bg__B5DEN9,0,3,,,,
bg__B5E1N0,0,1,,,,
bg__B5E8N4,0,2,,,,
bg__B5E9C1,0,1,,,,
bg__B5EAK5,0,1,,,,
bg__B5EAS8,0,1,,,,
bg__B5EBQ4,0,1,,,,
bg__B5ED57,0,2,,,,
bg__B5EF41,0,1,,,,
bg__B5EFL1,0,1,,,,
bg__B5EFM8,0,2,,,,
bg__B5EFS1,0,2,,,,
bg__B5EGD5,0,1,,,,
bg__B5EHU9,0,1,,,,
bg__B5EHY0,0,2,,,,
bg__B5EL84,0,2,,,,
bg__B5EQF2,0,1,,,,
bg__B5ES06,0,1,,,,
bg__B5EXY6,0,14,,,,
bg__B5FAL1,0,2,,,,
bg__B5FAT7,0,4,,,,
bg__B5FB78,0,5,,,,
bg__B5FFE9,0,1,,,,
bg__B5FFG1,0,2,,,,
bg__B5IEU6,0,1,,,,
bg__B5KRH5,0,3,,,,
bg__B5L3F2,0,1,,,,
bg__B5L3X1,0,1,,,,
bg__B5QYX4,0,16,,,,
bg__B5R0N8,0,20,,,,
bg__B5RBG7,0,15,,,,
bg__B5RET4,0,15,,,,
bg__B5RLH3,0,1,,,,
bg__B5RQC4,0,1,,,,
bg__B5RQN4,0,3,,,,
bg__B5RR78,0,1,,,,
bg__B5VIN9,0,2,,,,
bg__B5VL26,0,1,,,,
bg__B5X2D1,0,2,,,,
bg__B5XHX6,0,10,,,,
bg__B5XKU3,0,1,,,,
bg__B5XKW0,0,4,,,,
bg__B5XLK7,0,2,,,,
bg__B5XP57,0,7,,,,
bg__B5XP65,0,8,,,,
bg__B5XPE2,0,30,,,,
bg__B5XQ85,0,2,,,,
bg__B5XS13,0,1,,,,
bg__B5Y1W9,0,1,,,,
bg__B5Y2U6,0,13,,,,
bg__B5Y659,0,1,,,,
bg__B5Y6I0,0,1,,,,
bg__B5Y7Q7,0,1,,,,
bg__B5Y863,0,1,,,,
bg__B5Y8Q4,0,1,,,,
bg__B5Y9D1,0,1,,,,
bg__B5YA17,0,1,,,,
bg__B5YE90,0,1,,,,
bg__B5YFT1,0,1,,,,
bg__B5YG57,0,1,,,,
bg__B5YGR4,0,1,,,,
bg__B5YHS9,0,1,,,,
bg__B5YJ55,0,1,,,,
bg__B5YJ91,0,1,,,,
bg__B5YJH1,0,1,,,,
bg__B5YJS2,0,1,,,,
bg__B5YJT7,0,1,,,,
bg__B5YKK1,0,1,,,,
bg__B5YKP5,0,1,,,,
bg__B5YL84,0,1,,,,
bg__B5Z2Q6,0,5,,,,
bg__B5Z6N2,0,1,,,,
bg__B5Z7I4,0,1,,,,
bg__B5Z7K9,0,2,,,,
bg__B5ZBQ8,0,1,,,,
bg__B5ZCB5,0,1,,,,
bg__B5ZS20,0,1,,,,
bg__B5ZSC5,0,1,,,,
bg__B5ZYG2,0,1,,,,
bg__B6A8C7,0,1,,,,
bg__B6A8R8,0,1,,,,
bg__B6CZ46,0,6,,,,
bg__B6E2X2,0,2,,,,
bg__B6EGG7,0,1,,,,
bg__B6EGH6,0,3,,,,
bg__B6EH41,0,1,,,,
bg__B6EHH0,0,2,,,,
bg__B6EIY4,0,5,,,,
bg__B6EMS4,0,7,,,,
bg__B6ENC8,0,4,,,,
bg__B6EQ13,0,1,,,,
bg__B6F0W8,0,1,,,,
bg__B6H060,0,1,,,,
bg__B6H1W0,0,1,,,,
bg__B6H9W0,0,1,,,,
bg__B6HJU2,0,1,,,,
bg__B6HLP3,0,1,,,,
bg__B6I8L3,0,4,,,,
bg__B6IN13,0,1,,,,
bg__B6INN5,0,1,,,,
bg__B6IPE0,0,1,,,,
bg__B6IPH3,0,1,,,,
bg__B6IVK5,0,1,,,,
bg__B6IW12,0,3,,,,
bg__B6IWJ6,0,1,,,,
bg__B6IYZ2,0,1,,,,
bg__B6IZ08,0,2,,,,
bg__B6J2P6,0,1,,,,
bg__B6J3A6,0,1,,,,
bg__B6J4B0,0,1,,,,
bg__B6J5I5,0,2,,,,
bg__B6J7S3,0,2,,,,
bg__B6J7V3,0,2,,,,
bg__B6JB38,0,2,,,,
bg__B6JCQ7,0,8,,,,
bg__B6JE08,0,2,,,,
bg__B6JGA4,0,2,,,,
bg__B6JL99,0,3,,,,
bg__B6JMS3,0,3,,,,
bg__B6JNZ5,0,1,,,,
bg__B6JWE5,0,1,,,,
bg__B6JY16,0,1,,,,
bg__B6JYT1,0,1,,,,
bg__B6RGY0,0,1,,,,
bg__B6T5Z6,0,1,,,,
bg__B6YQ14,0,1,,,,
bg__B6YQB8,0,1,,,,
bg__B6YQC6,0,1,,,,
bg__B6YQI6,0,1,,,,
bg__B6YQT8,0,1,,,,
bg__B6YRC6,0,1,,,,
bg__B6YS18,0,1,,,,
bg__B6YTG0,0,2,,,,
bg__B6YTN5,0,3,,,,
bg__B6YW76,0,1,,,,
bg__B6YWA9,0,2,,,,
bg__B6YX10,0,1,,,,
bg__B6YXE5,0,2,,,,
bg__B6YXQ1,0,2,,,,
bg__B6ZJZ9,0,1,,,,
bg__B6ZK72,0,1,,,,
bg__B7ECS8,0,1,,,,
bg__B7FAL5,0,1,,,,
bg__B7FNA9,0,2,,,,
bg__B7G267,0,1,,,,
bg__B7G3Y9,0,1,,,,
bg__B7GG21,0,1,,,,
bg__B7GHD6,0,2,,,,
bg__B7GHM4,0,1,,,,
bg__B7GIA2,0,1,,,,
bg__B7GJC8,0,3,,,,
bg__B7GKQ7,0,1,,,,
bg__B7GN27,0,3,,,,
bg__B7GP38,0,1,,,,
bg__B7GPE4,0,1,,,,
bg__B7GRN1,0,1,,,,
bg__B7GUD5,0,1,,,,
bg__B7GY71,0,3,,,,
bg__B7GZ27,0,3,,,,
bg__B7H7H4,0,6,,,,
bg__B7HAZ1,0,7,,,,
bg__B7HCW1,0,5,,,,
bg__B7HG50,0,4,,,,
bg__B7HHU4,0,8,,,,
bg__B7HHV4,0,1,,,,
bg__B7HKR9,0,4,,,,
bg__B7HMD0,0,4,,,,
bg__B7HPN7,0,8,,,,
bg__B7HSV1,0,2,,,,
bg__B7I4X1,0,2,,,,
bg__B7I740,0,3,,,,
bg__B7ICE3,0,3,,,,
bg__B7ICE9,0,1,,,,
bg__B7ID34,0,1,,,,
bg__B7IDS7,0,1,,,,
bg__B7IE73,0,1,,,,
bg__B7IF13,0,1,,,,
bg__B7IFM5,0,2,,,,
bg__B7IFS1,0,1,,,,
bg__B7IG15,0,1,,,,
bg__B7J0R6,0,2,,,,
bg__B7J2L5,0,4,,,,
bg__B7J4J4,0,1,,,,
bg__B7J6C4,0,1,,,,
bg__B7J9K4,0,1,,,,
bg__B7JA34,0,1,,,,
bg__B7JBX0,0,1,,,,
bg__B7JWJ7,0,1,,,,
bg__B7JZT6,0,1,,,,
bg__B7K1E7,0,4,,,,
bg__B7K1G1,0,14,,,,
bg__B7K612,0,1,,,,
bg__B7K6D3,0,7,,,,
bg__B7K7J4,0,1,,,,
bg__B7K9F0,0,1,,,,
bg__B7KB74,0,2,,,,
bg__B7KFS2,0,2,,,,
bg__B7KG76,0,24,,,,
bg__B7KMS4,0,1,,,,
bg__B7KR63,0,8,,,,
bg__B7KSC5,0,3,,,,
bg__B7KSK6,0,5,,,,
bg__B7KUL9,0,2,,,,
bg__B7KWT3,0,1,,,,
bg__B7LLH2,0,1,,,,
bg__B7LNS1,0,28,,,,
bg__B7LXL0,0,19,,,,
bg__B7NGZ6,0,1,,,,
bg__B7NLK0,0,15,,,,
bg__B7NTU4,0,6,,,,
bg__B7PBI5,0,1,,,,
bg__B7QDG3,0,1,,,,
bg__B7SIW1,0,1,,,,
bg__B7SXM5,0,1,,,,
bg__B7UP20,0,1,,,,
bg__B7UWJ3,0,1,,,,
bg__B7UYX1,0,4,,,,
bg__B7V0Q9,0,4,,,,
bg__B7V1G0,0,6,,,,
bg__B7V7R1,0,1,,,,
bg__B7V9J5,0,8,,,,
bg__B7VIZ5,0,2,,,,
bg__B7VJI4,0,2,,,,
bg__B7VKH0,0,3,,,,
bg__B7VPD0,0,1,,,,
bg__B7VPF1,0,1,,,,
bg__B7WN96,0,1,,,,
bg__B7XIB8,0,1,,,,
bg__B7ZAP0,0,1,,,,
bg__B7ZTR0,0,2,,,,
bg__B8AE67,0,2,,,,
bg__B8AX53,0,2,,,,
bg__B8AXU2,0,2,,,,
bg__B8BKP4,0,3,,,,
bg__B8CJ38,0,2,,,,
bg__B8CLI5,0,1,,,,
bg__B8CNY0,0,1,,,,
bg__B8CS28,0,5,,,,
bg__B8CS65,0,1,,,,
bg__B8CW79,0,1,,,,
bg__B8CWH0,0,1,,,,
bg__B8D185,0,1,,,,
bg__B8D1G8,0,1,,,,
bg__B8D1K3,0,1,,,,
bg__B8D2C6,0,1,,,,
bg__B8D509,0,1,,,,
bg__B8D6X4,0,1,,,,
bg__B8D7B4,0,2,,,,
bg__B8D7G7,0,1,,,,
bg__B8D7J7,0,3,,,,
bg__B8D865,0,1,,,,
bg__B8D8F1,0,1,,,,
bg__B8D8U8,0,2,,,,
bg__B8D8X4,0,1,,,,
bg__B8D8Z8,0,1,,,,
bg__B8DA60,0,2,,,,
bg__B8DBZ3,0,1,,,,
bg__B8DCI1,0,5,,,,
bg__B8DCW3,0,4,,,,
bg__B8DDL2,0,1,,,,
bg__B8DDR4,0,4,,,,
bg__B8DDR8,0,2,,,,
bg__B8DE89,0,2,,,,
bg__B8DFW8,0,1,,,,
bg__B8DGK4,0,3,,,,
bg__B8DH71,0,1,,,,
bg__B8DH72,0,4,,,,
bg__B8DKC9,0,1,,,,
bg__B8DKL7,0,1,,,,
bg__B8DKP2,0,1,,,,
bg__B8DKW2,0,3,,,,
bg__B8DPB3,0,1,,,,
bg__B8DPF1,0,1,,,,
bg__B8DPG3,0,1,,,,
bg__B8DRQ6,0,1,,,,
bg__B8DSC4,0,2,,,,
bg__B8DUB2,0,1,,,,
bg__B8DUF9,0,1,,,,
bg__B8DUI5,0,1,,,,
bg__B8DVS6,0,1,,,,
bg__B8DW30,0,2,,,,
bg__B8DWI2,0,2,,,,
bg__B8DWP6,0,8,,,,
bg__B8E0T1,0,1,,,,
bg__B8E1G5,0,1,,,,
bg__B8E257,0,1,,,,
bg__B8E2K1,0,1,,,,
bg__B8E2R2,0,1,,,,
bg__B8E2S7,0,1,,,,
bg__B8E2T7,0,1,,,,
bg__B8E328,0,2,,,,
bg__B8E335,0,1,,,,
bg__B8E5F4,0,5,,,,
bg__B8E954,0,7,,,,
bg__B8EAT2,0,4,,,,
bg__B8EI29,0,1,,,,
bg__B8EIQ3,0,1,,,,
bg__B8ENG8,0,1,,,,
bg__B8ERC6,0,1,,,,
bg__B8F3V1,0,1,,,,
bg__B8F4B1,0,2,,,,
bg__B8F4V1,0,5,,,,
bg__B8F9X0,0,1,,,,
bg__B8FFL4,0,1,,,,
bg__B8FFR9,0,1,,,,
bg__B8FGA1,0,1,,,,
bg__B8FJ17,0,1,,,,
bg__B8FLE5,0,1,,,,
bg__B8FMP4,0,2,,,,
bg__B8FN99,0,1,,,,
bg__B8FQ96,0,1,,,,
bg__B8FWT4,0,1,,,,
bg__B8FY38,0,1,,,,
bg__B8FZE0,0,1,,,,
bg__B8FZE5,0,1,,,,
bg__B8G177,0,1,,,,
bg__B8G1S3,0,1,,,,
bg__B8G1Z4,0,3,,,,
bg__B8G2V0,0,1,,,,
bg__B8G418,0,1,,,,
bg__B8G513,0,1,,,,
bg__B8G782,0,3,,,,
bg__B8G7I8,0,3,,,,
bg__B8G9R5,0,1,,,,
bg__B8GEG7,0,1,,,,
bg__B8GF03,0,1,,,,
bg__B8GG34,0,1,,,,
bg__B8GHM9,0,2,,,,
bg__B8GIB2,0,1,,,,
bg__B8GMB3,0,1,,,,
bg__B8GN57,0,1,,,,
bg__B8GNA8,0,1,,,,
bg__B8GPB3,0,1,,,,
bg__B8GQR4,0,1,,,,
bg__B8GRG3,0,1,,,,
bg__B8GSU8,0,2,,,,
bg__B8GTG2,0,1,,,,
bg__B8GW30,0,1,,,,
bg__B8GWN0,0,1,,,,
bg__B8GWW0,0,1,,,,
bg__B8GWW6,0,1,,,,
bg__B8GXJ5,0,2,,,,
bg__B8GXP2,0,1,,,,
bg__B8GXU1,0,1,,,,
bg__B8GYT0,0,1,,,,
bg__B8H510,0,1,,,,
bg__B8H623,0,2,,,,
bg__B8H6C3,0,1,,,,
bg__B8H8L7,0,1,,,,
bg__B8HF09,0,1,,,,
bg__B8HN58,0,1,,,,
bg__B8HSQ9,0,1,,,,
bg__B8HU20,0,1,,,,
bg__B8HWP9,0,3,,,,
bg__B8HXS4,0,1,,,,
bg__B8I0Q8,0,1,,,,
bg__B8I164,0,2,,,,
bg__B8I1A8,0,1,,,,
bg__B8I262,0,1,,,,
bg__B8I2Z3,0,1,,,,
bg__B8I363,0,4,,,,
bg__B8I3J5,0,1,,,,
bg__B8I769,0,1,,,,
bg__B8I942,0,1,,,,
bg__B8I944,0,1,,,,
bg__B8IJ00,0,1,,,,
bg__B8IZQ7,0,1,,,,
bg__B8IZX7,0,1,,,,
bg__B8J0P9,0,1,,,,
bg__B8J1D6,0,1,,,,
bg__B8J2A8,0,3,,,,
bg__B8J3G1,0,1,,,,
bg__B8J3G9,0,1,,,,
bg__B8J8V3,0,2,,,,
bg__B8JB61,0,1,,,,
bg__B8JBF4,0,3,,,,
bg__B8JH22,0,1,,,,
bg__B8JH75,0,1,,,,
bg__B8JI67,0,1,,,,
bg__B8JKV0,0,1,,,,
bg__B8JM82,0,1,,,,
bg__B8LCD8,0,1,,,,
bg__B8LIX8,0,1,,,,
bg__B8M072,0,1,,,,
bg__B8M9J5,0,1,,,,
bg__B8MDN4,0,11,,,,
bg__B8MKZ0,0,1,,,,
bg__B8MKZ2,0,1,,,,
bg__B8MKZ6,0,1,,,,
bg__B8NA66,0,1,,,,
bg__B8NBI2,0,6,,,,
bg__B8NI24,0,1,,,,
bg__B8NL00,0,1,,,,
bg__B8NM70,0,1,,,,
bg__B8NM78,0,1,,,,
bg__B8NQ51,0,1,,,,
bg__B8NR71,0,1,,,,
bg__B8NWE1,0,1,,,,
bg__B8PL20,0,1,,,,
bg__B8XY56,0,1,,,,
bg__B8ZHC9,0,2,,,,
bg__B8ZPG7,0,5,,,,
bg__B8ZQ37,0,6,,,,
bg__B8ZQU1,0,7,,,,
bg__B8ZRH2,0,2,,,,
bg__B8ZRW3,0,1,,,,
bg__B8ZU51,0,4,,,,
bg__B9A064,0,1,,,,
bg__B9DG24,0,1,,,,
bg__B9DGI8,0,1,,,,
bg__B9DGU7,0,2,,,,
bg__B9DHG0,0,1,,,,
bg__B9DLK2,0,1,,,,
bg__B9DM01,0,1,,,,
bg__B9DM46,0,4,,,,
bg__B9DN95,0,6,,,,
bg__B9DN96,0,4,,,,
bg__B9DNT1,0,1,,,,
bg__B9DRF9,0,11,,,,
bg__B9DRX8,0,1,,,,
bg__B9DV19,0,4,,,,
bg__B9DV63,0,5,,,,
bg__B9DWG4,0,4,,,,
bg__B9DX96,0,1,,,,
bg__B9E106,0,1,,,,
bg__B9E1X2,0,1,,,,
bg__B9E564,0,1,,,,
bg__B9E675,0,1,,,,
bg__B9E685,0,2,,,,
bg__B9E6R6,0,1,,,,
bg__B9E7A4,0,1,,,,
bg__B9E8V7,0,1,,,,
bg__B9EA92,0,1,,,,
bg__B9EB66,0,1,,,,
bg__B9EBV6,0,1,,,,
bg__B9EJG8,0,4,,,,
bg__B9F2L1,0,1,,,,
bg__B9F655,0,1,,,,
bg__B9FU45,0,3,,,,
bg__B9FXT3,0,1,,,,
bg__B9G2E6,0,5,,,,
bg__B9GAG9,0,1,,,,
bg__B9IRW3,0,1,,,,
bg__B9IUZ8,0,3,,,,
bg__B9IVW0,0,5,,,,
bg__B9IZC8,0,8,,,,
bg__B9J1K4,0,4,,,,
bg__B9JG16,0,1,,,,
bg__B9JH03,0,1,,,,
bg__B9JN20,0,2,,,,
bg__B9JQX0,0,2,,,,
bg__B9JVI4,0,11,,,,
bg__B9JVK2,0,1,,,,
bg__B9JXV8,0,5,,,,
bg__B9JYQ3,0,1,,,,
bg__B9JZF5,0,1,,,,
bg__B9K6P4,0,2,,,,
bg__B9K712,0,1,,,,
bg__B9K7G8,0,4,,,,
bg__B9K7Z8,0,1,,,,
bg__B9K819,0,1,,,,
bg__B9K8E2,0,2,,,,
bg__B9K8Q0,0,2,,,,
bg__B9KBR9,0,1,,,,
bg__B9KBS2,0,1,,,,
bg__B9KCG6,0,1,,,,
bg__B9KDQ8,0,1,,,,
bg__B9KEN8,0,2,,,,
bg__B9KGA1,0,1,,,,
bg__B9KGA9,0,3,,,,
bg__B9KI57,0,2,,,,
bg__B9KIB9,0,1,,,,
bg__B9KIR5,0,1,,,,
bg__B9KIU4,0,2,,,,
bg__B9KLD3,0,1,,,,
bg__B9KMG1,0,1,,,,
bg__B9KSE2,0,6,,,,
bg__B9KXJ6,0,2,,,,
bg__B9KXM8,0,1,,,,
bg__B9KXN9,0,1,,,,
bg__B9KZ37,0,1,,,,
bg__B9L1Z5,0,1,,,,
bg__B9L638,0,1,,,,
bg__B9L7I2,0,1,,,,
bg__B9L9K5,0,1,,,,
bg__B9LAE4,0,1,,,,
bg__B9LE80,0,1,,,,
bg__B9LGZ1,0,1,,,,
bg__B9LI74,0,1,,,,
bg__B9LIH9,0,1,,,,
bg__B9LII0,0,1,,,,
bg__B9LJ65,0,1,,,,
bg__B9LJG1,0,2,,,,
bg__B9LKC1,0,1,,,,
bg__B9LND9,0,1,,,,
bg__B9LR22,0,1,,,,
bg__B9LRL5,0,1,,,,
bg__B9LS20,0,1,,,,
bg__B9LSX2,0,1,,,,
bg__B9LZ61,0,1,,,,
bg__B9LZI6,0,5,,,,
bg__B9M0M0,0,5,,,,
bg__B9M2A2,0,1,,,,
bg__B9M2A3,0,2,,,,
bg__B9M3E3,0,3,,,,
bg__B9M4N1,0,1,,,,
bg__B9M4Z4,0,3,,,,
bg__B9M6W5,0,1,,,,
bg__B9M8U7,0,2,,,,
bg__B9MCI6,0,1,,,,
bg__B9MDL6,0,4,,,,
bg__B9ME49,0,2,,,,
bg__B9ME57,0,2,,,,
bg__B9MER6,0,2,,,,
bg__B9MEY7,0,2,,,,
bg__B9MF57,0,5,,,,
bg__B9MFP8,0,1,,,,
bg__B9MIH9,0,1,,,,
bg__B9MKW9,0,2,,,,
bg__B9MNC2,0,1,,,,
bg__B9MP52,0,1,,,,
bg__B9MPK0,0,1,,,,
bg__B9MQ23,0,1,,,,
bg__B9MQ24,0,1,,,,
bg__B9MQ98,0,2,,,,
bg__B9MS56,0,1,,,,
bg__B9Q1V7,0,1,,,,
bg__C0H4E4,0,1,,,,
bg__C0H4V6,0,1,,,,
bg__C0H519,0,1,,,,
bg__C0H582,0,1,,,,
bg__C0HJG9,0,1,,,,
bg__C0HJW7,0,1,,,,
bg__C0HK20,0,2,,,,
bg__C0HK25,0,1,,,,
bg__C0HK27,0,4,,,,
bg__C0HK53,0,1,,,,
bg__C0HK57,0,1,,,,
bg__C0HK98,0,1,,,,
bg__C0HKD7,0,1,,,,
bg__C0HKG6,0,1,,,,
bg__C0HKG8,0,1,,,,
bg__C0HKR2,0,1,,,,
bg__C0HKW2,0,1,,,,
bg__C0HKW7,0,1,,,,
bg__C0HLL3,0,2,,,,
bg__C0HLU5,0,1,,,,
bg__C0HLV6,0,2,,,,
bg__C0HLZ9,0,1,,,,
bg__C0HM67,0,1,,,,
bg__C0HMD9,0,1,,,,
bg__C0JB06,0,1,,,,
bg__C0JB09,0,1,,,,
bg__C0JB24,0,2,,,,
bg__C0JB27,0,4,,,,
bg__C0JB30,0,1,,,,
bg__C0JB32,0,2,,,,
bg__C0JB40,0,1,,,,
bg__C0JB44,0,8,,,,
bg__C0JB50,0,3,,,,
bg__C0JB54,0,3,,,,
bg__C0JB55,0,1,,,,
bg__C0JB61,0,32,,,,
bg__C0JB94,0,3,,,,
bg__C0K3N5,0,2,,,,
bg__C0KTJ6,0,1,,,,
bg__C0LA90,0,1,,,,
bg__C0MC67,0,2,,,,
bg__C0NN85,0,1,,,,
bg__C0PZ24,0,5,,,,
bg__C0QAP3,0,1,,,,
bg__C0QFJ2,0,1,,,,
bg__C0QPF4,0,1,,,,
bg__C0QRP9,0,1,,,,
bg__C0QU08,0,1,,,,
bg__C0QU74,0,1,,,,
bg__C0QUE5,0,1,,,,
bg__C0QVC8,0,1,,,,
bg__C0QWJ2,0,1,,,,
bg__C0QWM9,0,1,,,,
bg__C0QYH6,0,1,,,,
bg__C0QYU9,0,1,,,,
bg__C0QZV6,0,1,,,,
bg__C0R4E0,0,1,,,,
bg__C0R4N2,0,2,,,,
bg__C0R5F9,0,2,,,,
bg__C0R5G4,0,3,,,,
bg__C0RGW8,0,3,,,,
bg__C0SP78,0,1,,,,
bg__C0SP79,0,1,,,,
bg__C0SP91,0,2,,,,
bg__C0SPC1,0,1,,,,
bg__C0SVS4,0,1,,,,
bg__C0Z4E2,0,1,,,,
bg__C0Z4Q5,0,2,,,,
bg__C0Z6Q2,0,1,,,,
bg__C0Z6T0,0,1,,,,
bg__C0Z7H6,0,1,,,,
bg__C0Z7W5,0,1,,,,
bg__C0Z7W7,0,1,,,,
bg__C0Z7Z0,0,1,,,,
bg__C0ZGJ5,0,1,,,,
bg__C0ZHH0,0,1,,,,
bg__C0ZIL2,0,1,,,,
bg__C0ZIY1,0,1,,,,
bg__C0ZJF8,0,1,,,,
bg__C0ZKC5,0,1,,,,
bg__C0ZUQ6,0,1,,,,
bg__C1A0S6,0,1,,,,
bg__C1A1H0,0,2,,,,
bg__C1A1V2,0,6,,,,
bg__C1A383,0,1,,,,
bg__C1A482,0,1,,,,
bg__C1A8L5,0,1,,,,
bg__C1A8T7,0,1,,,,
bg__C1AA54,0,1,,,,
bg__C1ABE1,0,1,,,,
bg__C1B1N8,0,2,,,,
bg__C1B393,0,1,,,,
bg__C1BBD1,0,1,,,,
bg__C1BH56,0,2,,,,
bg__C1BL82,0,1,,,,
bg__C1C7X7,0,3,,,,
bg__C1C8G7,0,2,,,,
bg__C1CCD5,0,1,,,,
bg__C1CCH0,0,6,,,,
bg__C1CL86,0,3,,,,
bg__C1CQI2,0,5,,,,
bg__C1CQW7,0,12,,,,
bg__C1CR29,0,2,,,,
bg__C1CUT8,0,1,,,,
bg__C1CW54,0,1,,,,
bg__C1CXX6,0,1,,,,
bg__C1CYD9,0,2,,,,
bg__C1CZ84,0,1,,,,
bg__C1D4X7,0,1,,,,
bg__C1D5L0,0,1,,,,
bg__C1D5T4,0,1,,,,
bg__C1D5X9,0,1,,,,
bg__C1D6W3,0,1,,,,
bg__C1D6Y0,0,1,,,,
bg__C1D8Q0,0,2,,,,
bg__C1D9A7,0,2,,,,
bg__C1D9T5,0,1,,,,
bg__C1DBA1,0,1,,,,
bg__C1DLP2,0,1,,,,
bg__C1DMX5,0,1,,,,
bg__C1EN36,0,7,,,,
bg__C1F127,0,1,,,,
bg__C1F227,0,1,,,,
bg__C1F466,0,1,,,,
bg__C1F658,0,1,,,,
bg__C1F8U3,0,1,,,,
bg__C1FMZ1,0,2,,,,
bg__C1FN33,0,1,,,,
bg__C1FN42,0,3,,,,
bg__C1FNJ8,0,3,,,,
bg__C1FR34,0,3,,,,
bg__C1FS96,0,3,,,,
bg__C1FSC1,0,3,,,,
bg__C1FSC2,0,6,,,,
bg__C1I202,0,1,,,,
bg__C1IE32,0,1,,,,
bg__C1KKR1,0,1,,,,
bg__C1KVA9,0,1,,,,
bg__C1KVV7,0,1,,,,
bg__C1KW69,0,1,,,,
bg__C1KWS1,0,2,,,,
bg__C1KX66,0,2,,,,
bg__C1KYQ0,0,2,,,,
bg__C1L1M8,0,2,,,,
bg__C1L254,0,3,,,,
bg__C1L2E2,0,1,,,,
bg__C1PGW1,0,1,,,,
bg__C3K2P6,0,7,,,,
bg__C3K2Z1,0,1,,,,
bg__C3K5H2,0,10,,,,
bg__C3K7L4,0,1,,,,
bg__C3K863,0,1,,,,
bg__C3KBY0,0,1,,,,
bg__C3KCR9,0,1,,,,
bg__C3KUL4,0,2,,,,
bg__C3L0K4,0,1,,,,
bg__C3L140,0,1,,,,
bg__C3L2N7,0,2,,,,
bg__C3L5Y6,0,5,,,,
bg__C3LJV5,0,3,,,,
bg__C3LLT4,0,1,,,,
bg__C3LNF3,0,1,,,,
bg__C3M9C2,0,10,,,,
bg__C3M9S7,0,2,,,,
bg__C3MDF9,0,1,,,,
bg__C3MEJ1,0,12,,,,
bg__C3MHC0,0,1,,,,
bg__C3MHJ3,0,2,,,,
bg__C3MU48,0,3,,,,
bg__C3MU99,0,1,,,,
bg__C3MW45,0,3,,,,
bg__C3MXF3,0,2,,,,
bg__C3MY66,0,3,,,,
bg__C3MYD9,0,1,,,,
bg__C3MZX9,0,2,,,,
bg__C3N7H5,0,2,,,,
bg__C3NEA8,0,2,,,,
bg__C3NF41,0,2,,,,
bg__C3NGV9,0,1,,,,
bg__C3NHF1,0,2,,,,
bg__C3P5Q2,0,3,,,,
bg__C3P655,0,1,,,,
bg__C3PB71,0,2,,,,
bg__C3PBW1,0,1,,,,
bg__C3PG93,0,2,,,,
bg__C3PH91,0,1,,,,
bg__C3PHK5,0,1,,,,
bg__C3PLH1,0,3,,,,
bg__C3VD30,0,1,,,,
bg__C3XR70,0,1,,,,
bg__C3Z1P5,0,1,,,,
bg__C3Z724,0,1,,,,
bg__C4IZI7,0,1,,,,
bg__C4JLG3,0,1,,,,
bg__C4K0Q4,0,1,,,,
bg__C4K2K3,0,6,,,,
bg__C4K2W2,0,5,,,,
bg__C4K389,0,1,,,,
bg__C4K3E8,0,1,,,,
bg__C4K3T9,0,1,,,,
bg__C4K435,0,1,,,,
bg__C4K6H0,0,1,,,,
bg__C4K708,0,1,,,,
bg__C4KJ93,0,4,,,,
bg__C4KZ07,0,1,,,,
bg__C4KZ18,0,1,,,,
bg__C4L2D3,0,1,,,,
bg__C4L2Y4,0,1,,,,
bg__C4L3C2,0,1,,,,
bg__C4L3U2,0,1,,,,
bg__C4L470,0,1,,,,
bg__C4L481,0,1,,,,
bg__C4L559,0,1,,,,
bg__C4L5D6,0,1,,,,
bg__C4L6Q1,0,1,,,,
bg__C4L7L6,0,6,,,,
bg__C4L881,0,1,,,,
bg__C4L929,0,1,,,,
bg__C4L932,0,4,,,,
bg__C4LAP0,0,1,,,,
bg__C4LBL2,0,1,,,,
bg__C4LCT8,0,1,,,,
bg__C4LEW9,0,1,,,,
bg__C4LIG1,0,1,,,,
bg__C4LJY5,0,3,,,,
bg__C4LSS0,0,1,,,,
bg__C4M4T9,0,1,,,,
bg__C4M633,0,1,,,,
bg__C4PWA1,0,1,,,,
bg__C4PYP8,0,1,,,,
bg__C4QW04,0,1,,,,
bg__C4QYK0,0,11,,,,
bg__C4R1T9,0,1,,,,
bg__C4R3U0,0,1,,,,
bg__C4R415,0,1,,,,
bg__C4R7D9,0,1,,,,
bg__C4VB43,0,1,,,,
bg__C4XGU0,0,1,,,,
bg__C4XH52,0,1,,,,
bg__C4XHR2,0,1,,,,
bg__C4XIQ5,0,1,,,,
bg__C4XIR5,0,1,,,,
bg__C4XN27,0,1,,,,
bg__C4XPA6,0,1,,,,
bg__C4XPD6,0,1,,,,
bg__C4XPJ3,0,1,,,,
bg__C4XRH9,0,1,,,,
bg__C4XT96,0,1,,,,
bg__C4YF50,0,1,,,,
bg__C4YFU9,0,4,,,,
bg__C4Z0T6,0,1,,,,
bg__C4Z1Q7,0,1,,,,
bg__C4Z3C6,0,1,,,,
bg__C4Z552,0,1,,,,
bg__C4Z900,0,1,,,,
bg__C4Z9L7,0,1,,,,
bg__C4ZCY4,0,1,,,,
bg__C4ZDP0,0,1,,,,
bg__C4ZEG7,0,1,,,,
bg__C5A3H8,0,3,,,,
bg__C5A5R8,0,3,,,,
bg__C5A7E9,0,2,,,,
bg__C5B135,0,1,,,,
bg__C5B7M7,0,18,,,,
bg__C5B8V8,0,1,,,,
bg__C5BBH3,0,1,,,,
bg__C5BC46,0,1,,,,
bg__C5BD33,0,1,,,,
bg__C5BEP2,0,1,,,,
bg__C5BF12,0,1,,,,
bg__C5BGT3,0,1,,,,
bg__C5BIH2,0,1,,,,
bg__C5BLH1,0,1,,,,
bg__C5BLR8,0,1,,,,
bg__C5BMA3,0,1,,,,
bg__C5BN51,0,2,,,,
bg__C5BPP8,0,1,,,,
bg__C5BQD1,0,1,,,,
bg__C5BRP6,0,1,,,,
bg__C5BV99,0,1,,,,
bg__C5BVA2,0,1,,,,
bg__C5BW20,0,1,,,,
bg__C5BWQ6,0,1,,,,
bg__C5CBK0,0,1,,,,
bg__C5CBT8,0,1,,,,
bg__C5CDZ1,0,1,,,,
bg__C5CG17,0,1,,,,
bg__C5CGT6,0,1,,,,
bg__C5CHX9,0,1,,,,
bg__C5CI88,0,1,,,,
bg__C5CIV2,0,1,,,,
bg__C5CJ68,0,3,,,,
bg__C5CND4,0,2,,,,
bg__C5CWV0,0,1,,,,
bg__C5CYZ1,0,1,,,,
bg__C5D2V7,0,1,,,,
bg__C5D3U9,0,1,,,,
bg__C5D4R0,0,12,,,,
bg__C5D5M7,0,5,,,,
bg__C5D5M9,0,1,,,,
bg__C5D729,0,1,,,,
bg__C5D7L1,0,1,,,,
bg__C5D8S1,0,1,,,,
bg__C5DHW0,0,1,,,,
bg__C5DIR2,0,1,,,,
bg__C5DTJ3,0,1,,,,
bg__C5DZY8,0,1,,,,
bg__C5E0B9,0,1,,,,
bg__C5E2G4,0,1,,,,
bg__C5FEL7,0,1,,,,
bg__C5FFE1,0,1,,,,
bg__C5M5Z6,0,1,,,,
bg__C5MHJ2,0,2,,,,
bg__C5NN19,0,1,,,,
bg__C5P0Z4,0,1,,,,
bg__C5P3X6,0,1,,,,
bg__C5XZK6,0,1,,,,
bg__C6A1I4,0,1,,,,
bg__C6A2A3,0,3,,,,
bg__C6A2Q1,0,1,,,,
bg__C6A459,0,1,,,,
bg__C6BTW9,0,1,,,,
bg__C6BV77,0,1,,,,
bg__C6BX34,0,11,,,,
bg__C6BXG0,0,1,,,,
bg__C6C068,0,1,,,,
bg__C6C0A2,0,1,,,,
bg__C6DAH2,0,16,,,,
bg__C6DAX5,0,2,,,,
bg__C6DCC8,0,12,,,,
bg__C6E0C4,0,5,,,,
bg__C6E2B2,0,1,,,,
bg__C6E497,0,2,,,,
bg__C6E559,0,1,,,,
bg__C6E5I4,0,1,,,,
bg__C6E5P6,0,3,,,,
bg__C6E639,0,1,,,,
bg__C6E6N2,0,2,,,,
bg__C6KRN1,0,1,,,,
bg__C6KT50,0,2,,,,
bg__C6TCZ5,0,1,,,,
bg__C6UY58,0,2,,,,
bg__C6WID8,0,1,,,,
bg__C6ZJZ3,0,15,,,,
bg__C7AE94,0,1,,,,
bg__C7AU21,0,1,,,,
bg__C7BTJ1,0,1,,,,
bg__C7C422,0,1,,,,
bg__C7F6X3,0,1,,,,
bg__C7J2Z1,0,1,,,,
bg__C7J3A2,0,1,,,,
bg__C7P6N4,0,1,,,,
bg__C7P8V7,0,1,,,,
bg__C7PVV3,0,1,,,,
bg__C7R403,0,1,,,,
bg__C7YJ02,0,1,,,,
bg__C7YRT4,0,1,,,,
bg__C7Z508,0,2,,,,
bg__C7Z9X4,0,1,,,,
bg__C8V530,0,1,,,,
bg__C8VE82,0,3,,,,
bg__C8VI80,0,1,,,,
bg__C8VQ62,0,1,,,,
bg__C8VQ71,0,1,,,,
bg__C8VRV0,0,1,,,,
bg__C8WGQ3,0,1,,,,
bg__C8WJZ5,0,1,,,,
bg__C8WMP0,0,1,,,,
bg__C8XAQ4,0,1,,,,
bg__C8ZET7,0,2,,,,
bg__C9JDP6,0,1,,,,
bg__C9K1M8,0,2,,,,
bg__C9K1X5,0,1,,,,
bg__C9R7B6,0,1,,,,
bg__C9RH78,0,3,,,,
bg__C9SUS0,0,1,,,,
bg__C9WJD0,0,1,,,,
bg__C9XTA5,0,2,,,,
bg__C9Y1J4,0,1,,,,
bg__D0B707,0,1,,,,
bg__D0C9N8,0,2,,,,
bg__D0CY60,0,1,,,,
bg__D0KZ82,0,1,,,,
bg__D0LDT2,0,1,,,,
bg__D0N118,0,1,,,,
bg__D0N4K2,0,1,,,,
bg__D0NJ41,0,2,,,,
bg__D0NMF6,0,1,,,,
bg__D0NP20,0,1,,,,
bg__D0NSB3,0,1,,,,
bg__D0RLZ2,0,1,,,,
bg__D0VWT0,0,2,,,,
bg__D0VX24,0,1,,,,
bg__D0Z9R0,0,1,,,,
bg__D0ZSY7,0,2,,,,
bg__D0ZWT5,0,1,,,,
bg__D1A7C3,0,1,,,,
bg__D1FNJ7,0,1,,,,
bg__D1FNK0,0,1,,,,
bg__D1FQ14,0,1,,,,
bg__D1I234,0,1,,,,
bg__D1ZJC1,0,2,,,,
bg__D1ZRK4,0,1,,,,
bg__D1ZSU8,0,1,,,,
bg__D2ATV0,0,1,,,,
bg__D2CLZ9,0,1,,,,
bg__D2CSU5,0,1,,,,
bg__D2Q4H5,0,2,,,,
bg__D2S6E2,0,1,,,,
bg__D2WKD9,0,1,,,,
bg__D2YW48,0,1,,,,
bg__D2Z025,0,1,,,,
bg__D2Z026,0,1,,,,
bg__D2Z030,0,1,,,,
bg__D2ZZC1,0,1,,,,
bg__D3DJG5,0,2,,,,
bg__D3JTC1,0,2,,,,
bg__D3JV05,0,1,,,,
bg__D3K0N9,0,1,,,,
bg__D3K5I7,0,2,,,,
bg__D3KYU3,0,1,,,,
bg__D3NRE7,0,1,,,,
bg__D3Q4A8,0,1,,,,
bg__D3RVD4,0,1,,,,
bg__D3SQW0,0,1,,,,
bg__D3U1D9,0,2,,,,
bg__D3UWV6,0,3,,,,
bg__D3W0D1,0,1,,,,
bg__D3YT16,0,1,,,,
bg__D3YUE4,0,1,,,,
bg__D3YWP0,0,3,,,,
bg__D3YZZ2,0,2,,,,
bg__D3Z8D9,0,1,,,,
bg__D3ZTX0,0,2,,,,
bg__D3ZVR1,0,3,,,,
bg__D3ZWT9,0,1,,,,
bg__D3ZYW7,0,1,,,,
bg__D4A8G3,0,3,,,,
bg__D4AD02,0,2,,,,
bg__D4AK45,0,1,,,,
bg__D4ANU4,0,1,,,,
bg__D4ARB8,0,2,,,,
bg__D4AU26,0,1,,,,
bg__D4AZC5,0,1,,,,
bg__D4B086,0,1,,,,
bg__D4G0R4,0,1,,,,
bg__D4GGR2,0,1,,,,
bg__D4GP31,0,1,,,,
bg__D4GP33,0,1,,,,
bg__D4GP36,0,1,,,,
bg__D4GQN4,0,1,,,,
bg__D4GR05,0,1,,,,
bg__D4GS48,0,1,,,,
bg__D4GSE6,0,1,,,,
bg__D4GSF3,0,1,,,,
bg__D4GST8,0,1,,,,
bg__D4GSW7,0,1,,,,
bg__D4GSY8,0,1,,,,
bg__D4GTL8,0,1,,,,
bg__D4GU72,0,1,,,,
bg__D4GUZ4,0,1,,,,
bg__D4GW50,0,1,,,,
bg__D4GW96,0,1,,,,
bg__D4GWT7,0,1,,,,
bg__D4GYE6,0,1,,,,
bg__D4GYH1,0,1,,,,
bg__D4GYM0,0,1,,,,
bg__D4GYY1,0,1,,,,
bg__D4GYZ1,0,1,,,,
bg__D4GZ88,0,1,,,,
bg__D4N3P2,0,1,,,,
bg__D4P095,0,1,,,,
bg__D4YYG1,0,1,,,,
bg__D4Z2G1,0,1,,,,
bg__D5AQD5,0,1,,,,
bg__D5AUZ7,0,1,,,,
bg__D5DKA5,0,1,,,,
bg__D5DQW6,0,1,,,,
bg__D5JWB3,0,1,,,,
bg__D5K228,0,1,,,,
bg__D5LGE0,0,1,,,,
bg__D5LN76,0,1,,,,
bg__D5MTT1,0,1,,,,
bg__D5TM67,0,1,,,,
bg__D5VQW1,0,1,,,,
bg__D5VRM1,0,2,,,,
bg__D5WVB5,0,1,,,,
bg__D5WYQ5,0,1,,,,
bg__D6PVB5,0,1,,,,
bg__D7A5Q8,0,1,,,,
bg__D7A6E5,0,1,,,,
bg__D7DV18,0,1,,,,
bg__D7GXG3,0,1,,,,
bg__D7PDD4,0,3,,,,
bg__D7PI11,0,1,,,,
bg__D7REY4,0,1,,,,
bg__D7SSD8,0,1,,,,
bg__D7Y2H4,0,1,,,,
bg__D8KIE9,0,1,,,,
bg__D8QGA7,0,1,,,,
bg__D9IA45,0,1,,,,
bg__D9N164,0,1,,,,
bg__D9PWM7,0,1,,,,
bg__E0CYC6,0,4,,,,
bg__E0D208,0,1,,,,
bg__E0D7H5,0,1,,,,
bg__E0S6S0,0,1,,,,
bg__E0SLH6,0,3,,,,
bg__E0SLJ5,0,1,,,,
bg__E0VSF4,0,1,,,,
bg__E0W4T1,0,1,,,,
bg__E1B836,0,4,,,,
bg__E1C7T6,0,3,,,,
bg__E1JIB2,0,1,,,,
bg__E1X791,0,1,,,,
bg__E2AXC7,0,1,,,,
bg__E2RD63,0,4,,,,
bg__E2RTQ7,0,1,,,,
bg__E2RU10,0,1,,,,
bg__E2RU97,0,1,,,,
bg__E2RYF7,0,1,,,,
bg__E3G381,0,3,,,,
bg__E3GCF1,0,2,,,,
bg__E3GWT5,0,1,,,,
bg__E3H7X6,0,1,,,,
bg__E3HDJ8,0,1,,,,
bg__E3K7C3,0,1,,,,
bg__E3KIY6,0,1,,,,
bg__E3PRJ4,0,1,,,,
bg__E3QJV4,0,1,,,,
bg__E3SU11,0,1,,,,
bg__E3VWI6,0,2,,,,
bg__E3VWI8,0,2,,,,
bg__E4RUV9,0,1,,,,
bg__E4TN31,0,1,,,,
bg__E4V4I7,0,2,,,,
bg__E5G0U4,0,1,,,,
bg__E5KCJ8,0,1,,,,
bg__E5QZI4,0,1,,,,
bg__E5RQA1,0,1,,,,
bg__E5Y7I3,0,1,,,,
bg__E5Y8P7,0,1,,,,
bg__E6MWF8,0,1,,,,
bg__E6X4P3,0,1,,,,
bg__E7EF85,0,1,,,,
bg__E7F021,0,1,,,,
bg__E7F4V8,0,1,,,,
bg__E7FDB3,0,1,,,,
bg__E7FDV5,0,1,,,,
bg__E7FDX5,0,1,,,,
bg__E7FHF8,0,1,,,,
bg__E7FHP1,0,1,,,,
bg__E7FHU4,0,1,,,,
bg__E7FHW8,0,1,,,,
bg__E8R9N2,0,2,,,,
bg__E9ENC6,0,2,,,,
bg__E9FR69,0,1,,,,
bg__E9GD30,0,1,,,,
bg__E9P974,0,1,,,,
bg__E9Q5L8,0,2,,,,
bg__E9QDC5,0,1,,,,
bg__E9QUT3,0,1,,,,
bg__E9RGS4,0,1,,,,
bg__F1B281,0,1,,,,
bg__F1DBA7,0,1,,,,
bg__F1LU71,0,2,,,,
bg__F1M928,0,2,,,,
bg__F1NB38,0,1,,,,
bg__F1NLH9,0,2,,,,
bg__F1NNL1,0,4,,,,
bg__F1NV61,0,1,,,,
bg__F1Q4R9,0,1,,,,
bg__F1Q506,0,1,,,,
bg__F1QCP6,0,1,,,,
bg__F1QGD2,0,1,,,,
bg__F1QR98,0,1,,,,
bg__F1QRX7,0,1,,,,
bg__F1QYJ6,0,1,,,,
bg__F1R2J1,0,1,,,,
bg__F1R4U0,0,5,,,,
bg__F1R6N4,0,1,,,,
bg__F1RCE7,0,1,,,,
bg__F1RE57,0,8,,,,
bg__F1RMN2,0,1,,,,
bg__F1SWA0,0,1,,,,
bg__F2MMN9,0,4,,,,
bg__F2Z472,0,1,,,,
bg__F4HNU8,0,1,,,,
bg__F4HPP7,0,1,,,,
bg__F4HRI2,0,1,,,,
bg__F4HTL8,0,1,,,,
bg__F4HTT6,0,1,,,,
bg__F4HUC4,0,1,,,,
bg__F4HVZ5,0,1,,,,
bg__F4HWQ8,0,1,,,,
bg__F4HY61,0,1,,,,
bg__F4HZZ4,0,2,,,,
bg__F4I214,0,1,,,,
bg__F4I241,0,1,,,,
bg__F4I4E1,0,1,,,,
bg__F4I5N6,0,1,,,,
bg__F4I7L1,0,1,,,,
bg__F4I878,0,1,,,,
bg__F4I8F9,0,1,,,,
bg__F4I8R6,0,1,,,,
bg__F4IA73,0,3,,,,
bg__F4IDW9,0,1,,,,
bg__F4IE21,0,1,,,,
bg__F4IEY4,0,1,,,,
bg__F4IGU3,0,1,,,,
bg__F4IHR4,0,1,,,,
bg__F4IJ79,0,1,,,,
bg__F4IK01,0,1,,,,
bg__F4IL05,0,1,,,,
bg__F4ILF8,0,1,,,,
bg__F4IMK2,0,4,,,,
bg__F4IMQ0,0,1,,,,
bg__F4INN2,0,2,,,,
bg__F4IPK2,0,1,,,,
bg__F4ITL6,0,1,,,,
bg__F4IUE7,0,1,,,,
bg__F4IXJ7,0,1,,,,
bg__F4J220,0,1,,,,
bg__F4J2Z7,0,2,,,,
bg__F4J3H7,0,1,,,,
bg__F4J4N3,0,1,,,,
bg__F4J5M9,0,1,,,,
bg__F4J7A7,0,1,,,,
bg__F4JAU3,0,2,,,,
bg__F4JEI8,0,1,,,,
bg__F4JGB7,0,2,,,,
bg__F4JIE8,0,1,,,,
bg__F4JIG1,0,1,,,,
bg__F4JIJ7,0,1,,,,
bg__F4JIK2,0,2,,,,
bg__F4JIP6,0,1,,,,
bg__F4JJ23,0,1,,,,
bg__F4JJE0,0,1,,,,
bg__F4JJL0,0,3,,,,
bg__F4JML5,0,1,,,,
bg__F4JNX3,0,1,,,,
bg__F4JSU0,0,1,,,,
bg__F4JTE7,0,2,,,,
bg__F4K1R2,0,1,,,,
bg__F4K5X6,0,1,,,,
bg__F4K687,0,1,,,,
bg__F4KAS1,0,1,,,,
bg__F4KBF5,0,1,,,,
bg__F4KI56,0,1,,,,
bg__F4NYQ2,0,1,,,,
bg__F4P6T0,0,1,,,,
bg__F5BFC8,0,1,,,,
bg__F5HAW0,0,1,,,,
bg__F5L3T3,0,1,,,,
bg__F6HS55,0,2,,,,
bg__F6PHZ6,0,1,,,,
bg__F6S3G9,0,4,,,,
bg__F6SZT2,0,1,,,,
bg__F6TQD1,0,1,,,,
bg__F6X2V8,0,1,,,,
bg__F6YCR7,0,1,,,,
bg__F7BWT7,0,3,,,,
bg__F7D4X9,0,1,,,,
bg__F7FQM7,0,39,,,,
bg__F7J1C8,0,1,,,,
bg__F8D9F4,0,1,,,,
bg__F8GV06,0,2,,,,
bg__F8JJ25,0,1,,,,
bg__F8L9T9,0,1,,,,
bg__F8QQG5,0,1,,,,
bg__F8U972,0,2,,,,
bg__F8VPY8,0,1,,,,
bg__F8VQN3,0,1,,,,
bg__F9UN92,0,1,,,,
bg__F9UPU7,0,1,,,,
bg__F9USS8,0,1,,,,
bg__F9UST0,0,1,,,,
bg__F9UST3,0,1,,,,
bg__F9UST4,0,1,,,,
bg__F9VNG5,0,1,,,,
bg__F9VPG1,0,1,,,,
bg__F9X365,0,1,,,,
bg__F9XMT4,0,1,,,,
bg__G0FUS0,0,1,,,,
bg__G0RH19,0,1,,,,
bg__G0RNA2,0,1,,,,
bg__G0S2A3,0,1,,,,
bg__G0S3T2,0,1,,,,
bg__G0S6T0,0,1,,,,
bg__G0SAN7,0,1,,,,
bg__G0SEG2,0,1,,,,
bg__G0YF19,0,1,,,,
bg__G1FC92,0,1,,,,
bg__G1JSL4,0,1,,,,
bg__G1K3N4,0,1,,,,
bg__G1SKZ8,0,1,,,,
bg__G1T7E7,0,1,,,,
bg__G1UH28,0,1,,,,
bg__G2IQS8,0,1,,,,
bg__G2QAB5,0,1,,,,
bg__G2QND5,0,1,,,,
bg__G2QZK6,0,1,,,,
bg__G2RB72,0,1,,,,
bg__G2SLH8,0,1,,,,
bg__G2TRU7,0,1,,,,
bg__G2X0L1,0,2,,,,
bg__G2X4G0,0,1,,,,
bg__G3CJR9,0,1,,,,
bg__G3ECR2,0,1,,,,
bg__G3ECR4,0,1,,,,
bg__G3G8W7,0,1,,,,
bg__G3V8R8,0,1,,,,
bg__G3V9R3,0,2,,,,
bg__G3X6E2,0,3,,,,
bg__G3X943,0,2,,,,
bg__G3X987,0,1,,,,
bg__G3X9P6,0,3,,,,
bg__G3X9R7,0,3,,,,
bg__G3XCR8,0,1,,,,
bg__G3XCY6,0,1,,,,
bg__G3XD23,0,1,,,,
bg__G3XD64,0,1,,,,
bg__G3YFS7,0,1,,,,
bg__G3YG17,0,1,,,,
bg__G4N1S3,0,1,,,,
bg__G4N286,0,1,,,,
bg__G4NA54,0,1,,,,
bg__G4NCP4,0,1,,,,
bg__G4NEA9,0,1,,,,
bg__G4RJY6,0,1,,,,
bg__G4V4T7,0,1,,,,
bg__G4VGI0,0,1,,,,
bg__G4VJD5,0,1,,,,
bg__G4WJD3,0,1,,,,
bg__G4YEI5,0,1,,,,
bg__G4ZHR2,0,3,,,,
bg__G5BQH5,0,1,,,,
bg__G5E9R7,0,1,,,,
bg__G5EB37,0,1,,,,
bg__G5EBR8,0,1,,,,
bg__G5EC44,0,1,,,,
bg__G5EC89,0,1,,,,
bg__G5ECB1,0,1,,,,
bg__G5ECG0,0,1,,,,
bg__G5ECI1,0,1,,,,
bg__G5ECJ5,0,1,,,,
bg__G5ECU7,0,1,,,,
bg__G5ED00,0,1,,,,
bg__G5ED14,0,1,,,,
bg__G5ED66,0,1,,,,
bg__G5EDB8,0,1,,,,
bg__G5EDQ2,0,1,,,,
bg__G5EDQ9,0,1,,,,
bg__G5EDU6,0,1,,,,
bg__G5EE07,0,1,,,,
bg__G5EE96,0,1,,,,
bg__G5EEE5,0,1,,,,
bg__G5EEM1,0,1,,,,
bg__G5EEN8,0,1,,,,
bg__G5EEP3,0,1,,,,
bg__G5EER4,0,1,,,,
bg__G5EEV9,0,1,,,,
bg__G5EEY6,0,1,,,,
bg__G5EF15,0,1,,,,
bg__G5EFQ5,0,1,,,,
bg__G5EFS2,0,1,,,,
bg__G5EFS4,0,1,,,,
bg__G5EFY4,0,1,,,,
bg__G5EFY5,0,1,,,,
bg__G5EFY7,0,1,,,,
bg__G5EG44,0,1,,,,
bg__G5EG59,0,1,,,,
bg__G5EGA6,0,1,,,,
bg__G5EGC9,0,1,,,,
bg__G5EGI7,0,1,,,,
bg__G5EGK8,0,20,,,,
bg__G7IFI7,0,2,,,,
bg__G8B839,0,1,,,,
bg__G8T6H8,0,1,,,,
bg__G8XHD5,0,1,,,,
bg__G9BY57,0,1,,,,
bg__G9FRD6,0,1,,,,
bg__G9FRD7,0,1,,,,
bg__G9N4A9,0,1,,,,
bg__H0VDZ8,0,1,,,,
bg__H0VVW3,0,1,,,,
bg__H1AE14,0,1,,,,
bg__H1VAN0,0,1,,,,
bg__H1VN83,0,1,,,,
bg__H2AM13,0,1,,,,
bg__H2B3G5,0,1,,,,
bg__H2KYW5,0,1,,,,
bg__H2KZ72,0,1,,,,
bg__H2L0N3,0,1,,,,
bg__H2L2B8,0,1,,,,
bg__H3BKT1,0,1,,,,
bg__H6LBB0,0,1,,,,
bg__H6LC31,0,1,,,,
bg__H6LGM7,0,1,,,,
bg__H7FWB6,0,1,,,,
bg__H9IUR0,0,1,,,,
bg__H9JTG9,0,1,,,,
bg__H9XP47,0,1,,,,
bg__I1CS06,0,1,,,,
bg__I1KR70,0,1,,,,
bg__I1RAW4,0,3,,,,
bg__I1REI8,0,1,,,,
bg__I1RII8,0,1,,,,
bg__I1RZ92,0,1,,,,
bg__I1S039,0,1,,,,
bg__I1S165,0,1,,,,
bg__I1S1Q3,0,1,,,,
bg__I1S2J8,0,1,,,,
bg__I1Z8E5,0,1,,,,
bg__I2C645,0,1,,,,
bg__I3L3R5,0,1,,,,
bg__I3R636,0,1,,,,
bg__I3R9K1,0,1,,,,
bg__I3W9F6,0,1,,,,
bg__I3W9F7,0,1,,,,
bg__I4DJ24,0,1,,,,
bg__I5AX50,0,1,,,,
bg__I6PL68,0,1,,,,
bg__I6WXK4,0,1,,,,
bg__I6WZG6,0,1,,,,
bg__I6XEI5,0,1,,,,
bg__I6XU97,0,1,,,,
bg__I6Y1Q2,0,1,,,,
bg__I6Y204,0,1,,,,
bg__I6Y4D2,0,1,,,,
bg__I6Y8I5,0,1,,,,
bg__I6YA50,0,1,,,,
bg__I6YBZ8,0,1,,,,
bg__I6YCF0,0,1,,,,
bg__I6YFP0,0,1,,,,
bg__I7CA98,0,1,,,,
bg__J0MXK0,0,1,,,,
bg__J3S9D9,0,1,,,,
bg__J3TRC5,0,1,,,,
bg__J4KLK4,0,1,,,,
bg__J4KLY0,0,1,,,,
bg__J4KR13,0,1,,,,
bg__J4WMI6,0,1,,,,
bg__J5JH39,0,1,,,,
bg__J7FCF0,0,1,,,,
bg__J7FIJ6,0,1,,,,
bg__J7FJH0,0,1,,,,
bg__J7M799,0,1,,,,
bg__J9HGJ1,0,1,,,,
bg__J9N5G7,0,1,,,,
bg__J9VEN6,0,1,,,,
bg__J9VQB3,0,1,,,,
bg__J9VWW9,0,1,,,,
bg__K0J4Q8,0,1,,,,
bg__K1KYT0,0,1,,,,
bg__K1WG73,0,1,,,,
bg__K1XT82,0,1,,,,
bg__K1XVG1,0,1,,,,
bg__K4BIZ9,0,1,,,,
bg__K4BWV2,0,2,,,,
bg__K4CA50,0,1,,,,
bg__K4D3U9,0,1,,,,
bg__K4N0V2,0,1,,,,
bg__K4REZ6,0,1,,,,
bg__K4ZRC1,0,1,,,,
bg__K5BJY3,0,1,,,,
bg__K5VN09,0,2,,,,
bg__K7NTD0,0,1,,,,
bg__K7QVW7,0,1,,,,
bg__K7SGN7,0,2,,,,
bg__K7TLS0,0,1,,,,
bg__K7UPS5,0,1,,,,
bg__K7VCB9,0,1,,,,
bg__K7W9N9,0,1,,,,
bg__K7WQ45,0,3,,,,
bg__K7Z9Q9,0,1,,,,
bg__K9N643,0,1,,,,
bg__L0E4F8,0,1,,,,
bg__L0TC47,0,1,,,,
bg__L0TCG5,0,1,,,,
bg__L7NCR0,0,1,,,,
bg__L7NCS1,0,1,,,,
bg__L7R9Z0,0,1,,,,
bg__L7WRR9,0,1,,,,
bg__L8BRS3,0,1,,,,
bg__L8E946,0,1,,,,
bg__M1EBB2,0,1,,,,
bg__M1ETA5,0,1,,,,
bg__M1J8U6,0,2,,,,
bg__M1JJT8,0,1,,,,
bg__M1UXG8,0,1,,,,
bg__M1V4Y8,0,1,,,,
bg__M1W426,0,1,,,,
bg__M2SNN6,0,1,,,,
bg__M2VWL5,0,1,,,,
bg__M2WJF1,0,1,,,,
bg__M3X9S6,0,6,,,,
bg__M3XWH1,0,1,,,,
bg__M4BMH6,0,1,,,,
bg__M4C367,0,1,,,,
bg__M4VQY9,0,1,,,,
bg__M9XB82,0,1,,,,
bg__N4WE43,0,1,,,,
bg__O00161,0,3,,,,
bg__O00212,0,1,,,,
bg__O00214,0,3,,,,
bg__O00233,0,3,,,,
bg__O00264,0,1,,,,
bg__O00287,0,1,,,,
bg__O00322,0,3,,,,
bg__O00584,0,1,,,,
bg__O00743,0,3,,,,
bg__O00764,0,5,,,,
bg__O00780,0,1,,,,
bg__O00933,0,1,,,,
bg__O01352,0,1,,,,
bg__O01427,0,2,,,,
bg__O01666,0,1,,,,
bg__O01833,0,1,,,,
bg__O01901,0,1,,,,
bg__O01916,0,1,,,,
bg__O01949,0,1,,,,
bg__O02008,0,1,,,,
bg__O02115,0,1,,,,
bg__O02467,0,1,,,,
bg__O02611,0,1,,,,
bg__O02659,0,1,,,,
bg__O02761,0,1,,,,
bg__O02765,0,1,,,,
bg__O02786,0,15,,,,
bg__O02853,0,4,,,,
bg__O03695,0,15,,,,
bg__O03979,0,1,,,,
bg__O04012,0,1,,,,
bg__O04202,0,1,,,,
bg__O04209,0,1,,,,
bg__O04311,0,2,,,,
bg__O04314,0,2,,,,
bg__O04351,0,1,,,,
bg__O04420,0,1,,,,
bg__O04437,0,1,,,,
bg__O04469,0,1,,,,
bg__O04486,0,1,,,,
bg__O04515,0,1,,,,
bg__O04603,0,1,,,,
bg__O04609,0,1,,,,
bg__O04846,0,1,,,,
bg__O04885,0,1,,,,
bg__O04953,0,1,,,,
bg__O05146,0,1,,,,
bg__O05231,0,1,,,,
bg__O05251,0,1,,,,
bg__O05392,0,1,,,,
bg__O05393,0,1,,,,
bg__O05403,0,1,,,,
bg__O05412,0,1,,,,
bg__O05509,0,1,,,,
bg__O05510,0,1,,,,
bg__O05511,0,1,,,,
bg__O05516,0,1,,,,
bg__O05523,0,1,,,,
bg__O05779,0,2,,,,
bg__O05797,0,1,,,,
bg__O05858,0,1,,,,
bg__O05877,0,1,,,,
bg__O05927,0,2,,,,
bg__O05969,0,5,,,,
bg__O05970,0,2,,,,
bg__O06401,0,2,,,,
bg__O06413,0,1,,,,
bg__O06624,0,1,,,,
bg__O06652,0,1,,,,
bg__O06659,0,1,,,,
bg__O06724,0,1,,,,
bg__O06728,0,1,,,,
bg__O06737,0,1,,,,
bg__O06825,0,1,,,,
bg__O06926,0,1,,,,
bg__O06965,0,1,,,,
bg__O06973,0,1,,,,
bg__O06974,0,1,,,,
bg__O06975,0,1,,,,
bg__O06978,0,1,,,,
bg__O07007,0,1,,,,
bg__O07011,0,1,,,,
bg__O07015,0,1,,,,
bg__O07020,0,1,,,,
bg__O07084,0,1,,,,
bg__O07293,0,1,,,,
bg__O07427,0,1,,,,
bg__O07431,0,1,,,,
bg__O07521,0,1,,,,
bg__O07528,0,1,,,,
bg__O07565,0,1,,,,
bg__O07592,0,1,,,,
bg__O07595,0,1,,,,
bg__O07597,0,1,,,,
bg__O07637,0,1,,,,
bg__O07776,0,1,,,,
bg__O07836,0,1,,,,
bg__O07837,0,1,,,,
bg__O07883,0,1,,,,
bg__O07921,0,1,,,,
bg__O08343,0,1,,,,
bg__O08349,0,1,,,,
bg__O08358,0,1,,,,
bg__O08359,0,1,,,,
bg__O08437,0,1,,,,
bg__O08446,0,1,,,,
bg__O08498,0,1,,,,
bg__O08584,0,3,,,,
bg__O08595,0,2,,,,
bg__O08602,0,5,,,,
bg__O08608,0,1,,,,
bg__O08664,0,1,,,,
bg__O08686,0,2,,,,
bg__O09116,0,1,,,,
bg__O09117,0,2,,,,
bg__O09164,0,2,,,,
bg__O09172,0,4,,,,
bg__O09345,0,1,,,,
bg__O10687,0,9,,,,
bg__O12947,0,4,,,,
bg__O13074,0,2,,,,
bg__O13148,0,1,,,,
bg__O13416,0,4,,,,
bg__O13453,0,1,,,,
bg__O13539,0,1,,,,
bg__O13547,0,1,,,,
bg__O13600,0,1,,,,
bg__O13619,0,1,,,,
bg__O13684,0,1,,,,
bg__O13709,0,1,,,,
bg__O13713,0,1,,,,
bg__O13719,0,1,,,,
bg__O13725,0,1,,,,
bg__O13774,0,1,,,,
bg__O13787,0,1,,,,
bg__O13797,0,1,,,,
bg__O13800,0,1,,,,
bg__O13826,0,1,,,,
bg__O13829,0,1,,,,
bg__O13842,0,1,,,,
bg__O13848,0,1,,,,
bg__O13851,0,1,,,,
bg__O13852,0,1,,,,
bg__O13903,0,1,,,,
bg__O13915,0,1,,,,
bg__O13979,0,1,,,,
bg__O14006,0,1,,,,
bg__O14047,0,1,,,,
bg__O14076,0,1,,,,
bg__O14084,0,1,,,,
bg__O14088,0,1,,,,
bg__O14103,0,1,,,,
bg__O14107,0,1,,,,
bg__O14113,0,1,,,,
bg__O14141,0,1,,,,
bg__O14161,0,1,,,,
bg__O14172,0,1,,,,
bg__O14175,0,1,,,,
bg__O14178,0,1,,,,
bg__O14201,0,1,,,,
bg__O14204,0,1,,,,
bg__O14214,0,1,,,,
bg__O14222,0,1,,,,
bg__O14241,0,1,,,,
bg__O14291,0,1,,,,
bg__O14311,0,1,,,,
bg__O14318,0,1,,,,
bg__O14337,0,1,,,,
bg__O14355,0,1,,,,
bg__O14412,0,1,,,,
bg__O14443,0,1,,,,
bg__O14466,0,1,,,,
bg__O14508,0,1,,,,
bg__O14562,0,1,,,,
bg__O14579,0,3,,,,
bg__O14595,0,2,,,,
bg__O14626,0,3,,,,
bg__O14627,0,2,,,,
bg__O14653,0,1,,,,
bg__O14735,0,2,,,,
bg__O14753,0,2,,,,
bg__O14798,0,1,,,,
bg__O14813,0,3,,,,
bg__O14836,0,1,,,,
bg__O14893,0,3,,,,
bg__O14910,0,4,,,,
bg__O14972,0,1,,,,
bg__O15162,0,3,,,,
bg__O15165,0,2,,,,
bg__O15194,0,3,,,,
bg__O15247,0,2,,,,
bg__O15260,0,4,,,,
bg__O15266,0,2,,,,
bg__O15305,0,3,,,,
bg__O15370,0,2,,,,
bg__O15499,0,1,,,,
bg__O15503,0,8,,,,
bg__O15522,0,2,,,,
bg__O15692,0,1,,,,
bg__O16011,0,1,,,,
bg__O16017,0,2,,,,
bg__O16202,0,1,,,,
bg__O16259,0,1,,,,
bg__O16616,0,1,,,,
bg__O16991,0,1,,,,
bg__O17072,0,1,,,,
bg__O17212,0,1,,,,
bg__O17536,0,1,,,,
bg__O17622,0,1,,,,
bg__O17748,0,1,,,,
bg__O17850,0,1,,,,
bg__O17862,0,1,,,,
bg__O17899,0,1,,,,
bg__O18214,0,1,,,,
bg__O18229,0,1,,,,
bg__O18282,0,1,,,,
bg__O18333,0,5,,,,
bg__O18404,0,1,,,,
bg__O18405,0,1,,,,
bg__O18423,0,1,,,,
bg__O18640,0,7,,,,
bg__O18765,0,4,,,,
bg__O18879,0,10,,,,
bg__O18883,0,2,,,,
bg__O18911,0,1,,,,
bg__O18968,0,5,,,,
bg__O18979,0,1,,,,
bg__O19010,0,1,,,,
bg__O19110,0,1,,,,
bg__O20273,0,1,,,,
bg__O21043,0,1,,,,
bg__O21400,0,2,,,,
bg__O22018,0,1,,,,
bg__O22025,0,1,,,,
bg__O22130,0,1,,,,
bg__O22131,0,1,,,,
bg__O22151,0,1,,,,
bg__O22152,0,1,,,,
bg__O22160,0,1,,,,
bg__O22176,0,1,,,,
bg__O22210,0,1,,,,
bg__O22227,0,1,,,,
bg__O22230,0,1,,,,
bg__O22255,0,1,,,,
bg__O22261,0,1,,,,
bg__O22290,0,2,,,,
bg__O22315,0,2,,,,
bg__O22456,0,3,,,,
bg__O22533,0,1,,,,
bg__O22703,0,1,,,,
bg__O22768,0,2,,,,
bg__O22769,0,1,,,,
bg__O22779,0,1,,,,
bg__O22788,0,1,,,,
bg__O22798,0,1,,,,
bg__O22827,0,1,,,,
bg__O22841,0,2,,,,
bg__O22922,0,1,,,,
bg__O22951,0,2,,,,
bg__O23077,0,1,,,,
bg__O23160,0,1,,,,
bg__O23166,0,1,,,,
bg__O23171,0,1,,,,
bg__O23207,0,1,,,,
bg__O23252,0,1,,,,
bg__O23299,0,2,,,,
bg__O23346,0,2,,,,
bg__O23403,0,1,,,,
bg__O23429,0,1,,,,
bg__O23680,0,1,,,,
bg__O23717,0,3,,,,
bg__O24030,0,6,,,,
bg__O24210,0,1,,,,
bg__O24362,0,2,,,,
bg__O24407,0,1,,,,
bg__O24408,0,1,,,,
bg__O24496,0,1,,,,
bg__O24591,0,1,,,,
bg__O24603,0,1,,,,
bg__O24633,0,1,,,,
bg__O24654,0,1,,,,
bg__O24690,0,1,,,,
bg__O24710,0,1,,,,
bg__O24766,0,1,,,,
bg__O24767,0,1,,,,
bg__O24840,0,1,,,,
bg__O24849,0,1,,,,
bg__O24915,0,2,,,,
bg__O24973,0,1,,,,
bg__O24990,0,1,,,,
bg__O25001,0,1,,,,
bg__O25080,0,2,,,,
bg__O25087,0,1,,,,
bg__O25095,0,1,,,,
bg__O25096,0,5,,,,
bg__O25150,0,1,,,,
bg__O25533,0,1,,,,
bg__O25560,0,1,,,,
bg__O25584,0,1,,,,
bg__O25609,0,1,,,,
bg__O25613,0,1,,,,
bg__O25728,0,1,,,,
bg__O25901,0,1,,,,
bg__O25918,0,1,,,,
bg__O25963,0,1,,,,
bg__O26039,0,1,,,,
bg__O26061,0,1,,,,
bg__O26102,0,4,,,,
bg__O26144,0,1,,,,
bg__O26153,0,1,,,,
bg__O26232,0,1,,,,
bg__O26285,0,1,,,,
bg__O26310,0,1,,,,
bg__O26314,0,1,,,,
bg__O26344,0,1,,,,
bg__O26350,0,1,,,,
bg__O26739,0,1,,,,
bg__O26784,0,1,,,,
bg__O26806,0,1,,,,
bg__O26928,0,1,,,,
bg__O26957,0,1,,,,
bg__O27106,0,1,,,,
bg__O27197,0,1,,,,
bg__O27229,0,2,,,,
bg__O27230,0,2,,,,
bg__O27280,0,1,,,,
bg__O27355,0,1,,,,
bg__O27481,0,1,,,,
bg__O27550,0,1,,,,
bg__O27593,0,2,,,,
bg__O27600,0,1,,,,
bg__O28002,0,1,,,,
bg__O28028,0,1,,,,
bg__O28076,0,1,,,,
bg__O28098,0,1,,,,
bg__O28173,0,1,,,,
bg__O28174,0,1,,,,
bg__O28204,0,1,,,,
bg__O28205,0,1,,,,
bg__O28273,0,1,,,,
bg__O28344,0,1,,,,
bg__O28438,0,1,,,,
bg__O28440,0,1,,,,
bg__O28471,0,1,,,,
bg__O28486,0,1,,,,
bg__O28544,0,1,,,,
bg__O28597,0,1,,,,
bg__O28733,0,1,,,,
bg__O28912,0,1,,,,
bg__O29008,0,1,,,,
bg__O29026,0,1,,,,
bg__O29088,0,1,,,,
bg__O29206,0,1,,,,
bg__O29319,0,1,,,,
bg__O29323,0,1,,,,
bg__O29352,0,1,,,,
bg__O29362,0,1,,,,
bg__O29513,0,1,,,,
bg__O29544,0,1,,,,
bg__O29630,0,1,,,,
bg__O29666,0,1,,,,
bg__O29722,0,1,,,,
bg__O29751,0,1,,,,
bg__O29757,0,1,,,,
bg__O29758,0,1,,,,
bg__O29807,0,1,,,,
bg__O29808,0,1,,,,
bg__O29843,0,1,,,,
bg__O29844,0,1,,,,
bg__O30108,0,1,,,,
bg__O30124,0,1,,,,
bg__O30144,0,1,,,,
bg__O30245,0,1,,,,
bg__O30297,0,1,,,,
bg__O30298,0,1,,,,
bg__O31156,0,3,,,,
bg__O31161,0,1,,,,
bg__O31201,0,1,,,,
bg__O31207,0,1,,,,
bg__O31216,0,1,,,,
bg__O31266,0,1,,,,
bg__O31427,0,1,,,,
bg__O31432,0,1,,,,
bg__O31433,0,1,,,,
bg__O31435,0,1,,,,
bg__O31458,0,1,,,,
bg__O31459,0,1,,,,
bg__O31463,0,1,,,,
bg__O31502,0,1,,,,
bg__O31523,0,1,,,,
bg__O31544,0,1,,,,
bg__O31575,0,1,,,,
bg__O31606,0,1,,,,
bg__O31608,0,1,,,,
bg__O31612,0,4,,,,
bg__O31614,0,1,,,,
bg__O31620,0,1,,,,
bg__O31646,0,1,,,,
bg__O31654,0,1,,,,
bg__O31664,0,1,,,,
bg__O31667,0,1,,,,
bg__O31677,0,1,,,,
bg__O31691,0,1,,,,
bg__O31711,0,1,,,,
bg__O31714,0,1,,,,
bg__O31726,0,1,,,,
bg__O31743,0,1,,,,
bg__O31744,0,2,,,,
bg__O31751,0,1,,,,
bg__O31752,0,1,,,,
bg__O31775,0,1,,,,
bg__O31822,0,1,,,,
bg__O31823,0,1,,,,
bg__O31851,0,1,,,,
bg__O31856,0,1,,,,
bg__O31857,0,1,,,,
bg__O32001,0,1,,,,
bg__O32035,0,1,,,,
bg__O32036,0,1,,,,
bg__O32074,0,1,,,,
bg__O32083,0,1,,,,
bg__O32102,0,1,,,,
bg__O32125,0,1,,,,
bg__O32131,0,1,,,,
bg__O32145,0,1,,,,
bg__O32153,0,1,,,,
bg__O32168,0,1,,,,
bg__O32179,0,2,,,,
bg__O32188,0,1,,,,
bg__O32192,0,1,,,,
bg__O32197,0,1,,,,
bg__O32210,0,1,,,,
bg__O32218,0,1,,,,
bg__O32232,0,1,,,,
bg__O32241,0,1,,,,
bg__O32259,0,1,,,,
bg__O32277,0,1,,,,
bg__O32504,0,1,,,,
bg__O32867,0,1,,,,
bg__O33336,0,1,,,,
bg__O33363,0,1,,,,
bg__O33434,0,1,,,,
bg__O33478,0,1,,,,
bg__O33512,0,1,,,,
bg__O33570,0,1,,,,
bg__O33618,0,1,,,,
bg__O33665,0,1,,,,
bg__O33701,0,1,,,,
bg__O33771,0,1,,,,
bg__O33774,0,1,,,,
bg__O33832,0,1,,,,
bg__O33948,0,1,,,,
bg__O34125,0,8,,,,
bg__O34310,0,1,,,,
bg__O34315,0,1,,,,
bg__O34328,0,1,,,,
bg__O34338,0,1,,,,
bg__O34344,0,1,,,,
bg__O34348,0,1,,,,
bg__O34349,0,1,,,,
bg__O34385,0,1,,,,
bg__O34391,0,1,,,,
bg__O34392,0,1,,,,
bg__O34403,0,2,,,,
bg__O34406,0,1,,,,
bg__O34441,0,1,,,,
bg__O34447,0,1,,,,
bg__O34475,0,1,,,,
bg__O34476,0,1,,,,
bg__O34483,0,7,,,,
bg__O34484,0,1,,,,
bg__O34510,0,1,,,,
bg__O34518,0,1,,,,
bg__O34530,0,2,,,,
bg__O34534,0,1,,,,
bg__O34543,0,1,,,,
bg__O34549,0,1,,,,
bg__O34577,0,1,,,,
bg__O34600,0,1,,,,
bg__O34610,0,1,,,,
bg__O34627,0,1,,,,
bg__O34632,0,1,,,,
bg__O34641,0,1,,,,
bg__O34661,0,1,,,,
bg__O34677,0,1,,,,
bg__O34685,0,1,,,,
bg__O34689,0,1,,,,
bg__O34697,0,1,,,,
bg__O34705,0,1,,,,
bg__O34706,0,1,,,,
bg__O34709,0,1,,,,
bg__O34717,0,1,,,,
bg__O34723,0,1,,,,
bg__O34742,0,2,,,,
bg__O34744,0,1,,,,
bg__O34752,0,1,,,,
bg__O34760,0,1,,,,
bg__O34779,0,1,,,,
bg__O34799,0,1,,,,
bg__O34814,0,1,,,,
bg__O34817,0,1,,,,
bg__O34825,0,1,,,,
bg__O34852,0,1,,,,
bg__O34853,0,1,,,,
bg__O34859,0,1,,,,
bg__O34860,0,1,,,,
bg__O34866,0,1,,,,
bg__O34870,0,1,,,,
bg__O34873,0,1,,,,
bg__O34876,0,1,,,,
bg__O34895,0,1,,,,
bg__O34897,0,1,,,,
bg__O34899,0,1,,,,
bg__O34900,0,1,,,,
bg__O34928,0,1,,,,
bg__O34931,0,1,,,,
bg__O34934,0,1,,,,
bg__O34946,0,1,,,,
bg__O34948,0,1,,,,
bg__O34951,0,1,,,,
bg__O34966,0,1,,,,
bg__O34981,0,1,,,,
bg__O34990,0,1,,,,
bg__O35000,0,1,,,,
bg__O35004,0,1,,,,
bg__O35010,0,1,,,,
bg__O35022,0,1,,,,
bg__O35043,0,1,,,,
bg__O35047,0,1,,,,
bg__O35054,0,3,,,,
bg__O35116,0,1,,,,
bg__O35228,0,1,,,,
bg__O35256,0,1,,,,
bg__O35257,0,1,,,,
bg__O35309,0,1,,,,
bg__O35387,0,4,,,,
bg__O35403,0,1,,,,
bg__O35449,0,3,,,,
bg__O35536,0,1,,,,
bg__O35565,0,1,,,,
bg__O35566,0,5,,,,
bg__O35587,0,3,,,,
bg__O35682,0,2,,,,
bg__O35723,0,1,,,,
bg__O35767,0,2,,,,
bg__O35840,0,2,,,,
bg__O35881,0,1,,,,
bg__O35885,0,3,,,,
bg__O35949,0,1,,,,
bg__O35975,0,4,,,,
bg__O36015,0,1,,,,
bg__O36024,0,1,,,,
bg__O36410,0,1,,,,
bg__O36633,0,3,,,,
bg__O36972,0,3,,,,
bg__O39521,0,1,,,,
bg__O42143,0,1,,,,
bg__O42173,0,3,,,,
bg__O42175,0,1,,,,
bg__O42196,0,1,,,,
bg__O42296,0,3,,,,
bg__O42334,0,1,,,,
bg__O42358,0,1,,,,
bg__O42363,0,1,,,,
bg__O42364,0,1,,,,
bg__O42366,0,1,,,,
bg__O42398,0,1,,,,
bg__O42406,0,4,,,,
bg__O42446,0,1,,,,
bg__O42636,0,1,,,,
bg__O42641,0,1,,,,
bg__O42646,0,1,,,,
bg__O42666,0,1,,,,
bg__O42772,0,14,,,,
bg__O42807,0,7,,,,
bg__O42855,0,1,,,,
bg__O42860,0,1,,,,
bg__O42871,0,1,,,,
bg__O42872,0,1,,,,
bg__O42894,0,1,,,,
bg__O42898,0,1,,,,
bg__O42914,0,1,,,,
bg__O42979,0,1,,,,
bg__O43008,0,1,,,,
bg__O43030,0,1,,,,
bg__O43035,0,1,,,,
bg__O43060,0,1,,,,
bg__O43097,0,1,,,,
bg__O43123,0,1,,,,
bg__O43186,0,3,,,,
bg__O43247,0,1,,,,
bg__O43396,0,3,,,,
bg__O43399,0,1,,,,
bg__O43402,0,1,,,,
bg__O43508,0,2,,,,
bg__O43543,0,2,,,,
bg__O43557,0,2,,,,
bg__O43561,0,1,,,,
bg__O43609,0,3,,,,
bg__O43633,0,3,,,,
bg__O43688,0,4,,,,
bg__O43708,0,2,,,,
bg__O43741,0,3,,,,
bg__O43822,0,2,,,,
bg__O43930,0,1,,,,
bg__O43980,0,1,,,,
bg__O44126,0,2,,,,
bg__O44156,0,1,,,,
bg__O44252,0,1,,,,
bg__O44342,0,1,,,,
bg__O44443,0,1,,,,
bg__O44730,0,1,,,,
bg__O44739,0,1,,,,
bg__O44740,0,1,,,,
bg__O44989,0,1,,,,
bg__O45100,0,1,,,,
bg__O45102,0,1,,,,
bg__O45201,0,1,,,,
bg__O45211,0,2,,,,
bg__O45348,0,1,,,,
bg__O45405,0,1,,,,
bg__O45521,0,1,,,,
bg__O45526,0,1,,,,
bg__O45595,0,1,,,,
bg__O45717,0,1,,,,
bg__O45766,0,1,,,,
bg__O45767,0,1,,,,
bg__O45876,0,1,,,,
bg__O45952,0,1,,,,
bg__O46084,0,4,,,,
bg__O46101,0,1,,,,
bg__O46197,0,1,,,,
bg__O46203,0,1,,,,
bg__O46638,0,2,,,,
bg__O46914,0,1,,,,
bg__O47496,0,1,,,,
bg__O47870,0,1,,,,
bg__O48449,0,1,,,,
bg__O48533,0,1,,,,
bg__O48549,0,2,,,,
bg__O48646,0,1,,,,
bg__O48707,0,3,,,,
bg__O48722,0,1,,,,
bg__O48726,0,1,,,,
bg__O48767,0,1,,,,
bg__O48781,0,1,,,,
bg__O48850,0,2,,,,
bg__O48897,0,1,,,,
bg__O48916,0,1,,,,
bg__O48950,0,1,,,,
bg__O49078,0,9,,,,
bg__O49080,0,4,,,,
bg__O49133,0,1,,,,
bg__O49195,0,2,,,,
bg__O49196,0,1,,,,
bg__O49203,0,3,,,,
bg__O49255,0,1,,,,
bg__O49292,0,1,,,,
bg__O49293,0,1,,,,
bg__O49347,0,1,,,,
bg__O49404,0,1,,,,
bg__O49459,0,1,,,,
bg__O49460,0,4,,,,
bg__O49472,0,1,,,,
bg__O49499,0,12,,,,
bg__O49515,0,1,,,,
bg__O49586,0,1,,,,
bg__O49608,0,1,,,,
bg__O49629,0,1,,,,
bg__O49691,0,1,,,,
bg__O49741,0,1,,,,
bg__O49743,0,1,,,,
bg__O49841,0,1,,,,
bg__O49929,0,1,,,,
bg__O49937,0,1,,,,
bg__O50061,0,1,,,,
bg__O50083,0,2,,,,
bg__O50098,0,1,,,,
bg__O50110,0,1,,,,
bg__O50129,0,1,,,,
bg__O50147,0,1,,,,
bg__O50331,0,1,,,,
bg__O50335,0,1,,,,
bg__O50580,0,1,,,,
bg__O50606,0,1,,,,
bg__O50965,0,1,,,,
bg__O51132,0,1,,,,
bg__O51273,0,2,,,,
bg__O51477,0,2,,,,
bg__O51575,0,1,,,,
bg__O51873,0,1,,,,
bg__O51917,0,1,,,,
bg__O51924,0,1,,,,
bg__O51927,0,1,,,,
bg__O51941,0,1,,,,
bg__O52338,0,1,,,,
bg__O52353,0,1,,,,
bg__O52384,0,2,,,,
bg__O52530,0,2,,,,
bg__O52704,0,1,,,,
bg__O52866,0,1,,,,
bg__O53021,0,1,,,,
bg__O53361,0,1,,,,
bg__O53423,0,1,,,,
bg__O53424,0,1,,,,
bg__O53504,0,1,,,,
bg__O53505,0,1,,,,
bg__O53547,0,1,,,,
bg__O53561,0,1,,,,
bg__O53604,0,1,,,,
bg__O53638,0,1,,,,
bg__O53664,0,1,,,,
bg__O53780,0,1,,,,
bg__O54037,0,1,,,,
bg__O54235,0,1,,,,
bg__O54709,0,1,,,,
bg__O54753,0,1,,,,
bg__O54794,0,2,,,,
bg__O54819,0,2,,,,
bg__O54830,0,1,,,,
bg__O54831,0,1,,,,
bg__O54836,0,3,,,,
bg__O54908,0,2,,,,
bg__O54909,0,4,,,,
bg__O54947,0,2,,,,
bg__O54957,0,2,,,,
bg__O55003,0,1,,,,
bg__O55006,0,1,,,,
bg__O55101,0,2,,,,
bg__O55233,0,1,,,,
bg__O55234,0,4,,,,
bg__O55527,0,1,,,,
bg__O56129,0,1,,,,
bg__O56773,0,1,,,,
bg__O57173,0,1,,,,
bg__O57314,0,1,,,,
bg__O57337,0,4,,,,
bg__O57374,0,1,,,,
bg__O57437,0,3,,,,
bg__O57523,0,3,,,,
bg__O57601,0,2,,,,
bg__O57738,0,1,,,,
bg__O57774,0,2,,,,
bg__O57839,0,1,,,,
bg__O57854,0,1,,,,
bg__O57865,0,2,,,,
bg__O58038,0,1,,,,
bg__O58212,0,1,,,,
bg__O58214,0,1,,,,
bg__O58457,0,1,,,,
bg__O58462,0,1,,,,
bg__O58523,0,1,,,,
bg__O58802,0,1,,,,
bg__O58941,0,1,,,,
bg__O59185,0,1,,,,
bg__O59258,0,2,,,,
bg__O59272,0,1,,,,
bg__O59398,0,1,,,,
bg__O59447,0,2,,,,
bg__O59487,0,1,,,,
bg__O59536,0,1,,,,
bg__O59580,0,1,,,,
bg__O59586,0,4,,,,
bg__O59640,0,2,,,,
bg__O59680,0,1,,,,
bg__O59753,0,1,,,,
bg__O59767,0,1,,,,
bg__O59823,0,1,,,,
bg__O59827,0,1,,,,
bg__O59906,0,1,,,,
bg__O59931,0,2,,,,
bg__O59933,0,1,,,,
bg__O59952,0,1,,,,
bg__O60052,0,1,,,,
bg__O60066,0,1,,,,
bg__O60074,0,1,,,,
bg__O60086,0,1,,,,
bg__O60124,0,1,,,,
bg__O60141,0,1,,,,
bg__O60143,0,2,,,,
bg__O60168,0,1,,,,
bg__O60171,0,1,,,,
bg__O60248,0,2,,,,
bg__O60258,0,1,,,,
bg__O60359,0,3,,,,
bg__O60499,0,1,,,,
bg__O60573,0,2,,,,
bg__O60671,0,2,,,,
bg__O60921,0,2,,,,
bg__O60930,0,3,,,,
bg__O61790,0,1,,,,
bg__O61887,0,1,,,,
bg__O61955,0,1,,,,
bg__O62106,0,1,,,,
bg__O62126,0,1,,,,
bg__O62238,0,1,,,,
bg__O62243,0,1,,,,
bg__O62246,0,1,,,,
bg__O62247,0,1,,,,
bg__O62259,0,1,,,,
bg__O62415,0,1,,,,
bg__O62416,0,1,,,,
bg__O62515,0,1,,,,
bg__O62583,0,1,,,,
bg__O62802,0,1,,,,
bg__O62827,0,2,,,,
bg__O63623,0,1,,,,
bg__O64238,0,1,,,,
bg__O64301,0,1,,,,
bg__O64399,0,1,,,,
bg__O64425,0,1,,,,
bg__O64471,0,1,,,,
bg__O64592,0,1,,,,
bg__O64614,0,2,,,,
bg__O64629,0,1,,,,
bg__O64645,0,1,,,,
bg__O64654,0,1,,,,
bg__O64730,0,1,,,,
bg__O64748,0,3,,,,
bg__O64761,0,1,,,,
bg__O64762,0,1,,,,
bg__O64791,0,2,,,,
bg__O64837,0,1,,,,
bg__O64864,0,1,,,,
bg__O65036,0,1,,,,
bg__O65100,0,4,,,,
bg__O65220,0,1,,,,
bg__O65282,0,1,,,,
bg__O65333,0,1,,,,
bg__O65378,0,6,,,,
bg__O65469,0,1,,,,
bg__O65499,0,1,,,,
bg__O65515,0,1,,,,
bg__O65639,0,1,,,,
bg__O65665,0,1,,,,
bg__O65679,0,1,,,,
bg__O65680,0,1,,,,
bg__O65896,0,1,,,,
bg__O66098,0,1,,,,
bg__O66188,0,1,,,,
bg__O66251,0,1,,,,
bg__O66479,0,1,,,,
bg__O66496,0,1,,,,
bg__O66506,0,1,,,,
bg__O66544,0,1,,,,
bg__O66554,0,1,,,,
bg__O66567,0,2,,,,
bg__O66686,0,1,,,,
bg__O66726,0,1,,,,
bg__O66747,0,1,,,,
bg__O66810,0,1,,,,
bg__O66839,0,1,,,,
bg__O66883,0,1,,,,
bg__O66914,0,1,,,,
bg__O66929,0,1,,,,
bg__O66952,0,1,,,,
bg__O67024,0,1,,,,
bg__O67049,0,1,,,,
bg__O67061,0,1,,,,
bg__O67069,0,1,,,,
bg__O67082,0,1,,,,
bg__O67083,0,1,,,,
bg__O67292,0,1,,,,
bg__O67359,0,1,,,,
bg__O67413,0,1,,,,
bg__O67422,0,1,,,,
bg__O67506,0,1,,,,
bg__O67547,0,1,,,,
bg__O67572,0,1,,,,
bg__O67610,0,1,,,,
bg__O67619,0,1,,,,
bg__O67625,0,1,,,,
bg__O67648,0,1,,,,
bg__O67680,0,1,,,,
bg__O67728,0,1,,,,
bg__O67786,0,1,,,,
bg__O67848,0,1,,,,
bg__O67883,0,1,,,,
bg__O67926,0,1,,,,
bg__O67939,0,1,,,,
bg__O67998,0,1,,,,
bg__O68031,0,1,,,,
bg__O68106,0,1,,,,
bg__O68557,0,1,,,,
bg__O68799,0,1,,,,
bg__O68954,0,1,,,,
bg__O69537,0,2,,,,
bg__O69583,0,2,,,,
bg__O69690,0,1,,,,
bg__O69730,0,1,,,,
bg__O69762,0,1,,,,
bg__O69782,0,1,,,,
bg__O69830,0,1,,,,
bg__O70183,0,14,,,,
bg__O70191,0,3,,,,
bg__O70209,0,3,,,,
bg__O70302,0,1,,,,
bg__O70303,0,3,,,,
bg__O70326,0,1,,,,
bg__O70401,0,2,,,,
bg__O70431,0,1,,,,
bg__O70433,0,4,,,,
bg__O70439,0,4,,,,
bg__O70453,0,1,,,,
bg__O70456,0,3,,,,
bg__O70497,0,2,,,,
bg__O70514,0,2,,,,
bg__O70552,0,2,,,,
bg__O70579,0,2,,,,
bg__O72737,0,3,,,,
bg__O73622,0,1,,,,
bg__O73763,0,1,,,,
bg__O73797,0,1,,,,
bg__O73847,0,1,,,,
bg__O73884,0,1,,,,
bg__O73916,0,1,,,,
bg__O74025,0,1,,,,
bg__O74035,0,1,,,,
bg__O74184,0,1,,,,
bg__O74306,0,1,,,,
bg__O74350,0,1,,,,
bg__O74368,0,1,,,,
bg__O74372,0,1,,,,
bg__O74382,0,1,,,,
bg__O74386,0,1,,,,
bg__O74387,0,1,,,,
bg__O74388,0,1,,,,
bg__O74409,0,1,,,,
bg__O74414,0,1,,,,
bg__O74418,0,1,,,,
bg__O74421,0,1,,,,
bg__O74443,0,1,,,,
bg__O74457,0,1,,,,
bg__O74467,0,1,,,,
bg__O74496,0,1,,,,
bg__O74503,0,1,,,,
bg__O74510,0,1,,,,
bg__O74515,0,1,,,,
bg__O74544,0,1,,,,
bg__O74557,0,1,,,,
bg__O74558,0,1,,,,
bg__O74683,0,1,,,,
bg__O74734,0,1,,,,
bg__O74736,0,1,,,,
bg__O74778,0,1,,,,
bg__O74790,0,1,,,,
bg__O74796,0,1,,,,
bg__O74824,0,1,,,,
bg__O74826,0,1,,,,
bg__O74841,0,1,,,,
bg__O74843,0,1,,,,
bg__O74844,0,1,,,,
bg__O74859,0,1,,,,
bg__O74864,0,1,,,,
bg__O74883,0,1,,,,
bg__O74888,0,1,,,,
bg__O74898,0,1,,,,
bg__O74914,0,1,,,,
bg__O74918,0,1,,,,
bg__O74926,0,1,,,,
bg__O74955,0,1,,,,
bg__O74968,0,1,,,,
bg__O74971,0,1,,,,
bg__O74986,0,1,,,,
bg__O75144,0,1,,,,
bg__O75192,0,3,,,,
bg__O75223,0,1,,,,
bg__O75323,0,5,,,,
bg__O75352,0,2,,,,
bg__O75446,0,3,,,,
bg__O75486,0,1,,,,
bg__O75494,0,1,,,,
bg__O75558,0,2,,,,
bg__O75569,0,4,,,,
bg__O75586,0,4,,,,
bg__O75596,0,1,,,,
bg__O75628,0,2,,,,
bg__O75629,0,2,,,,
bg__O75636,0,1,,,,
bg__O75663,0,2,,,,
bg__O75679,0,2,,,,
bg__O75821,0,6,,,,
bg__O75840,0,2,,,,
bg__O75871,0,1,,,,
bg__O75888,0,2,,,,
bg__O75934,0,1,,,,
bg__O75937,0,2,,,,
bg__O76000,0,2,,,,
bg__O76002,0,1,,,,
bg__O76036,0,1,,,,
bg__O76038,0,4,,,,
bg__O76099,0,2,,,,
bg__O76173,0,1,,,,
bg__O76577,0,4,,,,
bg__O76616,0,1,,,,
bg__O76735,0,1,,,,
bg__O76745,0,1,,,,
bg__O76879,0,1,,,,
bg__O76902,0,4,,,,
bg__O76908,0,1,,,,
bg__O77421,0,1,,,,
bg__O77422,0,1,,,,
bg__O77506,0,5,,,,
bg__O77621,0,1,,,,
bg__O77751,0,4,,,,
bg__O77764,0,1,,,,
bg__O77769,0,3,,,,
bg__O78752,0,13,,,,
bg__O79406,0,3,,,,
bg__O79417,0,2,,,,
bg__O79551,0,1,,,,
bg__O80327,0,1,,,,
bg__O80337,0,1,,,,
bg__O80338,0,1,,,,
bg__O80339,0,1,,,,
bg__O80341,0,1,,,,
bg__O80361,0,1,,,,
bg__O80366,0,1,,,,
bg__O80450,0,1,,,,
bg__O80458,0,3,,,,
bg__O80475,0,3,,,,
bg__O80477,0,1,,,,
bg__O80483,0,1,,,,
bg__O80507,0,2,,,,
bg__O80634,0,1,,,,
bg__O80654,0,1,,,,
bg__O80662,0,1,,,,
bg__O80674,0,1,,,,
bg__O80683,0,1,,,,
bg__O80805,0,2,,,,
bg__O80852,0,1,,,,
bg__O80915,0,1,,,,
bg__O80917,0,1,,,,
bg__O80927,0,1,,,,
bg__O80942,0,1,,,,
bg__O80944,0,1,,,,
bg__O80952,0,2,,,,
bg__O81006,0,1,,,,
bg__O81045,0,1,,,,
bg__O81126,0,1,,,,
bg__O81146,0,2,,,,
bg__O81148,0,5,,,,
bg__O81149,0,3,,,,
bg__O81223,0,1,,,,
bg__O81263,0,1,,,,
bg__O81323,0,1,,,,
bg__O81788,0,1,,,,
bg__O81845,0,2,,,,
bg__O81851,0,1,,,,
bg__O81864,0,1,,,,
bg__O81884,0,1,,,,
bg__O81900,0,1,,,,
bg__O82081,0,1,,,,
bg__O82083,0,1,,,,
bg__O82162,0,1,,,,
bg__O82166,0,1,,,,
bg__O82169,0,2,,,,
bg__O82200,0,2,,,,
bg__O82234,0,2,,,,
bg__O82246,0,1,,,,
bg__O82258,0,1,,,,
bg__O82259,0,1,,,,
bg__O82286,0,1,,,,
bg__O82316,0,1,,,,
bg__O82339,0,1,,,,
bg__O82481,0,8,,,,
bg__O82503,0,1,,,,
bg__O82631,0,1,,,,
bg__O82632,0,1,,,,
bg__O82756,0,1,,,,
bg__O82768,0,1,,,,
bg__O82775,0,1,,,,
bg__O82794,0,1,,,,
bg__O82796,0,1,,,,
bg__O82798,0,2,,,,
bg__O82799,0,1,,,,
bg__O82803,0,1,,,,
bg__O82827,0,1,,,,
bg__O83033,0,1,,,,
bg__O83357,0,1,,,,
bg__O83548,0,1,,,,
bg__O83600,0,2,,,,
bg__O83641,0,1,,,,
bg__O83649,0,1,,,,
bg__O83687,0,1,,,,
bg__O83787,0,1,,,,
bg__O83971,0,1,,,,
bg__O84080,0,1,,,,
bg__O84096,0,1,,,,
bg__O84101,0,1,,,,
bg__O84123,0,1,,,,
bg__O84173,0,1,,,,
bg__O84299,0,2,,,,
bg__O84385,0,1,,,,
bg__O84530,0,1,,,,
bg__O84611,0,1,,,,
bg__O84616,0,1,,,,
bg__O84685,0,2,,,,
bg__O84771,0,1,,,,
bg__O84859,0,1,,,,
bg__O85012,0,1,,,,
bg__O85078,0,2,,,,
bg__O85093,0,1,,,,
bg__O85290,0,1,,,,
bg__O86062,0,4,,,,
bg__O86262,0,1,,,,
bg__O86308,0,1,,,,
bg__O86309,0,1,,,,
bg__O86311,0,1,,,,
bg__O86331,0,1,,,,
bg__O86428,0,1,,,,
bg__O87016,0,1,,,,
bg__O87170,0,1,,,,
bg__O87489,0,1,,,,
bg__O87681,0,1,,,,
bg__O87873,0,1,,,,
bg__O87877,0,1,,,,
bg__O88182,0,2,,,,
bg__O88441,0,2,,,,
bg__O88513,0,1,,,,
bg__O88628,0,3,,,,
bg__O88630,0,6,,,,
bg__O88751,0,2,,,,
bg__O88767,0,1,,,,
bg__O88792,0,2,,,,
bg__O88796,0,3,,,,
bg__O88822,0,3,,,,
bg__O88838,0,3,,,,
bg__O88846,0,1,,,,
bg__O88851,0,1,,,,
bg__O88878,0,1,,,,
bg__O88940,0,1,,,,
bg__O88983,0,4,,,,
bg__O88992,0,4,,,,
bg__O89094,0,2,,,,
bg__O89107,0,3,,,,
bg__O89113,0,1,,,,
bg__O91254,0,3,,,,
bg__O91275,0,4,,,,
bg__O92490,0,1,,,,
bg__O93366,0,1,,,,
bg__O93367,0,3,,,,
bg__O93526,0,1,,,,
bg__O93528,0,2,,,,
bg__O93529,0,1,,,,
bg__O93566,0,1,,,,
bg__O93657,0,1,,,,
bg__O93659,0,1,,,,
bg__O93724,0,1,,,,
bg__O93743,0,1,,,,
bg__O93868,0,1,,,,
bg__O94250,0,1,,,,
bg__O94252,0,1,,,,
bg__O94262,0,1,,,,
bg__O94270,0,1,,,,
bg__O94290,0,1,,,,
bg__O94298,0,1,,,,
bg__O94319,0,1,,,,
bg__O94321,0,1,,,,
bg__O94375,0,1,,,,
bg__O94417,0,1,,,,
bg__O94424,0,1,,,,
bg__O94436,0,1,,,,
bg__O94444,0,1,,,,
bg__O94448,0,1,,,,
bg__O94454,0,1,,,,
bg__O94457,0,1,,,,
bg__O94494,0,1,,,,
bg__O94495,0,1,,,,
bg__O94506,0,1,,,,
bg__O94553,0,1,,,,
bg__O94580,0,1,,,,
bg__O94584,0,1,,,,
bg__O94618,0,1,,,,
bg__O94626,0,1,,,,
bg__O94651,0,1,,,,
bg__O94655,0,1,,,,
bg__O94660,0,1,,,,
bg__O94663,0,1,,,,
bg__O94682,0,1,,,,
bg__O94684,0,1,,,,
bg__O94701,0,1,,,,
bg__O94716,0,1,,,,
bg__O94722,0,1,,,,
bg__O94903,0,1,,,,
bg__O95007,0,1,,,,
bg__O95073,0,2,,,,
bg__O95096,0,3,,,,
bg__O95150,0,1,,,,
bg__O95158,0,2,,,,
bg__O95231,0,1,,,,
bg__O95336,0,4,,,,
bg__O95372,0,3,,,,
bg__O95377,0,3,,,,
bg__O95407,0,1,,,,
bg__O95416,0,4,,,,
bg__O95484,0,1,,,,
bg__O95633,0,4,,,,
bg__O95639,0,3,,,,
bg__O95661,0,1,,,,
bg__O95685,0,1,,,,
bg__O95744,0,1,,,,
bg__O95813,0,1,,,,
bg__O95816,0,2,,,,
bg__O95832,0,1,,,,
bg__O95848,0,2,,,,
bg__O95859,0,4,,,,
bg__O95863,0,2,,,,
bg__O95926,0,2,,,,
bg__O95931,0,1,,,,
bg__O95944,0,1,,,,
bg__O95976,0,1,,,,
bg__O95983,0,2,,,,
bg__O96011,0,3,,,,
bg__O96155,0,1,,,,
bg__O96552,0,1,,,,
bg__O96623,0,1,,,,
bg__O96642,0,1,,,,
bg__O96650,0,1,,,,
bg__O96795,0,1,,,,
bg__O97177,0,1,,,,
bg__O97313,0,1,,,,
bg__O97336,0,1,,,,
bg__O97422,0,1,,,,
bg__O97470,0,1,,,,
bg__O97561,0,4,,,,
bg__O97863,0,1,,,,
bg__O97943,0,1,,,,
bg__P00155,0,9,,,,
bg__P00324,0,1,,,,
bg__P00335,0,1,,,,
bg__P00348,0,4,,,,
bg__P00387,0,7,,,,
bg__P00410,0,4,,,,
bg__P00413,0,5,,,,
bg__P00417,0,1,,,,
bg__P00422,0,1,,,,
bg__P00434,0,1,,,,
bg__P00436,0,1,,,,
bg__P00437,0,1,,,,
bg__P00447,0,1,,,,
bg__P00473,0,1,,,,
bg__P00492,0,6,,,,
bg__P00498,0,1,,,,
bg__P00551,0,2,,,,
bg__P00552,0,1,,,,
bg__P00553,0,1,,,,
bg__P00642,0,1,,,,
bg__P00644,0,4,,,,
bg__P00721,0,1,,,,
bg__P00733,0,1,,,,
bg__P00781,0,1,,,,
bg__P00807,0,1,,,,
bg__P00808,0,1,,,,
bg__P00862,0,1,,,,
bg__P00885,0,1,,,,
bg__P00903,0,1,,,,
bg__P00912,0,1,,,,
bg__P00960,0,1,,,,
bg__P01005,0,2,,,,
bg__P01013,0,1,,,,
bg__P01068,0,1,,,,
bg__P01089,0,1,,,,
bg__P01115,0,5,,,,
bg__P01119,0,1,,,,
bg__P01152,0,2,,,,
bg__P01192,0,6,,,,
bg__P01194,0,2,,,,
bg__P01212,0,1,,,,
bg__P01237,0,3,,,,
bg__P01242,0,1,,,,
bg__P01362,0,1,,,,
bg__P01374,0,2,,,,
bg__P01513,0,1,,,,
bg__P01552,0,1,,,,
bg__P01566,0,1,,,,
bg__P01575,0,1,,,,
bg__P01576,0,1,,,,
bg__P01582,0,2,,,,
bg__P01590,0,2,,,,
bg__P01731,0,1,,,,
bg__P01732,0,1,,,,
bg__P01882,0,1,,,,
bg__P01895,0,2,,,,
bg__P02255,0,1,,,,
bg__P02636,0,1,,,,
bg__P02641,0,7,,,,
bg__P02642,0,6,,,,
bg__P02665,0,2,,,,
bg__P02686,0,2,,,,
bg__P02752,0,1,,,,
bg__P02753,0,1,,,,
bg__P02793,0,1,,,,
bg__P02840,0,1,,,,
bg__P02870,0,2,,,,
bg__P02872,0,1,,,,
bg__P02873,0,2,,,,
bg__P02883,0,1,,,,
bg__P02887,0,3,,,,
bg__P02889,0,1,,,,
bg__P02915,0,2,,,,
bg__P02925,0,1,,,,
bg__P02945,0,1,,,,
bg__P02968,0,1,,,,
bg__P02969,0,1,,,,
bg__P03007,0,2,,,,
bg__P03030,0,1,,,,
bg__P03031,0,1,,,,
bg__P03034,0,1,,,,
bg__P03047,0,1,,,,
bg__P03067,0,1,,,,
bg__P03069,0,1,,,,
bg__P03097,0,3,,,,
bg__P03127,0,1,,,,
bg__P03195,0,1,,,,
bg__P03208,0,1,,,,
bg__P03228,0,1,,,,
bg__P03255,0,2,,,,
bg__P03256,0,1,,,,
bg__P03259,0,1,,,,
bg__P03295,0,1,,,,
bg__P03319,0,1,,,,
bg__P03338,0,1,,,,
bg__P03402,0,9,,,,
bg__P03515,0,1,,,,
bg__P03520,0,3,,,,
bg__P03568,0,7,,,,
bg__P03591,0,2,,,,
bg__P03606,0,1,,,,
bg__P03607,0,1,,,,
bg__P03696,0,1,,,,
bg__P03697,0,1,,,,
bg__P03733,0,1,,,,
bg__P03738,0,1,,,,
bg__P03856,0,1,,,,
bg__P03872,0,1,,,,
bg__P03882,0,1,,,,
bg__P03934,0,1,,,,
bg__P03961,0,1,,,,
bg__P03986,0,1,,,,
bg__P04072,0,1,,,,
bg__P04094,0,7,,,,
bg__P04195,0,3,,,,
bg__P04218,0,3,,,,
bg__P04228,0,13,,,,
bg__P04233,0,3,,,,
bg__P04312,0,2,,,,
bg__P04332,0,1,,,,
bg__P04354,0,6,,,,
bg__P04388,0,1,,,,
bg__P04390,0,1,,,,
bg__P04392,0,2,,,,
bg__P04395,0,1,,,,
bg__P04440,0,1,,,,
bg__P04447,0,2,,,,
bg__P04462,0,1,,,,
bg__P04476,0,1,,,,
bg__P04524,0,1,,,,
bg__P04525,0,1,,,,
bg__P04531,0,1,,,,
bg__P04551,0,1,,,,
bg__P04639,0,1,,,,
bg__P04670,0,2,,,,
bg__P04676,0,1,,,,
bg__P04753,0,1,,,,
bg__P04768,0,1,,,,
bg__P04769,0,1,,,,
bg__P04789,0,1,,,,
bg__P04818,0,6,,,,
bg__P04840,0,1,,,,
bg__P04846,0,1,,,,
bg__P04871,0,1,,,,
bg__P04873,0,1,,,,
bg__P04876,0,2,,,,
bg__P04877,0,1,,,,
bg__P04907,0,1,,,,
bg__P04927,0,1,,,,
bg__P04939,0,1,,,,
bg__P04964,0,1,,,,
bg__P04977,0,1,,,,
bg__P04978,0,1,,,,
bg__P05011,0,5,,,,
bg__P05029,0,1,,,,
bg__P05044,0,2,,,,
bg__P05046,0,1,,,,
bg__P05051,0,1,,,,
bg__P05052,0,1,,,,
bg__P05057,0,2,,,,
bg__P05100,0,1,,,,
bg__P05200,0,1,,,,
bg__P05226,0,2,,,,
bg__P05340,0,1,,,,
bg__P05524,0,2,,,,
bg__P05538,0,12,,,,
bg__P05541,0,1,,,,
bg__P05552,0,1,,,,
bg__P05626,0,1,,,,
bg__P05637,0,1,,,,
bg__P05691,0,1,,,,
bg__P05707,0,1,,,,
bg__P05738,0,1,,,,
bg__P05740,0,1,,,,
bg__P05748,0,2,,,,
bg__P05752,0,3,,,,
bg__P05817,0,1,,,,
bg__P05827,0,2,,,,
bg__P05847,0,1,,,,
bg__P05857,0,12,,,,
bg__P05860,0,1,,,,
bg__P05904,0,2,,,,
bg__P06008,0,1,,,,
bg__P06009,0,1,,,,
bg__P06018,0,1,,,,
bg__P06030,0,1,,,,
bg__P06136,0,1,,,,
bg__P06174,0,1,,,,
bg__P06182,0,1,,,,
bg__P06207,0,3,,,,
bg__P06222,0,2,,,,
bg__P06229,0,1,,,,
bg__P06242,0,1,,,,
bg__P06282,0,1,,,,
bg__P06290,0,1,,,,
bg__P06300,0,2,,,,
bg__P06308,0,1,,,,
bg__P06340,0,1,,,,
bg__P06348,0,2,,,,
bg__P06448,0,1,,,,
bg__P06485,0,2,,,,
bg__P06499,0,1,,,,
bg__P06534,0,3,,,,
bg__P06567,0,1,,,,
bg__P06572,0,4,,,,
bg__P06574,0,1,,,,
bg__P06615,0,1,,,,
bg__P06632,0,1,,,,
bg__P06661,0,1,,,,
bg__P06717,0,2,,,,
bg__P06722,0,1,,,,
bg__P06753,0,19,,,,
bg__P06773,0,1,,,,
bg__P06774,0,1,,,,
bg__P06809,0,1,,,,
bg__P06812,0,1,,,,
bg__P06815,0,1,,,,
bg__P06836,0,7,,,,
bg__P06845,0,1,,,,
bg__P06847,0,1,,,,
bg__P06850,0,2,,,,
bg__P06855,0,1,,,,
bg__P06883,0,1,,,,
bg__P06946,0,1,,,,
bg__P06951,0,2,,,,
bg__P06999,0,1,,,,
bg__P07026,0,1,,,,
bg__P07056,0,1,,,,
bg__P07123,0,1,,,,
bg__P07143,0,3,,,,
bg__P07164,0,1,,,,
bg__P07182,0,1,,,,
bg__P07222,0,1,,,,
bg__P07260,0,1,,,,
bg__P07270,0,1,,,,
bg__P07273,0,1,,,,
bg__P07283,0,2,,,,
bg__P07306,0,4,,,,
bg__P07307,0,1,,,,
bg__P07318,0,4,,,,
bg__P07347,0,1,,,,
bg__P07348,0,3,,,,
bg__P07364,0,1,,,,
bg__P07383,0,1,,,,
bg__P07479,0,1,,,,
bg__P07505,0,2,,,,
bg__P07518,0,1,,,,
bg__P07560,0,2,,,,
bg__P07582,0,1,,,,
bg__P07584,0,1,,,,
bg__P07591,0,1,,,,
bg__P07596,0,1,,,,
bg__P07601,0,1,,,,
bg__P07629,0,2,,,,
bg__P07630,0,1,,,,
bg__P07641,0,1,,,,
bg__P07654,0,1,,,,
bg__P07669,0,1,,,,
bg__P07725,0,1,,,,
bg__P07743,0,1,,,,
bg__P07766,0,2,,,,
bg__P07772,0,1,,,,
bg__P07773,0,1,,,,
bg__P07774,0,1,,,,
bg__P07807,0,1,,,,
bg__P07821,0,1,,,,
bg__P07822,0,1,,,,
bg__P07860,0,1,,,,
bg__P07876,0,1,,,,
bg__P07903,0,3,,,,
bg__P07943,0,4,,,,
bg__P07964,0,1,,,,
bg__P08006,0,2,,,,
bg__P08013,0,5,,,,
bg__P08026,0,2,,,,
bg__P08056,0,1,,,,
bg__P08066,0,1,,,,
bg__P08077,0,1,,,,
bg__P08081,0,4,,,,
bg__P08124,0,1,,,,
bg__P08127,0,2,,,,
bg__P08166,0,6,,,,
bg__P08176,0,1,,,,
bg__P08179,0,1,,,,
bg__P08182,0,3,,,,
bg__P08191,0,1,,,,
bg__P08232,0,2,,,,
bg__P08242,0,2,,,,
bg__P08283,0,1,,,,
bg__P08287,0,5,,,,
bg__P08306,0,1,,,,
bg__P08353,0,4,,,,
bg__P08368,0,1,,,,
bg__P08456,0,1,,,,
bg__P08462,0,2,,,,
bg__P08477,0,1,,,,
bg__P08579,0,1,,,,
bg__P08620,0,2,,,,
bg__P08658,0,1,,,,
bg__P08695,0,2,,,,
bg__P08721,0,2,,,,
bg__P08723,0,1,,,,
bg__P08749,0,1,,,,
bg__P08758,0,3,,,,
bg__P08760,0,2,,,,
bg__P08761,0,1,,,,
bg__P08773,0,1,,,,
bg__P08833,0,1,,,,
bg__P08899,0,1,,,,
bg__P08995,0,1,,,,
bg__P09007,0,1,,,,
bg__P09009,0,1,,,,
bg__P09013,0,2,,,,
bg__P09015,0,1,,,,
bg__P09038,0,2,,,,
bg__P09064,0,1,,,,
bg__P09074,0,1,,,,
bg__P09079,0,2,,,,
bg__P09126,0,1,,,,
bg__P09143,0,1,,,,
bg__P09169,0,2,,,,
bg__P09222,0,1,,,,
bg__P09233,0,6,,,,
bg__P09255,0,1,,,,
bg__P09279,0,1,,,,
bg__P09290,0,1,,,,
bg__P09326,0,1,,,,
bg__P09348,0,1,,,,
bg__P09358,0,1,,,,
bg__P09377,0,1,,,,
bg__P09378,0,1,,,,
bg__P09383,0,1,,,,
bg__P09385,0,1,,,,
bg__P09391,0,1,,,,
bg__P09396,0,1,,,,
bg__P09417,0,4,,,,
bg__P09438,0,1,,,,
bg__P09457,0,1,,,,
bg__P09486,0,8,,,,
bg__P09491,0,1,,,,
bg__P09497,0,4,,,,
bg__P09527,0,4,,,,
bg__P09551,0,2,,,,
bg__P09564,0,1,,,,
bg__P09586,0,3,,,,
bg__P09611,0,1,,,,
bg__P09616,0,1,,,,
bg__P09629,0,1,,,,
bg__P09630,0,3,,,,
bg__P09648,0,1,,,,
bg__P09712,0,1,,,,
bg__P09727,0,1,,,,
bg__P09729,0,1,,,,
bg__P09774,0,1,,,,
bg__P09781,0,2,,,,
bg__P09797,0,2,,,,
bg__P09856,0,1,,,,
bg__P09885,0,1,,,,
bg__P09888,0,1,,,,
bg__P09925,0,2,,,,
bg__P0A074,0,2,,,,
bg__P0A0H3,0,1,,,,
bg__P0A0M0,0,1,,,,
bg__P0A0N4,0,1,,,,
bg__P0A0Q9,0,1,,,,
bg__P0A0V3,0,2,,,,
bg__P0A0Z3,0,4,,,,
bg__P0A115,0,1,,,,
bg__P0A1A9,0,2,,,,
bg__P0A1N8,0,3,,,,
bg__P0A1V8,0,4,,,,
bg__P0A1X6,0,2,,,,
bg__P0A2C9,0,2,,,,
bg__P0A2J5,0,2,,,,
bg__P0A2M9,0,1,,,,
bg__P0A2V4,0,1,,,,
bg__P0A2X8,0,1,,,,
bg__P0A382,0,1,,,,
bg__P0A396,0,1,,,,
bg__P0A3M3,0,1,,,,
bg__P0A3Q5,0,1,,,,
bg__P0A3U5,0,1,,,,
bg__P0A3V1,0,1,,,,
bg__P0A3W2,0,1,,,,
bg__P0A3W6,0,1,,,,
bg__P0A3Y5,0,1,,,,
bg__P0A431,0,2,,,,
bg__P0A442,0,1,,,,
bg__P0A4E2,0,1,,,,
bg__P0A4G4,0,3,,,,
bg__P0A4L7,0,1,,,,
bg__P0A4N9,0,1,,,,
bg__P0A4T0,0,1,,,,
bg__P0A4T6,0,1,,,,
bg__P0A6E9,0,3,,,,
bg__P0A6I3,0,1,,,,
bg__P0A6J3,0,1,,,,
bg__P0A6N8,0,1,,,,
bg__P0A6P1,0,1,,,,
bg__P0A6W0,0,1,,,,
bg__P0A6Y5,0,1,,,,
bg__P0A720,0,1,,,,
bg__P0A744,0,1,,,,
bg__P0A752,0,1,,,,
bg__P0A761,0,1,,,,
bg__P0A7D7,0,1,,,,
bg__P0A7H3,0,1,,,,
bg__P0A7L0,0,1,,,,
bg__P0A7V0,0,1,,,,
bg__P0A7V3,0,1,,,,
bg__P0A7X6,0,1,,,,
bg__P0A7Y0,0,10,,,,
bg__P0A823,0,1,,,,
bg__P0A873,0,3,,,,
bg__P0A877,0,2,,,,
bg__P0A894,0,1,,,,
bg__P0A8A4,0,7,,,,
bg__P0A8H3,0,1,,,,
bg__P0A8I3,0,1,,,,
bg__P0A8P8,0,3,,,,
bg__P0A8R9,0,1,,,,
bg__P0A8S1,0,1,,,,
bg__P0A8T1,0,1,,,,
bg__P0A8V6,0,1,,,,
bg__P0A8W0,0,1,,,,
bg__P0A8X0,0,1,,,,
bg__P0A8Y1,0,1,,,,
bg__P0A8Y5,0,1,,,,
bg__P0A908,0,1,,,,
bg__P0A924,0,1,,,,
bg__P0A927,0,1,,,,
bg__P0A948,0,1,,,,
bg__P0A9D2,0,1,,,,
bg__P0A9E0,0,1,,,,
bg__P0A9E5,0,3,,,,
bg__P0A9E9,0,1,,,,
bg__P0A9F6,0,1,,,,
bg__P0A9F9,0,1,,,,
bg__P0A9G2,0,1,,,,
bg__P0A9G8,0,1,,,,
bg__P0A9I1,0,2,,,,
bg__P0A9J6,0,1,,,,
bg__P0A9K9,0,1,,,,
bg__P0A9L8,0,1,,,,
bg__P0A9N4,0,1,,,,
bg__P0A9P9,0,1,,,,
bg__P0A9Q1,0,1,,,,
bg__P0A9R7,0,1,,,,
bg__P0A9U6,0,1,,,,
bg__P0A9V8,0,1,,,,
bg__P0A9W0,0,1,,,,
bg__P0AA00,0,7,,,,
bg__P0AA16,0,1,,,,
bg__P0AA37,0,2,,,,
bg__P0AA41,0,1,,,,
bg__P0AA53,0,1,,,,
bg__P0AA60,0,1,,,,
bg__P0AA67,0,1,,,,
bg__P0AA99,0,1,,,,
bg__P0AAC0,0,1,,,,
bg__P0AAF6,0,1,,,,
bg__P0AAG3,0,1,,,,
bg__P0AAH8,0,2,,,,
bg__P0AAI9,0,1,,,,
bg__P0AAJ5,0,2,,,,
bg__P0AAK1,0,1,,,,
bg__P0AAL3,0,1,,,,
bg__P0AAM1,0,1,,,,
bg__P0AAN3,0,1,,,,
bg__P0AAS5,0,1,,,,
bg__P0AAX8,0,1,,,,
bg__P0AB01,0,1,,,,
bg__P0AB06,0,1,,,,
bg__P0AB80,0,2,,,,
bg__P0AB98,0,1,,,,
bg__P0ABA6,0,1,,,,
bg__P0ABF8,0,3,,,,
bg__P0ABG1,0,1,,,,
bg__P0ABL8,0,1,,,,
bg__P0ABM1,0,1,,,,
bg__P0ABP6,0,1,,,,
bg__P0ABQ2,0,1,,,,
bg__P0ABT8,0,1,,,,
bg__P0ABU0,0,2,,,,
bg__P0ABU5,0,1,,,,
bg__P0ABU7,0,1,,,,
bg__P0ABU9,0,1,,,,
bg__P0ABX5,0,1,,,,
bg__P0ABY7,0,2,,,,
bg__P0AC02,0,1,,,,
bg__P0AC11,0,1,,,,
bg__P0AC13,0,1,,,,
bg__P0AC23,0,1,,,,
bg__P0AC26,0,1,,,,
bg__P0ACC1,0,2,,,,
bg__P0ACH8,0,1,,,,
bg__P0ACI0,0,1,,,,
bg__P0ACK2,0,1,,,,
bg__P0ACK5,0,1,,,,
bg__P0ACK8,0,1,,,,
bg__P0ACL0,0,1,,,,
bg__P0ACL2,0,1,,,,
bg__P0ACL5,0,1,,,,
bg__P0ACL7,0,1,,,,
bg__P0ACL9,0,1,,,,
bg__P0ACM5,0,1,,,,
bg__P0ACN4,0,1,,,,
bg__P0ACQ4,0,1,,,,
bg__P0ACQ7,0,1,,,,
bg__P0ACR0,0,1,,,,
bg__P0ACR2,0,1,,,,
bg__P0ACR4,0,1,,,,
bg__P0ACS7,0,1,,,,
bg__P0ACU0,0,1,,,,
bg__P0ACU5,0,1,,,,
bg__P0ACV0,0,1,,,,
bg__P0ACV2,0,1,,,,
bg__P0ACV6,0,1,,,,
bg__P0AD01,0,1,,,,
bg__P0AD45,0,1,,,,
bg__P0ADD5,0,1,,,,
bg__P0ADD7,0,1,,,,
bg__P0ADG4,0,1,,,,
bg__P0ADI4,0,1,,,,
bg__P0ADP0,0,1,,,,
bg__P0ADP5,0,1,,,,
bg__P0ADP7,0,1,,,,
bg__P0ADV1,0,1,,,,
bg__P0ADV9,0,1,,,,
bg__P0ADW6,0,1,,,,
bg__P0AE30,0,1,,,,
bg__P0AE34,0,1,,,,
bg__P0AE39,0,1,,,,
bg__P0AE88,0,2,,,,
bg__P0AEA2,0,1,,,,
bg__P0AEB0,0,1,,,,
bg__P0AED5,0,1,,,,
bg__P0AEE8,0,1,,,,
bg__P0AEF0,0,1,,,,
bg__P0AEF4,0,1,,,,
bg__P0AEG1,0,1,,,,
bg__P0AEG4,0,1,,,,
bg__P0AEG6,0,1,,,,
bg__P0AEK4,0,2,,,,
bg__P0AEL6,0,1,,,,
bg__P0AEM6,0,1,,,,
bg__P0AEM9,0,1,,,,
bg__P0AEN1,0,1,,,,
bg__P0AEP3,0,1,,,,
bg__P0AEQ3,0,1,,,,
bg__P0AER0,0,2,,,,
bg__P0AER3,0,1,,,,
bg__P0AER5,0,1,,,,
bg__P0AET8,0,1,,,,
bg__P0AEU0,0,2,,,,
bg__P0AEU3,0,2,,,,
bg__P0AEW4,0,1,,,,
bg__P0AEW9,0,1,,,,
bg__P0AEX7,0,2,,,,
bg__P0AEY3,0,1,,,,
bg__P0AEY5,0,1,,,,
bg__P0AEZ3,0,1,,,,
bg__P0AF01,0,1,,,,
bg__P0AF06,0,1,,,,
bg__P0AF24,0,1,,,,
bg__P0AF26,0,1,,,,
bg__P0AF28,0,1,,,,
bg__P0AF32,0,2,,,,
bg__P0AFA9,0,1,,,,
bg__P0AFB1,0,1,,,,
bg__P0AFH2,0,2,,,,
bg__P0AFI5,0,1,,,,
bg__P0AFK2,0,1,,,,
bg__P0AFK4,0,1,,,,
bg__P0AFK6,0,1,,,,
bg__P0AFL1,0,1,,,,
bg__P0AFM6,0,1,,,,
bg__P0AFP6,0,1,,,,
bg__P0AFQ7,0,1,,,,
bg__P0AFR4,0,1,,,,
bg__P0AFR7,0,1,,,,
bg__P0AFR9,0,1,,,,
bg__P0AFS3,0,1,,,,
bg__P0AFT2,0,1,,,,
bg__P0AFT5,0,1,,,,
bg__P0AFU8,0,1,,,,
bg__P0AFV2,0,1,,,,
bg__P0AFY2,0,1,,,,
bg__P0AG07,0,1,,,,
bg__P0AG34,0,1,,,,
bg__P0AG38,0,1,,,,
bg__P0AG40,0,1,,,,
bg__P0AG84,0,1,,,,
bg__P0AGB3,0,1,,,,
bg__P0AGE6,0,1,,,,
bg__P0AGG2,0,1,,,,
bg__P0AGH8,0,1,,,,
bg__P0AGJ2,0,1,,,,
bg__P0AGK1,0,1,,,,
bg__P0AGL7,0,1,,,,
bg__P0C024,0,1,,,,
bg__P0C034,0,3,,,,
bg__P0C035,0,1,,,,
bg__P0C041,0,1,,,,
bg__P0C0D5,0,2,,,,
bg__P0C0I0,0,1,,,,
bg__P0C0J3,0,1,,,,
bg__P0C0K5,0,2,,,,
bg__P0C0L0,0,2,,,,
bg__P0C0Q1,0,1,,,,
bg__P0C0S1,0,1,,,,
bg__P0C0X1,0,2,,,,
bg__P0C0Y5,0,4,,,,
bg__P0C0Y7,0,1,,,,
bg__P0C0Y9,0,2,,,,
bg__P0C122,0,1,,,,
bg__P0C127,0,1,,,,
bg__P0C128,0,1,,,,
bg__P0C132,0,1,,,,
bg__P0C191,0,1,,,,
bg__P0C1A0,0,1,,,,
bg__P0C1D2,0,1,,,,
bg__P0C205,0,4,,,,
bg__P0C214,0,1,,,,
bg__P0C277,0,2,,,,
bg__P0C2C4,0,4,,,,
bg__P0C2W1,0,8,,,,
bg__P0C423,0,2,,,,
bg__P0C485,0,1,,,,
bg__P0C558,0,1,,,,
bg__P0C569,0,1,,,,
bg__P0C589,0,1,,,,
bg__P0C5A0,0,1,,,,
bg__P0C5B2,0,1,,,,
bg__P0C5D5,0,1,,,,
bg__P0C604,0,2,,,,
bg__P0C606,0,3,,,,
bg__P0C623,0,1,,,,
bg__P0C645,0,1,,,,
bg__P0C646,0,1,,,,
bg__P0C6A0,0,1,,,,
bg__P0C6D3,0,1,,,,
bg__P0C6D9,0,1,,,,
bg__P0C6E3,0,1,,,,
bg__P0C6J2,0,1,,,,
bg__P0C6J9,0,8,,,,
bg__P0C6M3,0,2,,,,
bg__P0C6Q8,0,1,,,,
bg__P0C745,0,2,,,,
bg__P0C765,0,2,,,,
bg__P0C774,0,3,,,,
bg__P0C788,0,1,,,,
bg__P0C798,0,1,,,,
bg__P0C7I6,0,1,,,,
bg__P0C7L8,0,3,,,,
bg__P0C7M1,0,1,,,,
bg__P0C7N1,0,3,,,,
bg__P0C7P4,0,12,,,,
bg__P0C7P6,0,1,,,,
bg__P0C7R1,0,1,,,,
bg__P0C7R2,0,2,,,,
bg__P0C7T2,0,1,,,,
bg__P0C7W1,0,4,,,,
bg__P0C7X2,0,1,,,,
bg__P0C872,0,1,,,,
bg__P0C882,0,2,,,,
bg__P0C8F9,0,1,,,,
bg__P0C8G2,0,1,,,,
bg__P0C8G5,0,3,,,,
bg__P0C8G7,0,2,,,,
bg__P0C8L9,0,1,,,,
bg__P0C8N5,0,1,,,,
bg__P0C8Z0,0,1,,,,
bg__P0C8Z1,0,5,,,,
bg__P0C996,0,4,,,,
bg__P0C9E1,0,5,,,,
bg__P0CAN6,0,4,,,,
bg__P0CAN7,0,2,,,,
bg__P0CAP6,0,1,,,,
bg__P0CAT6,0,2,,,,
bg__P0CAU8,0,1,,,,
bg__P0CAW9,0,1,,,,
bg__P0CAX7,0,1,,,,
bg__P0CE11,0,1,,,,
bg__P0CG22,0,1,,,,
bg__P0CG28,0,2,,,,
bg__P0CG37,0,2,,,,
bg__P0CH63,0,1,,,,
bg__P0CH91,0,1,,,,
bg__P0CI31,0,5,,,,
bg__P0CI70,0,1,,,,
bg__P0CI77,0,1,,,,
bg__P0CJ44,0,1,,,,
bg__P0CJ62,0,1,,,,
bg__P0CJ63,0,2,,,,
bg__P0CJ65,0,1,,,,
bg__P0CK58,0,1,,,,
bg__P0CK60,0,1,,,,
bg__P0CK97,0,1,,,,
bg__P0CL08,0,1,,,,
bg__P0CL17,0,1,,,,
bg__P0CL50,0,2,,,,
bg__P0CL66,0,1,,,,
bg__P0CM15,0,1,,,,
bg__P0CM83,0,1,,,,
bg__P0CN53,0,1,,,,
bg__P0CO85,0,1,,,,
bg__P0CP14,0,1,,,,
bg__P0CP72,0,2,,,,
bg__P0CQ54,0,1,,,,
bg__P0CR44,0,1,,,,
bg__P0CR54,0,1,,,,
bg__P0CR76,0,2,,,,
bg__P0CT21,0,1,,,,
bg__P0CT46,0,1,,,,
bg__P0CT48,0,1,,,,
bg__P0CU08,0,1,,,,
bg__P0CU19,0,1,,,,
bg__P0CU44,0,1,,,,
bg__P0CU46,0,1,,,,
bg__P0CU49,0,1,,,,
bg__P0CU50,0,2,,,,
bg__P0CU52,0,1,,,,
bg__P0CU79,0,1,,,,
bg__P0CU93,0,1,,,,
bg__P0CV09,0,1,,,,
bg__P0CV60,0,1,,,,
bg__P0CV61,0,1,,,,
bg__P0CW42,0,1,,,,
bg__P0CW56,0,5,,,,
bg__P0CW93,0,1,,,,
bg__P0CW96,0,1,,,,
bg__P0CX44,0,1,,,,
bg__P0CX45,0,1,,,,
bg__P0CY49,0,1,,,,
bg__P0CZ32,0,2,,,,
bg__P0DB08,0,1,,,,
bg__P0DB30,0,2,,,,
bg__P0DC92,0,2,,,,
bg__P0DH75,0,1,,,,
bg__P0DH76,0,2,,,,
bg__P0DI12,0,1,,,,
bg__P0DJA1,0,1,,,,
bg__P0DJO8,0,1,,,,
bg__P0DKL0,0,1,,,,
bg__P0DKL3,0,1,,,,
bg__P0DM78,0,2,,,,
bg__P0DME0,0,4,,,,
bg__P0DMK8,0,2,,,,
bg__P0DMS9,0,1,,,,
bg__P0DMU9,0,1,,,,
bg__P0DN22,0,1,,,,
bg__P0DN70,0,1,,,,
bg__P0DN71,0,1,,,,
bg__P0DN82,0,2,,,,
bg__P0DO19,0,2,,,,
bg__P0DO33,0,1,,,,
bg__P0DO50,0,1,,,,
bg__P0DO69,0,2,,,,
bg__P0DO81,0,2,,,,
bg__P0DOA3,0,52,,,,
bg__P0DOX7,0,1,,,,
bg__P0DOX8,0,1,,,,
bg__P0DOY8,0,1,,,,
bg__P0DP56,0,1,,,,
bg__P0DP92,0,1,,,,
bg__P0DPE1,0,3,,,,
bg__P0DPI2,0,1,,,,
bg__P0DPK0,0,1,,,,
bg__P0DPK4,0,4,,,,
bg__P0DPQ5,0,1,,,,
bg__P0DPR0,0,1,,,,
bg__P0DPU5,0,1,,,,
bg__P0DQT6,0,1,,,,
bg__P0DQV6,0,1,,,,
bg__P0DRJ4,0,1,,,,
bg__P0DSE1,0,1,,,,
bg__P0DSP2,0,1,,,,
bg__P0DSP3,0,1,,,,
bg__P0DTC3,0,3,,,,
bg__P0DTF4,0,1,,,,
bg__P0DTF7,0,1,,,,
bg__P0DTF8,0,2,,,,
bg__P0DTI4,0,3,,,,
bg__P0DTS9,0,1,,,,
bg__P0DTT6,0,1,,,,
bg__P0DTU3,0,1,,,,
bg__P0DTU4,0,2,,,,
bg__P0DTU7,0,1,,,,
bg__P0DTV0,0,2,,,,
bg__P0DTV9,0,1,,,,
bg__P0DUB9,0,1,,,,
bg__P0DUD0,0,2,,,,
bg__P0DUD6,0,1,,,,
bg__P0DUD7,0,1,,,,
bg__P0DUD9,0,1,,,,
bg__P0DUE0,0,1,,,,
bg__P0DUL6,0,1,,,,
bg__P0DUM8,0,1,,,,
bg__P0DUW5,0,1,,,,
bg__P0DUW6,0,1,,,,
bg__P0DV09,0,1,,,,
bg__P0DV28,0,1,,,,
bg__P0DV29,0,1,,,,
bg__P0DV46,0,1,,,,
bg__P0DV48,0,1,,,,
bg__P0DV50,0,1,,,,
bg__P0DV52,0,1,,,,
bg__P0DV77,0,1,,,,
bg__P0DV86,0,1,,,,
bg__P0DW07,0,1,,,,
bg__P0DW49,0,1,,,,
bg__P0DW54,0,2,,,,
bg__P0DW82,0,1,,,,
bg__P0DX08,0,1,,,,
bg__P0DX12,0,1,,,,
bg__P0DX22,0,1,,,,
bg__P0DX41,0,1,,,,
bg__P0DX62,0,1,,,,
bg__P0DX69,0,1,,,,
bg__P0DX76,0,1,,,,
bg__P0DX83,0,1,,,,
bg__P0DX98,0,1,,,,
bg__P0DXA4,0,1,,,,
bg__P0DXD5,0,1,,,,
bg__P0DXE0,0,1,,,,
bg__P0DXF5,0,1,,,,
bg__P0DXF6,0,1,,,,
bg__P0DXH7,0,1,,,,
bg__P0DXI6,0,3,,,,
bg__P0DXO6,0,33,,,,
bg__P0DXO8,0,1,,,,
bg__P0DXU6,0,1,,,,
bg__P0DXU7,0,1,,,,
bg__P0DXX1,0,1,,,,
bg__P0DXX2,0,1,,,,
bg__P0DXZ3,0,1,,,,
bg__P0DY82,0,1,,,,
bg__P10037,0,5,,,,
bg__P10038,0,1,,,,
bg__P10080,0,1,,,,
bg__P10083,0,1,,,,
bg__P10088,0,1,,,,
bg__P10151,0,1,,,,
bg__P10158,0,3,,,,
bg__P10163,0,1,,,,
bg__P10208,0,1,,,,
bg__P10215,0,1,,,,
bg__P10233,0,1,,,,
bg__P10235,0,1,,,,
bg__P10240,0,1,,,,
bg__P10252,0,1,,,,
bg__P10255,0,1,,,,
bg__P10281,0,1,,,,
bg__P10290,0,1,,,,
bg__P10297,0,7,,,,
bg__P10301,0,2,,,,
bg__P10333,0,1,,,,
bg__P10346,0,1,,,,
bg__P10355,0,1,,,,
bg__P10371,0,1,,,,
bg__P10381,0,2,,,,
bg__P10415,0,6,,,,
bg__P10425,0,3,,,,
bg__P10451,0,1,,,,
bg__P10542,0,2,,,,
bg__P10549,0,1,,,,
bg__P10566,0,2,,,,
bg__P10646,0,1,,,,
bg__P10655,0,3,,,,
bg__P10708,0,2,,,,
bg__P10718,0,1,,,,
bg__P10726,0,1,,,,
bg__P10736,0,1,,,,
bg__P10747,0,2,,,,
bg__P10749,0,3,,,,
bg__P10768,0,5,,,,
bg__P10771,0,1,,,,
bg__P10798,0,4,,,,
bg__P10805,0,1,,,,
bg__P10813,0,1,,,,
bg__P10834,0,1,,,,
bg__P10863,0,2,,,,
bg__P10905,0,1,,,,
bg__P10906,0,1,,,,
bg__P10908,0,1,,,,
bg__P10929,0,1,,,,
bg__P10949,0,9,,,,
bg__P10962,0,1,,,,
bg__P11006,0,1,,,,
bg__P11018,0,1,,,,
bg__P11072,0,1,,,,
bg__P11158,0,2,,,,
bg__P11187,0,1,,,,
bg__P11226,0,12,,,,
bg__P11293,0,1,,,,
bg__P11309,0,4,,,,
bg__P11373,0,1,,,,
bg__P11401,0,1,,,,
bg__P11402,0,1,,,,
bg__P11450,0,1,,,,
bg__P11451,0,1,,,,
bg__P11456,0,4,,,,
bg__P11562,0,3,,,,
bg__P11568,0,1,,,,
bg__P11588,0,2,,,,
bg__P11596,0,1,,,,
bg__P11612,0,1,,,,
bg__P11695,0,1,,,,
bg__P11720,0,1,,,,
bg__P11746,0,1,,,,
bg__P11861,0,2,,,,
bg__P11862,0,2,,,,
bg__P11885,0,4,,,,
bg__P11897,0,1,,,,
bg__P11989,0,1,,,,
bg__P12020,0,1,,,,
bg__P12040,0,1,,,,
bg__P12217,0,4,,,,
bg__P12254,0,1,,,,
bg__P12257,0,1,,,,
bg__P12260,0,1,,,,
bg__P12271,0,3,,,,
bg__P12282,0,1,,,,
bg__P12298,0,1,,,,
bg__P12319,0,1,,,,
bg__P12342,0,2,,,,
bg__P12353,0,3,,,,
bg__P12355,0,1,,,,
bg__P12360,0,3,,,,
bg__P12401,0,3,,,,
bg__P12402,0,1,,,,
bg__P12461,0,2,,,,
bg__P12482,0,2,,,,
bg__P12579,0,3,,,,
bg__P12580,0,1,,,,
bg__P12629,0,1,,,,
bg__P12670,0,4,,,,
bg__P12736,0,1,,,,
bg__P12758,0,3,,,,
bg__P12827,0,1,,,,
bg__P12881,0,1,,,,
bg__P12919,0,7,,,,
bg__P12943,0,1,,,,
bg__P12946,0,1,,,,
bg__P12970,0,3,,,,
bg__P12980,0,3,,,,
bg__P12993,0,2,,,,
bg__P12999,0,1,,,,
bg__P13000,0,1,,,,
bg__P13021,0,1,,,,
bg__P13022,0,1,,,,
bg__P13024,0,1,,,,
bg__P13051,0,2,,,,
bg__P13063,0,1,,,,
bg__P13087,0,1,,,,
bg__P13097,0,1,,,,
bg__P13192,0,2,,,,
bg__P13284,0,1,,,,
bg__P13299,0,1,,,,
bg__P13319,0,1,,,,
bg__P13342,0,1,,,,
bg__P13378,0,2,,,,
bg__P13384,0,4,,,,
bg__P13386,0,2,,,,
bg__P13453,0,1,,,,
bg__P13483,0,1,,,,
bg__P13498,0,2,,,,
bg__P13505,0,1,,,,
bg__P13506,0,1,,,,
bg__P13512,0,1,,,,
bg__P13517,0,1,,,,
bg__P13588,0,3,,,,
bg__P13598,0,1,,,,
bg__P13619,0,4,,,,
bg__P13638,0,5,,,,
bg__P13649,0,5,,,,
bg__P13661,0,1,,,,
bg__P13665,0,1,,,,
bg__P13669,0,1,,,,
bg__P13698,0,1,,,,
bg__P13703,0,1,,,,
bg__P13714,0,5,,,,
bg__P13717,0,1,,,,
bg__P13725,0,1,,,,
bg__P13726,0,1,,,,
bg__P13765,0,2,,,,
bg__P13771,0,2,,,,
bg__P13792,0,1,,,,
bg__P13801,0,1,,,,
bg__P13805,0,4,,,,
bg__P13827,0,1,,,,
bg__P13839,0,1,,,,
bg__P13856,0,1,,,,
bg__P13982,0,1,,,,
bg__P13988,0,1,,,,
bg__P14020,0,1,,,,
bg__P14057,0,1,,,,
bg__P14065,0,1,,,,
bg__P14066,0,1,,,,
bg__P14106,0,4,,,,
bg__P14138,0,1,,,,
bg__P14141,0,6,,,,
bg__P14148,0,6,,,,
bg__P14171,0,1,,,,
bg__P14183,0,1,,,,
bg__P14190,0,1,,,,
bg__P14194,0,1,,,,
bg__P14287,0,1,,,,
bg__P14300,0,1,,,,
bg__P14334,0,1,,,,
bg__P14353,0,1,,,,
bg__P14386,0,1,,,,
bg__P14439,0,5,,,,
bg__P14509,0,1,,,,
bg__P14511,0,2,,,,
bg__P14559,0,1,,,,
bg__P14575,0,1,,,,
bg__P14602,0,2,,,,
bg__P14604,0,5,,,,
bg__P14637,0,2,,,,
bg__P14653,0,2,,,,
bg__P14682,0,1,,,,
bg__P14683,0,1,,,,
bg__P14697,0,1,,,,
bg__P14741,0,1,,,,
bg__P14751,0,1,,,,
bg__P14791,0,1,,,,
bg__P14881,0,2,,,,
bg__P14916,0,5,,,,
bg__P14918,0,1,,,,
bg__P14946,0,1,,,,
bg__P14965,0,1,,,,
bg__P14984,0,1,,,,
bg__P15009,0,1,,,,
bg__P15028,0,1,,,,
bg__P15029,0,1,,,,
bg__P15031,0,1,,,,
bg__P15047,0,1,,,,
bg__P15082,0,1,,,,
bg__P15110,0,1,,,,
bg__P15172,0,5,,,,
bg__P15193,0,53,,,,
bg__P15244,0,1,,,,
bg__P15308,0,1,,,,
bg__P15312,0,1,,,,
bg__P15319,0,1,,,,
bg__P15328,0,6,,,,
bg__P15369,0,1,,,,
bg__P15378,0,1,,,,
bg__P15401,0,1,,,,
bg__P15425,0,1,,,,
bg__P15461,0,1,,,,
bg__P15490,0,2,,,,
bg__P15493,0,1,,,,
bg__P15496,0,1,,,,
bg__P15514,0,1,,,,
bg__P15518,0,1,,,,
bg__P15530,0,1,,,,
bg__P15597,0,1,,,,
bg__P15643,0,1,,,,
bg__P15703,0,1,,,,
bg__P15714,0,1,,,,
bg__P15773,0,1,,,,
bg__P15807,0,1,,,,
bg__P15808,0,1,,,,
bg__P15829,0,2,,,,
bg__P15846,0,6,,,,
bg__P15861,0,1,,,,
bg__P15867,0,2,,,,
bg__P15873,0,2,,,,
bg__P15879,0,1,,,,
bg__P15931,0,2,,,,
bg__P15934,0,1,,,,
bg__P15990,0,2,,,,
bg__P15995,0,1,,,,
bg__P16006,0,1,,,,
bg__P16016,0,1,,,,
bg__P16026,0,1,,,,
bg__P16030,0,1,,,,
bg__P16039,0,1,,,,
bg__P16061,0,1,,,,
bg__P16075,0,5,,,,
bg__P16076,0,1,,,,
bg__P16114,0,1,,,,
bg__P16164,0,7,,,,
bg__P16168,0,1,,,,
bg__P16225,0,1,,,,
bg__P16250,0,1,,,,
bg__P16370,0,1,,,,
bg__P16380,0,1,,,,
bg__P16404,0,2,,,,
bg__P16409,0,4,,,,
bg__P16410,0,2,,,,
bg__P16430,0,1,,,,
bg__P16433,0,1,,,,
bg__P16440,0,1,,,,
bg__P16448,0,1,,,,
bg__P16523,0,1,,,,
bg__P16525,0,1,,,,
bg__P16527,0,1,,,,
bg__P16528,0,1,,,,
bg__P16611,0,5,,,,
bg__P16616,0,2,,,,
bg__P16655,0,1,,,,
bg__P16677,0,1,,,,
bg__P16678,0,1,,,,
bg__P16679,0,1,,,,
bg__P16688,0,1,,,,
bg__P16692,0,1,,,,
bg__P16701,0,1,,,,
bg__P16703,0,2,,,,
bg__P16833,0,1,,,,
bg__P16913,0,4,,,,
bg__P16945,0,2,,,,
bg__P16948,0,1,,,,
bg__P16976,0,2,,,,
bg__P16993,0,2,,,,
bg__P17041,0,2,,,,
bg__P17055,0,1,,,,
bg__P17058,0,1,,,,
bg__P17063,0,1,,,,
bg__P17117,0,1,,,,
bg__P17157,0,3,,,,
bg__P17211,0,1,,,,
bg__P17219,0,1,,,,
bg__P17260,0,1,,,,
bg__P17261,0,1,,,,
bg__P17268,0,1,,,,
bg__P17277,0,1,,,,
bg__P17284,0,1,,,,
bg__P17297,0,1,,,,
bg__P17333,0,1,,,,
bg__P17370,0,1,,,,
bg__P17410,0,1,,,,
bg__P17413,0,1,,,,
bg__P17433,0,3,,,,
bg__P17482,0,3,,,,
bg__P17509,0,2,,,,
bg__P17513,0,4,,,,
bg__P17518,0,1,,,,
bg__P17541,0,1,,,,
bg__P17558,0,1,,,,
bg__P17572,0,1,,,,
bg__P17585,0,1,,,,
bg__P17596,0,1,,,,
bg__P17610,0,1,,,,
bg__P17656,0,1,,,,
bg__P17657,0,2,,,,
bg__P17678,0,1,,,,
bg__P17685,0,2,,,,
bg__P17725,0,1,,,,
bg__P17791,0,2,,,,
bg__P17796,0,2,,,,
bg__P17811,0,2,,,,
bg__P17839,0,1,,,,
bg__P17890,0,1,,,,
bg__P17891,0,1,,,,
bg__P17900,0,1,,,,
bg__P17917,0,2,,,,
bg__P17937,0,1,,,,
bg__P17978,0,1,,,,
bg__P18036,0,2,,,,
bg__P18043,0,1,,,,
bg__P18053,0,4,,,,
bg__P18103,0,1,,,,
bg__P18111,0,2,,,,
bg__P18181,0,1,,,,
bg__P18186,0,1,,,,
bg__P18187,0,1,,,,
bg__P18196,0,1,,,,
bg__P18239,0,4,,,,
bg__P18284,0,1,,,,
bg__P18289,0,1,,,,
bg__P18345,0,1,,,,
bg__P18348,0,1,,,,
bg__P18405,0,1,,,,
bg__P18408,0,1,,,,
bg__P18410,0,1,,,,
bg__P18429,0,1,,,,
bg__P18496,0,1,,,,
bg__P18542,0,1,,,,
bg__P18543,0,1,,,,
bg__P18562,0,1,,,,
bg__P18573,0,1,,,,
bg__P18579,0,3,,,,
bg__P18598,0,6,,,,
bg__P18613,0,2,,,,
bg__P18626,0,2,,,,
bg__P18700,0,1,,,,
bg__P18761,0,1,,,,
bg__P18777,0,1,,,,
bg__P18813,0,1,,,,
bg__P18835,0,2,,,,
bg__P18846,0,3,,,,
bg__P18868,0,1,,,,
bg__P18915,0,2,,,,
bg__P18917,0,1,,,,
bg__P18921,0,1,,,,
bg__P19018,0,1,,,,
bg__P19056,0,1,,,,
bg__P19057,0,4,,,,
bg__P19075,0,2,,,,
bg__P19076,0,2,,,,
bg__P19141,0,1,,,,
bg__P19151,0,1,,,,
bg__P19219,0,1,,,,
bg__P19228,0,2,,,,
bg__P19237,0,1,,,,
bg__P19256,0,1,,,,
bg__P19317,0,1,,,,
bg__P19329,0,1,,,,
bg__P19335,0,6,,,,
bg__P19337,0,2,,,,
bg__P19382,0,1,,,,
bg__P19397,0,1,,,,
bg__P19437,0,1,,,,
bg__P19442,0,1,,,,
bg__P19464,0,1,,,,
bg__P19465,0,1,,,,
bg__P19476,0,1,,,,
bg__P19478,0,1,,,,
bg__P19498,0,1,,,,
bg__P19499,0,1,,,,
bg__P19516,0,1,,,,
bg__P19639,0,8,,,,
bg__P19652,0,1,,,,
bg__P19666,0,1,,,,
bg__P19669,0,1,,,,
bg__P19685,0,1,,,,
bg__P19748,0,1,,,,
bg__P19769,0,1,,,,
bg__P19791,0,1,,,,
bg__P19802,0,1,,,,
bg__P19844,0,1,,,,
bg__P19871,0,1,,,,
bg__P19879,0,4,,,,
bg__P19889,0,1,,,,
bg__P19892,0,2,,,,
bg__P19914,0,1,,,,
bg__P19920,0,1,,,,
bg__P19938,0,1,,,,
bg__P19940,0,1,,,,
bg__P19949,0,6,,,,
bg__P19954,0,1,,,,
bg__P19994,0,1,,,,
bg__P20035,0,2,,,,
bg__P20036,0,1,,,,
bg__P20052,0,1,,,,
bg__P20074,0,1,,,,
bg__P20108,0,5,,,,
bg__P20114,0,1,,,,
bg__P20135,0,1,,,,
bg__P20173,0,2,,,,
bg__P20232,0,1,,,,
bg__P20276,0,1,,,,
bg__P20334,0,1,,,,
bg__P20372,0,1,,,,
bg__P20396,0,1,,,,
bg__P20428,0,1,,,,
bg__P20434,0,2,,,,
bg__P20459,0,1,,,,
bg__P20489,0,2,,,,
bg__P20540,0,3,,,,
bg__P20581,0,1,,,,
bg__P20593,0,1,,,,
bg__P20618,0,5,,,,
bg__P20626,0,1,,,,
bg__P20630,0,2,,,,
bg__P20632,0,1,,,,
bg__P20656,0,5,,,,
bg__P20667,0,1,,,,
bg__P20668,0,1,,,,
bg__P20723,0,1,,,,
bg__P20751,0,1,,,,
bg__P20764,0,1,,,,
bg__P20790,0,3,,,,
bg__P20798,0,1,,,,
bg__P20851,0,1,,,,
bg__P20921,0,2,,,,
bg__P20934,0,1,,,,
bg__P20938,0,1,,,,
bg__P20942,0,6,,,,
bg__P21112,0,2,,,,
bg__P21135,0,1,,,,
bg__P21138,0,1,,,,
bg__P21159,0,1,,,,
bg__P21161,0,1,,,,
bg__P21188,0,1,,,,
bg__P21215,0,1,,,,
bg__P21216,0,4,,,,
bg__P21220,0,1,,,,
bg__P21242,0,1,,,,
bg__P21243,0,1,,,,
bg__P21259,0,1,,,,
bg__P21272,0,2,,,,
bg__P21291,0,5,,,,
bg__P21300,0,5,,,,
bg__P21309,0,1,,,,
bg__P21326,0,1,,,,
bg__P21338,0,1,,,,
bg__P21374,0,1,,,,
bg__P21461,0,6,,,,
bg__P21464,0,1,,,,
bg__P21533,0,6,,,,
bg__P21534,0,1,,,,
bg__P21573,0,1,,,,
bg__P21603,0,3,,,,
bg__P21605,0,1,,,,
bg__P21617,0,1,,,,
bg__P21627,0,1,,,,
bg__P21629,0,3,,,,
bg__P21631,0,1,,,,
bg__P21639,0,1,,,,
bg__P21641,0,1,,,,
bg__P21651,0,1,,,,
bg__P21658,0,1,,,,
bg__P21683,0,2,,,,
bg__P21684,0,1,,,,
bg__P21698,0,1,,,,
bg__P21699,0,1,,,,
bg__P21701,0,1,,,,
bg__P21702,0,1,,,,
bg__P21705,0,1,,,,
bg__P21743,0,3,,,,
bg__P21763,0,1,,,,
bg__P21765,0,4,,,,
bg__P21771,0,1,,,,
bg__P21781,0,2,,,,
bg__P21825,0,1,,,,
bg__P21828,0,1,,,,
bg__P21829,0,1,,,,
bg__P21841,0,1,,,,
bg__P21846,0,2,,,,
bg__P21850,0,1,,,,
bg__P21853,0,3,,,,
bg__P21866,0,1,,,,
bg__P21903,0,1,,,,
bg__P21919,0,6,,,,
bg__P21926,0,4,,,,
bg__P21935,0,1,,,,
bg__P21936,0,1,,,,
bg__P21942,0,3,,,,
bg__P21989,0,1,,,,
bg__P21992,0,1,,,,
bg__P22045,0,1,,,,
bg__P22057,0,1,,,,
bg__P22101,0,1,,,,
bg__P22124,0,2,,,,
bg__P22134,0,1,,,,
bg__P22143,0,1,,,,
bg__P22195,0,1,,,,
bg__P22203,0,1,,,,
bg__P22214,0,1,,,,
bg__P22227,0,1,,,,
bg__P22255,0,1,,,,
bg__P22291,0,2,,,,
bg__P22292,0,4,,,,
bg__P22318,0,1,,,,
bg__P22319,0,1,,,,
bg__P22353,0,1,,,,
bg__P22354,0,1,,,,
bg__P22390,0,1,,,,
bg__P22524,0,1,,,,
bg__P22549,0,1,,,,
bg__P22564,0,1,,,,
bg__P22575,0,1,,,,
bg__P22606,0,1,,,,
bg__P22610,0,2,,,,
bg__P22636,0,1,,,,
bg__P22643,0,1,,,,
bg__P22669,0,1,,,,
bg__P22676,0,4,,,,
bg__P22685,0,1,,,,
bg__P22731,0,2,,,,
bg__P22746,0,1,,,,
bg__P22748,0,1,,,,
bg__P22769,0,2,,,,
bg__P22778,0,1,,,,
bg__P22794,0,1,,,,
bg__P22798,0,1,,,,
bg__P22822,0,1,,,,
bg__P22831,0,3,,,,
bg__P22841,0,1,,,,
bg__P22844,0,2,,,,
bg__P22862,0,1,,,,
bg__P22906,0,1,,,,
bg__P22939,0,1,,,,
bg__P22959,0,1,,,,
bg__P22972,0,1,,,,
bg__P22990,0,1,,,,
bg__P23025,0,3,,,,
bg__P23043,0,1,,,,
bg__P23057,0,1,,,,
bg__P23068,0,1,,,,
bg__P23070,0,1,,,,
bg__P23102,0,1,,,,
bg__P23196,0,6,,,,
bg__P23266,0,3,,,,
bg__P23267,0,1,,,,
bg__P23275,0,2,,,,
bg__P23280,0,1,,,,
bg__P23354,0,1,,,,
bg__P23356,0,6,,,,
bg__P23446,0,1,,,,
bg__P23472,0,2,,,,
bg__P23485,0,1,,,,
bg__P23490,0,1,,,,
bg__P23498,0,1,,,,
bg__P23558,0,1,,,,
bg__P23573,0,1,,,,
bg__P23577,0,1,,,,
bg__P23614,0,1,,,,
bg__P23624,0,1,,,,
bg__P23638,0,1,,,,
bg__P23639,0,1,,,,
bg__P23641,0,1,,,,
bg__P23670,0,1,,,,
bg__P23673,0,1,,,,
bg__P23709,0,4,,,,
bg__P23710,0,1,,,,
bg__P23724,0,1,,,,
bg__P23797,0,1,,,,
bg__P23833,0,1,,,,
bg__P23839,0,1,,,,
bg__P23841,0,1,,,,
bg__P23872,0,1,,,,
bg__P23878,0,1,,,,
bg__P23882,0,2,,,,
bg__P23917,0,1,,,,
bg__P23919,0,2,,,,
bg__P23926,0,2,,,,
bg__P23974,0,1,,,,
bg__P24001,0,1,,,,
bg__P24005,0,1,,,,
bg__P24008,0,2,,,,
bg__P24009,0,2,,,,
bg__P24021,0,1,,,,
bg__P24038,0,1,,,,
bg__P24055,0,1,,,,
bg__P24061,0,3,,,,
bg__P24069,0,1,,,,
bg__P24071,0,1,,,,
bg__P24097,0,1,,,,
bg__P24103,0,8,,,,
bg__P24121,0,1,,,,
bg__P24137,0,1,,,,
bg__P24138,0,1,,,,
bg__P24139,0,1,,,,
bg__P24146,0,1,,,,
bg__P24152,0,1,,,,
bg__P24156,0,4,,,,
bg__P24173,0,2,,,,
bg__P24197,0,1,,,,
bg__P24200,0,1,,,,
bg__P24202,0,1,,,,
bg__P24203,0,1,,,,
bg__P24327,0,1,,,,
bg__P24343,0,1,,,,
bg__P24361,0,1,,,,
bg__P24362,0,1,,,,
bg__P24369,0,4,,,,
bg__P24385,0,9,,,,
bg__P24408,0,2,,,,
bg__P24472,0,1,,,,
bg__P24490,0,3,,,,
bg__P24499,0,1,,,,
bg__P24504,0,2,,,,
bg__P24592,0,4,,,,
bg__P24593,0,4,,,,
bg__P24601,0,1,,,,
bg__P24613,0,1,,,,
bg__P24615,0,2,,,,
bg__P24618,0,2,,,,
bg__P24626,0,5,,,,
bg__P24635,0,2,,,,
bg__P24665,0,1,,,,
bg__P24687,0,1,,,,
bg__P24721,0,2,,,,
bg__P24727,0,1,,,,
bg__P24728,0,1,,,,
bg__P24730,0,1,,,,
bg__P24734,0,1,,,,
bg__P24755,0,3,,,,
bg__P24763,0,1,,,,
bg__P24770,0,1,,,,
bg__P24800,0,1,,,,
bg__P24808,0,1,,,,
bg__P24817,0,1,,,,
bg__P24867,0,1,,,,
bg__P24887,0,2,,,,
bg__P24891,0,1,,,,
bg__P24936,0,1,,,,
bg__P24937,0,2,,,,
bg__P24940,0,1,,,,
bg__P25007,0,2,,,,
bg__P25026,0,2,,,,
bg__P25043,0,1,,,,
bg__P25046,0,1,,,,
bg__P25052,0,1,,,,
bg__P25076,0,4,,,,
bg__P25084,0,1,,,,
bg__P25156,0,1,,,,
bg__P25189,0,5,,,,
bg__P25223,0,2,,,,
bg__P25299,0,1,,,,
bg__P25310,0,1,,,,
bg__P25311,0,1,,,,
bg__P25323,0,1,,,,
bg__P25334,0,1,,,,
bg__P25343,0,2,,,,
bg__P25349,0,1,,,,
bg__P25354,0,1,,,,
bg__P25368,0,1,,,,
bg__P25378,0,1,,,,
bg__P25385,0,1,,,,
bg__P25397,0,1,,,,
bg__P25435,0,8,,,,
bg__P25443,0,2,,,,
bg__P25444,0,12,,,,
bg__P25451,0,1,,,,
bg__P25478,0,1,,,,
bg__P25554,0,1,,,,
bg__P25560,0,1,,,,
bg__P25576,0,1,,,,
bg__P25586,0,1,,,,
bg__P25587,0,1,,,,
bg__P25605,0,1,,,,
bg__P25613,0,2,,,,
bg__P25617,0,1,,,,
bg__P25627,0,1,,,,
bg__P25637,0,1,,,,
bg__P25659,0,1,,,,
bg__P25693,0,1,,,,
bg__P25736,0,1,,,,
bg__P25741,0,2,,,,
bg__P25786,0,6,,,,
bg__P25787,0,4,,,,
bg__P25788,0,4,,,,
bg__P25813,0,1,,,,
bg__P25873,0,1,,,,
bg__P25878,0,3,,,,
bg__P25892,0,4,,,,
bg__P25894,0,1,,,,
bg__P25906,0,1,,,,
bg__P25910,0,1,,,,
bg__P25914,0,1,,,,
bg__P25920,0,1,,,,
bg__P25971,0,2,,,,
bg__P26174,0,1,,,,
bg__P26186,0,1,,,,
bg__P26212,0,1,,,,
bg__P26256,0,1,,,,
bg__P26260,0,5,,,,
bg__P26275,0,1,,,,
bg__P26321,0,1,,,,
bg__P26343,0,1,,,,
bg__P26396,0,2,,,,
bg__P26441,0,1,,,,
bg__P26448,0,1,,,,
bg__P26475,0,1,,,,
bg__P26497,0,1,,,,
bg__P26568,0,1,,,,
bg__P26569,0,1,,,,
bg__P26583,0,4,,,,
bg__P26587,0,2,,,,
bg__P26623,0,1,,,,
bg__P26624,0,1,,,,
bg__P26644,0,1,,,,
bg__P26645,0,2,,,,
bg__P26647,0,1,,,,
bg__P26652,0,3,,,,
bg__P26672,0,1,,,,
bg__P26690,0,1,,,,
bg__P26754,0,1,,,,
bg__P26797,0,1,,,,
bg__P26798,0,1,,,,
bg__P26825,0,2,,,,
bg__P26842,0,1,,,,
bg__P26876,0,2,,,,
bg__P26892,0,1,,,,
bg__P26902,0,1,,,,
bg__P26904,0,1,,,,
bg__P26918,0,1,,,,
bg__P26936,0,1,,,,
bg__P26937,0,1,,,,
bg__P26968,0,1,,,,
bg__P26993,0,1,,,,
bg__P27024,0,8,,,,
bg__P27042,0,1,,,,
bg__P27051,0,3,,,,
bg__P27105,0,2,,,,
bg__P27111,0,1,,,,
bg__P27126,0,1,,,,
bg__P27134,0,1,,,,
bg__P27139,0,6,,,,
bg__P27150,0,2,,,,
bg__P27164,0,1,,,,
bg__P27177,0,1,,,,
bg__P27197,0,1,,,,
bg__P27240,0,1,,,,
bg__P27241,0,1,,,,
bg__P27268,0,1,,,,
bg__P27305,0,1,,,,
bg__P27309,0,1,,,,
bg__P27380,0,1,,,,
bg__P27402,0,1,,,,
bg__P27426,0,1,,,,
bg__P27457,0,1,,,,
bg__P27477,0,1,,,,
bg__P27512,0,1,,,,
bg__P27597,0,1,,,,
bg__P27616,0,1,,,,
bg__P27620,0,1,,,,
bg__P27644,0,1,,,,
bg__P27645,0,2,,,,
bg__P27652,0,1,,,,
bg__P27680,0,1,,,,
bg__P27701,0,3,,,,
bg__P27768,0,2,,,,
bg__P27771,0,1,,,,
bg__P27805,0,1,,,,
bg__P27806,0,1,,,,
bg__P27811,0,4,,,,
bg__P27832,0,1,,,,
bg__P27836,0,1,,,,
bg__P27848,0,1,,,,
bg__P27862,0,1,,,,
bg__P27869,0,1,,,,
bg__P27876,0,5,,,,
bg__P27955,0,1,,,,
bg__P27970,0,2,,,,
bg__P28007,0,1,,,,
bg__P28018,0,1,,,,
bg__P28030,0,1,,,,
bg__P28063,0,5,,,,
bg__P28065,0,3,,,,
bg__P28067,0,2,,,,
bg__P28068,0,2,,,,
bg__P28094,0,1,,,,
bg__P28155,0,1,,,,
bg__P28163,0,1,,,,
bg__P28174,0,1,,,,
bg__P28233,0,2,,,,
bg__P28238,0,1,,,,
bg__P28257,0,2,,,,
bg__P28282,0,1,,,,
bg__P28305,0,1,,,,
bg__P28319,0,1,,,,
bg__P28320,0,1,,,,
bg__P28361,0,1,,,,
bg__P28493,0,1,,,,
bg__P28495,0,1,,,,
bg__P28518,0,1,,,,
bg__P28549,0,1,,,,
bg__P28550,0,1,,,,
bg__P28612,0,1,,,,
bg__P28627,0,1,,,,
bg__P28634,0,1,,,,
bg__P28635,0,1,,,,
bg__P28638,0,1,,,,
bg__P28647,0,5,,,,
bg__P28651,0,3,,,,
bg__P28759,0,1,,,,
bg__P28760,0,3,,,,
bg__P28772,0,1,,,,
bg__P28811,0,1,,,,
bg__P28821,0,1,,,,
bg__P28822,0,1,,,,
bg__P28861,0,2,,,,
bg__P28891,0,1,,,,
bg__P28960,0,1,,,,
bg__P28971,0,1,,,,
bg__P28995,0,1,,,,
bg__P29002,0,1,,,,
bg__P29023,0,2,,,,
bg__P29031,0,1,,,,
bg__P29036,0,2,,,,
bg__P29054,0,5,,,,
bg__P29060,0,1,,,,
bg__P29061,0,1,,,,
bg__P29082,0,1,,,,
bg__P29131,0,1,,,,
bg__P29136,0,1,,,,
bg__P29163,0,1,,,,
bg__P29169,0,1,,,,
bg__P29175,0,2,,,,
bg__P29191,0,1,,,,
bg__P29219,0,7,,,,
bg__P29241,0,2,,,,
bg__P29355,0,1,,,,
bg__P29369,0,1,,,,
bg__P29372,0,1,,,,
bg__P29381,0,2,,,,
bg__P29382,0,2,,,,
bg__P29383,0,1,,,,
bg__P29386,0,1,,,,
bg__P29453,0,2,,,,
bg__P29478,0,1,,,,
bg__P29506,0,1,,,,
bg__P29509,0,2,,,,
bg__P29522,0,2,,,,
bg__P29564,0,1,,,,
bg__P29588,0,1,,,,
bg__P29600,0,2,,,,
bg__P29613,0,3,,,,
bg__P29632,0,7,,,,
bg__P29649,0,1,,,,
bg__P29676,0,1,,,,
bg__P29692,0,5,,,,
bg__P29703,0,1,,,,
bg__P29715,0,1,,,,
bg__P29737,0,2,,,,
bg__P29781,0,1,,,,
bg__P29783,0,1,,,,
bg__P29808,0,1,,,,
bg__P29847,0,2,,,,
bg__P29875,0,1,,,,
bg__P29878,0,2,,,,
bg__P29914,0,1,,,,
bg__P29917,0,1,,,,
bg__P29928,0,1,,,,
bg__P29936,0,1,,,,
bg__P29986,0,1,,,,
bg__P29987,0,1,,,,
bg__P29988,0,1,,,,
bg__P29996,0,5,,,,
bg__P30012,0,2,,,,
bg__P30022,0,1,,,,
bg__P30107,0,1,,,,
bg__P30111,0,1,,,,
bg__P30121,0,3,,,,
bg__P30138,0,1,,,,
bg__P30147,0,1,,,,
bg__P30149,0,1,,,,
bg__P30152,0,1,,,,
bg__P30177,0,1,,,,
bg__P30279,0,5,,,,
bg__P30300,0,1,,,,
bg__P30362,0,1,,,,
bg__P30402,0,2,,,,
bg__P30519,0,4,,,,
bg__P30568,0,1,,,,
bg__P30634,0,1,,,,
bg__P30636,0,1,,,,
bg__P30655,0,1,,,,
bg__P30656,0,1,,,,
bg__P30657,0,1,,,,
bg__P30713,0,4,,,,
bg__P30715,0,1,,,,
bg__P30759,0,1,,,,
bg__P30793,0,5,,,,
bg__P30828,0,1,,,,
bg__P30843,0,1,,,,
bg__P30859,0,1,,,,
bg__P30860,0,1,,,,
bg__P30907,0,1,,,,
bg__P30911,0,4,,,,
bg__P30931,0,1,,,,
bg__P30941,0,3,,,,
bg__P30954,0,4,,,,
bg__P30967,0,1,,,,
bg__P31079,0,1,,,,
bg__P31096,0,3,,,,
bg__P31097,0,1,,,,
bg__P31105,0,1,,,,
bg__P31106,0,4,,,,
bg__P31112,0,1,,,,
bg__P31113,0,1,,,,
bg__P31125,0,1,,,,
bg__P31129,0,1,,,,
bg__P31135,0,1,,,,
bg__P31142,0,1,,,,
bg__P31155,0,1,,,,
bg__P31161,0,1,,,,
bg__P31164,0,2,,,,
bg__P31166,0,1,,,,
bg__P31168,0,1,,,,
bg__P31170,0,1,,,,
bg__P31259,0,1,,,,
bg__P31263,0,1,,,,
bg__P31267,0,2,,,,
bg__P31269,0,2,,,,
bg__P31275,0,1,,,,
bg__P31311,0,2,,,,
bg__P31313,0,2,,,,
bg__P31316,0,2,,,,
bg__P31334,0,1,,,,
bg__P31377,0,1,,,,
bg__P31420,0,1,,,,
bg__P31459,0,1,,,,
bg__P31463,0,1,,,,
bg__P31467,0,1,,,,
bg__P31533,0,1,,,,
bg__P31570,0,1,,,,
bg__P31574,0,1,,,,
bg__P31579,0,1,,,,
bg__P31581,0,2,,,,
bg__P31617,0,1,,,,
bg__P31665,0,1,,,,
bg__P31667,0,1,,,,
bg__P31680,0,1,,,,
bg__P31697,0,1,,,,
bg__P31712,0,1,,,,
bg__P31716,0,1,,,,
bg__P31735,0,1,,,,
bg__P31783,0,1,,,,
bg__P31825,0,1,,,,
bg__P31867,0,2,,,,
bg__P31897,0,1,,,,
bg__P31941,0,1,,,,
bg__P31955,0,2,,,,
bg__P31994,0,1,,,,
bg__P32029,0,1,,,,
bg__P32100,0,1,,,,
bg__P32141,0,1,,,,
bg__P32143,0,1,,,,
bg__P32144,0,1,,,,
bg__P32166,0,1,,,,
bg__P32177,0,1,,,,
bg__P32178,0,1,,,,
bg__P32199,0,1,,,,
bg__P32200,0,2,,,,
bg__P32252,0,1,,,,
bg__P32263,0,1,,,,
bg__P32286,0,1,,,,
bg__P32331,0,1,,,,
bg__P32338,0,1,,,,
bg__P32341,0,1,,,,
bg__P32352,0,1,,,,
bg__P32360,0,1,,,,
bg__P32379,0,1,,,,
bg__P32387,0,1,,,,
bg__P32393,0,1,,,,
bg__P32400,0,1,,,,
bg__P32420,0,1,,,,
bg__P32436,0,1,,,,
bg__P32447,0,1,,,,
bg__P32453,0,1,,,,
bg__P32469,0,1,,,,
bg__P32489,0,1,,,,
bg__P32496,0,1,,,,
bg__P32520,0,1,,,,
bg__P32524,0,1,,,,
bg__P32557,0,1,,,,
bg__P32572,0,1,,,,
bg__P32573,0,1,,,,
bg__P32584,0,1,,,,
bg__P32585,0,1,,,,
bg__P32587,0,1,,,,
bg__P32602,0,1,,,,
bg__P32605,0,1,,,,
bg__P32610,0,1,,,,
bg__P32642,0,1,,,,
bg__P32643,0,1,,,,
bg__P32645,0,1,,,,
bg__P32656,0,1,,,,
bg__P32675,0,1,,,,
bg__P32718,0,1,,,,
bg__P32719,0,1,,,,
bg__P32732,0,1,,,,
bg__P32740,0,1,,,,
bg__P32761,0,1,,,,
bg__P32773,0,1,,,,
bg__P32787,0,1,,,,
bg__P32788,0,1,,,,
bg__P32800,0,1,,,,
bg__P32805,0,1,,,,
bg__P32845,0,1,,,,
bg__P32854,0,1,,,,
bg__P32860,0,1,,,,
bg__P32897,0,1,,,,
bg__P32910,0,1,,,,
bg__P32912,0,1,,,,
bg__P32939,0,1,,,,
bg__P32960,0,1,,,,
bg__P32971,0,1,,,,
bg__P32972,0,1,,,,
bg__P32980,0,1,,,,
bg__P33018,0,1,,,,
bg__P33025,0,1,,,,
bg__P33049,0,2,,,,
bg__P33073,0,1,,,,
bg__P33122,0,1,,,,
bg__P33128,0,1,,,,
bg__P33135,0,1,,,,
bg__P33158,0,4,,,,
bg__P33182,0,2,,,,
bg__P33185,0,2,,,,
bg__P33186,0,1,,,,
bg__P33228,0,1,,,,
bg__P33234,0,1,,,,
bg__P33296,0,1,,,,
bg__P33312,0,1,,,,
bg__P33316,0,2,,,,
bg__P33333,0,1,,,,
bg__P33342,0,1,,,,
bg__P33343,0,1,,,,
bg__P33358,0,1,,,,
bg__P33359,0,1,,,,
bg__P33360,0,1,,,,
bg__P33362,0,1,,,,
bg__P33376,0,2,,,,
bg__P33378,0,1,,,,
bg__P33399,0,1,,,,
bg__P33411,0,1,,,,
bg__P33422,0,1,,,,
bg__P33483,0,3,,,,
bg__P33486,0,1,,,,
bg__P33498,0,3,,,,
bg__P33507,0,3,,,,
bg__P33553,0,2,,,,
bg__P33566,0,1,,,,
bg__P33644,0,2,,,,
bg__P33663,0,1,,,,
bg__P33664,0,1,,,,
bg__P33681,0,1,,,,
bg__P33690,0,1,,,,
bg__P33706,0,1,,,,
bg__P33736,0,1,,,,
bg__P33742,0,2,,,,
bg__P33751,0,1,,,,
bg__P33752,0,1,,,,
bg__P33754,0,1,,,,
bg__P33759,0,1,,,,
bg__P33772,0,2,,,,
bg__P33905,0,1,,,,
bg__P33912,0,1,,,,
bg__P33934,0,1,,,,
bg__P34024,0,1,,,,
bg__P34057,0,2,,,,
bg__P34066,0,3,,,,
bg__P34071,0,3,,,,
bg__P34112,0,1,,,,
bg__P34117,0,1,,,,
bg__P34119,0,1,,,,
bg__P34122,0,1,,,,
bg__P34130,0,1,,,,
bg__P34149,0,1,,,,
bg__P34150,0,1,,,,
bg__P34179,0,1,,,,
bg__P34204,0,1,,,,
bg__P34206,0,3,,,,
bg__P34227,0,1,,,,
bg__P34234,0,1,,,,
bg__P34247,0,1,,,,
bg__P34253,0,1,,,,
bg__P34254,0,1,,,,
bg__P34277,0,1,,,,
bg__P34345,0,1,,,,
bg__P34348,0,1,,,,
bg__P34440,0,1,,,,
bg__P34443,0,2,,,,
bg__P34453,0,1,,,,
bg__P34461,0,1,,,,
bg__P34465,0,1,,,,
bg__P34470,0,1,,,,
bg__P34548,0,1,,,,
bg__P34559,0,1,,,,
bg__P34560,0,1,,,,
bg__P34599,0,1,,,,
bg__P34604,0,1,,,,
bg__P34623,0,1,,,,
bg__P34630,0,1,,,,
bg__P34663,0,1,,,,
bg__P34666,0,1,,,,
bg__P34682,0,1,,,,
bg__P34683,0,1,,,,
bg__P34684,0,1,,,,
bg__P34685,0,1,,,,
bg__P34686,0,1,,,,
bg__P34688,0,1,,,,
bg__P34714,0,1,,,,
bg__P34730,0,23,,,,
bg__P34746,0,1,,,,
bg__P34766,0,1,,,,
bg__P34791,0,1,,,,
bg__P34803,0,1,,,,
bg__P34804,0,1,,,,
bg__P34819,0,1,,,,
bg__P34901,0,1,,,,
bg__P34935,0,1,,,,
bg__P34983,0,1,,,,
bg__P34985,0,1,,,,
bg__P35001,0,2,,,,
bg__P35026,0,1,,,,
bg__P35122,0,1,,,,
bg__P35127,0,1,,,,
bg__P35146,0,1,,,,
bg__P35154,0,1,,,,
bg__P35159,0,1,,,,
bg__P35176,0,1,,,,
bg__P35178,0,1,,,,
bg__P35182,0,1,,,,
bg__P35189,0,1,,,,
bg__P35196,0,1,,,,
bg__P35200,0,1,,,,
bg__P35202,0,1,,,,
bg__P35218,0,3,,,,
bg__P35288,0,2,,,,
bg__P35327,0,1,,,,
bg__P35330,0,1,,,,
bg__P35382,0,1,,,,
bg__P35391,0,1,,,,
bg__P35428,0,7,,,,
bg__P35452,0,2,,,,
bg__P35509,0,1,,,,
bg__P35537,0,1,,,,
bg__P35547,0,1,,,,
bg__P35548,0,3,,,,
bg__P35554,0,1,,,,
bg__P35589,0,1,,,,
bg__P35631,0,3,,,,
bg__P35632,0,1,,,,
bg__P35667,0,1,,,,
bg__P35709,0,2,,,,
bg__P35718,0,1,,,,
bg__P35719,0,1,,,,
bg__P35731,0,1,,,,
bg__P35734,0,1,,,,
bg__P35759,0,2,,,,
bg__P35801,0,6,,,,
bg__P35837,0,1,,,,
bg__P35848,0,1,,,,
bg__P35897,0,1,,,,
bg__P35898,0,1,,,,
bg__P35915,0,1,,,,
bg__P35988,0,1,,,,
bg__P36012,0,1,,,,
bg__P36015,0,1,,,,
bg__P36017,0,1,,,,
bg__P36018,0,1,,,,
bg__P36038,0,1,,,,
bg__P36039,0,1,,,,
bg__P36040,0,1,,,,
bg__P36057,0,1,,,,
bg__P36060,0,2,,,,
bg__P36068,0,1,,,,
bg__P36069,0,1,,,,
bg__P36095,0,1,,,,
bg__P36108,0,1,,,,
bg__P36121,0,1,,,,
bg__P36125,0,1,,,,
bg__P36131,0,1,,,,
bg__P36136,0,1,,,,
bg__P36139,0,1,,,,
bg__P36144,0,1,,,,
bg__P36149,0,1,,,,
bg__P36167,0,1,,,,
bg__P36184,0,1,,,,
bg__P36186,0,2,,,,
bg__P36188,0,1,,,,
bg__P36213,0,1,,,,
bg__P36218,0,1,,,,
bg__P36241,0,1,,,,
bg__P36256,0,3,,,,
bg__P36393,0,2,,,,
bg__P36519,0,1,,,,
bg__P36521,0,1,,,,
bg__P36523,0,1,,,,
bg__P36525,0,1,,,,
bg__P36528,0,1,,,,
bg__P36534,0,1,,,,
bg__P36542,0,4,,,,
bg__P36543,0,3,,,,
bg__P36566,0,2,,,,
bg__P36571,0,1,,,,
bg__P36608,0,2,,,,
bg__P36615,0,1,,,,
bg__P36618,0,1,,,,
bg__P36659,0,1,,,,
bg__P36667,0,1,,,,
bg__P36673,0,1,,,,
bg__P36680,0,1,,,,
bg__P36767,0,1,,,,
bg__P36771,0,1,,,,
bg__P36798,0,1,,,,
bg__P36879,0,1,,,,
bg__P36923,0,1,,,,
bg__P36939,0,30,,,,
bg__P36945,0,1,,,,
bg__P36949,0,1,,,,
bg__P36973,0,1,,,,
bg__P36980,0,1,,,,
bg__P36999,0,1,,,,
bg__P37016,0,1,,,,
bg__P37028,0,4,,,,
bg__P37049,0,1,,,,
bg__P37051,0,1,,,,
bg__P37058,0,3,,,,
bg__P37079,0,1,,,,
bg__P37146,0,1,,,,
bg__P37171,0,1,,,,
bg__P37212,0,4,,,,
bg__P37218,0,1,,,,
bg__P37237,0,2,,,,
bg__P37262,0,1,,,,
bg__P37269,0,1,,,,
bg__P37298,0,1,,,,
bg__P37306,0,1,,,,
bg__P37321,0,1,,,,
bg__P37329,0,1,,,,
bg__P37334,0,1,,,,
bg__P37355,0,1,,,,
bg__P37382,0,1,,,,
bg__P37416,0,1,,,,
bg__P37447,0,4,,,,
bg__P37449,0,2,,,,
bg__P37454,0,1,,,,
bg__P37478,0,2,,,,
bg__P37487,0,1,,,,
bg__P37517,0,1,,,,
bg__P37522,0,1,,,,
bg__P37524,0,1,,,,
bg__P37530,0,1,,,,
bg__P37537,0,1,,,,
bg__P37548,0,1,,,,
bg__P37551,0,1,,,,
bg__P37580,0,1,,,,
bg__P37599,0,1,,,,
bg__P37610,0,1,,,,
bg__P37619,0,1,,,,
bg__P37623,0,1,,,,
bg__P37634,0,1,,,,
bg__P37639,0,1,,,,
bg__P37646,0,1,,,,
bg__P37665,0,1,,,,
bg__P37671,0,1,,,,
bg__P37678,0,1,,,,
bg__P37679,0,1,,,,
bg__P37680,0,4,,,,
bg__P37711,0,1,,,,
bg__P37728,0,2,,,,
bg__P37734,0,1,,,,
bg__P37737,0,1,,,,
bg__P37757,0,1,,,,
bg__P37769,0,1,,,,
bg__P37774,0,1,,,,
bg__P37810,0,1,,,,
bg__P37813,0,1,,,,
bg__P37878,0,1,,,,
bg__P37902,0,1,,,,
bg__P37958,0,1,,,,
bg__P37965,0,1,,,,
bg__P38011,0,1,,,,
bg__P38020,0,1,,,,
bg__P38046,0,1,,,,
bg__P38064,0,1,,,,
bg__P38072,0,1,,,,
bg__P38077,0,1,,,,
bg__P38082,0,1,,,,
bg__P38118,0,1,,,,
bg__P38120,0,1,,,,
bg__P38122,0,1,,,,
bg__P38123,0,1,,,,
bg__P38145,0,1,,,,
bg__P38146,0,1,,,,
bg__P38152,0,1,,,,
bg__P38172,0,1,,,,
bg__P38197,0,1,,,,
bg__P38224,0,1,,,,
bg__P38234,0,1,,,,
bg__P38238,0,1,,,,
bg__P38242,0,1,,,,
bg__P38260,0,1,,,,
bg__P38265,0,1,,,,
bg__P38279,0,1,,,,
bg__P38281,0,1,,,,
bg__P38282,0,1,,,,
bg__P38300,0,1,,,,
bg__P38301,0,1,,,,
bg__P38307,0,1,,,,
bg__P38324,0,1,,,,
bg__P38326,0,1,,,,
bg__P38331,0,1,,,,
bg__P38336,0,1,,,,
bg__P38340,0,1,,,,
bg__P38342,0,1,,,,
bg__P38372,0,4,,,,
bg__P38413,0,1,,,,
bg__P38428,0,1,,,,
bg__P38440,0,1,,,,
bg__P38446,0,1,,,,
bg__P38447,0,3,,,,
bg__P38483,0,2,,,,
bg__P38486,0,4,,,,
bg__P38491,0,1,,,,
bg__P38516,0,1,,,,
bg__P38523,0,1,,,,
bg__P38551,0,1,,,,
bg__P38555,0,2,,,,
bg__P38564,0,1,,,,
bg__P38620,0,1,,,,
bg__P38632,0,1,,,,
bg__P38634,0,1,,,,
bg__P38637,0,1,,,,
bg__P38684,0,1,,,,
bg__P38689,0,1,,,,
bg__P38710,0,1,,,,
bg__P38727,0,1,,,,
bg__P38759,0,1,,,,
bg__P38765,0,1,,,,
bg__P38771,0,1,,,,
bg__P38774,0,2,,,,
bg__P38777,0,1,,,,
bg__P38782,0,1,,,,
bg__P38785,0,1,,,,
bg__P38786,0,1,,,,
bg__P38790,0,1,,,,
bg__P38805,0,1,,,,
bg__P38806,0,1,,,,
bg__P38815,0,1,,,,
bg__P38828,0,1,,,,
bg__P38829,0,1,,,,
bg__P38837,0,1,,,,
bg__P38838,0,1,,,,
bg__P38842,0,1,,,,
bg__P38843,0,1,,,,
bg__P38855,0,1,,,,
bg__P38858,0,1,,,,
bg__P38869,0,1,,,,
bg__P38872,0,1,,,,
bg__P38874,0,1,,,,
bg__P38878,0,1,,,,
bg__P38885,0,1,,,,
bg__P38886,0,1,,,,
bg__P38892,0,1,,,,
bg__P38913,0,1,,,,
bg__P38921,0,1,,,,
bg__P38927,0,1,,,,
bg__P38930,0,1,,,,
bg__P38937,0,1,,,,
bg__P38957,0,1,,,,
bg__P38975,0,1,,,,
bg__P38976,0,1,,,,
bg__P38987,0,1,,,,
bg__P38988,0,1,,,,
bg__P39005,0,1,,,,
bg__P39015,0,1,,,,
bg__P39039,0,2,,,,
bg__P39042,0,1,,,,
bg__P39043,0,1,,,,
bg__P39064,0,1,,,,
bg__P39071,0,1,,,,
bg__P39074,0,1,,,,
bg__P39075,0,1,,,,
bg__P39127,0,1,,,,
bg__P39144,0,1,,,,
bg__P39147,0,1,,,,
bg__P39151,0,1,,,,
bg__P39163,0,1,,,,
bg__P39172,0,1,,,,
bg__P39173,0,1,,,,
bg__P39176,0,1,,,,
bg__P39199,0,1,,,,
bg__P39265,0,1,,,,
bg__P39267,0,1,,,,
bg__P39298,0,1,,,,
bg__P39304,0,1,,,,
bg__P39305,0,1,,,,
bg__P39315,0,1,,,,
bg__P39325,0,1,,,,
bg__P39333,0,1,,,,
bg__P39359,0,1,,,,
bg__P39376,0,1,,,,
bg__P39380,0,1,,,,
bg__P39399,0,1,,,,
bg__P39405,0,1,,,,
bg__P39408,0,1,,,,
bg__P39409,0,1,,,,
bg__P39413,0,1,,,,
bg__P39423,0,1,,,,
bg__P39456,0,1,,,,
bg__P39471,0,1,,,,
bg__P39483,0,6,,,,
bg__P39543,0,1,,,,
bg__P39547,0,1,,,,
bg__P39548,0,1,,,,
bg__P39551,0,2,,,,
bg__P39552,0,2,,,,
bg__P39582,0,1,,,,
bg__P39605,0,1,,,,
bg__P39610,0,1,,,,
bg__P39615,0,1,,,,
bg__P39620,0,1,,,,
bg__P39621,0,1,,,,
bg__P39629,0,1,,,,
bg__P39630,0,1,,,,
bg__P39640,0,1,,,,
bg__P39644,0,1,,,,
bg__P39645,0,4,,,,
bg__P39647,0,1,,,,
bg__P39648,0,1,,,,
bg__P39650,0,1,,,,
bg__P39663,0,1,,,,
bg__P39666,0,1,,,,
bg__P39691,0,1,,,,
bg__P39694,0,1,,,,
bg__P39701,0,1,,,,
bg__P39707,0,1,,,,
bg__P39715,0,1,,,,
bg__P39731,0,1,,,,
bg__P39735,0,1,,,,
bg__P39742,0,1,,,,
bg__P39776,0,1,,,,
bg__P39787,0,1,,,,
bg__P39788,0,1,,,,
bg__P39796,0,1,,,,
bg__P39800,0,1,,,,
bg__P39813,0,1,,,,
bg__P39822,0,1,,,,
bg__P39824,0,1,,,,
bg__P39832,0,1,,,,
bg__P39841,0,1,,,,
bg__P39871,0,1,,,,
bg__P39897,0,1,,,,
bg__P39926,0,2,,,,
bg__P39929,0,1,,,,
bg__P39942,0,5,,,,
bg__P39983,0,1,,,,
bg__P39988,0,1,,,,
bg__P39995,0,1,,,,
bg__P40003,0,1,,,,
bg__P40007,0,1,,,,
bg__P40011,0,1,,,,
bg__P40035,0,1,,,,
bg__P40040,0,1,,,,
bg__P40056,0,1,,,,
bg__P40063,0,1,,,,
bg__P40065,0,1,,,,
bg__P40072,0,1,,,,
bg__P40075,0,1,,,,
bg__P40080,0,1,,,,
bg__P40100,0,1,,,,
bg__P40106,0,2,,,,
bg__P40112,0,3,,,,
bg__P40117,0,1,,,,
bg__P40154,0,1,,,,
bg__P40165,0,1,,,,
bg__P40167,0,1,,,,
bg__P40169,0,1,,,,
bg__P40186,0,1,,,,
bg__P40198,0,1,,,,
bg__P40202,0,1,,,,
bg__P40207,0,1,,,,
bg__P40228,0,2,,,,
bg__P40232,0,1,,,,
bg__P40259,0,1,,,,
bg__P40261,0,3,,,,
bg__P40275,0,3,,,,
bg__P40302,0,1,,,,
bg__P40303,0,1,,,,
bg__P40304,0,1,,,,
bg__P40306,0,4,,,,
bg__P40325,0,1,,,,
bg__P40344,0,1,,,,
bg__P40363,0,1,,,,
bg__P40380,0,1,,,,
bg__P40401,0,1,,,,
bg__P40403,0,1,,,,
bg__P40409,0,1,,,,
bg__P40459,0,1,,,,
bg__P40464,0,1,,,,
bg__P40471,0,1,,,,
bg__P40478,0,1,,,,
bg__P40484,0,1,,,,
bg__P40496,0,1,,,,
bg__P40509,0,1,,,,
bg__P40513,0,1,,,,
bg__P40516,0,1,,,,
bg__P40526,0,1,,,,
bg__P40529,0,1,,,,
bg__P40543,0,1,,,,
bg__P40545,0,1,,,,
bg__P40552,0,1,,,,
bg__P40555,0,1,,,,
bg__P40558,0,1,,,,
bg__P40561,0,1,,,,
bg__P40570,0,1,,,,
bg__P40573,0,1,,,,
bg__P40574,0,1,,,,
bg__P40576,0,1,,,,
bg__P40579,0,1,,,,
bg__P40580,0,1,,,,
bg__P40582,0,1,,,,
bg__P40683,0,1,,,,
bg__P40710,0,1,,,,
bg__P40722,0,1,,,,
bg__P40742,0,1,,,,
bg__P40746,0,1,,,,
bg__P40794,0,1,,,,
bg__P40802,0,1,,,,
bg__P40805,0,1,,,,
bg__P40847,0,1,,,,
bg__P40881,0,1,,,,
bg__P40899,0,1,,,,
bg__P40915,0,1,,,,
bg__P40917,0,1,,,,
bg__P40935,0,5,,,,
bg__P40936,0,1,,,,
bg__P40948,0,1,,,,
bg__P40949,0,1,,,,
bg__P40961,0,2,,,,
bg__P41008,0,2,,,,
bg__P41043,0,1,,,,
bg__P41044,0,1,,,,
bg__P41088,0,1,,,,
bg__P41117,0,1,,,,
bg__P41155,0,1,,,,
bg__P41205,0,1,,,,
bg__P41236,0,2,,,,
bg__P41238,0,4,,,,
bg__P41247,0,1,,,,
bg__P41272,0,1,,,,
bg__P41273,0,1,,,,
bg__P41274,0,1,,,,
bg__P41312,0,37,,,,
bg__P41317,0,2,,,,
bg__P41318,0,1,,,,
bg__P41375,0,1,,,,
bg__P41409,0,1,,,,
bg__P41417,0,1,,,,
bg__P41437,0,1,,,,
bg__P41480,0,1,,,,
bg__P41546,0,1,,,,
bg__P41720,0,1,,,,
bg__P41732,0,4,,,,
bg__P41734,0,1,,,,
bg__P41735,0,1,,,,
bg__P41772,0,1,,,,
bg__P41817,0,1,,,,
bg__P41818,0,1,,,,
bg__P41847,0,1,,,,
bg__P41878,0,1,,,,
bg__P41881,0,1,,,,
bg__P41900,0,1,,,,
bg__P41912,0,1,,,,
bg__P41914,0,1,,,,
bg__P41923,0,1,,,,
bg__P41932,0,21,,,,
bg__P41955,0,1,,,,
bg__P41958,0,1,,,,
bg__P41975,0,2,,,,
bg__P41976,0,2,,,,
bg__P41995,0,1,,,,
bg__P42057,0,2,,,,
bg__P42068,0,1,,,,
bg__P42082,0,1,,,,
bg__P42088,0,1,,,,
bg__P42095,0,1,,,,
bg__P42126,0,3,,,,
bg__P42171,0,1,,,,
bg__P42177,0,1,,,,
bg__P42182,0,2,,,,
bg__P42196,0,1,,,,
bg__P42212,0,1,,,,
bg__P42216,0,1,,,,
bg__P42220,0,2,,,,
bg__P42244,0,1,,,,
bg__P42245,0,1,,,,
bg__P42252,0,1,,,,
bg__P42270,0,1,,,,
bg__P42287,0,1,,,,
bg__P42358,0,1,,,,
bg__P42371,0,2,,,,
bg__P42395,0,1,,,,
bg__P42409,0,1,,,,
bg__P42416,0,1,,,,
bg__P42419,0,1,,,,
bg__P42420,0,2,,,,
bg__P42423,0,1,,,,
bg__P42530,0,1,,,,
bg__P42533,0,2,,,,
bg__P42540,0,1,,,,
bg__P42556,0,2,,,,
bg__P42578,0,1,,,,
bg__P42583,0,2,,,,
bg__P42624,0,1,,,,
bg__P42650,0,1,,,,
bg__P42673,0,1,,,,
bg__P42736,0,1,,,,
bg__P42742,0,1,,,,
bg__P42759,0,1,,,,
bg__P42774,0,1,,,,
bg__P42777,0,1,,,,
bg__P42797,0,1,,,,
bg__P42813,0,1,,,,
bg__P42814,0,1,,,,
bg__P42815,0,1,,,,
bg__P42820,0,1,,,,
bg__P42829,0,2,,,,
bg__P42857,0,2,,,,
bg__P42869,0,1,,,,
bg__P42871,0,2,,,,
bg__P42872,0,1,,,,
bg__P42910,0,1,,,,
bg__P42911,0,1,,,,
bg__P42912,0,1,,,,
bg__P42914,0,1,,,,
bg__P42919,0,1,,,,
bg__P42920,0,1,,,,
bg__P42938,0,1,,,,
bg__P42940,0,1,,,,
bg__P42941,0,1,,,,
bg__P42953,0,1,,,,
bg__P42962,0,1,,,,
bg__P42963,0,1,,,,
bg__P42968,0,1,,,,
bg__P42976,0,3,,,,
bg__P42981,0,1,,,,
bg__P43002,0,1,,,,
bg__P43038,0,2,,,,
bg__P43063,0,2,,,,
bg__P43127,0,1,,,,
bg__P43145,0,1,,,,
bg__P43163,0,1,,,,
bg__P43166,0,2,,,,
bg__P43221,0,1,,,,
bg__P43276,0,1,,,,
bg__P43308,0,1,,,,
bg__P43333,0,1,,,,
bg__P43334,0,1,,,,
bg__P43358,0,2,,,,
bg__P43360,0,4,,,,
bg__P43362,0,1,,,,
bg__P43387,0,1,,,,
bg__P43408,0,1,,,,
bg__P43414,0,1,,,,
bg__P43431,0,2,,,,
bg__P43489,0,1,,,,
bg__P43528,0,1,,,,
bg__P43545,0,3,,,,
bg__P43558,0,1,,,,
bg__P43563,0,1,,,,
bg__P43569,0,1,,,,
bg__P43582,0,1,,,,
bg__P43586,0,1,,,,
bg__P43598,0,1,,,,
bg__P43605,0,1,,,,
bg__P43607,0,1,,,,
bg__P43613,0,1,,,,
bg__P43615,0,1,,,,
bg__P43619,0,1,,,,
bg__P43639,0,1,,,,
bg__P43648,0,2,,,,
bg__P43674,0,1,,,,
bg__P43688,0,1,,,,
bg__P43711,0,5,,,,
bg__P43725,0,2,,,,
bg__P43727,0,11,,,,
bg__P43756,0,1,,,,
bg__P43876,0,3,,,,
bg__P43957,0,1,,,,
bg__P44068,0,2,,,,
bg__P44094,0,1,,,,
bg__P44319,0,1,,,,
bg__P44330,0,1,,,,
bg__P44331,0,1,,,,
bg__P44332,0,1,,,,
bg__P44345,0,1,,,,
bg__P44405,0,2,,,,
bg__P44441,0,4,,,,
bg__P44451,0,1,,,,
bg__P44480,0,1,,,,
bg__P44482,0,1,,,,
bg__P44539,0,5,,,,
bg__P44570,0,1,,,,
bg__P44633,0,1,,,,
bg__P44648,0,1,,,,
bg__P44685,0,1,,,,
bg__P44694,0,1,,,,
bg__P44697,0,1,,,,
bg__P44710,0,3,,,,
bg__P44723,0,1,,,,
bg__P44739,0,1,,,,
bg__P44755,0,1,,,,
bg__P44758,0,1,,,,
bg__P44774,0,1,,,,
bg__P44790,0,1,,,,
bg__P44807,0,1,,,,
bg__P44830,0,1,,,,
bg__P44848,0,1,,,,
bg__P44937,0,1,,,,
bg__P44938,0,1,,,,
bg__P44948,0,6,,,,
bg__P44957,0,1,,,,
bg__P45040,0,1,,,,
bg__P45073,0,2,,,,
bg__P45111,0,1,,,,
bg__P45113,0,2,,,,
bg__P45124,0,1,,,,
bg__P45142,0,1,,,,
bg__P45204,0,1,,,,
bg__P45211,0,1,,,,
bg__P45239,0,1,,,,
bg__P45323,0,1,,,,
bg__P45324,0,1,,,,
bg__P45416,0,3,,,,
bg__P45434,0,1,,,,
bg__P45463,0,1,,,,
bg__P45475,0,1,,,,
bg__P45523,0,1,,,,
bg__P45541,0,1,,,,
bg__P45543,0,1,,,,
bg__P45544,0,1,,,,
bg__P45548,0,1,,,,
bg__P45563,0,1,,,,
bg__P45577,0,1,,,,
bg__P45606,0,1,,,,
bg__P45610,0,4,,,,
bg__P45681,0,6,,,,
bg__P45706,0,1,,,,
bg__P45743,0,1,,,,
bg__P45753,0,1,,,,
bg__P45761,0,1,,,,
bg__P45769,0,1,,,,
bg__P45776,0,1,,,,
bg__P45798,0,1,,,,
bg__P45854,0,1,,,,
bg__P45856,0,1,,,,
bg__P45870,0,1,,,,
bg__P45873,0,1,,,,
bg__P45884,0,1,,,,
bg__P45955,0,1,,,,
bg__P46016,0,1,,,,
bg__P46088,0,1,,,,
bg__P46116,0,1,,,,
bg__P46118,0,1,,,,
bg__P46136,0,2,,,,
bg__P46205,0,1,,,,
bg__P46223,0,1,,,,
bg__P46225,0,1,,,,
bg__P46250,0,1,,,,
bg__P46286,0,5,,,,
bg__P46299,0,4,,,,
bg__P46338,0,1,,,,
bg__P46341,0,1,,,,
bg__P46342,0,1,,,,
bg__P46348,0,1,,,,
bg__P46352,0,1,,,,
bg__P46363,0,1,,,,
bg__P46374,0,1,,,,
bg__P46421,0,2,,,,
bg__P46435,0,1,,,,
bg__P46436,0,1,,,,
bg__P46479,0,1,,,,
bg__P46482,0,1,,,,
bg__P46536,0,1,,,,
bg__P46539,0,7,,,,
bg__P46541,0,1,,,,
bg__P46544,0,1,,,,
bg__P46601,0,2,,,,
bg__P46604,0,2,,,,
bg__P46640,0,1,,,,
bg__P46656,0,1,,,,
bg__P46667,0,1,,,,
bg__P46668,0,2,,,,
bg__P46670,0,1,,,,
bg__P46671,0,1,,,,
bg__P46726,0,2,,,,
bg__P46736,0,11,,,,
bg__P46769,0,1,,,,
bg__P46770,0,1,,,,
bg__P46846,0,1,,,,
bg__P46852,0,1,,,,
bg__P46862,0,1,,,,
bg__P46891,0,1,,,,
bg__P46897,0,1,,,,
bg__P46903,0,1,,,,
bg__P46908,0,1,,,,
bg__P46912,0,1,,,,
bg__P46913,0,1,,,,
bg__P46921,0,1,,,,
bg__P46922,0,1,,,,
bg__P46926,0,12,,,,
bg__P46947,0,1,,,,
bg__P46948,0,1,,,,
bg__P46953,0,4,,,,
bg__P46956,0,1,,,,
bg__P46960,0,1,,,,
bg__P46961,0,1,,,,
bg__P46963,0,1,,,,
bg__P46983,0,1,,,,
bg__P46989,0,1,,,,
bg__P46999,0,1,,,,
bg__P47006,0,1,,,,
bg__P47008,0,1,,,,
bg__P47016,0,1,,,,
bg__P47032,0,1,,,,
bg__P47055,0,1,,,,
bg__P47056,0,1,,,,
bg__P47058,0,1,,,,
bg__P47086,0,1,,,,
bg__P47095,0,2,,,,
bg__P47123,0,1,,,,
bg__P47133,0,1,,,,
bg__P47137,0,1,,,,
bg__P47141,0,1,,,,
bg__P47148,0,1,,,,
bg__P47149,0,1,,,,
bg__P47150,0,1,,,,
bg__P47153,0,1,,,,
bg__P47167,0,1,,,,
bg__P47178,0,1,,,,
bg__P47230,0,1,,,,
bg__P47233,0,1,,,,
bg__P47237,0,1,,,,
bg__P47243,0,1,,,,
bg__P47259,0,1,,,,
bg__P47296,0,1,,,,
bg__P47356,0,1,,,,
bg__P47435,0,1,,,,
bg__P47623,0,1,,,,
bg__P47714,0,1,,,,
bg__P47741,0,2,,,,
bg__P47792,0,2,,,,
bg__P47802,0,1,,,,
bg__P47804,0,3,,,,
bg__P47881,0,1,,,,
bg__P47890,0,1,,,,
bg__P47941,0,3,,,,
bg__P47952,0,2,,,,
bg__P47953,0,2,,,,
bg__P47963,0,2,,,,
bg__P47973,0,2,,,,
bg__P47977,0,1,,,,
bg__P47991,0,1,,,,
bg__P48006,0,4,,,,
bg__P48060,0,1,,,,
bg__P48118,0,1,,,,
bg__P48199,0,2,,,,
bg__P48240,0,1,,,,
bg__P48242,0,1,,,,
bg__P48243,0,1,,,,
bg__P48245,0,1,,,,
bg__P48254,0,1,,,,
bg__P48283,0,1,,,,
bg__P48284,0,2,,,,
bg__P48299,0,1,,,,
bg__P48307,0,2,,,,
bg__P48309,0,2,,,,
bg__P48310,0,1,,,,
bg__P48329,0,1,,,,
bg__P48353,0,1,,,,
bg__P48491,0,4,,,,
bg__P48499,0,1,,,,
bg__P48501,0,1,,,,
bg__P48512,0,2,,,,
bg__P48540,0,1,,,,
bg__P48558,0,1,,,,
bg__P48598,0,1,,,,
bg__P48609,0,6,,,,
bg__P48672,0,1,,,,
bg__P48726,0,1,,,,
bg__P48774,0,2,,,,
bg__P48791,0,1,,,,
bg__P48797,0,1,,,,
bg__P48802,0,3,,,,
bg__P48846,0,2,,,,
bg__P48869,0,1,,,,
bg__P48873,0,1,,,,
bg__P48932,0,1,,,,
bg__P48961,0,4,,,,
bg__P48987,0,1,,,,
bg__P49017,0,1,,,,
bg__P49048,0,1,,,,
bg__P49069,0,3,,,,
bg__P49191,0,1,,,,
bg__P49247,0,4,,,,
bg__P49249,0,1,,,,
bg__P49254,0,2,,,,
bg__P49301,0,2,,,,
bg__P49332,0,1,,,,
bg__P49342,0,1,,,,
bg__P49401,0,11,,,,
bg__P49405,0,1,,,,
bg__P49406,0,2,,,,
bg__P49414,0,1,,,,
bg__P49416,0,1,,,,
bg__P49435,0,1,,,,
bg__P49492,0,1,,,,
bg__P49638,0,3,,,,
bg__P49675,0,5,,,,
bg__P49692,0,2,,,,
bg__P49703,0,2,,,,
bg__P49705,0,1,,,,
bg__P49716,0,4,,,,
bg__P49728,0,1,,,,
bg__P49763,0,1,,,,
bg__P49771,0,1,,,,
bg__P49772,0,1,,,,
bg__P49776,0,1,,,,
bg__P49788,0,1,,,,
bg__P49795,0,1,,,,
bg__P49799,0,1,,,,
bg__P49806,0,1,,,,
bg__P49814,0,1,,,,
bg__P49874,0,10,,,,
bg__P49879,0,1,,,,
bg__P49887,0,4,,,,
bg__P49914,0,3,,,,
bg__P49938,0,1,,,,
bg__P49954,0,1,,,,
bg__P49957,0,1,,,,
bg__P50005,0,1,,,,
bg__P50007,0,1,,,,
bg__P50045,0,1,,,,
bg__P50060,0,1,,,,
bg__P50085,0,1,,,,
bg__P50086,0,1,,,,
bg__P50087,0,1,,,,
bg__P50091,0,1,,,,
bg__P50093,0,1,,,,
bg__P50112,0,1,,,,
bg__P50113,0,1,,,,
bg__P50162,0,1,,,,
bg__P50163,0,2,,,,
bg__P50179,0,2,,,,
bg__P50199,0,1,,,,
bg__P50200,0,1,,,,
bg__P50221,0,3,,,,
bg__P50222,0,3,,,,
bg__P50227,0,8,,,,
bg__P50235,0,6,,,,
bg__P50279,0,3,,,,
bg__P50280,0,4,,,,
bg__P50289,0,1,,,,
bg__P50295,0,9,,,,
bg__P50351,0,2,,,,
bg__P50375,0,4,,,,
bg__P50389,0,1,,,,
bg__P50425,0,1,,,,
bg__P50472,0,1,,,,
bg__P50499,0,2,,,,
bg__P50501,0,9,,,,
bg__P50538,0,2,,,,
bg__P50539,0,2,,,,
bg__P50541,0,1,,,,
bg__P50553,0,3,,,,
bg__P50561,0,1,,,,
bg__P50574,0,1,,,,
bg__P50591,0,1,,,,
bg__P50592,0,1,,,,
bg__P50605,0,1,,,,
bg__P50694,0,1,,,,
bg__P50726,0,1,,,,
bg__P50739,0,1,,,,
bg__P50754,0,4,,,,
bg__P50842,0,1,,,,
bg__P50843,0,2,,,,
bg__P50850,0,1,,,,
bg__P50864,0,1,,,,
bg__P50865,0,1,,,,
bg__P50887,0,1,,,,
bg__P50902,0,2,,,,
bg__P50918,0,2,,,,
bg__P50919,0,1,,,,
bg__P50924,0,13,,,,
bg__P50933,0,1,,,,
bg__P50941,0,3,,,,
bg__P50945,0,1,,,,
bg__P50946,0,1,,,,
bg__P51025,0,1,,,,
bg__P51050,0,1,,,,
bg__P51053,0,1,,,,
bg__P51074,0,1,,,,
bg__P51079,0,1,,,,
bg__P51086,0,1,,,,
bg__P51147,0,9,,,,
bg__P51163,0,2,,,,
bg__P51362,0,1,,,,
bg__P51405,0,1,,,,
bg__P51412,0,1,,,,
bg__P51493,0,6,,,,
bg__P51504,0,1,,,,
bg__P51525,0,2,,,,
bg__P51601,0,1,,,,
bg__P51616,0,1,,,,
bg__P51640,0,3,,,,
bg__P51674,0,3,,,,
bg__P51719,0,1,,,,
bg__P51762,0,1,,,,
bg__P51831,0,1,,,,
bg__P51833,0,7,,,,
bg__P51836,0,1,,,,
bg__P51858,0,4,,,,
bg__P51861,0,1,,,,
bg__P51900,0,1,,,,
bg__P51949,0,3,,,,
bg__P51959,0,3,,,,
bg__P51998,0,1,,,,
bg__P52009,0,1,,,,
bg__P52032,0,2,,,,
bg__P52037,0,1,,,,
bg__P52045,0,1,,,,
bg__P52108,0,1,,,,
bg__P52198,0,2,,,,
bg__P52278,0,3,,,,
bg__P52279,0,1,,,,
bg__P52286,0,1,,,,
bg__P52389,0,11,,,,
bg__P52391,0,2,,,,
bg__P52403,0,6,,,,
bg__P52422,0,1,,,,
bg__P52478,0,1,,,,
bg__P52484,0,1,,,,
bg__P52485,0,1,,,,
bg__P52491,0,1,,,,
bg__P52498,0,1,,,,
bg__P52513,0,1,,,,
bg__P52526,0,1,,,,
bg__P52576,0,2,,,,
bg__P52577,0,4,,,,
bg__P52579,0,3,,,,
bg__P52580,0,1,,,,
bg__P52652,0,1,,,,
bg__P52653,0,1,,,,
bg__P52664,0,2,,,,
bg__P52670,0,1,,,,
bg__P52682,0,2,,,,
bg__P52688,0,1,,,,
bg__P52700,0,1,,,,
bg__P52705,0,2,,,,
bg__P52744,0,1,,,,
bg__P52794,0,1,,,,
bg__P52797,0,2,,,,
bg__P52802,0,1,,,,
bg__P52836,0,1,,,,
bg__P52841,0,1,,,,
bg__P52842,0,2,,,,
bg__P52844,0,1,,,,
bg__P52847,0,5,,,,
bg__P52868,0,1,,,,
bg__P52919,0,1,,,,
bg__P52940,0,1,,,,
bg__P52941,0,1,,,,
bg__P52997,0,1,,,,
bg__P53004,0,3,,,,
bg__P53032,0,1,,,,
bg__P53039,0,1,,,,
bg__P53045,0,1,,,,
bg__P53047,0,1,,,,
bg__P53060,0,1,,,,
bg__P53068,0,1,,,,
bg__P53072,0,1,,,,
bg__P53093,0,1,,,,
bg__P53123,0,1,,,,
bg__P53144,0,1,,,,
bg__P53146,0,1,,,,
bg__P53147,0,1,,,,
bg__P53158,0,1,,,,
bg__P53168,0,1,,,,
bg__P53177,0,1,,,,
bg__P53192,0,1,,,,
bg__P53195,0,1,,,,
bg__P53200,0,1,,,,
bg__P53215,0,2,,,,
bg__P53220,0,1,,,,
bg__P53223,0,1,,,,
bg__P53224,0,2,,,,
bg__P53237,0,1,,,,
bg__P53239,0,1,,,,
bg__P53242,0,1,,,,
bg__P53256,0,1,,,,
bg__P53262,0,1,,,,
bg__P53271,0,1,,,,
bg__P53281,0,1,,,,
bg__P53289,0,1,,,,
bg__P53314,0,1,,,,
bg__P53315,0,1,,,,
bg__P53323,0,2,,,,
bg__P53332,0,1,,,,
bg__P53335,0,1,,,,
bg__P53337,0,1,,,,
bg__P53346,0,1,,,,
bg__P53347,0,1,,,,
bg__P53370,0,3,,,,
bg__P53399,0,3,,,,
bg__P53523,0,1,,,,
bg__P53551,0,1,,,,
bg__P53558,0,1,,,,
bg__P53559,0,1,,,,
bg__P53561,0,1,,,,
bg__P53570,0,1,,,,
bg__P53579,0,1,,,,
bg__P53580,0,1,,,,
bg__P53581,0,1,,,,
bg__P53608,0,2,,,,
bg__P53615,0,1,,,,
bg__P53630,0,1,,,,
bg__P53641,0,2,,,,
bg__P53649,0,1,,,,
bg__P53694,0,1,,,,
bg__P53700,0,1,,,,
bg__P53703,0,1,,,,
bg__P53718,0,1,,,,
bg__P53721,0,1,,,,
bg__P53722,0,2,,,,
bg__P53727,0,1,,,,
bg__P53743,0,1,,,,
bg__P53768,0,1,,,,
bg__P53769,0,1,,,,
bg__P53805,0,2,,,,
bg__P53808,0,4,,,,
bg__P53812,0,9,,,,
bg__P53830,0,1,,,,
bg__P53843,0,1,,,,
bg__P53845,0,1,,,,
bg__P53853,0,1,,,,
bg__P53859,0,1,,,,
bg__P53872,0,1,,,,
bg__P53881,0,1,,,,
bg__P53889,0,1,,,,
bg__P53895,0,1,,,,
bg__P53898,0,1,,,,
bg__P53899,0,1,,,,
bg__P53904,0,1,,,,
bg__P53915,0,1,,,,
bg__P53941,0,1,,,,
bg__P53942,0,1,,,,
bg__P53944,0,1,,,,
bg__P53961,0,1,,,,
bg__P53965,0,1,,,,
bg__P53970,0,1,,,,
bg__P53981,0,1,,,,
bg__P53997,0,1,,,,
bg__P54000,0,1,,,,
bg__P54003,0,1,,,,
bg__P54081,0,6,,,,
bg__P54092,0,2,,,,
bg__P54105,0,6,,,,
bg__P54107,0,1,,,,
bg__P54108,0,3,,,,
bg__P54137,0,1,,,,
bg__P54150,0,1,,,,
bg__P54167,0,1,,,,
bg__P54217,0,1,,,,
bg__P54231,0,6,,,,
bg__P54292,0,1,,,,
bg__P54293,0,1,,,,
bg__P54356,0,1,,,,
bg__P54361,0,1,,,,
bg__P54363,0,1,,,,
bg__P54369,0,1,,,,
bg__P54374,0,1,,,,
bg__P54380,0,1,,,,
bg__P54383,0,1,,,,
bg__P54398,0,1,,,,
bg__P54427,0,1,,,,
bg__P54443,0,1,,,,
bg__P54450,0,1,,,,
bg__P54451,0,1,,,,
bg__P54455,0,1,,,,
bg__P54470,0,1,,,,
bg__P54471,0,1,,,,
bg__P54504,0,1,,,,
bg__P54506,0,1,,,,
bg__P54507,0,1,,,,
bg__P54528,0,1,,,,
bg__P54535,0,1,,,,
bg__P54536,0,1,,,,
bg__P54537,0,1,,,,
bg__P54544,0,1,,,,
bg__P54552,0,1,,,,
bg__P54556,0,1,,,,
bg__P54575,0,1,,,,
bg__P54616,0,2,,,,
bg__P54617,0,1,,,,
bg__P54657,0,1,,,,
bg__P54661,0,1,,,,
bg__P54664,0,3,,,,
bg__P54666,0,1,,,,
bg__P54671,0,1,,,,
bg__P54700,0,2,,,,
bg__P54709,0,5,,,,
bg__P54714,0,18,,,,
bg__P54717,0,1,,,,
bg__P54721,0,1,,,,
bg__P54797,0,2,,,,
bg__P54800,0,1,,,,
bg__P54845,0,2,,,,
bg__P54856,0,1,,,,
bg__P54897,0,1,,,,
bg__P54900,0,1,,,,
bg__P54904,0,1,,,,
bg__P54926,0,5,,,,
bg__P54952,0,1,,,,
bg__P54954,0,1,,,,
bg__P54964,0,1,,,,
bg__P54993,0,1,,,,
bg__P55002,0,2,,,,
bg__P55026,0,1,,,,
bg__P55040,0,2,,,,
bg__P55042,0,3,,,,
bg__P55044,0,1,,,,
bg__P55045,0,1,,,,
bg__P55098,0,4,,,,
bg__P55112,0,1,,,,
bg__P55253,0,4,,,,
bg__P55260,0,6,,,,
bg__P55299,0,1,,,,
bg__P55339,0,1,,,,
bg__P55353,0,1,,,,
bg__P55473,0,1,,,,
bg__P55798,0,1,,,,
bg__P55806,0,2,,,,
bg__P55810,0,1,,,,
bg__P55818,0,1,,,,
bg__P55822,0,1,,,,
bg__P55825,0,1,,,,
bg__P55830,0,1,,,,
bg__P55859,0,4,,,,
bg__P55863,0,3,,,,
bg__P55866,0,1,,,,
bg__P55905,0,1,,,,
bg__P55925,0,1,,,,
bg__P55984,0,1,,,,
bg__P56029,0,1,,,,
bg__P56102,0,1,,,,
bg__P56118,0,2,,,,
bg__P56119,0,3,,,,
bg__P56155,0,1,,,,
bg__P56177,0,3,,,,
bg__P56198,0,4,,,,
bg__P56213,0,1,,,,
bg__P56223,0,1,,,,
bg__P56261,0,3,,,,
bg__P56286,0,1,,,,
bg__P56291,0,19,,,,
bg__P56405,0,4,,,,
bg__P56427,0,1,,,,
bg__P56511,0,1,,,,
bg__P56528,0,2,,,,
bg__P56580,0,1,,,,
bg__P56598,0,2,,,,
bg__P56599,0,1,,,,
bg__P56748,0,2,,,,
bg__P56749,0,2,,,,
bg__P56758,0,4,,,,
bg__P56783,0,1,,,,
bg__P56824,0,1,,,,
bg__P56857,0,4,,,,
bg__P56859,0,1,,,,
bg__P56860,0,1,,,,
bg__P56868,0,1,,,,
bg__P56891,0,2,,,,
bg__P56904,0,1,,,,
bg__P56909,0,1,,,,
bg__P56968,0,2,,,,
bg__P57004,0,1,,,,
bg__P57030,0,1,,,,
bg__P57035,0,1,,,,
bg__P57052,0,1,,,,
bg__P57060,0,1,,,,
bg__P57076,0,3,,,,
bg__P57197,0,4,,,,
bg__P57206,0,1,,,,
bg__P57209,0,1,,,,
bg__P57267,0,1,,,,
bg__P57269,0,1,,,,
bg__P57292,0,1,,,,
bg__P57299,0,1,,,,
bg__P57304,0,15,,,,
bg__P57305,0,1,,,,
bg__P57324,0,1,,,,
bg__P57336,0,1,,,,
bg__P57337,0,1,,,,
bg__P57345,0,2,,,,
bg__P57353,0,1,,,,
bg__P57372,0,1,,,,
bg__P57383,0,1,,,,
bg__P57393,0,1,,,,
bg__P57403,0,1,,,,
bg__P57432,0,1,,,,
bg__P57456,0,1,,,,
bg__P57515,0,3,,,,
bg__P57544,0,2,,,,
bg__P57556,0,1,,,,
bg__P57616,0,1,,,,
bg__P57624,0,1,,,,
bg__P57651,0,1,,,,
bg__P57692,0,1,,,,
bg__P57697,0,1,,,,
bg__P57719,0,1,,,,
bg__P57739,0,4,,,,
bg__P57759,0,4,,,,
bg__P57760,0,3,,,,
bg__P57784,0,2,,,,
bg__P57793,0,1,,,,
bg__P57833,0,1,,,,
bg__P57908,0,2,,,,
bg__P57931,0,5,,,,
bg__P57965,0,1,,,,
bg__P58032,0,1,,,,
bg__P58110,0,1,,,,
bg__P58170,0,4,,,,
bg__P58239,0,1,,,,
bg__P58315,0,1,,,,
bg__P58321,0,6,,,,
bg__P58345,0,1,,,,
bg__P58380,0,1,,,,
bg__P58417,0,3,,,,
bg__P58422,0,6,,,,
bg__P58466,0,2,,,,
bg__P58493,0,1,,,,
bg__P58582,0,8,,,,
bg__P58641,0,2,,,,
bg__P58740,0,2,,,,
bg__P58851,0,1,,,,
bg__P58884,0,1,,,,
bg__P58887,0,1,,,,
bg__P58897,0,1,,,,
bg__P58908,0,13,,,,
bg__P58975,0,3,,,,
bg__P58978,0,2,,,,
bg__P59002,0,1,,,,
bg__P59014,0,1,,,,
bg__P59024,0,1,,,,
bg__P59025,0,4,,,,
bg__P59065,0,1,,,,
bg__P59098,0,3,,,,
bg__P59119,0,2,,,,
bg__P59121,0,1,,,,
bg__P59247,0,1,,,,
bg__P59248,0,1,,,,
bg__P59277,0,1,,,,
bg__P59303,0,1,,,,
bg__P59332,0,10,,,,
bg__P59336,0,2,,,,
bg__P59407,0,1,,,,
bg__P59414,0,1,,,,
bg__P59435,0,1,,,,
bg__P59479,0,1,,,,
bg__P59490,0,1,,,,
bg__P59530,0,1,,,,
bg__P59532,0,2,,,,
bg__P59536,0,1,,,,
bg__P59541,0,6,,,,
bg__P59542,0,1,,,,
bg__P59543,0,2,,,,
bg__P59544,0,1,,,,
bg__P59551,0,1,,,,
bg__P59575,0,1,,,,
bg__P59596,0,1,,,,
bg__P59622,0,3,,,,
bg__P59626,0,1,,,,
bg__P59655,0,2,,,,
bg__P59780,0,3,,,,
bg__P59831,0,1,,,,
bg__P59895,0,8,,,,
bg__P59911,0,12,,,,
bg__P59912,0,1,,,,
bg__P59922,0,1,,,,
bg__P59946,0,1,,,,
bg__P60008,0,1,,,,
bg__P60039,0,2,,,,
bg__P60153,0,1,,,,
bg__P60169,0,1,,,,
bg__P60334,0,1,,,,
bg__P60344,0,1,,,,
bg__P60353,0,1,,,,
bg__P60355,0,1,,,,
bg__P60369,0,1,,,,
bg__P60390,0,1,,,,
bg__P60393,0,1,,,,
bg__P60405,0,1,,,,
bg__P60407,0,12,,,,
bg__P60410,0,2,,,,
bg__P60412,0,6,,,,
bg__P60495,0,1,,,,
bg__P60497,0,1,,,,
bg__P60527,0,2,,,,
bg__P60566,0,1,,,,
bg__P60588,0,5,,,,
bg__P60593,0,1,,,,
bg__P60611,0,1,,,,
bg__P60622,0,1,,,,
bg__P60643,0,1,,,,
bg__P60748,0,1,,,,
bg__P60781,0,1,,,,
bg__P60827,0,1,,,,
bg__P60836,0,1,,,,
bg__P60844,0,1,,,,
bg__P60941,0,1,,,,
bg__P60955,0,2,,,,
bg__P61026,0,2,,,,
bg__P61074,0,1,,,,
bg__P61107,0,1,,,,
bg__P61118,0,1,,,,
bg__P61209,0,6,,,,
bg__P61225,0,1,,,,
bg__P61296,0,1,,,,
bg__P61320,0,1,,,,
bg__P61325,0,1,,,,
bg__P61396,0,1,,,,
bg__P61431,0,4,,,,
bg__P61587,0,2,,,,
bg__P61608,0,1,,,,
bg__P61653,0,21,,,,
bg__P61654,0,2,,,,
bg__P61779,0,1,,,,
bg__P61798,0,1,,,,
bg__P61827,0,1,,,,
bg__P61869,0,1,,,,
bg__P61887,0,2,,,,
bg__P61914,0,1,,,,
bg__P61998,0,1,,,,
bg__P62050,0,2,,,,
bg__P62053,0,1,,,,
bg__P62054,0,1,,,,
bg__P62055,0,4,,,,
bg__P62241,0,2,,,,
bg__P62256,0,1,,,,
bg__P62369,0,1,,,,
bg__P62450,0,1,,,,
bg__P62453,0,1,,,,
bg__P62464,0,1,,,,
bg__P62593,0,1,,,,
bg__P62722,0,2,,,,
bg__P62760,0,2,,,,
bg__P62955,0,4,,,,
bg__P62995,0,1,,,,
bg__P63013,0,3,,,,
bg__P63139,0,3,,,,
bg__P63177,0,1,,,,
bg__P63201,0,1,,,,
bg__P63363,0,2,,,,
bg__P63371,0,2,,,,
bg__P63386,0,1,,,,
bg__P64153,0,1,,,,
bg__P64154,0,1,,,,
bg__P64309,0,1,,,,
bg__P64310,0,1,,,,
bg__P64604,0,1,,,,
bg__P64606,0,1,,,,
bg__P64636,0,1,,,,
bg__P65194,0,2,,,,
bg__P65241,0,1,,,,
bg__P65245,0,1,,,,
bg__P65320,0,1,,,,
bg__P65444,0,4,,,,
bg__P65772,0,1,,,,
bg__P65778,0,1,,,,
bg__P65780,0,1,,,,
bg__P65817,0,3,,,,
bg__P65904,0,1,,,,
bg__P65914,0,1,,,,
bg__P66700,0,7,,,,
bg__P66815,0,2,,,,
bg__P66835,0,2,,,,
bg__P66923,0,3,,,,
bg__P67053,0,1,,,,
bg__P67080,0,1,,,,
bg__P67087,0,1,,,,
bg__P67095,0,1,,,,
bg__P67195,0,1,,,,
bg__P67257,0,1,,,,
bg__P67343,0,1,,,,
bg__P67477,0,3,,,,
bg__P67499,0,1,,,,
bg__P67661,0,1,,,,
bg__P67662,0,1,,,,
bg__P67683,0,1,,,,
bg__P67877,0,2,,,,
bg__P68183,0,1,,,,
bg__P68259,0,2,,,,
bg__P68319,0,1,,,,
bg__P68402,0,2,,,,
bg__P68515,0,4,,,,
bg__P68543,0,3,,,,
bg__P68567,0,1,,,,
bg__P68593,0,1,,,,
bg__P68613,0,1,,,,
bg__P68638,0,1,,,,
bg__P68698,0,1,,,,
bg__P68729,0,3,,,,
bg__P68892,0,1,,,,
bg__P68905,0,3,,,,
bg__P68930,0,1,,,,
bg__P69052,0,2,,,,
bg__P69161,0,1,,,,
bg__P69228,0,1,,,,
bg__P69365,0,1,,,,
bg__P69380,0,12,,,,
bg__P69423,0,1,,,,
bg__P69506,0,1,,,,
bg__P69682,0,5,,,,
bg__P69801,0,1,,,,
bg__P69805,0,1,,,,
bg__P69834,0,1,,,,
bg__P69853,0,1,,,,
bg__P69929,0,1,,,,
bg__P69931,0,1,,,,
bg__P69973,0,1,,,,
bg__P70115,0,4,,,,
bg__P70190,0,4,,,,
bg__P70202,0,1,,,,
bg__P70224,0,1,,,,
bg__P70245,0,3,,,,
bg__P70280,0,4,,,,
bg__P70284,0,2,,,,
bg__P70314,0,3,,,,
bg__P70321,0,2,,,,
bg__P70331,0,1,,,,
bg__P70345,0,1,,,,
bg__P70352,0,3,,,,
bg__P70354,0,1,,,,
bg__P70380,0,1,,,,
bg__P70396,0,5,,,,
bg__P70426,0,3,,,,
bg__P70436,0,2,,,,
bg__P70470,0,5,,,,
bg__P70560,0,1,,,,
bg__P70595,0,3,,,,
bg__P70661,0,2,,,,
bg__P70689,0,6,,,,
bg__P70715,0,2,,,,
bg__P70720,0,1,,,,
bg__P70947,0,1,,,,
bg__P70954,0,1,,,,
bg__P70955,0,1,,,,
bg__P70970,0,1,,,,
bg__P70972,0,1,,,,
bg__P70998,0,2,,,,
bg__P70999,0,1,,,,
bg__P71009,0,1,,,,
bg__P71020,0,1,,,,
bg__P71039,0,1,,,,
bg__P71044,0,1,,,,
bg__P71062,0,1,,,,
bg__P71063,0,1,,,,
bg__P71079,0,1,,,,
bg__P71128,0,1,,,,
bg__P71319,0,3,,,,
bg__P71426,0,1,,,,
bg__P71451,0,1,,,,
bg__P71534,0,2,,,,
bg__P71668,0,1,,,,
bg__P72131,0,1,,,,
bg__P72220,0,2,,,,
bg__P72360,0,1,,,,
bg__P72542,0,1,,,,
bg__P72579,0,4,,,,
bg__P72703,0,1,,,,
bg__P72704,0,1,,,,
bg__P72781,0,1,,,,
bg__P72794,0,1,,,,
bg__P72828,0,1,,,,
bg__P72988,0,1,,,,
bg__P73016,0,2,,,,
bg__P73033,0,1,,,,
bg__P73093,0,1,,,,
bg__P73204,0,1,,,,
bg__P73248,0,1,,,,
bg__P73265,0,1,,,,
bg__P73317,0,1,,,,
bg__P73335,0,1,,,,
bg__P73493,0,1,,,,
bg__P73554,0,1,,,,
bg__P73574,0,1,,,,
bg__P73761,0,1,,,,
bg__P73826,0,1,,,,
bg__P73832,0,1,,,,
bg__P73955,0,1,,,,
bg__P73962,0,1,,,,
bg__P74040,0,1,,,,
bg__P74061,0,1,,,,
bg__P74102,0,2,,,,
bg__P74268,0,1,,,,
bg__P74290,0,1,,,,
bg__P74304,0,1,,,,
bg__P74368,0,1,,,,
bg__P74625,0,1,,,,
bg__P74653,0,1,,,,
bg__P74836,0,1,,,,
bg__P74838,0,1,,,,
bg__P74917,0,1,,,,
bg__P74921,0,1,,,,
bg__P74965,0,1,,,,
bg__P75053,0,1,,,,
bg__P75096,0,1,,,,
bg__P75132,0,1,,,,
bg__P75233,0,2,,,,
bg__P75289,0,1,,,,
bg__P75330,0,1,,,,
bg__P75402,0,1,,,,
bg__P75428,0,2,,,,
bg__P75523,0,1,,,,
bg__P75548,0,1,,,,
bg__P75682,0,1,,,,
bg__P75713,0,1,,,,
bg__P75736,0,1,,,,
bg__P75745,0,1,,,,
bg__P75746,0,1,,,,
bg__P75757,0,1,,,,
bg__P75782,0,1,,,,
bg__P75792,0,1,,,,
bg__P75794,0,1,,,,
bg__P75798,0,1,,,,
bg__P75799,0,1,,,,
bg__P75809,0,1,,,,
bg__P75820,0,1,,,,
bg__P75826,0,1,,,,
bg__P75849,0,1,,,,
bg__P75851,0,1,,,,
bg__P75853,0,1,,,,
bg__P75862,0,1,,,,
bg__P75895,0,1,,,,
bg__P75914,0,1,,,,
bg__P75915,0,1,,,,
bg__P75925,0,1,,,,
bg__P75938,0,1,,,,
bg__P75948,0,1,,,,
bg__P75954,0,1,,,,
bg__P75959,0,4,,,,
bg__P75989,0,1,,,,
bg__P76004,0,1,,,,
bg__P76008,0,1,,,,
bg__P76014,0,1,,,,
bg__P76038,0,3,,,,
bg__P76044,0,1,,,,
bg__P76045,0,1,,,,
bg__P76077,0,1,,,,
bg__P76079,0,1,,,,
bg__P76082,0,1,,,,
bg__P76086,0,1,,,,
bg__P76091,0,1,,,,
bg__P76114,0,1,,,,
bg__P76135,0,1,,,,
bg__P76141,0,1,,,,
bg__P76143,0,1,,,,
bg__P76145,0,1,,,,
bg__P76147,0,1,,,,
bg__P76173,0,1,,,,
bg__P76187,0,1,,,,
bg__P76190,0,1,,,,
bg__P76204,0,1,,,,
bg__P76213,0,1,,,,
bg__P76234,0,1,,,,
bg__P76241,0,1,,,,
bg__P76250,0,1,,,,
bg__P76256,0,2,,,,
bg__P76278,0,1,,,,
bg__P76318,0,1,,,,
bg__P76329,0,1,,,,
bg__P76344,0,1,,,,
bg__P76395,0,1,,,,
bg__P76422,0,2,,,,
bg__P76445,0,1,,,,
bg__P76459,0,1,,,,
bg__P76469,0,10,,,,
bg__P76498,0,1,,,,
bg__P76506,0,1,,,,
bg__P76541,0,2,,,,
bg__P76555,0,1,,,,
bg__P76561,0,1,,,,
bg__P76773,0,1,,,,
bg__P77150,0,2,,,,
bg__P77156,0,1,,,,
bg__P77161,0,1,,,,
bg__P77171,0,1,,,,
bg__P77179,0,1,,,,
bg__P77183,0,1,,,,
bg__P77202,0,1,,,,
bg__P77231,0,1,,,,
bg__P77247,0,1,,,,
bg__P77249,0,1,,,,
bg__P77288,0,1,,,,
bg__P77293,0,1,,,,
bg__P77300,0,1,,,,
bg__P77307,0,1,,,,
bg__P77324,0,1,,,,
bg__P77333,0,1,,,,
bg__P77366,0,1,,,,
bg__P77379,0,1,,,,
bg__P77395,0,1,,,,
bg__P77409,0,1,,,,
bg__P77454,0,1,,,,
bg__P77463,0,1,,,,
bg__P77467,0,1,,,,
bg__P77475,0,1,,,,
bg__P77499,0,1,,,,
bg__P77544,0,1,,,,
bg__P77567,0,2,,,,
bg__P77599,0,1,,,,
bg__P77608,0,1,,,,
bg__P77622,0,1,,,,
bg__P77625,0,1,,,,
bg__P77668,0,1,,,,
bg__P77704,0,1,,,,
bg__P77716,0,1,,,,
bg__P77733,0,1,,,,
bg__P77744,0,1,,,,
bg__P77766,0,1,,,,
bg__P77768,0,1,,,,
bg__P77834,0,2,,,,
bg__P77858,0,1,,,,
bg__P77889,0,1,,,,
bg__P77968,0,1,,,,
bg__P78055,0,2,,,,
bg__P78345,0,3,,,,
bg__P78697,0,2,,,,
bg__P78768,0,1,,,,
bg__P78789,0,1,,,,
bg__P78794,0,1,,,,
bg__P78795,0,1,,,,
bg__P78955,0,1,,,,
bg__P78990,0,1,,,,
bg__P79099,0,5,,,,
bg__P79107,0,1,,,,
bg__P79136,0,5,,,,
bg__P79152,0,1,,,,
bg__P79288,0,4,,,,
bg__P79340,0,4,,,,
bg__P79341,0,1,,,,
bg__P79374,0,1,,,,
bg__P79400,0,1,,,,
bg__P79522,0,1,,,,
bg__P79703,0,1,,,,
bg__P79728,0,4,,,,
bg__P79769,0,5,,,,
bg__P79782,0,1,,,,
bg__P79891,0,13,,,,
bg__P79920,0,1,,,,
bg__P79943,0,1,,,,
bg__P80022,0,1,,,,
bg__P80029,0,1,,,,
bg__P80036,0,1,,,,
bg__P80052,0,1,,,,
bg__P80184,0,1,,,,
bg__P80186,0,2,,,,
bg__P80187,0,1,,,,
bg__P80305,0,1,,,,
bg__P80346,0,1,,,,
bg__P80356,0,1,,,,
bg__P80371,0,1,,,,
bg__P80372,0,1,,,,
bg__P80386,0,4,,,,
bg__P80491,0,1,,,,
bg__P80564,0,1,,,,
bg__P80653,0,2,,,,
bg__P80679,0,1,,,,
bg__P80700,0,1,,,,
bg__P80702,0,1,,,,
bg__P80703,0,1,,,,
bg__P80869,0,1,,,,
bg__P80873,0,1,,,,
bg__P80880,0,1,,,,
bg__P80894,0,1,,,,
bg__P80901,0,1,,,,
bg__P81040,0,1,,,,
bg__P81062,0,3,,,,
bg__P81203,0,1,,,,
bg__P81204,0,1,,,,
bg__P81296,0,1,,,,
bg__P81371,0,2,,,,
bg__P81376,0,1,,,,
bg__P81379,0,1,,,,
bg__P81546,0,4,,,,
bg__P81760,0,1,,,,
bg__P81781,0,4,,,,
bg__P81928,0,1,,,,
bg__P82003,0,1,,,,
bg__P82130,0,1,,,,
bg__P82134,0,10,,,,
bg__P82139,0,1,,,,
bg__P82143,0,1,,,,
bg__P82147,0,1,,,,
bg__P82151,0,1,,,,
bg__P82159,0,1,,,,
bg__P82191,0,3,,,,
bg__P82192,0,1,,,,
bg__P82193,0,1,,,,
bg__P82231,0,1,,,,
bg__P82277,0,1,,,,
bg__P82349,0,4,,,,
bg__P82413,0,1,,,,
bg__P82538,0,1,,,,
bg__P82597,0,1,,,,
bg__P82612,0,2,,,,
bg__P82658,0,1,,,,
bg__P82715,0,1,,,,
bg__P82804,0,2,,,,
bg__P82805,0,1,,,,
bg__P82859,0,1,,,,
bg__P82874,0,1,,,,
bg__P82914,0,2,,,,
bg__P82918,0,5,,,,
bg__P82929,0,1,,,,
bg__P82957,0,1,,,,
bg__P82970,0,1,,,,
bg__P82973,0,1,,,,
bg__P83309,0,1,,,,
bg__P83351,0,1,,,,
bg__P83549,0,1,,,,
bg__P83632,0,1,,,,
bg__P83673,0,1,,,,
bg__P83690,0,1,,,,
bg__P83716,0,1,,,,
bg__P83749,0,1,,,,
bg__P83772,0,1,,,,
bg__P83774,0,1,,,,
bg__P83886,0,1,,,,
bg__P83958,0,1,,,,
bg__P84138,0,1,,,,
bg__P84155,0,1,,,,
bg__P84157,0,1,,,,
bg__P84253,0,1,,,,
bg__P84254,0,1,,,,
bg__P84294,0,2,,,,
bg__P84308,0,1,,,,
bg__P84346,0,1,,,,
bg__P84531,0,1,,,,
bg__P84623,0,1,,,,
bg__P84786,0,1,,,,
bg__P85098,0,1,,,,
bg__P85101,0,1,,,,
bg__P85137,0,3,,,,
bg__P85190,0,1,,,,
bg__P85507,0,1,,,,
bg__P86029,0,1,,,,
bg__P86176,0,1,,,,
bg__P86210,0,1,,,,
bg__P86226,0,1,,,,
bg__P86347,0,1,,,,
bg__P86353,0,1,,,,
bg__P86479,0,1,,,,
bg__P86702,0,1,,,,
bg__P86795,0,1,,,,
bg__P86802,0,1,,,,
bg__P86928,0,4,,,,
bg__P86993,0,1,,,,
bg__P87014,0,1,,,,
bg__P87017,0,1,,,,
bg__P87020,0,1,,,,
bg__P87058,0,1,,,,
bg__P87059,0,1,,,,
bg__P87064,0,1,,,,
bg__P87090,0,1,,,,
bg__P87119,0,1,,,,
bg__P87176,0,1,,,,
bg__P87219,0,1,,,,
bg__P87230,0,1,,,,
bg__P87240,0,1,,,,
bg__P87352,0,1,,,,
bg__P89116,0,1,,,,
bg__P89457,0,2,,,,
bg__P89905,0,1,,,,
bg__P90489,0,1,,,,
bg__P91082,0,1,,,,
bg__P91285,0,1,,,,
bg__P91390,0,1,,,,
bg__P91409,0,1,,,,
bg__P91420,0,2,,,,
bg__P91428,0,2,,,,
bg__P91641,0,1,,,,
bg__P92133,0,1,,,,
bg__P92514,0,2,,,,
bg__P92527,0,1,,,,
bg__P92792,0,1,,,,
bg__P92953,0,1,,,,
bg__P92964,0,2,,,,
bg__P93009,0,1,,,,
bg__P93013,0,1,,,,
bg__P93014,0,1,,,,
bg__P93045,0,1,,,,
bg__P93046,0,1,,,,
bg__P93280,0,1,,,,
bg__P93312,0,1,,,,
bg__P93395,0,2,,,,
bg__P93407,0,1,,,,
bg__P93654,0,2,,,,
bg__P93740,0,1,,,,
bg__P93751,0,1,,,,
bg__P93758,0,1,,,,
bg__P93829,0,1,,,,
bg__P93830,0,1,,,,
bg__P94040,0,1,,,,
bg__P94270,0,1,,,,
bg__P94346,0,1,,,,
bg__P94368,0,1,,,,
bg__P94388,0,1,,,,
bg__P94390,0,1,,,,
bg__P94398,0,1,,,,
bg__P94403,0,1,,,,
bg__P94418,0,1,,,,
bg__P94420,0,1,,,,
bg__P94421,0,1,,,,
bg__P94424,0,1,,,,
bg__P94440,0,1,,,,
bg__P94465,0,1,,,,
bg__P94498,0,3,,,,
bg__P94501,0,1,,,,
bg__P94504,0,1,,,,
bg__P94507,0,1,,,,
bg__P94512,0,1,,,,
bg__P94526,0,1,,,,
bg__P94529,0,1,,,,
bg__P94530,0,1,,,,
bg__P94538,0,1,,,,
bg__P94541,0,2,,,,
bg__P94548,0,1,,,,
bg__P94549,0,1,,,,
bg__P94556,0,1,,,,
bg__P94571,0,1,,,,
bg__P94592,0,1,,,,
bg__P94633,0,1,,,,
bg__P94678,0,1,,,,
bg__P94951,0,1,,,,
bg__P94954,0,1,,,,
bg__P95189,0,1,,,,
bg__P95257,0,1,,,,
bg__P95283,0,1,,,,
bg__P95648,0,1,,,,
bg__P95649,0,1,,,,
bg__P95727,0,1,,,,
bg__P95748,0,1,,,,
bg__P95765,0,2,,,,
bg__P95778,0,1,,,,
bg__P95837,0,1,,,,
bg__P95895,0,1,,,,
bg__P95993,0,1,,,,
bg__P96079,0,1,,,,
bg__P96084,0,1,,,,
bg__P96116,0,1,,,,
bg__P96121,0,1,,,,
bg__P96134,0,1,,,,
bg__P96192,0,1,,,,
bg__P96210,0,1,,,,
bg__P96374,0,1,,,,
bg__P96581,0,1,,,,
bg__P96686,0,1,,,,
bg__P96693,0,1,,,,
bg__P96715,0,1,,,,
bg__P96716,0,1,,,,
bg__P96717,0,1,,,,
bg__P96724,0,1,,,,
bg__P96741,0,1,,,,
bg__P96856,0,1,,,,
bg__P97027,0,1,,,,
bg__P97281,0,3,,,,
bg__P97309,0,1,,,,
bg__P97361,0,2,,,,
bg__P97382,0,1,,,,
bg__P97428,0,1,,,,
bg__P97436,0,1,,,,
bg__P97440,0,2,,,,
bg__P97447,0,2,,,,
bg__P97466,0,4,,,,
bg__P97469,0,5,,,,
bg__P97538,0,2,,,,
bg__P97544,0,3,,,,
bg__P97574,0,3,,,,
bg__P97586,0,2,,,,
bg__P97682,0,1,,,,
bg__P97764,0,2,,,,
bg__P97799,0,1,,,,
bg__P97864,0,3,,,,
bg__P97947,0,3,,,,
bg__P97950,0,2,,,,
bg__P98023,0,1,,,,
bg__P98038,0,5,,,,
bg__P98053,0,1,,,,
bg__P98066,0,3,,,,
bg__P98173,0,2,,,,
bg__P98184,0,1,,,,
bg__P99026,0,5,,,,
bg__P99090,0,2,,,,
bg__P99121,0,1,,,,
bg__P9WEM3,0,1,,,,
bg__P9WEM6,0,2,,,,
bg__P9WES6,0,1,,,,
bg__P9WEX1,0,1,,,,
bg__P9WEZ5,0,1,,,,
bg__P9WF33,0,1,,,,
bg__P9WF34,0,1,,,,
bg__P9WFD7,0,1,,,,
bg__P9WFE2,0,1,,,,
bg__P9WFF7,0,4,,,,
bg__P9WFF9,0,4,,,,
bg__P9WFR5,0,1,,,,
bg__P9WFY1,0,1,,,,
bg__P9WFZ1,0,1,,,,
bg__P9WG01,0,1,,,,
bg__P9WG23,0,1,,,,
bg__P9WG43,0,7,,,,
bg__P9WG51,0,1,,,,
bg__P9WG77,0,1,,,,
bg__P9WG83,0,1,,,,
bg__P9WGH7,0,1,,,,
bg__P9WGI3,0,1,,,,
bg__P9WGJ5,0,1,,,,
bg__P9WGL9,0,1,,,,
bg__P9WGM1,0,1,,,,
bg__P9WGM3,0,1,,,,
bg__P9WGM7,0,1,,,,
bg__P9WGM9,0,1,,,,
bg__P9WGN1,0,1,,,,
bg__P9WGT1,0,1,,,,
bg__P9WGU3,0,1,,,,
bg__P9WGX5,0,1,,,,
bg__P9WH03,0,3,,,,
bg__P9WH09,0,1,,,,
bg__P9WH69,0,1,,,,
bg__P9WHF9,0,3,,,,
bg__P9WHP5,0,1,,,,
bg__P9WHP6,0,1,,,,
bg__P9WHU5,0,1,,,,
bg__P9WHV3,0,1,,,,
bg__P9WHW1,0,1,,,,
bg__P9WI51,0,1,,,,
bg__P9WI95,0,1,,,,
bg__P9WI97,0,1,,,,
bg__P9WIC7,0,1,,,,
bg__P9WIK1,0,1,,,,
bg__P9WIK3,0,3,,,,
bg__P9WIL9,0,1,,,,
bg__P9WIN0,0,2,,,,
bg__P9WIN3,0,1,,,,
bg__P9WIP3,0,1,,,,
bg__P9WIT9,0,2,,,,
bg__P9WIU9,0,1,,,,
bg__P9WIX7,0,1,,,,
bg__P9WIY3,0,1,,,,
bg__P9WJ61,0,1,,,,
bg__P9WJ63,0,1,,,,
bg__P9WJ67,0,1,,,,
bg__P9WJ71,0,1,,,,
bg__P9WJ83,0,1,,,,
bg__P9WJC3,0,1,,,,
bg__P9WJD5,0,1,,,,
bg__P9WJH3,0,1,,,,
bg__P9WJI5,0,1,,,,
bg__P9WJJ7,0,1,,,,
bg__P9WJM3,0,1,,,,
bg__P9WJM5,0,1,,,,
bg__P9WJM7,0,1,,,,
bg__P9WJN3,0,1,,,,
bg__P9WJQ8,0,1,,,,
bg__P9WK19,0,1,,,,
bg__P9WK21,0,1,,,,
bg__P9WK45,0,1,,,,
bg__P9WK47,0,1,,,,
bg__P9WK55,0,1,,,,
bg__P9WK65,0,1,,,,
bg__P9WK85,0,1,,,,
bg__P9WK87,0,1,,,,
bg__P9WKA0,0,1,,,,
bg__P9WKC5,0,1,,,,
bg__P9WKD3,0,1,,,,
bg__P9WKE1,0,1,,,,
bg__P9WKG9,0,1,,,,
bg__P9WKI9,0,1,,,,
bg__P9WKL5,0,1,,,,
bg__P9WKZ1,0,1,,,,
bg__P9WKZ3,0,1,,,,
bg__P9WKZ7,0,1,,,,
bg__P9WL45,0,1,,,,
bg__P9WLN1,0,1,,,,
bg__P9WM53,0,1,,,,
bg__P9WMA9,0,1,,,,
bg__P9WMB5,0,2,,,,
bg__P9WMF5,0,1,,,,
bg__P9WMG5,0,1,,,,
bg__P9WMH1,0,1,,,,
bg__P9WMH3,0,1,,,,
bg__P9WMH5,0,1,,,,
bg__P9WMK7,0,2,,,,
bg__P9WMK9,0,1,,,,
bg__P9WMS1,0,1,,,,
bg__P9WMT5,0,1,,,,
bg__P9WMX3,0,2,,,,
bg__P9WMX7,0,1,,,,
bg__P9WMY3,0,1,,,,
bg__P9WN89,0,1,,,,
bg__P9WNB9,0,1,,,,
bg__P9WNC1,0,1,,,,
bg__P9WNC9,0,1,,,,
bg__P9WNG5,0,2,,,,
bg__P9WNH5,0,1,,,,
bg__P9WNP5,0,1,,,,
bg__P9WNP7,0,1,,,,
bg__P9WNZ5,0,1,,,,
bg__P9WP21,0,2,,,,
bg__P9WP25,0,2,,,,
bg__P9WP28,0,1,,,,
bg__P9WP41,0,1,,,,
bg__P9WP55,0,2,,,,
bg__P9WP65,0,1,,,,
bg__P9WPA9,0,2,,,,
bg__P9WPB1,0,1,,,,
bg__P9WPF9,0,1,,,,
bg__P9WPI9,0,1,,,,
bg__P9WPJ1,0,1,,,,
bg__P9WPJ9,0,1,,,,
bg__P9WPQ5,0,5,,,,
bg__P9WPV9,0,1,,,,
bg__P9WPX5,0,2,,,,
bg__P9WQ09,0,2,,,,
bg__P9WQ11,0,2,,,,
bg__P9WQA5,0,1,,,,
bg__P9WQD5,0,2,,,,
bg__P9WQH3,0,1,,,,
bg__P9WQK1,0,1,,,,
bg__P9WQK9,0,1,,,,
bg__P9WQL7,0,1,,,,
bg__Q00017,0,1,,,,
bg__Q00023,0,1,,,,
bg__Q00056,0,2,,,,
bg__Q00245,0,1,,,,
bg__Q00246,0,1,,,,
bg__Q00278,0,1,,,,
bg__Q00393,0,1,,,,
bg__Q003J2,0,1,,,,
bg__Q00466,0,1,,,,
bg__Q00472,0,1,,,,
bg__Q00511,0,2,,,,
bg__Q00517,0,1,,,,
bg__Q00526,0,9,,,,
bg__Q00582,0,1,,,,
bg__Q00609,0,1,,,,
bg__Q00637,0,1,,,,
bg__Q00723,0,1,,,,
bg__Q00725,0,1,,,,
bg__Q00777,0,1,,,,
bg__Q00813,0,1,,,,
bg__Q00847,0,1,,,,
bg__Q00853,0,1,,,,
bg__Q00873,0,1,,,,
bg__Q00901,0,1,,,,
bg__Q00916,0,1,,,,
bg__Q00924,0,1,,,,
bg__Q00940,0,1,,,,
bg__Q00954,0,2,,,,
bg__Q00982,0,3,,,,
bg__Q00983,0,1,,,,
bg__Q01083,0,1,,,,
bg__Q01112,0,6,,,,
bg__Q01130,0,4,,,,
bg__Q01225,0,1,,,,
bg__Q01269,0,1,,,,
bg__Q01319,0,2,,,,
bg__Q01326,0,6,,,,
bg__Q01362,0,1,,,,
bg__Q01402,0,4,,,,
bg__Q01464,0,1,,,,
bg__Q01466,0,1,,,,
bg__Q01474,0,1,,,,
bg__Q01501,0,1,,,,
bg__Q01511,0,1,,,,
bg__Q01563,0,1,,,,
bg__Q01625,0,1,,,,
bg__Q01635,0,1,,,,
bg__Q01639,0,1,,,,
bg__Q01702,0,1,,,,
bg__Q01703,0,1,,,,
bg__Q01730,0,2,,,,
bg__Q01766,0,1,,,,
bg__Q01796,0,1,,,,
bg__Q01957,0,1,,,,
bg__Q01976,0,1,,,,
bg__Q01980,0,1,,,,
bg__Q01PF4,0,1,,,,
bg__Q01RY8,0,1,,,,
bg__Q01WE6,0,1,,,,
bg__Q01WL4,0,1,,,,
bg__Q01X76,0,1,,,,
bg__Q01YA2,0,1,,,,
bg__Q01ZU0,0,1,,,,
bg__Q02046,0,1,,,,
bg__Q02047,0,3,,,,
bg__Q02073,0,1,,,,
bg__Q02104,0,2,,,,
bg__Q02105,0,3,,,,
bg__Q02115,0,1,,,,
bg__Q02181,0,1,,,,
bg__Q02193,0,9,,,,
bg__Q02198,0,1,,,,
bg__Q02204,0,1,,,,
bg__Q02242,0,1,,,,
bg__Q02250,0,1,,,,
bg__Q02283,0,1,,,,
bg__Q02465,0,1,,,,
bg__Q02516,0,1,,,,
bg__Q02539,0,2,,,,
bg__Q02540,0,1,,,,
bg__Q02604,0,1,,,,
bg__Q02614,0,2,,,,
bg__Q02685,0,1,,,,
bg__Q02721,0,1,,,,
bg__Q02758,0,1,,,,
bg__Q02760,0,1,,,,
bg__Q02767,0,1,,,,
bg__Q02770,0,1,,,,
bg__Q02795,0,1,,,,
bg__Q027L3,0,1,,,,
bg__Q02803,0,1,,,,
bg__Q02816,0,1,,,,
bg__Q02831,0,1,,,,
bg__Q02896,0,1,,,,
bg__Q02974,0,3,,,,
bg__Q029I5,0,1,,,,
bg__Q02AK4,0,1,,,,
bg__Q02JU1,0,2,,,,
bg__Q02PI7,0,1,,,,
bg__Q02RL6,0,1,,,,
bg__Q02TR2,0,1,,,,
bg__Q02U31,0,2,,,,
bg__Q02VE3,0,1,,,,
bg__Q02VL7,0,3,,,,
bg__Q02XW6,0,1,,,,
bg__Q02Z11,0,1,,,,
bg__Q03028,0,1,,,,
bg__Q03029,0,1,,,,
bg__Q03047,0,2,,,,
bg__Q03070,0,1,,,,
bg__Q03085,0,1,,,,
bg__Q03096,0,1,,,,
bg__Q030F9,0,1,,,,
bg__Q03123,0,5,,,,
bg__Q03125,0,1,,,,
bg__Q03144,0,1,,,,
bg__Q03161,0,1,,,,
bg__Q03201,0,1,,,,
bg__Q03219,0,1,,,,
bg__Q03220,0,1,,,,
bg__Q03246,0,1,,,,
bg__Q03257,0,7,,,,
bg__Q03322,0,1,,,,
bg__Q03337,0,1,,,,
bg__Q03356,0,1,,,,
bg__Q03357,0,1,,,,
bg__Q03380,0,1,,,,
bg__Q03389,0,2,,,,
bg__Q03392,0,1,,,,
bg__Q03401,0,2,,,,
bg__Q03406,0,1,,,,
bg__Q03419,0,1,,,,
bg__Q03433,0,1,,,,
bg__Q03469,0,1,,,,
bg__Q03474,0,1,,,,
bg__Q03477,0,1,,,,
bg__Q034I2,0,1,,,,
bg__Q03520,0,1,,,,
bg__Q03530,0,1,,,,
bg__Q03574,0,1,,,,
bg__Q035B3,0,1,,,,
bg__Q035E0,0,1,,,,
bg__Q03615,0,1,,,,
bg__Q03671,0,1,,,,
bg__Q03686,0,1,,,,
bg__Q03691,0,1,,,,
bg__Q036L2,0,1,,,,
bg__Q03705,0,1,,,,
bg__Q03736,0,1,,,,
bg__Q03751,0,1,,,,
bg__Q03768,0,1,,,,
bg__Q03778,0,1,,,,
bg__Q03796,0,1,,,,
bg__Q03798,0,1,,,,
bg__Q037U8,0,1,,,,
bg__Q03835,0,1,,,,
bg__Q03898,0,1,,,,
bg__Q03941,0,1,,,,
bg__Q03965,0,1,,,,
bg__Q03973,0,1,,,,
bg__Q03976,0,1,,,,
bg__Q03994,0,5,,,,
bg__Q039B5,0,2,,,,
bg__Q039E6,0,1,,,,
bg__Q039I0,0,1,,,,
bg__Q039J0,0,1,,,,
bg__Q03A83,0,1,,,,
bg__Q03AS0,0,1,,,,
bg__Q03CB3,0,1,,,,
bg__Q03D58,0,1,,,,
bg__Q03EW6,0,1,,,,
bg__Q03EY0,0,1,,,,
bg__Q03F56,0,1,,,,
bg__Q03FT4,0,2,,,,
bg__Q03FU3,0,2,,,,
bg__Q03G75,0,1,,,,
bg__Q03GC2,0,1,,,,
bg__Q03GM6,0,1,,,,
bg__Q03GV3,0,1,,,,
bg__Q03GY5,0,1,,,,
bg__Q03HB3,0,1,,,,
bg__Q03HF4,0,1,,,,
bg__Q03K93,0,1,,,,
bg__Q03KT7,0,1,,,,
bg__Q03M55,0,1,,,,
bg__Q03NE0,0,1,,,,
bg__Q03NE4,0,1,,,,
bg__Q03NR9,0,1,,,,
bg__Q03PY6,0,1,,,,
bg__Q03PY8,0,1,,,,
bg__Q03QF3,0,1,,,,
bg__Q03RR1,0,1,,,,
bg__Q03RW0,0,1,,,,
bg__Q03S30,0,1,,,,
bg__Q03S83,0,1,,,,
bg__Q03SV2,0,1,,,,
bg__Q03SX9,0,4,,,,
bg__Q03T54,0,1,,,,
bg__Q03VG4,0,1,,,,
bg__Q03VI2,0,1,,,,
bg__Q03VW0,0,1,,,,
bg__Q03W33,0,1,,,,
bg__Q03XM8,0,1,,,,
bg__Q03Y33,0,1,,,,
bg__Q03YX1,0,1,,,,
bg__Q03ZC9,0,2,,,,
bg__Q04004,0,1,,,,
bg__Q04005,0,1,,,,
bg__Q04013,0,1,,,,
bg__Q04031,0,1,,,,
bg__Q04066,0,1,,,,
bg__Q04067,0,1,,,,
bg__Q04110,0,1,,,,
bg__Q04170,0,1,,,,
bg__Q04178,0,1,,,,
bg__Q04272,0,1,,,,
bg__Q04299,0,1,,,,
bg__Q042B4,0,1,,,,
bg__Q042G6,0,4,,,,
bg__Q04368,0,1,,,,
bg__Q04396,0,1,,,,
bg__Q043A6,0,1,,,,
bg__Q04432,0,1,,,,
bg__Q04448,0,1,,,,
bg__Q04477,0,1,,,,
bg__Q044G6,0,1,,,,
bg__Q04507,0,1,,,,
bg__Q04549,0,1,,,,
bg__Q04566,0,1,,,,
bg__Q04567,0,1,,,,
bg__Q04599,0,1,,,,
bg__Q04615,0,1,,,,
bg__Q04617,0,1,,,,
bg__Q04618,0,2,,,,
bg__Q04649,0,3,,,,
bg__Q04654,0,3,,,,
bg__Q04659,0,1,,,,
bg__Q04689,0,1,,,,
bg__Q04720,0,1,,,,
bg__Q04734,0,1,,,,
bg__Q04741,0,3,,,,
bg__Q04744,0,3,,,,
bg__Q04751,0,1,,,,
bg__Q04757,0,1,,,,
bg__Q04770,0,1,,,,
bg__Q04778,0,1,,,,
bg__Q04796,0,2,,,,
bg__Q047M3,0,1,,,,
bg__Q04802,0,1,,,,
bg__Q04809,0,1,,,,
bg__Q04867,0,1,,,,
bg__Q04868,0,1,,,,
bg__Q04896,0,1,,,,
bg__Q04929,0,5,,,,
bg__Q04935,0,1,,,,
bg__Q04947,0,1,,,,
bg__Q04949,0,1,,,,
bg__Q04983,0,1,,,,
bg__Q049E6,0,1,,,,
bg__Q049Z9,0,1,,,,
bg__Q04BL3,0,1,,,,
bg__Q04BY4,0,1,,,,
bg__Q04DR8,0,1,,,,
bg__Q04FB0,0,1,,,,
bg__Q04FK3,0,1,,,,
bg__Q04GL2,0,1,,,,
bg__Q04H28,0,1,,,,
bg__Q04JG7,0,1,,,,
bg__Q04K52,0,2,,,,
bg__Q04L82,0,4,,,,
bg__Q04LE4,0,1,,,,
bg__Q04LL6,0,2,,,,
bg__Q04QY0,0,1,,,,
bg__Q04RH1,0,2,,,,
bg__Q04SV2,0,1,,,,
bg__Q04T63,0,2,,,,
bg__Q04V71,0,1,,,,
bg__Q04V89,0,1,,,,
bg__Q04VG7,0,1,,,,
bg__Q04XX5,0,2,,,,
bg__Q05016,0,1,,,,
bg__Q050C7,0,2,,,,
bg__Q05175,0,1,,,,
bg__Q051I1,0,1,,,,
bg__Q051J2,0,2,,,,
bg__Q05213,0,1,,,,
bg__Q05238,0,1,,,,
bg__Q05259,0,1,,,,
bg__Q05323,0,1,,,,
bg__Q05327,0,1,,,,
bg__Q05353,0,1,,,,
bg__Q053U5,0,1,,,,
bg__Q05466,0,1,,,,
bg__Q05473,0,1,,,,
bg__Q05521,0,1,,,,
bg__Q05533,0,1,,,,
bg__Q05541,0,1,,,,
bg__Q05584,0,1,,,,
bg__Q05592,0,1,,,,
bg__Q05596,0,2,,,,
bg__Q05622,0,1,,,,
bg__Q05636,0,1,,,,
bg__Q05716,0,5,,,,
bg__Q05740,0,1,,,,
bg__Q05775,0,1,,,,
bg__Q05777,0,1,,,,
bg__Q05778,0,1,,,,
bg__Q05779,0,1,,,,
bg__Q05788,0,1,,,,
bg__Q05789,0,1,,,,
bg__Q057D3,0,1,,,,
bg__Q057F2,0,1,,,,
bg__Q057N9,0,1,,,,
bg__Q057P0,0,1,,,,
bg__Q057V1,0,1,,,,
bg__Q057Y0,0,1,,,,
bg__Q05831,0,1,,,,
bg__Q05840,0,1,,,,
bg__Q05852,0,2,,,,
bg__Q05856,0,1,,,,
bg__Q05867,0,1,,,,
bg__Q05871,0,1,,,,
bg__Q05874,0,1,,,,
bg__Q05892,0,1,,,,
bg__Q058B1,0,1,,,,
bg__Q058B4,0,1,,,,
bg__Q05900,0,1,,,,
bg__Q05905,0,1,,,,
bg__Q05917,0,1,,,,
bg__Q05922,0,2,,,,
bg__Q05B56,0,4,,,,
bg__Q06058,0,1,,,,
bg__Q06104,0,1,,,,
bg__Q06107,0,1,,,,
bg__Q06109,0,1,,,,
bg__Q06131,0,2,,,,
bg__Q06143,0,1,,,,
bg__Q06182,0,1,,,,
bg__Q06188,0,1,,,,
bg__Q06198,0,1,,,,
bg__Q06209,0,3,,,,
bg__Q06239,0,1,,,,
bg__Q06241,0,1,,,,
bg__Q06244,0,1,,,,
bg__Q06320,0,1,,,,
bg__Q06323,0,5,,,,
bg__Q06328,0,1,,,,
bg__Q06338,0,1,,,,
bg__Q06346,0,1,,,,
bg__Q06390,0,1,,,,
bg__Q06397,0,1,,,,
bg__Q06398,0,1,,,,
bg__Q06469,0,1,,,,
bg__Q06485,0,1,,,,
bg__Q06504,0,1,,,,
bg__Q06508,0,1,,,,
bg__Q06511,0,1,,,,
bg__Q06522,0,1,,,,
bg__Q06529,0,1,,,,
bg__Q06543,0,2,,,,
bg__Q06596,0,1,,,,
bg__Q06602,0,1,,,,
bg__Q06615,0,1,,,,
bg__Q06643,0,2,,,,
bg__Q06651,0,1,,,,
bg__Q06661,0,2,,,,
bg__Q06667,0,1,,,,
bg__Q06672,0,1,,,,
bg__Q06676,0,1,,,,
bg__Q06686,0,1,,,,
bg__Q06688,0,1,,,,
bg__Q06702,0,1,,,,
bg__Q06703,0,1,,,,
bg__Q06750,0,1,,,,
bg__Q06755,0,1,,,,
bg__Q06834,0,1,,,,
bg__Q06849,0,3,,,,
bg__Q06891,0,1,,,,
bg__Q06927,0,1,,,,
bg__Q06934,0,2,,,,
bg__Q06963,0,25,,,,
bg__Q06990,0,2,,,,
bg__Q06991,0,1,,,,
bg__Q06KA2,0,1,,,,
bg__Q06PM8,0,1,,,,
bg__Q07011,0,1,,,,
bg__Q07020,0,1,,,,
bg__Q07133,0,1,,,,
bg__Q07154,0,4,,,,
bg__Q07159,0,1,,,,
bg__Q07203,0,1,,,,
bg__Q07221,0,3,,,,
bg__Q07350,0,1,,,,
bg__Q07412,0,1,,,,
bg__Q07444,0,8,,,,
bg__Q07449,0,1,,,,
bg__Q07458,0,1,,,,
bg__Q07472,0,2,,,,
bg__Q07473,0,3,,,,
bg__Q07508,0,1,,,,
bg__Q07534,0,1,,,,
bg__Q07551,0,1,,,,
bg__Q07560,0,1,,,,
bg__Q07607,0,1,,,,
bg__Q07651,0,1,,,,
bg__Q07730,0,1,,,,
bg__Q07801,0,1,,,,
bg__Q07821,0,1,,,,
bg__Q07841,0,1,,,,
bg__Q07843,0,1,,,,
bg__Q07872,0,1,,,,
bg__Q07876,0,1,,,,
bg__Q07897,0,1,,,,
bg__Q07953,0,1,,,,
bg__Q07981,0,1,,,,
bg__Q07G34,0,2,,,,
bg__Q07L39,0,2,,,,
bg__Q07LY2,0,1,,,,
bg__Q07NH5,0,5,,,,
bg__Q07UT2,0,6,,,,
bg__Q07VB6,0,4,,,,
bg__Q07W60,0,1,,,,
bg__Q07ZX3,0,1,,,,
bg__Q08015,0,1,,,,
bg__Q08071,0,3,,,,
bg__Q08079,0,1,,,,
bg__Q08116,0,1,,,,
bg__Q08182,0,1,,,,
bg__Q08202,0,1,,,,
bg__Q08235,0,1,,,,
bg__Q08237,0,1,,,,
bg__Q08278,0,1,,,,
bg__Q08285,0,1,,,,
bg__Q08325,0,1,,,,
bg__Q08383,0,1,,,,
bg__Q08392,0,1,,,,
bg__Q08398,0,1,,,,
bg__Q08457,0,1,,,,
bg__Q08537,0,2,,,,
bg__Q08553,0,1,,,,
bg__Q08558,0,1,,,,
bg__Q08586,0,1,,,,
bg__Q08624,0,2,,,,
bg__Q08682,0,2,,,,
bg__Q08686,0,1,,,,
bg__Q086T5,0,1,,,,
bg__Q08708,0,1,,,,
bg__Q08713,0,1,,,,
bg__Q08738,0,1,,,,
bg__Q08746,0,1,,,,
bg__Q08747,0,1,,,,
bg__Q08783,0,1,,,,
bg__Q08788,0,1,,,,
bg__Q08820,0,1,,,,
bg__Q08850,0,4,,,,
bg__Q08856,0,4,,,,
bg__Q08864,0,1,,,,
bg__Q08865,0,1,,,,
bg__Q08880,0,1,,,,
bg__Q08907,0,1,,,,
bg__Q08926,0,1,,,,
bg__Q08935,0,1,,,,
bg__Q08937,0,1,,,,
bg__Q08952,0,1,,,,
bg__Q08954,0,1,,,,
bg__Q08963,0,1,,,,
bg__Q08992,0,3,,,,
bg__Q08A23,0,3,,,,
bg__Q08BM0,0,1,,,,
bg__Q08C57,0,1,,,,
bg__Q08CI8,0,2,,,,
bg__Q08D83,0,2,,,,
bg__Q08DG5,0,3,,,,
bg__Q08DS3,0,6,,,,
bg__Q08DY6,0,3,,,,
bg__Q08E08,0,2,,,,
bg__Q08E43,0,3,,,,
bg__Q08I43,0,1,,,,
bg__Q08IS0,0,1,,,,
bg__Q09024,0,1,,,,
bg__Q09065,0,1,,,,
bg__Q09117,0,1,,,,
bg__Q09154,0,1,,,,
bg__Q09232,0,1,,,,
bg__Q09253,0,1,,,,
bg__Q09265,0,1,,,,
bg__Q09385,0,1,,,,
bg__Q09390,0,1,,,,
bg__Q09422,0,2,,,,
bg__Q09438,0,2,,,,
bg__Q09463,0,1,,,,
bg__Q09511,0,1,,,,
bg__Q09517,0,1,,,,
bg__Q09522,0,1,,,,
bg__Q09545,0,4,,,,
bg__Q09583,0,1,,,,
bg__Q09604,0,1,,,,
bg__Q09637,0,1,,,,
bg__Q09652,0,1,,,,
bg__Q09673,0,1,,,,
bg__Q09675,0,1,,,,
bg__Q09717,0,1,,,,
bg__Q09741,0,2,,,,
bg__Q09751,0,1,,,,
bg__Q09814,0,1,,,,
bg__Q09851,0,1,,,,
bg__Q09918,0,1,,,,
bg__Q09969,0,1,,,,
bg__Q09KQ6,0,1,,,,
bg__Q0A4T1,0,1,,,,
bg__Q0A550,0,1,,,,
bg__Q0A6F1,0,6,,,,
bg__Q0A6K4,0,1,,,,
bg__Q0A751,0,1,,,,
bg__Q0A7L4,0,2,,,,
bg__Q0A7X8,0,1,,,,
bg__Q0A8P9,0,1,,,,
bg__Q0A939,0,1,,,,
bg__Q0A9A0,0,2,,,,
bg__Q0AA41,0,1,,,,
bg__Q0AA48,0,1,,,,
bg__Q0AA73,0,1,,,,
bg__Q0AAG2,0,1,,,,
bg__Q0AC00,0,1,,,,
bg__Q0ACJ4,0,1,,,,
bg__Q0ACJ6,0,2,,,,
bg__Q0ACL9,0,1,,,,
bg__Q0ADS3,0,1,,,,
bg__Q0AER1,0,1,,,,
bg__Q0AFN2,0,2,,,,
bg__Q0AGM1,0,1,,,,
bg__Q0AGX7,0,1,,,,
bg__Q0AI27,0,1,,,,
bg__Q0AIP9,0,1,,,,
bg__Q0AJ67,0,10,,,,
bg__Q0AKD6,0,1,,,,
bg__Q0ALQ9,0,1,,,,
bg__Q0AM20,0,1,,,,
bg__Q0AME1,0,1,,,,
bg__Q0AP80,0,1,,,,
bg__Q0AP84,0,1,,,,
bg__Q0APU7,0,1,,,,
bg__Q0APW3,0,1,,,,
bg__Q0AQH3,0,1,,,,
bg__Q0AQJ7,0,1,,,,
bg__Q0ARD7,0,1,,,,
bg__Q0AUK9,0,1,,,,
bg__Q0AUM4,0,1,,,,
bg__Q0AVE3,0,1,,,,
bg__Q0AW41,0,1,,,,
bg__Q0AXG1,0,1,,,,
bg__Q0AXG6,0,1,,,,
bg__Q0AXG7,0,1,,,,
bg__Q0AXU4,0,1,,,,
bg__Q0AY75,0,1,,,,
bg__Q0AYB0,0,1,,,,
bg__Q0AYW0,0,1,,,,
bg__Q0AYW2,0,1,,,,
bg__Q0AZ87,0,1,,,,
bg__Q0AZE0,0,1,,,,
bg__Q0B0N9,0,1,,,,
bg__Q0B0P5,0,1,,,,
bg__Q0B0P6,0,1,,,,
bg__Q0BAY6,0,2,,,,
bg__Q0BKP7,0,2,,,,
bg__Q0BM87,0,1,,,,
bg__Q0BMC8,0,2,,,,
bg__Q0BMQ8,0,1,,,,
bg__Q0BN75,0,2,,,,
bg__Q0BN99,0,2,,,,
bg__Q0BNM6,0,3,,,,
bg__Q0BNT7,0,1,,,,
bg__Q0BP15,0,4,,,,
bg__Q0BPE6,0,1,,,,
bg__Q0BPF6,0,1,,,,
bg__Q0BPU7,0,1,,,,
bg__Q0BQ87,0,1,,,,
bg__Q0BSF0,0,1,,,,
bg__Q0BSQ3,0,1,,,,
bg__Q0BT08,0,1,,,,
bg__Q0BTP1,0,2,,,,
bg__Q0BTX8,0,1,,,,
bg__Q0BV27,0,1,,,,
bg__Q0BV49,0,1,,,,
bg__Q0BWF7,0,1,,,,
bg__Q0BWN5,0,1,,,,
bg__Q0BWR4,0,1,,,,
bg__Q0BYG4,0,1,,,,
bg__Q0BYJ5,0,1,,,,
bg__Q0BZZ7,0,1,,,,
bg__Q0C187,0,1,,,,
bg__Q0C1A3,0,1,,,,
bg__Q0C1B9,0,1,,,,
bg__Q0C2D0,0,1,,,,
bg__Q0C347,0,1,,,,
bg__Q0C444,0,1,,,,
bg__Q0C4U8,0,1,,,,
bg__Q0C570,0,1,,,,
bg__Q0C5A1,0,3,,,,
bg__Q0C643,0,1,,,,
bg__Q0C661,0,1,,,,
bg__Q0C6A6,0,1,,,,
bg__Q0C7M4,0,1,,,,
bg__Q0C8M2,0,2,,,,
bg__Q0CCY1,0,1,,,,
bg__Q0CCY4,0,2,,,,
bg__Q0CD01,0,1,,,,
bg__Q0CJ58,0,1,,,,
bg__Q0CNE3,0,2,,,,
bg__Q0CS66,0,1,,,,
bg__Q0CS68,0,1,,,,
bg__Q0CS97,0,1,,,,
bg__Q0CU66,0,1,,,,
bg__Q0CUL0,0,4,,,,
bg__Q0CUT8,0,2,,,,
bg__Q0D3I7,0,1,,,,
bg__Q0D4G3,0,1,,,,
bg__Q0D4T4,0,1,,,,
bg__Q0DBL6,0,1,,,,
bg__Q0DC89,0,1,,,,
bg__Q0DFG8,0,3,,,,
bg__Q0DFT7,0,1,,,,
bg__Q0DGU2,0,1,,,,
bg__Q0DJY3,0,1,,,,
bg__Q0DK16,0,2,,,,
bg__Q0DNU1,0,1,,,,
bg__Q0DWF2,0,1,,,,
bg__Q0DWH7,0,1,,,,
bg__Q0DX67,0,1,,,,
bg__Q0E0W7,0,1,,,,
bg__Q0E1I7,0,1,,,,
bg__Q0E3C3,0,1,,,,
bg__Q0G825,0,1,,,,
bg__Q0HG72,0,4,,,,
bg__Q0HJG0,0,2,,,,
bg__Q0HP01,0,6,,,,
bg__Q0HPU6,0,2,,,,
bg__Q0I0L4,0,3,,,,
bg__Q0I1B7,0,1,,,,
bg__Q0I3C2,0,2,,,,
bg__Q0I685,0,2,,,,
bg__Q0I8S8,0,1,,,,
bg__Q0I9S4,0,1,,,,
bg__Q0IDC6,0,1,,,,
bg__Q0IDJ2,0,1,,,,
bg__Q0IDJ3,0,11,,,,
bg__Q0IDZ4,0,1,,,,
bg__Q0IE56,0,1,,,,
bg__Q0IE58,0,2,,,,
bg__Q0IGM7,0,1,,,,
bg__Q0IH43,0,3,,,,
bg__Q0IHH1,0,1,,,,
bg__Q0II22,0,2,,,,
bg__Q0III6,0,1,,,,
bg__Q0IIP8,0,1,,,,
bg__Q0ILQ6,0,3,,,,
bg__Q0IUU4,0,1,,,,
bg__Q0IWF3,0,2,,,,
bg__Q0J059,0,1,,,,
bg__Q0J0G7,0,1,,,,
bg__Q0J466,0,2,,,,
bg__Q0J7P4,0,1,,,,
bg__Q0J7V9,0,1,,,,
bg__Q0JB92,0,1,,,,
bg__Q0JBF0,0,2,,,,
bg__Q0JBP5,0,4,,,,
bg__Q0JD85,0,1,,,,
bg__Q0JEB7,0,1,,,,
bg__Q0JG99,0,1,,,,
bg__Q0JHF1,0,1,,,,
bg__Q0JJV0,0,1,,,,
bg__Q0JKX1,0,1,,,,
bg__Q0JMR0,0,1,,,,
bg__Q0JMW0,0,1,,,,
bg__Q0JNR2,0,1,,,,
bg__Q0JPT5,0,1,,,,
bg__Q0JQF7,0,1,,,,
bg__Q0JR25,0,1,,,,
bg__Q0K7S5,0,3,,,,
bg__Q0K8H3,0,1,,,,
bg__Q0K8K6,0,2,,,,
bg__Q0K8N3,0,5,,,,
bg__Q0KBC7,0,1,,,,
bg__Q0KBC9,0,1,,,,
bg__Q0KBD1,0,1,,,,
bg__Q0KBT2,0,3,,,,
bg__Q0KCT2,0,1,,,,
bg__Q0KEQ0,0,1,,,,
bg__Q0KF31,0,5,,,,
bg__Q0KFE7,0,2,,,,
bg__Q0MQI2,0,1,,,,
bg__Q0MQI9,0,6,,,,
bg__Q0NZX9,0,1,,,,
bg__Q0P3Z8,0,1,,,,
bg__Q0P424,0,1,,,,
bg__Q0P426,0,1,,,,
bg__Q0P487,0,1,,,,
bg__Q0P4A6,0,1,,,,
bg__Q0P4J3,0,1,,,,
bg__Q0P8I7,0,1,,,,
bg__Q0P8J1,0,1,,,,
bg__Q0P8J8,0,1,,,,
bg__Q0P8S7,0,1,,,,
bg__Q0P8U5,0,1,,,,
bg__Q0P9D1,0,1,,,,
bg__Q0PA50,0,1,,,,
bg__Q0PC20,0,1,,,,
bg__Q0PGJ6,0,1,,,,
bg__Q0PVB3,0,1,,,,
bg__Q0Q463,0,1,,,,
bg__Q0QFQ3,0,1,,,,
bg__Q0QLE4,0,1,,,,
bg__Q0QLF4,0,1,,,,
bg__Q0QLF5,0,1,,,,
bg__Q0RB90,0,1,,,,
bg__Q0RB94,0,1,,,,
bg__Q0RHR9,0,2,,,,
bg__Q0RKT0,0,1,,,,
bg__Q0RLT7,0,2,,,,
bg__Q0RQV5,0,1,,,,
bg__Q0RRW7,0,5,,,,
bg__Q0RWC9,0,1,,,,
bg__Q0S2E0,0,3,,,,
bg__Q0S4R3,0,1,,,,
bg__Q0S4S3,0,2,,,,
bg__Q0S7P9,0,2,,,,
bg__Q0S7Q0,0,1,,,,
bg__Q0SES0,0,3,,,,
bg__Q0SFS2,0,1,,,,
bg__Q0SGZ1,0,4,,,,
bg__Q0SI54,0,9,,,,
bg__Q0SI70,0,2,,,,
bg__Q0SJD2,0,1,,,,
bg__Q0SMA2,0,1,,,,
bg__Q0SMF0,0,2,,,,
bg__Q0SMR8,0,3,,,,
bg__Q0SNR4,0,2,,,,
bg__Q0SP77,0,1,,,,
bg__Q0SPF2,0,5,,,,
bg__Q0SRS5,0,1,,,,
bg__Q0SS07,0,2,,,,
bg__Q0STA1,0,1,,,,
bg__Q0STC3,0,1,,,,
bg__Q0STE8,0,1,,,,
bg__Q0SWH9,0,1,,,,
bg__Q0SWR1,0,2,,,,
bg__Q0T250,0,5,,,,
bg__Q0TAA1,0,10,,,,
bg__Q0TDT9,0,5,,,,
bg__Q0TMD6,0,1,,,,
bg__Q0TML8,0,1,,,,
bg__Q0TNQ8,0,7,,,,
bg__Q0TNU5,0,2,,,,
bg__Q0TQ59,0,2,,,,
bg__Q0TRA5,0,1,,,,
bg__Q0TRA8,0,8,,,,
bg__Q0TRN3,0,2,,,,
bg__Q0TSP9,0,1,,,,
bg__Q0TT95,0,2,,,,
bg__Q0TU51,0,1,,,,
bg__Q0TU55,0,2,,,,
bg__Q0TZT0,0,1,,,,
bg__Q0U6E7,0,1,,,,
bg__Q0UHC0,0,1,,,,
bg__Q0UK52,0,1,,,,
bg__Q0UTF0,0,1,,,,
bg__Q0UXN8,0,1,,,,
bg__Q0V2R4,0,1,,,,
bg__Q0V7X4,0,1,,,,
bg__Q0V869,0,1,,,,
bg__Q0V881,0,2,,,,
bg__Q0V9F7,0,2,,,,
bg__Q0V9K2,0,2,,,,
bg__Q0VAA5,0,1,,,,
bg__Q0VBU9,0,2,,,,
bg__Q0VC21,0,3,,,,
bg__Q0VC22,0,1,,,,
bg__Q0VC53,0,5,,,,
bg__Q0VCB1,0,2,,,,
bg__Q0VCE2,0,2,,,,
bg__Q0VCR4,0,4,,,,
bg__Q0VCS0,0,1,,,,
bg__Q0VCT9,0,3,,,,
bg__Q0VD27,0,4,,,,
bg__Q0VD86,0,1,,,,
bg__Q0VFH3,0,1,,,,
bg__Q0VM18,0,1,,,,
bg__Q0VMD7,0,1,,,,
bg__Q0VMX9,0,2,,,,
bg__Q0VN37,0,1,,,,
bg__Q0VN94,0,1,,,,
bg__Q0VP22,0,1,,,,
bg__Q0VPK3,0,1,,,,
bg__Q0VQE3,0,2,,,,
bg__Q0VQF5,0,7,,,,
bg__Q0VRH4,0,1,,,,
bg__Q0VSN1,0,1,,,,
bg__Q0VSP5,0,1,,,,
bg__Q0VT62,0,1,,,,
bg__Q0VT66,0,1,,,,
bg__Q0VTD6,0,1,,,,
bg__Q0W1L9,0,1,,,,
bg__Q0W2P8,0,1,,,,
bg__Q0W3L5,0,1,,,,
bg__Q0W4U3,0,1,,,,
bg__Q0W6M2,0,1,,,,
bg__Q0W8E1,0,1,,,,
bg__Q0WGE8,0,1,,,,
bg__Q0WNB1,0,1,,,,
bg__Q0WP12,0,1,,,,
bg__Q0WP96,0,1,,,,
bg__Q0WPN8,0,1,,,,
bg__Q0WPW4,0,1,,,,
bg__Q0WPX7,0,1,,,,
bg__Q0WRJ7,0,1,,,,
bg__Q0WSX8,0,1,,,,
bg__Q0WW55,0,1,,,,
bg__Q0WWQ1,0,1,,,,
bg__Q0X0C4,0,1,,,,
bg__Q0ZQ43,0,1,,,,
bg__Q0ZUP0,0,1,,,,
bg__Q10007,0,1,,,,
bg__Q10045,0,1,,,,
bg__Q10113,0,1,,,,
bg__Q10137,0,1,,,,
bg__Q10148,0,1,,,,
bg__Q10153,0,1,,,,
bg__Q10154,0,1,,,,
bg__Q10171,0,1,,,,
bg__Q10193,0,1,,,,
bg__Q10204,0,1,,,,
bg__Q10205,0,1,,,,
bg__Q10224,0,1,,,,
bg__Q10235,0,1,,,,
bg__Q10241,0,1,,,,
bg__Q10243,0,1,,,,
bg__Q10257,0,1,,,,
bg__Q10270,0,1,,,,
bg__Q10282,0,1,,,,
bg__Q10290,0,1,,,,
bg__Q10298,0,1,,,,
bg__Q10320,0,1,,,,
bg__Q10322,0,1,,,,
bg__Q10329,0,1,,,,
bg__Q10348,0,1,,,,
bg__Q10353,0,1,,,,
bg__Q10357,0,1,,,,
bg__Q10409,0,1,,,,
bg__Q10423,0,1,,,,
bg__Q10430,0,1,,,,
bg__Q10434,0,1,,,,
bg__Q10446,0,1,,,,
bg__Q10462,0,1,,,,
bg__Q10474,0,1,,,,
bg__Q10482,0,1,,,,
bg__Q10484,0,1,,,,
bg__Q10657,0,1,,,,
bg__Q10667,0,1,,,,
bg__Q10905,0,1,,,,
bg__Q10B19,0,1,,,,
bg__Q10B79,0,1,,,,
bg__Q10BU2,0,1,,,,
bg__Q10CE7,0,1,,,,
bg__Q10D34,0,1,,,,
bg__Q10DV5,0,1,,,,
bg__Q10E49,0,1,,,,
bg__Q10F25,0,1,,,,
bg__Q10G40,0,1,,,,
bg__Q10JI3,0,1,,,,
bg__Q10KL8,0,1,,,,
bg__Q10KX8,0,1,,,,
bg__Q10LI1,0,1,,,,
bg__Q10LI8,0,1,,,,
bg__Q10M18,0,1,,,,
bg__Q10M74,0,1,,,,
bg__Q10MN2,0,1,,,,
bg__Q10MR0,0,1,,,,
bg__Q10NQ9,0,2,,,,
bg__Q10P60,0,1,,,,
bg__Q10PE7,0,3,,,,
bg__Q10PZ9,0,1,,,,
bg__Q10Q80,0,1,,,,
bg__Q10QA5,0,4,,,,
bg__Q10QP3,0,1,,,,
bg__Q10QR9,0,1,,,,
bg__Q10R09,0,1,,,,
bg__Q10RK1,0,1,,,,
bg__Q10S65,0,1,,,,
bg__Q10S66,0,1,,,,
bg__Q10S70,0,2,,,,
bg__Q10S93,0,2,,,,
bg__Q10SM7,0,4,,,,
bg__Q11098,0,1,,,,
bg__Q11117,0,1,,,,
bg__Q11118,0,1,,,,
bg__Q11183,0,1,,,,
bg__Q112X4,0,5,,,,
bg__Q117D2,0,1,,,,
bg__Q119B9,0,4,,,,
bg__Q11CB4,0,4,,,,
bg__Q11CK7,0,22,,,,
bg__Q11CM4,0,1,,,,
bg__Q11DS0,0,4,,,,
bg__Q11DU2,0,1,,,,
bg__Q11E01,0,5,,,,
bg__Q11F82,0,2,,,,
bg__Q11GC5,0,1,,,,
bg__Q11HU4,0,1,,,,
bg__Q11JM4,0,3,,,,
bg__Q11KH2,0,1,,,,
bg__Q11L51,0,1,,,,
bg__Q11LD0,0,1,,,,
bg__Q11NE6,0,1,,,,
bg__Q11QI8,0,1,,,,
bg__Q11RE0,0,1,,,,
bg__Q11RI7,0,1,,,,
bg__Q11RP3,0,1,,,,
bg__Q11TS0,0,1,,,,
bg__Q11TY6,0,1,,,,
bg__Q11VI0,0,1,,,,
bg__Q11XK2,0,1,,,,
bg__Q11Y71,0,1,,,,
bg__Q11YY5,0,1,,,,
bg__Q12008,0,1,,,,
bg__Q12010,0,1,,,,
bg__Q12015,0,1,,,,
bg__Q12017,0,1,,,,
bg__Q12025,0,1,,,,
bg__Q12030,0,1,,,,
bg__Q12040,0,1,,,,
bg__Q12052,0,1,,,,
bg__Q12057,0,1,,,,
bg__Q12067,0,1,,,,
bg__Q12084,0,1,,,,
bg__Q12094,0,1,,,,
bg__Q12106,0,1,,,,
bg__Q12107,0,1,,,,
bg__Q12117,0,1,,,,
bg__Q12125,0,1,,,,
bg__Q12129,0,1,,,,
bg__Q12144,0,1,,,,
bg__Q12145,0,1,,,,
bg__Q12159,0,1,,,,
bg__Q12163,0,1,,,,
bg__Q12164,0,1,,,,
bg__Q12189,0,1,,,,
bg__Q12192,0,1,,,,
bg__Q12208,0,1,,,,
bg__Q12213,0,3,,,,
bg__Q12219,0,1,,,,
bg__Q12223,0,1,,,,
bg__Q12241,0,1,,,,
bg__Q12255,0,1,,,,
bg__Q12262,0,1,,,,
bg__Q12270,0,1,,,,
bg__Q12272,0,1,,,,
bg__Q12277,0,1,,,,
bg__Q12282,0,1,,,,
bg__Q12285,0,1,,,,
bg__Q12286,0,1,,,,
bg__Q12288,0,1,,,,
bg__Q12318,0,1,,,,
bg__Q12320,0,1,,,,
bg__Q12326,0,1,,,,
bg__Q12328,0,1,,,,
bg__Q12334,0,1,,,,
bg__Q12339,0,1,,,,
bg__Q12343,0,1,,,,
bg__Q12345,0,1,,,,
bg__Q12350,0,1,,,,
bg__Q12354,0,1,,,,
bg__Q12359,0,1,,,,
bg__Q12375,0,1,,,,
bg__Q12380,0,1,,,,
bg__Q12382,0,1,,,,
bg__Q12390,0,1,,,,
bg__Q12393,0,1,,,,
bg__Q12395,0,1,,,,
bg__Q12400,0,1,,,,
bg__Q12404,0,1,,,,
bg__Q12416,0,1,,,,
bg__Q12425,0,1,,,,
bg__Q12437,0,1,,,,
bg__Q12438,0,1,,,,
bg__Q12442,0,1,,,,
bg__Q12445,0,1,,,,
bg__Q12450,0,1,,,,
bg__Q12454,0,1,,,,
bg__Q12455,0,1,,,,
bg__Q12458,0,1,,,,
bg__Q12462,0,1,,,,
bg__Q12477,0,1,,,,
bg__Q12481,0,1,,,,
bg__Q12483,0,1,,,,
bg__Q12488,0,1,,,,
bg__Q12493,0,1,,,,
bg__Q12512,0,1,,,,
bg__Q12515,0,1,,,,
bg__Q12517,0,1,,,,
bg__Q12530,0,1,,,,
bg__Q12634,0,4,,,,
bg__Q12657,0,1,,,,
bg__Q12679,0,1,,,,
bg__Q126P9,0,1,,,,
bg__Q12724,0,1,,,,
bg__Q12731,0,4,,,,
bg__Q12746,0,1,,,,
bg__Q12904,0,1,,,,
bg__Q12918,0,1,,,,
bg__Q12962,0,1,,,,
bg__Q12981,0,1,,,,
bg__Q12982,0,1,,,,
bg__Q12999,0,1,,,,
bg__Q129C4,0,6,,,,
bg__Q129H3,0,1,,,,
bg__Q12DZ8,0,2,,,,
bg__Q12FI4,0,1,,,,
bg__Q12FJ6,0,1,,,,
bg__Q12L39,0,1,,,,
bg__Q12MB3,0,1,,,,
bg__Q12MM2,0,1,,,,
bg__Q12N55,0,1,,,,
bg__Q12NB8,0,8,,,,
bg__Q12PE3,0,2,,,,
bg__Q12QI5,0,4,,,,
bg__Q12QR3,0,24,,,,
bg__Q12UJ8,0,1,,,,
bg__Q12UJ9,0,1,,,,
bg__Q12V26,0,1,,,,
bg__Q12W06,0,1,,,,
bg__Q12WC7,0,1,,,,
bg__Q12WM8,0,1,,,,
bg__Q12XX5,0,1,,,,
bg__Q12ZB8,0,1,,,,
bg__Q12ZG1,0,1,,,,
bg__Q13151,0,2,,,,
bg__Q13155,0,4,,,,
bg__Q13156,0,1,,,,
bg__Q13243,0,2,,,,
bg__Q13261,0,1,,,,
bg__Q13268,0,1,,,,
bg__Q13326,0,4,,,,
bg__Q13371,0,4,,,,
bg__Q133X3,0,5,,,,
bg__Q13461,0,3,,,,
bg__Q13571,0,3,,,,
bg__Q13595,0,2,,,,
bg__Q135D0,0,5,,,,
bg__Q13607,0,2,,,,
bg__Q13637,0,2,,,,
bg__Q13938,0,1,,,,
bg__Q139C9,0,6,,,,
bg__Q13DT7,0,6,,,,
bg__Q13QH4,0,4,,,,
bg__Q13TY2,0,2,,,,
bg__Q13V13,0,5,,,,
bg__Q13V47,0,10,,,,
bg__Q13XD0,0,2,,,,
bg__Q13XD2,0,1,,,,
bg__Q13YI8,0,2,,,,
bg__Q13YL3,0,2,,,,
bg__Q14002,0,1,,,,
bg__Q14129,0,1,,,,
bg__Q14135,0,2,,,,
bg__Q14140,0,2,,,,
bg__Q14165,0,6,,,,
bg__Q14201,0,2,,,,
bg__Q14213,0,1,,,,
bg__Q14232,0,3,,,,
bg__Q142T1,0,1,,,,
bg__Q14331,0,2,,,,
bg__Q14512,0,1,,,,
bg__Q145L1,0,5,,,,
bg__Q14656,0,1,,,,
bg__Q14681,0,5,,,,
bg__Q14696,0,4,,,,
bg__Q14714,0,2,,,,
bg__Q14761,0,1,,,,
bg__Q14773,0,1,,,,
bg__Q14894,0,5,,,,
bg__Q148K0,0,4,,,,
bg__Q148M8,0,5,,,,
bg__Q14919,0,3,,,,
bg__Q14954,0,5,,,,
bg__Q14964,0,3,,,,
bg__Q149M0,0,1,,,,
bg__Q14AM7,0,3,,,,
bg__Q14B98,0,3,,,,
bg__Q14BQ3,0,1,,,,
bg__Q14BV6,0,1,,,,
bg__Q14GG5,0,3,,,,
bg__Q15005,0,3,,,,
bg__Q15006,0,6,,,,
bg__Q15014,0,3,,,,
bg__Q15024,0,2,,,,
bg__Q15040,0,1,,,,
bg__Q15041,0,1,,,,
bg__Q15056,0,4,,,,
bg__Q15072,0,3,,,,
bg__Q15078,0,4,,,,
bg__Q15116,0,1,,,,
bg__Q15126,0,2,,,,
bg__Q15286,0,1,,,,
bg__Q15363,0,1,,,,
bg__Q15527,0,1,,,,
bg__Q15528,0,1,,,,
bg__Q15612,0,1,,,,
bg__Q15615,0,2,,,,
bg__Q15617,0,2,,,,
bg__Q15619,0,1,,,,
bg__Q15622,0,6,,,,
bg__Q15628,0,3,,,,
bg__Q15669,0,1,,,,
bg__Q15771,0,1,,,,
bg__Q15773,0,2,,,,
bg__Q15834,0,1,,,,
bg__Q15GI4,0,1,,,,
bg__Q15NG5,0,2,,,,
bg__Q15NP1,0,1,,,,
bg__Q15P28,0,1,,,,
bg__Q15R35,0,1,,,,
bg__Q15RG1,0,1,,,,
bg__Q15SQ6,0,1,,,,
bg__Q15TZ6,0,1,,,,
bg__Q15U56,0,1,,,,
bg__Q15UF1,0,1,,,,
bg__Q15VG2,0,1,,,,
bg__Q15VL3,0,1,,,,
bg__Q15WS4,0,1,,,,
bg__Q15Z15,0,1,,,,
bg__Q15ZS0,0,1,,,,
bg__Q15ZT9,0,1,,,,
bg__Q15ZV5,0,1,,,,
bg__Q16270,0,2,,,,
bg__Q163E9,0,1,,,,
bg__Q16534,0,3,,,,
bg__Q16560,0,4,,,,
bg__Q16594,0,7,,,,
bg__Q165S4,0,1,,,,
bg__Q16613,0,3,,,,
bg__Q16619,0,1,,,,
bg__Q16635,0,6,,,,
bg__Q16637,0,8,,,,
bg__Q16653,0,5,,,,
bg__Q16740,0,3,,,,
bg__Q16762,0,6,,,,
bg__Q167J3,0,2,,,,
bg__Q167Y9,0,5,,,,
bg__Q16831,0,1,,,,
bg__Q168R5,0,3,,,,
bg__Q168V8,0,1,,,,
bg__Q16CW4,0,1,,,,
bg__Q16CZ0,0,1,,,,
bg__Q16DB5,0,1,,,,
bg__Q16DW6,0,1,,,,
bg__Q16NX0,0,2,,,,
bg__Q172W0,0,1,,,,
bg__Q17413,0,1,,,,
bg__Q17428,0,1,,,,
bg__Q17460,0,1,,,,
bg__Q17533,0,1,,,,
bg__Q17895,0,1,,,,
bg__Q17949,0,1,,,,
bg__Q17958,0,1,,,,
bg__Q17F11,0,1,,,,
bg__Q17QF2,0,1,,,,
bg__Q17QI8,0,4,,,,
bg__Q17QJ0,0,1,,,,
bg__Q17QK8,0,4,,,,
bg__Q17QK9,0,6,,,,
bg__Q17QN3,0,10,,,,
bg__Q17QU6,0,4,,,,
bg__Q17VA0,0,3,,,,
bg__Q17WP8,0,2,,,,
bg__Q17XG1,0,2,,,,
bg__Q17XN9,0,3,,,,
bg__Q17Z60,0,1,,,,
bg__Q17ZF9,0,3,,,,
bg__Q18054,0,1,,,,
bg__Q18090,0,1,,,,
bg__Q180P4,0,1,,,,
bg__Q181F7,0,1,,,,
bg__Q18235,0,1,,,,
bg__Q18240,0,1,,,,
bg__Q18248,0,1,,,,
bg__Q18273,0,1,,,,
bg__Q18336,0,1,,,,
bg__Q183R7,0,1,,,,
bg__Q18412,0,1,,,,
bg__Q184H7,0,1,,,,
bg__Q18579,0,1,,,,
bg__Q18612,0,1,,,,
bg__Q186A6,0,1,,,,
bg__Q186F4,0,1,,,,
bg__Q186F8,0,1,,,,
bg__Q186R1,0,2,,,,
bg__Q18711,0,1,,,,
bg__Q187T5,0,1,,,,
bg__Q18864,0,1,,,,
bg__Q18909,0,1,,,,
bg__Q18967,0,1,,,,
bg__Q18969,0,1,,,,
bg__Q18973,0,1,,,,
bg__Q189R8,0,1,,,,
bg__Q189T1,0,1,,,,
bg__Q18CS6,0,1,,,,
bg__Q18CS8,0,1,,,,
bg__Q18DH5,0,1,,,,
bg__Q18DH8,0,1,,,,
bg__Q18DK8,0,1,,,,
bg__Q18FC4,0,1,,,,
bg__Q18GB5,0,1,,,,
bg__Q18GK1,0,2,,,,
bg__Q18GX8,0,1,,,,
bg__Q18KA6,0,2,,,,
bg__Q18KB3,0,1,,,,
bg__Q18KE1,0,1,,,,
bg__Q18KL6,0,1,,,,
bg__Q18KP6,0,1,,,,
bg__Q19126,0,2,,,,
bg__Q19162,0,1,,,,
bg__Q19203,0,1,,,,
bg__Q19264,0,1,,,,
bg__Q19291,0,1,,,,
bg__Q19326,0,2,,,,
bg__Q19341,0,1,,,,
bg__Q19420,0,1,,,,
bg__Q19601,0,1,,,,
bg__Q19705,0,1,,,,
bg__Q19706,0,2,,,,
bg__Q19872,0,1,,,,
bg__Q19892,0,1,,,,
bg__Q19948,0,1,,,,
bg__Q19972,0,1,,,,
bg__Q1ASC4,0,1,,,,
bg__Q1AT14,0,1,,,,
bg__Q1AU02,0,1,,,,
bg__Q1AVQ0,0,1,,,,
bg__Q1AW66,0,1,,,,
bg__Q1AWM0,0,1,,,,
bg__Q1AXB7,0,1,,,,
bg__Q1AYR4,0,1,,,,
bg__Q1AZV2,0,1,,,,
bg__Q1B9B1,0,3,,,,
bg__Q1B9S6,0,2,,,,
bg__Q1BCR8,0,8,,,,
bg__Q1BGY4,0,3,,,,
bg__Q1BHS6,0,4,,,,
bg__Q1BU57,0,3,,,,
bg__Q1BXA8,0,3,,,,
bg__Q1C367,0,2,,,,
bg__Q1C3U7,0,14,,,,
bg__Q1C508,0,6,,,,
bg__Q1C647,0,1,,,,
bg__Q1C857,0,22,,,,
bg__Q1CG96,0,1,,,,
bg__Q1CKB1,0,10,,,,
bg__Q1CLU1,0,13,,,,
bg__Q1CR24,0,1,,,,
bg__Q1CR79,0,2,,,,
bg__Q1CRI6,0,1,,,,
bg__Q1CSH3,0,1,,,,
bg__Q1CSR0,0,3,,,,
bg__Q1CT68,0,1,,,,
bg__Q1CT76,0,4,,,,
bg__Q1CTN3,0,2,,,,
bg__Q1CTW0,0,3,,,,
bg__Q1CU72,0,2,,,,
bg__Q1CUB0,0,1,,,,
bg__Q1CVJ3,0,1,,,,
bg__Q1CVJ4,0,1,,,,
bg__Q1CVR6,0,1,,,,
bg__Q1CZV9,0,1,,,,
bg__Q1D0T2,0,1,,,,
bg__Q1D1I1,0,1,,,,
bg__Q1D1K4,0,1,,,,
bg__Q1D3H2,0,1,,,,
bg__Q1D402,0,1,,,,
bg__Q1D5Q0,0,1,,,,
bg__Q1D5X9,0,1,,,,
bg__Q1D607,0,1,,,,
bg__Q1D6H4,0,1,,,,
bg__Q1D739,0,1,,,,
bg__Q1D7Y2,0,1,,,,
bg__Q1D980,0,1,,,,
bg__Q1DA76,0,1,,,,
bg__Q1DAT4,0,1,,,,
bg__Q1DC68,0,1,,,,
bg__Q1DNB0,0,1,,,,
bg__Q1EBD3,0,1,,,,
bg__Q1EC66,0,10,,,,
bg__Q1EC69,0,3,,,,
bg__Q1ECE0,0,1,,,,
bg__Q1ECF1,0,1,,,,
bg__Q1ECF5,0,1,,,,
bg__Q1EIR0,0,1,,,,
bg__Q1G3L1,0,1,,,,
bg__Q1G3Q4,0,1,,,,
bg__Q1G3U6,0,1,,,,
bg__Q1G9A3,0,1,,,,
bg__Q1G9D6,0,1,,,,
bg__Q1G9H1,0,1,,,,
bg__Q1G9W6,0,1,,,,
bg__Q1GAF3,0,1,,,,
bg__Q1GAT7,0,1,,,,
bg__Q1GB63,0,1,,,,
bg__Q1GBJ0,0,1,,,,
bg__Q1GCL2,0,4,,,,
bg__Q1GDC3,0,1,,,,
bg__Q1GFI8,0,1,,,,
bg__Q1GGU4,0,1,,,,
bg__Q1GHJ8,0,1,,,,
bg__Q1GJX4,0,5,,,,
bg__Q1GLQ6,0,2,,,,
bg__Q1GNC9,0,1,,,,
bg__Q1GNW5,0,1,,,,
bg__Q1GPS4,0,1,,,,
bg__Q1GRP7,0,1,,,,
bg__Q1GRY1,0,2,,,,
bg__Q1GS64,0,2,,,,
bg__Q1GSC8,0,1,,,,
bg__Q1GT31,0,1,,,,
bg__Q1GTH6,0,1,,,,
bg__Q1GTL4,0,1,,,,
bg__Q1GTM7,0,1,,,,
bg__Q1GTU3,0,1,,,,
bg__Q1GTW9,0,1,,,,
bg__Q1GWJ5,0,2,,,,
bg__Q1GXE6,0,1,,,,
bg__Q1GZ04,0,1,,,,
bg__Q1GZE8,0,1,,,,
bg__Q1GZH6,0,1,,,,
bg__Q1H188,0,1,,,,
bg__Q1H1I4,0,1,,,,
bg__Q1H387,0,1,,,,
bg__Q1HAY7,0,1,,,,
bg__Q1HCM0,0,1,,,,
bg__Q1HE58,0,2,,,,
bg__Q1HG44,0,2,,,,
bg__Q1HVG1,0,3,,,,
bg__Q1I4P1,0,5,,,,
bg__Q1I642,0,4,,,,
bg__Q1I8U1,0,1,,,,
bg__Q1ICB3,0,6,,,,
bg__Q1IE06,0,2,,,,
bg__Q1IGD3,0,4,,,,
bg__Q1IHU1,0,1,,,,
bg__Q1II13,0,1,,,,
bg__Q1II76,0,1,,,,
bg__Q1IIG4,0,1,,,,
bg__Q1IKB2,0,1,,,,
bg__Q1IKB7,0,1,,,,
bg__Q1IKD0,0,1,,,,
bg__Q1ILG3,0,1,,,,
bg__Q1IMC7,0,1,,,,
bg__Q1IPE7,0,1,,,,
bg__Q1IPG4,0,1,,,,
bg__Q1ISV1,0,1,,,,
bg__Q1IV36,0,1,,,,
bg__Q1IX39,0,1,,,,
bg__Q1IX43,0,1,,,,
bg__Q1IX93,0,1,,,,
bg__Q1IXV7,0,2,,,,
bg__Q1IYX1,0,1,,,,
bg__Q1J0B6,0,1,,,,
bg__Q1J0L2,0,2,,,,
bg__Q1J0N0,0,1,,,,
bg__Q1J129,0,1,,,,
bg__Q1J141,0,2,,,,
bg__Q1J188,0,1,,,,
bg__Q1J201,0,1,,,,
bg__Q1J2A2,0,1,,,,
bg__Q1J2B6,0,1,,,,
bg__Q1J2E1,0,1,,,,
bg__Q1J513,0,4,,,,
bg__Q1J5U5,0,1,,,,
bg__Q1J708,0,4,,,,
bg__Q1JBT2,0,3,,,,
bg__Q1JFE3,0,8,,,,
bg__Q1JM69,0,8,,,,
bg__Q1JQA0,0,4,,,,
bg__Q1JQC6,0,2,,,,
bg__Q1JU72,0,1,,,,
bg__Q1JUP5,0,1,,,,
bg__Q1JUQ0,0,1,,,,
bg__Q1K4Q1,0,2,,,,
bg__Q1K5G1,0,1,,,,
bg__Q1K8B6,0,2,,,,
bg__Q1KVT5,0,1,,,,
bg__Q1L721,0,1,,,,
bg__Q1L864,0,2,,,,
bg__Q1LJ86,0,4,,,,
bg__Q1LJ94,0,1,,,,
bg__Q1LQB5,0,1,,,,
bg__Q1LRP7,0,1,,,,
bg__Q1LRS0,0,1,,,,
bg__Q1LSS7,0,1,,,,
bg__Q1LSU0,0,1,,,,
bg__Q1LT90,0,1,,,,
bg__Q1LTG7,0,1,,,,
bg__Q1LTH3,0,1,,,,
bg__Q1LTK2,0,1,,,,
bg__Q1LTN0,0,1,,,,
bg__Q1LTN6,0,1,,,,
bg__Q1LTT2,0,23,,,,
bg__Q1LTT4,0,1,,,,
bg__Q1LTT6,0,1,,,,
bg__Q1LTX0,0,1,,,,
bg__Q1LU01,0,1,,,,
bg__Q1LU04,0,1,,,,
bg__Q1LU41,0,1,,,,
bg__Q1LU86,0,6,,,,
bg__Q1LUM3,0,1,,,,
bg__Q1LV46,0,1,,,,
bg__Q1LVI2,0,1,,,,
bg__Q1LVQ7,0,1,,,,
bg__Q1LVZ2,0,7,,,,
bg__Q1LW01,0,1,,,,
bg__Q1LX59,0,1,,,,
bg__Q1LY84,0,1,,,,
bg__Q1LZ71,0,4,,,,
bg__Q1LZ95,0,6,,,,
bg__Q1LZE0,0,4,,,,
bg__Q1LZE2,0,2,,,,
bg__Q1M4T3,0,1,,,,
bg__Q1M7A6,0,1,,,,
bg__Q1M7F4,0,1,,,,
bg__Q1M7W6,0,1,,,,
bg__Q1MA49,0,2,,,,
bg__Q1MA52,0,1,,,,
bg__Q1MFZ6,0,1,,,,
bg__Q1MGK1,0,1,,,,
bg__Q1MGQ9,0,2,,,,
bg__Q1MIN0,0,1,,,,
bg__Q1MJV3,0,4,,,,
bg__Q1MK43,0,1,,,,
bg__Q1MKS2,0,1,,,,
bg__Q1MLB6,0,3,,,,
bg__Q1MLL4,0,1,,,,
bg__Q1MPL2,0,1,,,,
bg__Q1MPL4,0,1,,,,
bg__Q1MPX7,0,1,,,,
bg__Q1MPZ8,0,1,,,,
bg__Q1MQD8,0,1,,,,
bg__Q1MQH1,0,1,,,,
bg__Q1MR01,0,1,,,,
bg__Q1MRI7,0,1,,,,
bg__Q1MRJ6,0,1,,,,
bg__Q1MTE5,0,4,,,,
bg__Q1MTR2,0,1,,,,
bg__Q1MW86,0,1,,,,
bg__Q1NEI6,0,1,,,,
bg__Q1NEI7,0,1,,,,
bg__Q1PCB0,0,1,,,,
bg__Q1PCB1,0,1,,,,
bg__Q1PD56,0,2,,,,
bg__Q1PDC8,0,4,,,,
bg__Q1PDI1,0,1,,,,
bg__Q1PDN3,0,1,,,,
bg__Q1PDV2,0,1,,,,
bg__Q1PE49,0,1,,,,
bg__Q1PER6,0,5,,,,
bg__Q1PF16,0,1,,,,
bg__Q1PF17,0,1,,,,
bg__Q1Q835,0,6,,,,
bg__Q1Q8B2,0,1,,,,
bg__Q1QAL9,0,1,,,,
bg__Q1QAR8,0,1,,,,
bg__Q1QBT8,0,1,,,,
bg__Q1QCP3,0,1,,,,
bg__Q1QD10,0,1,,,,
bg__Q1QDK8,0,1,,,,
bg__Q1QDV0,0,1,,,,
bg__Q1QE99,0,2,,,,
bg__Q1QED6,0,1,,,,
bg__Q1QEI9,0,1,,,,
bg__Q1QLB2,0,2,,,,
bg__Q1QMP7,0,5,,,,
bg__Q1QP91,0,5,,,,
bg__Q1QRR2,0,7,,,,
bg__Q1QS35,0,4,,,,
bg__Q1QS68,0,2,,,,
bg__Q1QSE9,0,1,,,,
bg__Q1QST3,0,9,,,,
bg__Q1QSV1,0,1,,,,
bg__Q1QSY2,0,1,,,,
bg__Q1QSY6,0,1,,,,
bg__Q1QSZ9,0,1,,,,
bg__Q1QTK0,0,1,,,,
bg__Q1QTP6,0,1,,,,
bg__Q1QU76,0,1,,,,
bg__Q1QU77,0,1,,,,
bg__Q1QUI2,0,1,,,,
bg__Q1QUJ4,0,1,,,,
bg__Q1QV64,0,2,,,,
bg__Q1QVG9,0,1,,,,
bg__Q1QVK2,0,1,,,,
bg__Q1QVV3,0,1,,,,
bg__Q1QVV7,0,1,,,,
bg__Q1QW62,0,1,,,,
bg__Q1QXA4,0,1,,,,
bg__Q1QY27,0,1,,,,
bg__Q1QYT5,0,1,,,,
bg__Q1QZ31,0,1,,,,
bg__Q1QZ39,0,1,,,,
bg__Q1QZ94,0,2,,,,
bg__Q1QZV1,0,1,,,,
bg__Q1R0I9,0,1,,,,
bg__Q1R155,0,1,,,,
bg__Q1RDC8,0,12,,,,
bg__Q1RGQ3,0,3,,,,
bg__Q1RGT8,0,3,,,,
bg__Q1RGY9,0,6,,,,
bg__Q1RH28,0,1,,,,
bg__Q1RHE5,0,3,,,,
bg__Q1RKK5,0,1,,,,
bg__Q1RMH4,0,1,,,,
bg__Q1RML1,0,5,,,,
bg__Q1RS89,0,1,,,,
bg__Q1W377,0,6,,,,
bg__Q1W3E4,0,1,,,,
bg__Q1W694,0,2,,,,
bg__Q1W695,0,4,,,,
bg__Q1WDN2,0,1,,,,
bg__Q1WG82,0,1,,,,
bg__Q1WSC1,0,3,,,,
bg__Q1WSL8,0,1,,,,
bg__Q1WSZ5,0,1,,,,
bg__Q1WT50,0,1,,,,
bg__Q1WTT3,0,1,,,,
bg__Q1WTX2,0,1,,,,
bg__Q1WU86,0,1,,,,
bg__Q1WUJ3,0,1,,,,
bg__Q1WUN7,0,1,,,,
bg__Q1WUR6,0,1,,,,
bg__Q1WV73,0,1,,,,
bg__Q1XDJ5,0,1,,,,
bg__Q1XDL5,0,2,,,,
bg__Q1XDT9,0,1,,,,
bg__Q1XFL1,0,1,,,,
bg__Q1XID0,0,4,,,,
bg__Q1ZXE7,0,1,,,,
bg__Q1ZXF1,0,1,,,,
bg__Q1ZYL8,0,1,,,,
bg__Q1ZZU3,0,1,,,,
bg__Q1ZZU9,0,1,,,,
bg__Q20024,0,1,,,,
bg__Q20027,0,1,,,,
bg__Q20123,0,1,,,,
bg__Q20201,0,1,,,,
bg__Q202B1,0,1,,,,
bg__Q20300,0,1,,,,
bg__Q20303,0,1,,,,
bg__Q20334,0,1,,,,
bg__Q20351,0,1,,,,
bg__Q20365,0,1,,,,
bg__Q20390,0,1,,,,
bg__Q20432,0,3,,,,
bg__Q20481,0,2,,,,
bg__Q20574,0,1,,,,
bg__Q20716,0,1,,,,
bg__Q20719,0,1,,,,
bg__Q20754,0,1,,,,
bg__Q20819,0,1,,,,
bg__Q20939,0,1,,,,
bg__Q20967,0,1,,,,
bg__Q20YA7,0,3,,,,
bg__Q21012,0,1,,,,
bg__Q21109,0,1,,,,
bg__Q21148,0,1,,,,
bg__Q21154,0,1,,,,
bg__Q21187,0,1,,,,
bg__Q21190,0,1,,,,
bg__Q21192,0,1,,,,
bg__Q21230,0,1,,,,
bg__Q21252,0,1,,,,
bg__Q21272,0,1,,,,
bg__Q212R3,0,5,,,,
bg__Q21305,0,1,,,,
bg__Q215B4,0,2,,,,
bg__Q215Z0,0,1,,,,
bg__Q21693,0,1,,,,
bg__Q216N4,0,1,,,,
bg__Q21752,0,1,,,,
bg__Q21824,0,1,,,,
bg__Q21929,0,1,,,,
bg__Q21997,0,1,,,,
bg__Q21A54,0,1,,,,
bg__Q21CL5,0,1,,,,
bg__Q21F24,0,1,,,,
bg__Q21H39,0,1,,,,
bg__Q21H90,0,1,,,,
bg__Q21HE7,0,2,,,,
bg__Q21II7,0,1,,,,
bg__Q21IJ4,0,6,,,,
bg__Q21IS8,0,1,,,,
bg__Q21JY6,0,1,,,,
bg__Q21LJ5,0,1,,,,
bg__Q21MT0,0,1,,,,
bg__Q21P78,0,2,,,,
bg__Q21PS1,0,1,,,,
bg__Q21PT9,0,1,,,,
bg__Q21RG9,0,2,,,,
bg__Q21U56,0,6,,,,
bg__Q21UL3,0,1,,,,
bg__Q21UZ2,0,1,,,,
bg__Q21V77,0,1,,,,
bg__Q21VL4,0,1,,,,
bg__Q21XE6,0,4,,,,
bg__Q21XW4,0,1,,,,
bg__Q21YU0,0,1,,,,
bg__Q22058,0,1,,,,
bg__Q22125,0,1,,,,
bg__Q22267,0,1,,,,
bg__Q22289,0,1,,,,
bg__Q22292,0,1,,,,
bg__Q22323,0,1,,,,
bg__Q223E6,0,3,,,,
bg__Q22495,0,1,,,,
bg__Q22619,0,1,,,,
bg__Q22638,0,1,,,,
bg__Q22663,0,1,,,,
bg__Q22687,0,1,,,,
bg__Q22707,0,1,,,,
bg__Q22795,0,1,,,,
bg__Q22909,0,1,,,,
bg__Q22910,0,1,,,,
bg__Q23120,0,1,,,,
bg__Q23121,0,1,,,,
bg__Q23125,0,1,,,,
bg__Q23192,0,1,,,,
bg__Q231U7,0,1,,,,
bg__Q23212,0,1,,,,
bg__Q23261,0,1,,,,
bg__Q23533,0,1,,,,
bg__Q23588,0,1,,,,
bg__Q23808,0,1,,,,
bg__Q23862,0,1,,,,
bg__Q23983,0,1,,,,
bg__Q24040,0,1,,,,
bg__Q24046,0,1,,,,
bg__Q24050,0,1,,,,
bg__Q24155,0,1,,,,
bg__Q24439,0,1,,,,
bg__Q24491,0,1,,,,
bg__Q24JN5,0,3,,,,
bg__Q24UB4,0,2,,,,
bg__Q24UK0,0,1,,,,
bg__Q24UZ7,0,1,,,,
bg__Q24VC8,0,1,,,,
bg__Q24VU8,0,1,,,,
bg__Q24WI0,0,1,,,,
bg__Q24XQ1,0,1,,,,
bg__Q24XW2,0,1,,,,
bg__Q24XY8,0,1,,,,
bg__Q24ZJ1,0,1,,,,
bg__Q251S4,0,1,,,,
bg__Q253C0,0,2,,,,
bg__Q253G3,0,2,,,,
bg__Q253S7,0,2,,,,
bg__Q254M8,0,1,,,,
bg__Q255G3,0,1,,,,
bg__Q256D6,0,2,,,,
bg__Q25QU7,0,1,,,,
bg__Q26239,0,1,,,,
bg__Q26427,0,1,,,,
bg__Q26539,0,2,,,,
bg__Q26548,0,1,,,,
bg__Q26616,0,1,,,,
bg__Q26630,0,6,,,,
bg__Q26677,0,1,,,,
bg__Q26997,0,1,,,,
bg__Q26998,0,1,,,,
bg__Q27003,0,1,,,,
bg__Q27022,0,1,,,,
bg__Q27032,0,8,,,,
bg__Q27084,0,1,,,,
bg__Q27200,0,1,,,,
bg__Q27257,0,1,,,,
bg__Q27272,0,1,,,,
bg__Q27488,0,1,,,,
bg__Q27504,0,1,,,,
bg__Q27543,0,1,,,,
bg__Q27546,0,2,,,,
bg__Q27562,0,1,,,,
bg__Q27563,0,1,,,,
bg__Q27575,0,1,,,,
bg__Q27650,0,1,,,,
bg__Q27774,0,1,,,,
bg__Q27896,0,1,,,,
bg__Q27956,0,1,,,,
bg__Q27J49,0,1,,,,
bg__Q28001,0,1,,,,
bg__Q28067,0,1,,,,
bg__Q28105,0,2,,,,
bg__Q28110,0,1,,,,
bg__Q28145,0,2,,,,
bg__Q28165,0,3,,,,
bg__Q28318,0,9,,,,
bg__Q28385,0,10,,,,
bg__Q28386,0,1,,,,
bg__Q28521,0,4,,,,
bg__Q28553,0,1,,,,
bg__Q28740,0,1,,,,
bg__Q28747,0,1,,,,
bg__Q28783,0,5,,,,
bg__Q28810,0,1,,,,
bg__Q28862,0,2,,,,
bg__Q28942,0,1,,,,
bg__Q28955,0,3,,,,
bg__Q28960,0,11,,,,
bg__Q28BQ6,0,1,,,,
bg__Q28D16,0,1,,,,
bg__Q28DX1,0,1,,,,
bg__Q28FB9,0,6,,,,
bg__Q28H12,0,2,,,,
bg__Q28IU1,0,2,,,,
bg__Q28M30,0,2,,,,
bg__Q28NI7,0,1,,,,
bg__Q28NP1,0,1,,,,
bg__Q28NP2,0,1,,,,
bg__Q28NZ8,0,1,,,,
bg__Q28PI4,0,1,,,,
bg__Q28PI5,0,5,,,,
bg__Q28PY7,0,1,,,,
bg__Q28RL2,0,1,,,,
bg__Q28TH7,0,1,,,,
bg__Q28UI8,0,1,,,,
bg__Q28V29,0,1,,,,
bg__Q28VN1,0,1,,,,
bg__Q28VP7,0,2,,,,
bg__Q28VR9,0,1,,,,
bg__Q28VU8,0,2,,,,
bg__Q28W10,0,2,,,,
bg__Q28ZX3,0,2,,,,
bg__Q29000,0,1,,,,
bg__Q29077,0,5,,,,
bg__Q29460,0,5,,,,
bg__Q29471,0,2,,,,
bg__Q29491,0,1,,,,
bg__Q29529,0,2,,,,
bg__Q29555,0,5,,,,
bg__Q295T3,0,1,,,,
bg__Q297S2,0,2,,,,
bg__Q29RA3,0,1,,,,
bg__Q29RA5,0,1,,,,
bg__Q29RL9,0,4,,,,
bg__Q29RT9,0,1,,,,
bg__Q29RZ1,0,1,,,,
bg__Q29S16,0,1,,,,
bg__Q29TV8,0,2,,,,
bg__Q2A4Z7,0,1,,,,
bg__Q2A587,0,2,,,,
bg__Q2A5B0,0,1,,,,
bg__Q2AB83,0,1,,,,
bg__Q2CEE2,0,1,,,,
bg__Q2EEX9,0,1,,,,
bg__Q2FG49,0,3,,,,
bg__Q2FK58,0,2,,,,
bg__Q2FN12,0,1,,,,
bg__Q2FNE1,0,1,,,,
bg__Q2FNR0,0,1,,,,
bg__Q2FNX9,0,1,,,,
bg__Q2FPV1,0,3,,,,
bg__Q2FPW6,0,1,,,,
bg__Q2FQ95,0,1,,,,
bg__Q2FR36,0,1,,,,
bg__Q2FR55,0,1,,,,
bg__Q2FS65,0,1,,,,
bg__Q2FUB7,0,1,,,,
bg__Q2FV31,0,1,,,,
bg__Q2FVE9,0,1,,,,
bg__Q2FVF0,0,2,,,,
bg__Q2FVF1,0,2,,,,
bg__Q2FWF8,0,1,,,,
bg__Q2FXC8,0,1,,,,
bg__Q2FXF4,0,1,,,,
bg__Q2FXG9,0,1,,,,
bg__Q2FXU3,0,1,,,,
bg__Q2FY06,0,3,,,,
bg__Q2FY10,0,1,,,,
bg__Q2FYQ6,0,1,,,,
bg__Q2FYS6,0,1,,,,
bg__Q2FZ27,0,1,,,,
bg__Q2FZE3,0,1,,,,
bg__Q2FZE6,0,1,,,,
bg__Q2FZY8,0,1,,,,
bg__Q2G0I9,0,1,,,,
bg__Q2G0Z5,0,1,,,,
bg__Q2G160,0,2,,,,
bg__Q2G1C0,0,3,,,,
bg__Q2G1E1,0,1,,,,
bg__Q2G1M5,0,1,,,,
bg__Q2G1T7,0,1,,,,
bg__Q2G2C0,0,2,,,,
bg__Q2G2L1,0,1,,,,
bg__Q2G2P8,0,1,,,,
bg__Q2G2Q3,0,1,,,,
bg__Q2G2Y0,0,1,,,,
bg__Q2G3K1,0,2,,,,
bg__Q2G3T3,0,3,,,,
bg__Q2G601,0,1,,,,
bg__Q2G6P1,0,2,,,,
bg__Q2G6Q5,0,2,,,,
bg__Q2G794,0,1,,,,
bg__Q2GAT0,0,1,,,,
bg__Q2GC80,0,1,,,,
bg__Q2GCI6,0,1,,,,
bg__Q2GD69,0,1,,,,
bg__Q2GDJ5,0,1,,,,
bg__Q2GDL7,0,1,,,,
bg__Q2GDS9,0,1,,,,
bg__Q2GDX3,0,1,,,,
bg__Q2GEF4,0,1,,,,
bg__Q2GFK0,0,1,,,,
bg__Q2GG30,0,3,,,,
bg__Q2GG43,0,1,,,,
bg__Q2GGN4,0,3,,,,
bg__Q2GH22,0,1,,,,
bg__Q2GJ70,0,1,,,,
bg__Q2GK91,0,1,,,,
bg__Q2GKD6,0,1,,,,
bg__Q2GKG5,0,1,,,,
bg__Q2GKR7,0,1,,,,
bg__Q2GQS2,0,1,,,,
bg__Q2GS86,0,1,,,,
bg__Q2HBN5,0,1,,,,
bg__Q2HDL4,0,1,,,,
bg__Q2HGY8,0,1,,,,
bg__Q2HGZ8,0,1,,,,
bg__Q2HIV9,0,1,,,,
bg__Q2HJ22,0,1,,,,
bg__Q2HJ38,0,5,,,,
bg__Q2HJ52,0,6,,,,
bg__Q2HJC0,0,1,,,,
bg__Q2HJF4,0,5,,,,
bg__Q2HR82,0,1,,,,
bg__Q2HWG4,0,1,,,,
bg__Q2I0M5,0,2,,,,
bg__Q2IEX2,0,2,,,,
bg__Q2IFU2,0,1,,,,
bg__Q2IGQ6,0,2,,,,
bg__Q2IGX0,0,3,,,,
bg__Q2IIW6,0,2,,,,
bg__Q2IMA5,0,2,,,,
bg__Q2IMC7,0,2,,,,
bg__Q2INZ4,0,1,,,,
bg__Q2IPE5,0,1,,,,
bg__Q2IPK1,0,1,,,,
bg__Q2IPT3,0,1,,,,
bg__Q2IR91,0,6,,,,
bg__Q2IRY0,0,2,,,,
bg__Q2ISY9,0,16,,,,
bg__Q2ITP9,0,4,,,,
bg__Q2IUR8,0,3,,,,
bg__Q2IWC4,0,4,,,,
bg__Q2IYS5,0,1,,,,
bg__Q2J0F2,0,1,,,,
bg__Q2J0U5,0,2,,,,
bg__Q2J164,0,2,,,,
bg__Q2J302,0,1,,,,
bg__Q2J3F7,0,1,,,,
bg__Q2J6H9,0,2,,,,
bg__Q2J6Z9,0,1,,,,
bg__Q2J773,0,2,,,,
bg__Q2J886,0,1,,,,
bg__Q2J8A4,0,1,,,,
bg__Q2J9L3,0,1,,,,
bg__Q2JB14,0,1,,,,
bg__Q2JB35,0,1,,,,
bg__Q2JCJ1,0,1,,,,
bg__Q2JDQ9,0,1,,,,
bg__Q2JFE6,0,1,,,,
bg__Q2JHF7,0,1,,,,
bg__Q2JJF6,0,1,,,,
bg__Q2JJQ1,0,1,,,,
bg__Q2JKC2,0,1,,,,
bg__Q2JLD5,0,1,,,,
bg__Q2JLR0,0,2,,,,
bg__Q2JMQ3,0,1,,,,
bg__Q2JNF7,0,1,,,,
bg__Q2JPF1,0,1,,,,
bg__Q2JPW6,0,1,,,,
bg__Q2JQ25,0,1,,,,
bg__Q2JQ67,0,2,,,,
bg__Q2JQS1,0,1,,,,
bg__Q2JS42,0,9,,,,
bg__Q2JVR3,0,1,,,,
bg__Q2JW45,0,1,,,,
bg__Q2JWB4,0,1,,,,
bg__Q2JWS5,0,1,,,,
bg__Q2K3X0,0,7,,,,
bg__Q2K6Q4,0,1,,,,
bg__Q2K7V6,0,1,,,,
bg__Q2K8Y5,0,5,,,,
bg__Q2K966,0,5,,,,
bg__Q2K9T4,0,4,,,,
bg__Q2KHN1,0,2,,,,
bg__Q2KHU0,0,3,,,,
bg__Q2KHU3,0,3,,,,
bg__Q2KI07,0,2,,,,
bg__Q2KI11,0,1,,,,
bg__Q2KI30,0,3,,,,
bg__Q2KI79,0,3,,,,
bg__Q2KIB0,0,4,,,,
bg__Q2KID0,0,3,,,,
bg__Q2KID2,0,3,,,,
bg__Q2KIU0,0,4,,,,
bg__Q2KIY2,0,4,,,,
bg__Q2KJ10,0,2,,,,
bg__Q2KJ15,0,2,,,,
bg__Q2KJ29,0,3,,,,
bg__Q2KJA4,0,3,,,,
bg__Q2KJD3,0,3,,,,
bg__Q2KS03,0,2,,,,
bg__Q2KUM5,0,1,,,,
bg__Q2KUS6,0,1,,,,
bg__Q2KVB0,0,1,,,,
bg__Q2KVG4,0,2,,,,
bg__Q2KVK9,0,4,,,,
bg__Q2KWX8,0,1,,,,
bg__Q2KXN2,0,1,,,,
bg__Q2KZT1,0,3,,,,
bg__Q2L1G9,0,1,,,,
bg__Q2L1P5,0,1,,,,
bg__Q2L1W2,0,2,,,,
bg__Q2L2T5,0,1,,,,
bg__Q2L6E3,0,1,,,,
bg__Q2L6L1,0,1,,,,
bg__Q2LC47,0,1,,,,
bg__Q2LCV6,0,1,,,,
bg__Q2LEC2,0,3,,,,
bg__Q2LQL0,0,1,,,,
bg__Q2LR56,0,1,,,,
bg__Q2LT95,0,1,,,,
bg__Q2LTA1,0,1,,,,
bg__Q2LTG0,0,1,,,,
bg__Q2LTI8,0,1,,,,
bg__Q2LTS3,0,1,,,,
bg__Q2LUH7,0,1,,,,
bg__Q2LUQ6,0,1,,,,
bg__Q2LUT4,0,1,,,,
bg__Q2LVE4,0,1,,,,
bg__Q2LVI4,0,1,,,,
bg__Q2LVR8,0,1,,,,
bg__Q2LWX9,0,1,,,,
bg__Q2LXR2,0,1,,,,
bg__Q2LY16,0,1,,,,
bg__Q2M1V0,0,1,,,,
bg__Q2M2E3,0,1,,,,
bg__Q2MJQ7,0,4,,,,
bg__Q2N2K6,0,1,,,,
bg__Q2N5X1,0,1,,,,
bg__Q2N612,0,1,,,,
bg__Q2N659,0,1,,,,
bg__Q2N682,0,2,,,,
bg__Q2N7E1,0,1,,,,
bg__Q2N9C8,0,5,,,,
bg__Q2N9N4,0,1,,,,
bg__Q2NAU5,0,1,,,,
bg__Q2NB51,0,1,,,,
bg__Q2NB98,0,1,,,,
bg__Q2NCT7,0,1,,,,
bg__Q2NDM8,0,1,,,,
bg__Q2NEL4,0,1,,,,
bg__Q2NET5,0,1,,,,
bg__Q2NF29,0,1,,,,
bg__Q2NF45,0,1,,,,
bg__Q2NHW2,0,1,,,,
bg__Q2NI84,0,1,,,,
bg__Q2NIH8,0,1,,,,
bg__Q2NJF9,0,1,,,,
bg__Q2NJM5,0,1,,,,
bg__Q2NKH9,0,2,,,,
bg__Q2NL01,0,1,,,,
bg__Q2NL33,0,2,,,,
bg__Q2NL34,0,4,,,,
bg__Q2NQQ7,0,1,,,,
bg__Q2NRK0,0,1,,,,
bg__Q2NRV8,0,1,,,,
bg__Q2NV47,0,1,,,,
bg__Q2NV87,0,10,,,,
bg__Q2NVG1,0,1,,,,
bg__Q2NVP7,0,1,,,,
bg__Q2NYV5,0,4,,,,
bg__Q2NYZ1,0,2,,,,
bg__Q2P3W6,0,3,,,,
bg__Q2P5R1,0,3,,,,
bg__Q2P692,0,6,,,,
bg__Q2P7M5,0,3,,,,
bg__Q2PE60,0,1,,,,
bg__Q2PE70,0,1,,,,
bg__Q2PGY1,0,1,,,,
bg__Q2PT36,0,2,,,,
bg__Q2QDE9,0,3,,,,
bg__Q2QDF6,0,1,,,,
bg__Q2QLA8,0,13,,,,
bg__Q2QM59,0,2,,,,
bg__Q2QP13,0,1,,,,
bg__Q2QQ32,0,1,,,,
bg__Q2QQA3,0,1,,,,
bg__Q2QR54,0,1,,,,
bg__Q2QUP1,0,2,,,,
bg__Q2QW53,0,3,,,,
bg__Q2QX01,0,1,,,,
bg__Q2QXB3,0,3,,,,
bg__Q2QXJ0,0,6,,,,
bg__Q2QZJ8,0,1,,,,
bg__Q2R237,0,1,,,,
bg__Q2R352,0,1,,,,
bg__Q2RAP3,0,1,,,,
bg__Q2RBS5,0,1,,,,
bg__Q2RFR8,0,1,,,,
bg__Q2RFT1,0,1,,,,
bg__Q2RGU4,0,1,,,,
bg__Q2RGW0,0,1,,,,
bg__Q2RHE9,0,1,,,,
bg__Q2RHF1,0,1,,,,
bg__Q2RHG3,0,1,,,,
bg__Q2RI40,0,1,,,,
bg__Q2RI72,0,1,,,,
bg__Q2RIB4,0,1,,,,
bg__Q2RJD1,0,1,,,,
bg__Q2RJK7,0,1,,,,
bg__Q2RJL2,0,1,,,,
bg__Q2RK34,0,1,,,,
bg__Q2RK43,0,1,,,,
bg__Q2RK82,0,1,,,,
bg__Q2RKL6,0,1,,,,
bg__Q2RKV6,0,1,,,,
bg__Q2RL24,0,1,,,,
bg__Q2RM79,0,1,,,,
bg__Q2RMC8,0,1,,,,
bg__Q2RME8,0,1,,,,
bg__Q2RMQ2,0,1,,,,
bg__Q2RN60,0,1,,,,
bg__Q2RN89,0,1,,,,
bg__Q2RNK3,0,1,,,,
bg__Q2RP80,0,1,,,,
bg__Q2RPI7,0,1,,,,
bg__Q2RPW9,0,1,,,,
bg__Q2RRL3,0,2,,,,
bg__Q2RRZ2,0,1,,,,
bg__Q2RS22,0,1,,,,
bg__Q2RSY6,0,1,,,,
bg__Q2RSY8,0,3,,,,
bg__Q2RTH6,0,1,,,,
bg__Q2RU16,0,1,,,,
bg__Q2RW96,0,1,,,,
bg__Q2RWU7,0,1,,,,
bg__Q2RWY4,0,1,,,,
bg__Q2RXG7,0,1,,,,
bg__Q2RXH9,0,1,,,,
bg__Q2RXI1,0,1,,,,
bg__Q2RXU5,0,1,,,,
bg__Q2RY21,0,1,,,,
bg__Q2RZ59,0,1,,,,
bg__Q2RZI1,0,1,,,,
bg__Q2S012,0,1,,,,
bg__Q2S081,0,1,,,,
bg__Q2S0I2,0,1,,,,
bg__Q2S0U5,0,1,,,,
bg__Q2S176,0,1,,,,
bg__Q2S234,0,1,,,,
bg__Q2S2A8,0,1,,,,
bg__Q2S2H7,0,1,,,,
bg__Q2S3M1,0,1,,,,
bg__Q2S4D2,0,1,,,,
bg__Q2S4L6,0,1,,,,
bg__Q2S4R2,0,1,,,,
bg__Q2S567,0,1,,,,
bg__Q2S5G4,0,1,,,,
bg__Q2S6X5,0,1,,,,
bg__Q2S8H5,0,1,,,,
bg__Q2S8Z5,0,1,,,,
bg__Q2SCG0,0,1,,,,
bg__Q2SDP4,0,1,,,,
bg__Q2SIP7,0,6,,,,
bg__Q2SK43,0,1,,,,
bg__Q2SL19,0,1,,,,
bg__Q2SLA0,0,1,,,,
bg__Q2SQ64,0,1,,,,
bg__Q2SR45,0,1,,,,
bg__Q2SS06,0,2,,,,
bg__Q2SSZ9,0,1,,,,
bg__Q2SUW7,0,20,,,,
bg__Q2SYI1,0,1,,,,
bg__Q2SZ16,0,2,,,,
bg__Q2SZH6,0,11,,,,
bg__Q2T0M6,0,2,,,,
bg__Q2T1H5,0,11,,,,
bg__Q2T2A4,0,4,,,,
bg__Q2T9L4,0,3,,,,
bg__Q2T9S3,0,3,,,,
bg__Q2T9T3,0,2,,,,
bg__Q2TA12,0,3,,,,
bg__Q2TBH0,0,3,,,,
bg__Q2TBH8,0,2,,,,
bg__Q2TBI6,0,1,,,,
bg__Q2TBK2,0,2,,,,
bg__Q2TBL9,0,1,,,,
bg__Q2TBQ3,0,6,,,,
bg__Q2TBV6,0,3,,,,
bg__Q2TBW2,0,1,,,,
bg__Q2TBX2,0,2,,,,
bg__Q2TDY4,0,1,,,,
bg__Q2TGI8,0,3,,,,
bg__Q2TJ95,0,3,,,,
bg__Q2TR58,0,1,,,,
bg__Q2TW47,0,1,,,,
bg__Q2U8Y3,0,1,,,,
bg__Q2UA27,0,1,,,,
bg__Q2UBF0,0,1,,,,
bg__Q2UHT9,0,1,,,,
bg__Q2UPB5,0,1,,,,
bg__Q2UPC5,0,1,,,,
bg__Q2URJ3,0,2,,,,
bg__Q2UUI8,0,1,,,,
bg__Q2V0P1,0,2,,,,
bg__Q2V0V2,0,1,,,,
bg__Q2V0W1,0,2,,,,
bg__Q2V0Z5,0,1,,,,
bg__Q2V419,0,3,,,,
bg__Q2V9B0,0,1,,,,
bg__Q2VEQ7,0,1,,,,
bg__Q2VF17,0,1,,,,
bg__Q2VPJ9,0,1,,,,
bg__Q2VYP7,0,1,,,,
bg__Q2VYT6,0,1,,,,
bg__Q2VZ00,0,1,,,,
bg__Q2W0H0,0,1,,,,
bg__Q2W2Q1,0,1,,,,
bg__Q2W3J9,0,1,,,,
bg__Q2W450,0,1,,,,
bg__Q2W4A1,0,1,,,,
bg__Q2W4W1,0,1,,,,
bg__Q2W8Q1,0,2,,,,
bg__Q2W9Z8,0,1,,,,
bg__Q2WB09,0,1,,,,
bg__Q2WGJ8,0,1,,,,
bg__Q2Y5Q6,0,1,,,,
bg__Q2Y641,0,1,,,,
bg__Q2Y6Z3,0,2,,,,
bg__Q2Y865,0,1,,,,
bg__Q2YA46,0,1,,,,
bg__Q2YAP0,0,1,,,,
bg__Q2YAY0,0,1,,,,
bg__Q2YB53,0,1,,,,
bg__Q2YB83,0,1,,,,
bg__Q2YBI1,0,1,,,,
bg__Q2YBM4,0,1,,,,
bg__Q2YBT6,0,1,,,,
bg__Q2YDD3,0,3,,,,
bg__Q2YDF1,0,7,,,,
bg__Q2YDF2,0,1,,,,
bg__Q2YDI9,0,8,,,,
bg__Q2YDJ4,0,2,,,,
bg__Q2YDM8,0,1,,,,
bg__Q2YDS5,0,1,,,,
bg__Q2YFS3,0,1,,,,
bg__Q2YHT7,0,1,,,,
bg__Q2YIQ4,0,1,,,,
bg__Q2YIT5,0,1,,,,
bg__Q2YJ79,0,1,,,,
bg__Q2YKK8,0,8,,,,
bg__Q2YNH2,0,4,,,,
bg__Q2YPD2,0,1,,,,
bg__Q2YQA4,0,2,,,,
bg__Q2YQZ3,0,1,,,,
bg__Q2YR03,0,1,,,,
bg__Q2YRJ0,0,1,,,,
bg__Q2YUL2,0,1,,,,
bg__Q2YV38,0,3,,,,
bg__Q2YWE7,0,2,,,,
bg__Q2YY57,0,4,,,,
bg__Q2YZ69,0,1,,,,
bg__Q30154,0,11,,,,
bg__Q30NW0,0,1,,,,
bg__Q30PD7,0,1,,,,
bg__Q30R77,0,1,,,,
bg__Q30RJ0,0,1,,,,
bg__Q30S35,0,1,,,,
bg__Q30S57,0,1,,,,
bg__Q30S81,0,1,,,,
bg__Q30S99,0,1,,,,
bg__Q30ST0,0,1,,,,
bg__Q30T53,0,1,,,,
bg__Q30TE4,0,1,,,,
bg__Q30TG0,0,1,,,,
bg__Q30VD9,0,1,,,,
bg__Q30Y32,0,1,,,,
bg__Q30ZK7,0,2,,,,
bg__Q311Z9,0,1,,,,
bg__Q313K1,0,1,,,,
bg__Q318I5,0,1,,,,
bg__Q31B42,0,2,,,,
bg__Q31CK0,0,6,,,,
bg__Q31D25,0,1,,,,
bg__Q31E41,0,1,,,,
bg__Q31FF5,0,1,,,,
bg__Q31G71,0,1,,,,
bg__Q31GC7,0,1,,,,
bg__Q31GD8,0,1,,,,
bg__Q31GL4,0,1,,,,
bg__Q31H64,0,1,,,,
bg__Q31HQ4,0,1,,,,
bg__Q31I39,0,1,,,,
bg__Q31I42,0,1,,,,
bg__Q31IM5,0,1,,,,
bg__Q31IR4,0,1,,,,
bg__Q31KK8,0,1,,,,
bg__Q31KN6,0,1,,,,
bg__Q31LW2,0,1,,,,
bg__Q31M42,0,1,,,,
bg__Q31PM2,0,2,,,,
bg__Q31PW0,0,1,,,,
bg__Q31Q60,0,1,,,,
bg__Q31QK9,0,1,,,,
bg__Q31RR0,0,1,,,,
bg__Q31S42,0,2,,,,
bg__Q31YJ6,0,17,,,,
bg__Q322K2,0,1,,,,
bg__Q32904,0,3,,,,
bg__Q32B34,0,3,,,,
bg__Q32KN9,0,1,,,,
bg__Q32KP0,0,4,,,,
bg__Q32KW2,0,4,,,,
bg__Q32KY0,0,1,,,,
bg__Q32KY3,0,4,,,,
bg__Q32KY9,0,4,,,,
bg__Q32KZ1,0,1,,,,
bg__Q32L35,0,1,,,,
bg__Q32L77,0,1,,,,
bg__Q32LB5,0,1,,,,
bg__Q32LB6,0,1,,,,
bg__Q32LC9,0,3,,,,
bg__Q32LJ4,0,4,,,,
bg__Q32LN0,0,3,,,,
bg__Q32LN5,0,4,,,,
bg__Q32RY4,0,1,,,,
bg__Q32RZ1,0,27,,,,
bg__Q32SG3,0,1,,,,
bg__Q336R9,0,2,,,,
bg__Q336T5,0,1,,,,
bg__Q33884,0,1,,,,
bg__Q338Z7,0,2,,,,
bg__Q33DL3,0,1,,,,
bg__Q34946,0,1,,,,
bg__Q36098,0,1,,,,
bg__Q36258,0,1,,,,
bg__Q36835,0,1,,,,
bg__Q37385,0,1,,,,
bg__Q37411,0,1,,,,
bg__Q37601,0,1,,,,
bg__Q37896,0,1,,,,
bg__Q38156,0,1,,,,
bg__Q381V1,0,1,,,,
bg__Q382H9,0,1,,,,
bg__Q383Q5,0,1,,,,
bg__Q38442,0,1,,,,
bg__Q384J7,0,1,,,,
bg__Q38716,0,1,,,,
bg__Q38717,0,1,,,,
bg__Q38824,0,1,,,,
bg__Q38825,0,2,,,,
bg__Q38828,0,1,,,,
bg__Q38829,0,1,,,,
bg__Q38831,0,2,,,,
bg__Q38836,0,1,,,,
bg__Q38837,0,1,,,,
bg__Q38838,0,2,,,,
bg__Q38847,0,1,,,,
bg__Q38850,0,1,,,,
bg__Q38851,0,1,,,,
bg__Q38864,0,1,,,,
bg__Q38876,0,1,,,,
bg__Q38896,0,1,,,,
bg__Q38906,0,1,,,,
bg__Q38910,0,4,,,,
bg__Q38929,0,6,,,,
bg__Q38944,0,1,,,,
bg__Q38CB5,0,1,,,,
bg__Q38HX2,0,1,,,,
bg__Q38Q39,0,1,,,,
bg__Q38V25,0,1,,,,
bg__Q38V72,0,1,,,,
bg__Q38VS5,0,1,,,,
bg__Q38VZ2,0,1,,,,
bg__Q38W03,0,1,,,,
bg__Q38W54,0,1,,,,
bg__Q38WT6,0,1,,,,
bg__Q38WY6,0,1,,,,
bg__Q38X21,0,1,,,,
bg__Q38X22,0,1,,,,
bg__Q38X61,0,1,,,,
bg__Q38X88,0,1,,,,
bg__Q38X91,0,1,,,,
bg__Q38XR8,0,1,,,,
bg__Q38XT2,0,1,,,,
bg__Q38XZ3,0,1,,,,
bg__Q38YB1,0,1,,,,
bg__Q38YC1,0,1,,,,
bg__Q38YK9,0,1,,,,
bg__Q38ZH8,0,1,,,,
bg__Q38ZL9,0,1,,,,
bg__Q39013,0,1,,,,
bg__Q39056,0,1,,,,
bg__Q39088,0,1,,,,
bg__Q39089,0,1,,,,
bg__Q39099,0,9,,,,
bg__Q39101,0,1,,,,
bg__Q39165,0,1,,,,
bg__Q391N3,0,2,,,,
bg__Q39208,0,2,,,,
bg__Q39211,0,2,,,,
bg__Q39233,0,1,,,,
bg__Q39244,0,1,,,,
bg__Q39262,0,1,,,,
bg__Q39263,0,1,,,,
bg__Q39264,0,1,,,,
bg__Q39487,0,2,,,,
bg__Q39491,0,1,,,,
bg__Q39528,0,1,,,,
bg__Q39529,0,1,,,,
bg__Q39709,0,1,,,,
bg__Q39E95,0,1,,,,
bg__Q39M29,0,1,,,,
bg__Q39QX7,0,1,,,,
bg__Q39S52,0,1,,,,
bg__Q39T41,0,2,,,,
bg__Q39T82,0,1,,,,
bg__Q39T84,0,4,,,,
bg__Q39VU8,0,1,,,,
bg__Q39WH4,0,2,,,,
bg__Q39YD4,0,2,,,,
bg__Q3A090,0,2,,,,
bg__Q3A1U6,0,2,,,,
bg__Q3A1U7,0,1,,,,
bg__Q3A1V5,0,1,,,,
bg__Q3A209,0,1,,,,
bg__Q3A225,0,1,,,,
bg__Q3A2A9,0,1,,,,
bg__Q3A2F0,0,1,,,,
bg__Q3A2G8,0,1,,,,
bg__Q3A2G9,0,1,,,,
bg__Q3A2I0,0,1,,,,
bg__Q3A311,0,1,,,,
bg__Q3A397,0,2,,,,
bg__Q3A3S5,0,1,,,,
bg__Q3A4N5,0,1,,,,
bg__Q3A4Q8,0,1,,,,
bg__Q3A4X5,0,1,,,,
bg__Q3A503,0,1,,,,
bg__Q3A558,0,1,,,,
bg__Q3A5T0,0,1,,,,
bg__Q3A5V4,0,1,,,,
bg__Q3A6L1,0,1,,,,
bg__Q3A6V2,0,1,,,,
bg__Q3A7P5,0,2,,,,
bg__Q3A8Q0,0,1,,,,
bg__Q3A8X5,0,1,,,,
bg__Q3A9L0,0,1,,,,
bg__Q3A9W2,0,1,,,,
bg__Q3AAA4,0,5,,,,
bg__Q3AAN2,0,1,,,,
bg__Q3AAT8,0,1,,,,
bg__Q3AB79,0,10,,,,
bg__Q3ABL4,0,1,,,,
bg__Q3ABV0,0,1,,,,
bg__Q3ABX6,0,1,,,,
bg__Q3AC05,0,1,,,,
bg__Q3AC58,0,1,,,,
bg__Q3AC76,0,1,,,,
bg__Q3ACA8,0,1,,,,
bg__Q3ACF5,0,1,,,,
bg__Q3ACT3,0,1,,,,
bg__Q3ACY8,0,1,,,,
bg__Q3ACZ8,0,1,,,,
bg__Q3ADI0,0,1,,,,
bg__Q3ADL6,0,1,,,,
bg__Q3AE01,0,1,,,,
bg__Q3AEZ3,0,1,,,,
bg__Q3AFD0,0,1,,,,
bg__Q3AGR0,0,1,,,,
bg__Q3AHX1,0,6,,,,
bg__Q3AIK8,0,1,,,,
bg__Q3AL08,0,1,,,,
bg__Q3ALX6,0,1,,,,
bg__Q3ANI5,0,5,,,,
bg__Q3ANM5,0,1,,,,
bg__Q3ANX8,0,1,,,,
bg__Q3AQ14,0,1,,,,
bg__Q3AQS3,0,1,,,,
bg__Q3AQY2,0,1,,,,
bg__Q3ATA4,0,1,,,,
bg__Q3AW68,0,3,,,,
bg__Q3AW70,0,4,,,,
bg__Q3AWY4,0,5,,,,
bg__Q3AXF4,0,2,,,,
bg__Q3AXW8,0,1,,,,
bg__Q3AYR1,0,1,,,,
bg__Q3AZ58,0,1,,,,
bg__Q3AZD9,0,4,,,,
bg__Q3B2S6,0,1,,,,
bg__Q3B2V8,0,1,,,,
bg__Q3B316,0,1,,,,
bg__Q3B3P4,0,1,,,,
bg__Q3B422,0,4,,,,
bg__Q3B5K1,0,3,,,,
bg__Q3B5V8,0,2,,,,
bg__Q3B5Y2,0,2,,,,
bg__Q3B6L3,0,1,,,,
bg__Q3B6X8,0,1,,,,
bg__Q3B7H1,0,1,,,,
bg__Q3B7Q7,0,1,,,,
bg__Q3B7T3,0,2,,,,
bg__Q3B8B2,0,1,,,,
bg__Q3B8E3,0,1,,,,
bg__Q3B8E8,0,1,,,,
bg__Q3BPY3,0,6,,,,
bg__Q3BQP8,0,4,,,,
bg__Q3BS29,0,1,,,,
bg__Q3BSL0,0,1,,,,
bg__Q3BSP5,0,3,,,,
bg__Q3BTC6,0,1,,,,
bg__Q3BUF8,0,2,,,,
bg__Q3BV46,0,2,,,,
bg__Q3BVV5,0,4,,,,
bg__Q3BYC8,0,1,,,,
bg__Q3C1E1,0,1,,,,
bg__Q3C2E2,0,2,,,,
bg__Q3E705,0,1,,,,
bg__Q3E7L7,0,1,,,,
bg__Q3E9B4,0,1,,,,
bg__Q3EBL9,0,2,,,,
bg__Q3EC60,0,1,,,,
bg__Q3ED65,0,1,,,,
bg__Q3EDJ0,0,2,,,,
bg__Q3HRN7,0,1,,,,
bg__Q3HRN8,0,1,,,,
bg__Q3HRN9,0,1,,,,
bg__Q3HRP2,0,1,,,,
bg__Q3HS83,0,2,,,,
bg__Q3HXX9,0,31,,,,
bg__Q3I5G5,0,1,,,,
bg__Q3IBU5,0,1,,,,
bg__Q3ICC5,0,1,,,,
bg__Q3ICD4,0,1,,,,
bg__Q3ICU8,0,1,,,,
bg__Q3IDA4,0,1,,,,
bg__Q3IDD2,0,1,,,,
bg__Q3IDD3,0,1,,,,
bg__Q3IDL2,0,1,,,,
bg__Q3IE60,0,1,,,,
bg__Q3IEW3,0,1,,,,
bg__Q3IF40,0,1,,,,
bg__Q3IFD1,0,1,,,,
bg__Q3IFN6,0,1,,,,
bg__Q3IGA7,0,1,,,,
bg__Q3IHM8,0,1,,,,
bg__Q3IIR9,0,1,,,,
bg__Q3IIT0,0,1,,,,
bg__Q3IK98,0,1,,,,
bg__Q3IKR4,0,1,,,,
bg__Q3ILK1,0,1,,,,
bg__Q3IM24,0,1,,,,
bg__Q3IMR2,0,1,,,,
bg__Q3INY2,0,2,,,,
bg__Q3IP34,0,1,,,,
bg__Q3IQI3,0,1,,,,
bg__Q3IS07,0,1,,,,
bg__Q3ITB6,0,2,,,,
bg__Q3IUQ3,0,1,,,,
bg__Q3IYV6,0,1,,,,
bg__Q3IZB6,0,1,,,,
bg__Q3J015,0,1,,,,
bg__Q3J0W9,0,2,,,,
bg__Q3J5X0,0,2,,,,
bg__Q3J6D1,0,1,,,,
bg__Q3J6Q3,0,1,,,,
bg__Q3J7B5,0,1,,,,
bg__Q3J7T5,0,1,,,,
bg__Q3J7U5,0,1,,,,
bg__Q3J7X9,0,1,,,,
bg__Q3J818,0,1,,,,
bg__Q3J869,0,1,,,,
bg__Q3J8A0,0,1,,,,
bg__Q3J8J2,0,1,,,,
bg__Q3JBA8,0,1,,,,
bg__Q3JC21,0,2,,,,
bg__Q3JCP8,0,1,,,,
bg__Q3JCX3,0,1,,,,
bg__Q3JCY8,0,1,,,,
bg__Q3JDL8,0,1,,,,
bg__Q3JEA2,0,1,,,,
bg__Q3JEI2,0,1,,,,
bg__Q3JFK2,0,4,,,,
bg__Q3JND0,0,1,,,,
bg__Q3JP04,0,8,,,,
bg__Q3JRV4,0,1,,,,
bg__Q3JW85,0,8,,,,
bg__Q3JYF5,0,4,,,,
bg__Q3K0P1,0,1,,,,
bg__Q3K118,0,2,,,,
bg__Q3K1L6,0,1,,,,
bg__Q3K3N4,0,7,,,,
bg__Q3K3U8,0,3,,,,
bg__Q3KFI7,0,2,,,,
bg__Q3KFI8,0,2,,,,
bg__Q3KH11,0,8,,,,
bg__Q3KI98,0,9,,,,
bg__Q3KKE2,0,2,,,,
bg__Q3KLG4,0,4,,,,
bg__Q3KLL2,0,1,,,,
bg__Q3KLS0,0,1,,,,
bg__Q3KM32,0,1,,,,
bg__Q3KME4,0,1,,,,
bg__Q3KNI6,0,1,,,,
bg__Q3KNW1,0,2,,,,
bg__Q3KPI0,0,1,,,,
bg__Q3KPK4,0,2,,,,
bg__Q3KQ77,0,1,,,,
bg__Q3KQZ1,0,1,,,,
bg__Q3KRA9,0,2,,,,
bg__Q3KRB8,0,1,,,,
bg__Q3LI83,0,1,,,,
bg__Q3LRV9,0,1,,,,
bg__Q3M4P0,0,1,,,,
bg__Q3M9K5,0,1,,,,
bg__Q3MF97,0,3,,,,
bg__Q3MFH9,0,1,,,,
bg__Q3MFT6,0,1,,,,
bg__Q3MGL8,0,3,,,,
bg__Q3MHF7,0,4,,,,
bg__Q3MHN0,0,4,,,,
bg__Q3MHW9,0,4,,,,
bg__Q3MQ06,0,6,,,,
bg__Q3S853,0,2,,,,
bg__Q3SFG5,0,1,,,,
bg__Q3SH53,0,5,,,,
bg__Q3SH82,0,1,,,,
bg__Q3SH83,0,1,,,,
bg__Q3SHA5,0,1,,,,
bg__Q3SI20,0,1,,,,
bg__Q3SIT9,0,1,,,,
bg__Q3SJS2,0,1,,,,
bg__Q3SKN7,0,1,,,,
bg__Q3SLJ6,0,1,,,,
bg__Q3SM23,0,1,,,,
bg__Q3SM81,0,2,,,,
bg__Q3SN27,0,4,,,,
bg__Q3SPM7,0,2,,,,
bg__Q3SRD2,0,6,,,,
bg__Q3SRG9,0,1,,,,
bg__Q3SVF3,0,2,,,,
bg__Q3SWY5,0,3,,,,
bg__Q3SWY9,0,2,,,,
bg__Q3SX64,0,1,,,,
bg__Q3SXB8,0,5,,,,
bg__Q3SXC5,0,1,,,,
bg__Q3SYR2,0,5,,,,
bg__Q3SYU6,0,3,,,,
bg__Q3SZ62,0,10,,,,
bg__Q3SZ86,0,1,,,,
bg__Q3SZB5,0,1,,,,
bg__Q3SZM1,0,2,,,,
bg__Q3SZR5,0,2,,,,
bg__Q3SZW3,0,3,,,,
bg__Q3SZX8,0,1,,,,
bg__Q3T001,0,3,,,,
bg__Q3T004,0,2,,,,
bg__Q3T040,0,4,,,,
bg__Q3T045,0,5,,,,
bg__Q3T062,0,4,,,,
bg__Q3T063,0,4,,,,
bg__Q3T094,0,3,,,,
bg__Q3T0A9,0,1,,,,
bg__Q3T0J3,0,3,,,,
bg__Q3T0P7,0,5,,,,
bg__Q3T0Q3,0,3,,,,
bg__Q3T0S3,0,4,,,,
bg__Q3T0V3,0,1,,,,
bg__Q3T0V9,0,3,,,,
bg__Q3T0Y9,0,1,,,,
bg__Q3T123,0,4,,,,
bg__Q3T160,0,4,,,,
bg__Q3T166,0,1,,,,
bg__Q3T168,0,4,,,,
bg__Q3T196,0,3,,,,
bg__Q3T5N4,0,1,,,,
bg__Q3TEW6,0,4,,,,
bg__Q3THF9,0,2,,,,
bg__Q3TLP5,0,2,,,,
bg__Q3TQI7,0,2,,,,
bg__Q3TVI4,0,3,,,,
bg__Q3TYR5,0,2,,,,
bg__Q3TZX3,0,1,,,,
bg__Q3U1C6,0,2,,,,
bg__Q3U1J1,0,4,,,,
bg__Q3U5F4,0,4,,,,
bg__Q3UA16,0,4,,,,
bg__Q3UC65,0,2,,,,
bg__Q3UFD7,0,2,,,,
bg__Q3UFF7,0,2,,,,
bg__Q3UK78,0,3,,,,
bg__Q3UL53,0,1,,,,
bg__Q3UME2,0,2,,,,
bg__Q3UN58,0,1,,,,
bg__Q3URF8,0,2,,,,
bg__Q3URJ8,0,1,,,,
bg__Q3URY0,0,1,,,,
bg__Q3UTA9,0,2,,,,
bg__Q3UTB7,0,1,,,,
bg__Q3UUD2,0,2,,,,
bg__Q3UY51,0,3,,,,
bg__Q3V132,0,19,,,,
bg__Q3V1I0,0,1,,,,
bg__Q3V2Q8,0,1,,,,
bg__Q3V3F6,0,2,,,,
bg__Q3V3G7,0,1,,,,
bg__Q3V5I7,0,1,,,,
bg__Q3V7N8,0,16,,,,
bg__Q3V7P0,0,2,,,,
bg__Q3V7Z9,0,4,,,,
bg__Q3V812,0,8,,,,
bg__Q3V870,0,2,,,,
bg__Q3V8A2,0,1,,,,
bg__Q3XZZ9,0,1,,,,
bg__Q3Y316,0,1,,,,
bg__Q3YBM2,0,1,,,,
bg__Q3YIX4,0,2,,,,
bg__Q3YLA4,0,1,,,,
bg__Q3YPH5,0,1,,,,
bg__Q3YRS0,0,2,,,,
bg__Q3YRT2,0,5,,,,
bg__Q3YSH3,0,1,,,,
bg__Q3Z0L7,0,6,,,,
bg__Q3Z643,0,2,,,,
bg__Q3Z663,0,1,,,,
bg__Q3Z7F2,0,1,,,,
bg__Q3Z7V3,0,2,,,,
bg__Q3Z8J8,0,1,,,,
bg__Q3Z9E9,0,2,,,,
bg__Q3Z9F0,0,2,,,,
bg__Q3ZBI3,0,3,,,,
bg__Q3ZBI9,0,4,,,,
bg__Q3ZBR0,0,3,,,,
bg__Q3ZBS1,0,2,,,,
bg__Q3ZC25,0,5,,,,
bg__Q3ZC62,0,1,,,,
bg__Q3ZC64,0,3,,,,
bg__Q3ZCB8,0,4,,,,
bg__Q3ZCH5,0,1,,,,
bg__Q3ZCI8,0,4,,,,
bg__Q3ZCL3,0,2,,,,
bg__Q3ZFI7,0,1,,,,
bg__Q3ZJ39,0,1,,,,
bg__Q3ZN08,0,1,,,,
bg__Q3ZTK5,0,6,,,,
bg__Q3ZWN4,0,1,,,,
bg__Q3ZXC5,0,2,,,,
bg__Q3ZXV5,0,1,,,,
bg__Q3ZXY9,0,1,,,,
bg__Q3ZY29,0,2,,,,
bg__Q3ZYH8,0,1,,,,
bg__Q3ZYL6,0,2,,,,
bg__Q3ZZJ0,0,2,,,,
bg__Q3ZZN3,0,2,,,,
bg__Q3ZZQ3,0,1,,,,
bg__Q40144,0,2,,,,
bg__Q40296,0,1,,,,
bg__Q40359,0,3,,,,
bg__Q40381,0,1,,,,
bg__Q40407,0,3,,,,
bg__Q40476,0,1,,,,
bg__Q40478,0,1,,,,
bg__Q40637,0,2,,,,
bg__Q40772,0,2,,,,
bg__Q40875,0,1,,,,
bg__Q40966,0,2,,,,
bg__Q40987,0,1,,,,
bg__Q41116,0,2,,,,
bg__Q41162,0,3,,,,
bg__Q41495,0,1,,,,
bg__Q41651,0,1,,,,
bg__Q41870,0,1,,,,
bg__Q41932,0,2,,,,
bg__Q41951,0,6,,,,
bg__Q41963,0,7,,,,
bg__Q41969,0,1,,,,
bg__Q42112,0,4,,,,
bg__Q42379,0,1,,,,
bg__Q42429,0,1,,,,
bg__Q42430,0,1,,,,
bg__Q42440,0,3,,,,
bg__Q42529,0,2,,,,
bg__Q42533,0,1,,,,
bg__Q42538,0,1,,,,
bg__Q42539,0,1,,,,
bg__Q42565,0,3,,,,
bg__Q42577,0,2,,,,
bg__Q42588,0,1,,,,
bg__Q42670,0,1,,,,
bg__Q42695,0,1,,,,
bg__Q42805,0,1,,,,
bg__Q42870,0,1,,,,
bg__Q43157,0,4,,,,
bg__Q43161,0,1,,,,
bg__Q43209,0,1,,,,
bg__Q43295,0,1,,,,
bg__Q43385,0,1,,,,
bg__Q43386,0,1,,,,
bg__Q43585,0,2,,,,
bg__Q43675,0,1,,,,
bg__Q43729,0,1,,,,
bg__Q43872,0,1,,,,
bg__Q43992,0,1,,,,
bg__Q44056,0,1,,,,
bg__Q44151,0,1,,,,
bg__Q44342,0,1,,,,
bg__Q44532,0,2,,,,
bg__Q44607,0,1,,,,
bg__Q44613,0,1,,,,
bg__Q44843,0,1,,,,
bg__Q45296,0,1,,,,
bg__Q45338,0,2,,,,
bg__Q45461,0,1,,,,
bg__Q45462,0,2,,,,
bg__Q45480,0,1,,,,
bg__Q45499,0,1,,,,
bg__Q45557,0,1,,,,
bg__Q45585,0,1,,,,
bg__Q45589,0,1,,,,
bg__Q45612,0,1,,,,
bg__Q46134,0,1,,,,
bg__Q46192,0,1,,,,
bg__Q46225,0,4,,,,
bg__Q46267,0,1,,,,
bg__Q46389,0,1,,,,
bg__Q46525,0,1,,,,
bg__Q465W3,0,1,,,,
bg__Q46666,0,1,,,,
bg__Q46668,0,1,,,,
bg__Q46669,0,1,,,,
bg__Q466J5,0,1,,,,
bg__Q46769,0,4,,,,
bg__Q46798,0,1,,,,
bg__Q46810,0,1,,,,
bg__Q46836,0,1,,,,
bg__Q46845,0,1,,,,
bg__Q46855,0,1,,,,
bg__Q46857,0,3,,,,
bg__Q46871,0,1,,,,
bg__Q46891,0,1,,,,
bg__Q46893,0,1,,,,
bg__Q46896,0,1,,,,
bg__Q468N4,0,1,,,,
bg__Q46908,0,1,,,,
bg__Q46927,0,1,,,,
bg__Q46AR1,0,2,,,,
bg__Q46BM0,0,2,,,,
bg__Q46DC3,0,1,,,,
bg__Q46EC7,0,1,,,,
bg__Q46EH4,0,1,,,,
bg__Q46EN8,0,3,,,,
bg__Q46FL1,0,2,,,,
bg__Q46GC8,0,1,,,,
bg__Q46H41,0,1,,,,
bg__Q46HC4,0,1,,,,
bg__Q46HL4,0,4,,,,
bg__Q46I95,0,1,,,,
bg__Q46IA2,0,1,,,,
bg__Q46IH4,0,1,,,,
bg__Q46JG1,0,2,,,,
bg__Q46JZ5,0,1,,,,
bg__Q46K45,0,1,,,,
bg__Q46KV4,0,6,,,,
bg__Q46KV7,0,1,,,,
bg__Q46L58,0,1,,,,
bg__Q46M57,0,1,,,,
bg__Q46PS3,0,1,,,,
bg__Q46XB7,0,1,,,,
bg__Q46XB8,0,1,,,,
bg__Q46Y42,0,9,,,,
bg__Q46Z98,0,5,,,,
bg__Q46ZH2,0,1,,,,
bg__Q46ZR1,0,5,,,,
bg__Q47005,0,1,,,,
bg__Q47083,0,1,,,,
bg__Q47129,0,1,,,,
bg__Q47141,0,1,,,,
bg__Q47151,0,1,,,,
bg__Q47188,0,1,,,,
bg__Q471H6,0,1,,,,
bg__Q471I0,0,1,,,,
bg__Q47317,0,1,,,,
bg__Q47319,0,1,,,,
bg__Q474J5,0,4,,,,
bg__Q474K5,0,1,,,,
bg__Q47537,0,1,,,,
bg__Q47539,0,1,,,,
bg__Q475Q1,0,1,,,,
bg__Q475R5,0,1,,,,
bg__Q47690,0,1,,,,
bg__Q476F8,0,2,,,,
bg__Q47746,0,1,,,,
bg__Q478G3,0,1,,,,
bg__Q478U2,0,1,,,,
bg__Q478U6,0,1,,,,
bg__Q479J6,0,1,,,,
bg__Q479M0,0,1,,,,
bg__Q479M3,0,1,,,,
bg__Q479S8,0,1,,,,
bg__Q47AB0,0,1,,,,
bg__Q47C66,0,1,,,,
bg__Q47CX0,0,1,,,,
bg__Q47FA8,0,1,,,,
bg__Q47GC9,0,1,,,,
bg__Q47HJ4,0,1,,,,
bg__Q47IX6,0,1,,,,
bg__Q47LA7,0,1,,,,
bg__Q47MZ1,0,1,,,,
bg__Q47N41,0,1,,,,
bg__Q47N81,0,1,,,,
bg__Q47NU8,0,1,,,,
bg__Q47NZ4,0,1,,,,
bg__Q47R19,0,1,,,,
bg__Q47R98,0,1,,,,
bg__Q47RJ6,0,5,,,,
bg__Q47RR4,0,1,,,,
bg__Q47RU3,0,1,,,,
bg__Q47S51,0,1,,,,
bg__Q47S77,0,1,,,,
bg__Q47SS3,0,1,,,,
bg__Q47SW2,0,1,,,,
bg__Q47SX2,0,1,,,,
bg__Q47TD1,0,1,,,,
bg__Q47UY5,0,1,,,,
bg__Q47VR7,0,1,,,,
bg__Q47VZ2,0,1,,,,
bg__Q47W59,0,1,,,,
bg__Q47WP5,0,1,,,,
bg__Q47WR3,0,5,,,,
bg__Q47XB5,0,1,,,,
bg__Q47XK4,0,1,,,,
bg__Q47Y12,0,7,,,,
bg__Q47YI6,0,1,,,,
bg__Q47YJ8,0,1,,,,
bg__Q47ZY2,0,1,,,,
bg__Q480P4,0,1,,,,
bg__Q48211,0,1,,,,
bg__Q48296,0,1,,,,
bg__Q482F9,0,1,,,,
bg__Q48311,0,1,,,,
bg__Q48436,0,1,,,,
bg__Q48447,0,2,,,,
bg__Q484U8,0,1,,,,
bg__Q485R8,0,1,,,,
bg__Q487K8,0,1,,,,
bg__Q48899,0,2,,,,
bg__Q48943,0,1,,,,
bg__Q48A23,0,1,,,,
bg__Q48A85,0,1,,,,
bg__Q48AU1,0,1,,,,
bg__Q48AV5,0,1,,,,
bg__Q48F73,0,10,,,,
bg__Q48H69,0,6,,,,
bg__Q48HJ1,0,1,,,,
bg__Q48JI5,0,7,,,,
bg__Q48LD5,0,2,,,,
bg__Q48N63,0,1,,,,
bg__Q48VC6,0,13,,,,
bg__Q49118,0,1,,,,
bg__Q49156,0,1,,,,
bg__Q49176,0,1,,,,
bg__Q49184,0,2,,,,
bg__Q491U9,0,1,,,,
bg__Q491Y3,0,1,,,,
bg__Q492C6,0,2,,,,
bg__Q492D2,0,1,,,,
bg__Q492H3,0,1,,,,
bg__Q492U0,0,1,,,,
bg__Q492W0,0,1,,,,
bg__Q493B6,0,2,,,,
bg__Q493D4,0,1,,,,
bg__Q493H8,0,1,,,,
bg__Q493S1,0,1,,,,
bg__Q493T5,0,1,,,,
bg__Q493U3,0,1,,,,
bg__Q493W4,0,1,,,,
bg__Q49401,0,1,,,,
bg__Q49402,0,1,,,,
bg__Q49424,0,1,,,,
bg__Q494D6,0,1,,,,
bg__Q494R4,0,1,,,,
bg__Q495A1,0,1,,,,
bg__Q495C1,0,1,,,,
bg__Q49606,0,1,,,,
bg__Q49610,0,1,,,,
bg__Q496A3,0,1,,,,
bg__Q49776,0,6,,,,
bg__Q49807,0,2,,,,
bg__Q498E2,0,1,,,,
bg__Q498J9,0,1,,,,
bg__Q499E6,0,1,,,,
bg__Q499U6,0,4,,,,
bg__Q49AH0,0,1,,,,
bg__Q49BZ4,0,3,,,,
bg__Q49VB6,0,1,,,,
bg__Q49WQ7,0,1,,,,
bg__Q49WW9,0,1,,,,
bg__Q49X96,0,2,,,,
bg__Q49XD4,0,2,,,,
bg__Q49XJ7,0,1,,,,
bg__Q49XV1,0,4,,,,
bg__Q49YR9,0,1,,,,
bg__Q49Z39,0,1,,,,
bg__Q49Z76,0,1,,,,
bg__Q4A0T9,0,1,,,,
bg__Q4A6T7,0,1,,,,
bg__Q4A729,0,1,,,,
bg__Q4A734,0,1,,,,
bg__Q4A7I8,0,1,,,,
bg__Q4A7J6,0,2,,,,
bg__Q4A898,0,2,,,,
bg__Q4A8I8,0,2,,,,
bg__Q4A8L3,0,1,,,,
bg__Q4A9R6,0,1,,,,
bg__Q4A9R7,0,1,,,,
bg__Q4AAM8,0,1,,,,
bg__Q4AAX7,0,1,,,,
bg__Q4D3W2,0,2,,,,
bg__Q4D9P2,0,1,,,,
bg__Q4DHY2,0,1,,,,
bg__Q4DRX4,0,1,,,,
bg__Q4DUK4,0,1,,,,
bg__Q4DUK7,0,1,,,,
bg__Q4FL33,0,1,,,,
bg__Q4FLP6,0,1,,,,
bg__Q4FLS1,0,1,,,,
bg__Q4FM76,0,1,,,,
bg__Q4FMW6,0,1,,,,
bg__Q4FMX4,0,1,,,,
bg__Q4FNF4,0,1,,,,
bg__Q4FNS5,0,1,,,,
bg__Q4FNW1,0,1,,,,
bg__Q4FPK8,0,1,,,,
bg__Q4FQ27,0,1,,,,
bg__Q4FQB9,0,2,,,,
bg__Q4FQJ5,0,3,,,,
bg__Q4FQW6,0,1,,,,
bg__Q4FQY8,0,11,,,,
bg__Q4FS24,0,1,,,,
bg__Q4FTM3,0,1,,,,
bg__Q4FTX6,0,3,,,,
bg__Q4FU57,0,5,,,,
bg__Q4FU68,0,3,,,,
bg__Q4FUU7,0,1,,,,
bg__Q4FV61,0,7,,,,
bg__Q4FVD6,0,1,,,,
bg__Q4FVE5,0,1,,,,
bg__Q4FVM3,0,1,,,,
bg__Q4FVQ6,0,1,,,,
bg__Q4FZF2,0,1,,,,
bg__Q4G0S7,0,1,,,,
bg__Q4G364,0,1,,,,
bg__Q4GZF2,0,1,,,,
bg__Q4H0T5,0,2,,,,
bg__Q4H4E9,0,1,,,,
bg__Q4HYC1,0,1,,,,
bg__Q4I2D7,0,1,,,,
bg__Q4IPC8,0,1,,,,
bg__Q4IQT8,0,1,,,,
bg__Q4J6M6,0,1,,,,
bg__Q4J894,0,1,,,,
bg__Q4J8E7,0,2,,,,
bg__Q4J8J2,0,1,,,,
bg__Q4J8R2,0,1,,,,
bg__Q4J924,0,1,,,,
bg__Q4J9K6,0,1,,,,
bg__Q4J9K9,0,1,,,,
bg__Q4JAP9,0,1,,,,
bg__Q4JAQ2,0,2,,,,
bg__Q4JB16,0,1,,,,
bg__Q4JBN2,0,2,,,,
bg__Q4JBV4,0,2,,,,
bg__Q4JC35,0,1,,,,
bg__Q4JFW8,0,1,,,,
bg__Q4JL76,0,1,,,,
bg__Q4JM65,0,1,,,,
bg__Q4JQV7,0,1,,,,
bg__Q4JSW4,0,8,,,,
bg__Q4JU38,0,1,,,,
bg__Q4JUY7,0,1,,,,
bg__Q4JUY8,0,1,,,,
bg__Q4JV03,0,1,,,,
bg__Q4JV62,0,1,,,,
bg__Q4JVN6,0,1,,,,
bg__Q4JVP1,0,1,,,,
bg__Q4JW55,0,1,,,,
bg__Q4JWH1,0,1,,,,
bg__Q4JX01,0,1,,,,
bg__Q4K3F6,0,2,,,,
bg__Q4K3S0,0,6,,,,
bg__Q4K629,0,1,,,,
bg__Q4K6M3,0,2,,,,
bg__Q4K7E8,0,8,,,,
bg__Q4K8C3,0,1,,,,
bg__Q4KEN7,0,1,,,,
bg__Q4KF90,0,4,,,,
bg__Q4KGG0,0,1,,,,
bg__Q4KHT1,0,6,,,,
bg__Q4KJS7,0,1,,,,
bg__Q4KJT9,0,1,,,,
bg__Q4KKL2,0,4,,,,
bg__Q4KL13,0,1,,,,
bg__Q4KLC4,0,1,,,,
bg__Q4KLJ8,0,5,,,,
bg__Q4KLN0,0,3,,,,
bg__Q4KLN5,0,2,,,,
bg__Q4KLT0,0,1,,,,
bg__Q4KLY4,0,1,,,,
bg__Q4KM14,0,1,,,,
bg__Q4KMG9,0,1,,,,
bg__Q4KMI4,0,3,,,,
bg__Q4KXC9,0,1,,,,
bg__Q4L2X9,0,1,,,,
bg__Q4L3F9,0,1,,,,
bg__Q4L4R1,0,1,,,,
bg__Q4L5Q2,0,2,,,,
bg__Q4L5U7,0,1,,,,
bg__Q4L5W3,0,1,,,,
bg__Q4L691,0,7,,,,
bg__Q4L6A1,0,6,,,,
bg__Q4L6D7,0,3,,,,
bg__Q4L6V0,0,2,,,,
bg__Q4L6X7,0,1,,,,
bg__Q4L709,0,6,,,,
bg__Q4L7I0,0,4,,,,
bg__Q4L884,0,1,,,,
bg__Q4L8J3,0,3,,,,
bg__Q4L8T0,0,3,,,,
bg__Q4L904,0,3,,,,
bg__Q4L976,0,1,,,,
bg__Q4P2Q5,0,1,,,,
bg__Q4P5B3,0,1,,,,
bg__Q4PCS5,0,2,,,,
bg__Q4PEN0,0,1,,,,
bg__Q4PFA5,0,1,,,,
bg__Q4PH43,0,1,,,,
bg__Q4PID3,0,1,,,,
bg__Q4PIR3,0,1,,,,
bg__Q4PNI0,0,1,,,,
bg__Q4PR44,0,6,,,,
bg__Q4PR49,0,1,,,,
bg__Q4PR53,0,2,,,,
bg__Q4PSU4,0,1,,,,
bg__Q4PT34,0,1,,,,
bg__Q4Q0V1,0,1,,,,
bg__Q4Q1M7,0,2,,,,
bg__Q4Q2Y6,0,1,,,,
bg__Q4Q9X8,0,1,,,,
bg__Q4QIU7,0,1,,,,
bg__Q4QJ85,0,1,,,,
bg__Q4QK45,0,2,,,,
bg__Q4QKM7,0,3,,,,
bg__Q4QMG1,0,2,,,,
bg__Q4QND5,0,4,,,,
bg__Q4QQV7,0,4,,,,
bg__Q4QQW5,0,3,,,,
bg__Q4QSC5,0,1,,,,
bg__Q4QTJ2,0,2,,,,
bg__Q4R1S8,0,17,,,,
bg__Q4R543,0,5,,,,
bg__Q4R599,0,4,,,,
bg__Q4R5F2,0,1,,,,
bg__Q4R5T7,0,2,,,,
bg__Q4R6C5,0,4,,,,
bg__Q4R6L7,0,5,,,,
bg__Q4R7M4,0,3,,,,
bg__Q4R856,0,3,,,,
bg__Q4R866,0,4,,,,
bg__Q4SK88,0,1,,,,
bg__Q4U5R4,0,3,,,,
bg__Q4UH15,0,1,,,,
bg__Q4ULA5,0,2,,,,
bg__Q4UM78,0,1,,,,
bg__Q4UMW5,0,4,,,,
bg__Q4UTV6,0,3,,,,
bg__Q4UU43,0,1,,,,
bg__Q4UXY5,0,1,,,,
bg__Q4UYA4,0,1,,,,
bg__Q4V0R7,0,3,,,,
bg__Q4V3E0,0,1,,,,
bg__Q4V4I9,0,1,,,,
bg__Q4V7D2,0,5,,,,
bg__Q4V7W8,0,1,,,,
bg__Q4V888,0,5,,,,
bg__Q4V8K3,0,6,,,,
bg__Q4V8V2,0,1,,,,
bg__Q4V8X4,0,1,,,,
bg__Q4V922,0,1,,,,
bg__Q4V9L6,0,1,,,,
bg__Q4V9P3,0,1,,,,
bg__Q4VA44,0,3,,,,
bg__Q4VAA2,0,2,,,,
bg__Q4VBI7,0,1,,,,
bg__Q4VBV9,0,6,,,,
bg__Q4VWQ3,0,1,,,,
bg__Q4VXA5,0,1,,,,
bg__Q4W5H0,0,1,,,,
bg__Q4W8C9,0,1,,,,
bg__Q4W945,0,1,,,,
bg__Q4W9I3,0,1,,,,
bg__Q4W9W8,0,1,,,,
bg__Q4WAW9,0,1,,,,
bg__Q4WAY4,0,1,,,,
bg__Q4WAZ2,0,1,,,,
bg__Q4WAZ3,0,1,,,,
bg__Q4WB03,0,1,,,,
bg__Q4WBI3,0,1,,,,
bg__Q4WBI8,0,1,,,,
bg__Q4WCX9,0,1,,,,
bg__Q4WEE0,0,1,,,,
bg__Q4WF29,0,1,,,,
bg__Q4WF30,0,1,,,,
bg__Q4WF54,0,1,,,,
bg__Q4WHY5,0,4,,,,
bg__Q4WHY8,0,1,,,,
bg__Q4WJU8,0,1,,,,
bg__Q4WL81,0,1,,,,
bg__Q4WLB9,0,1,,,,
bg__Q4WLV2,0,3,,,,
bg__Q4WM52,0,1,,,,
bg__Q4WMA6,0,1,,,,
bg__Q4WMJ1,0,1,,,,
bg__Q4WND3,0,1,,,,
bg__Q4WP32,0,2,,,,
bg__Q4WP83,0,1,,,,
bg__Q4WQZ0,0,1,,,,
bg__Q4WQZ1,0,1,,,,
bg__Q4WR19,0,1,,,,
bg__Q4WT40,0,1,,,,
bg__Q4WTN9,0,1,,,,
bg__Q4WUG4,0,2,,,,
bg__Q4WW81,0,3,,,,
bg__Q4WW97,0,1,,,,
bg__Q4WX36,0,3,,,,
bg__Q4WXE9,0,1,,,,
bg__Q4WYU4,0,3,,,,
bg__Q4WZ66,0,1,,,,
bg__Q4WZ69,0,1,,,,
bg__Q4X066,0,2,,,,
bg__Q4X095,0,1,,,,
bg__Q4X158,0,1,,,,
bg__Q4X241,0,1,,,,
bg__Q4ZHW1,0,2,,,,
bg__Q4ZML8,0,1,,,,
bg__Q4ZMV1,0,2,,,,
bg__Q4ZTN0,0,4,,,,
bg__Q4ZYP1,0,9,,,,
bg__Q4ZZS2,0,2,,,,
bg__Q500Z2,0,1,,,,
bg__Q500Z7,0,2,,,,
bg__Q501S4,0,1,,,,
bg__Q50250,0,2,,,,
bg__Q50291,0,1,,,,
bg__Q502L2,0,1,,,,
bg__Q50327,0,1,,,,
bg__Q503F2,0,1,,,,
bg__Q503U3,0,1,,,,
bg__Q503V1,0,1,,,,
bg__Q503V9,0,1,,,,
bg__Q504M8,0,6,,,,
bg__Q504P2,0,1,,,,
bg__Q50501,0,2,,,,
bg__Q50559,0,1,,,,
bg__Q505G4,0,2,,,,
bg__Q505H4,0,2,,,,
bg__Q505J6,0,3,,,,
bg__Q50755,0,1,,,,
bg__Q50899,0,1,,,,
bg__Q50900,0,1,,,,
bg__Q50940,0,1,,,,
bg__Q50EX6,0,1,,,,
bg__Q50H32,0,2,,,,
bg__Q50H63,0,1,,,,
bg__Q50KZ9,0,1,,,,
bg__Q50LE9,0,1,,,,
bg__Q51161,0,3,,,,
bg__Q51553,0,1,,,,
bg__Q51559,0,1,,,,
bg__Q51566,0,1,,,,
bg__Q51567,0,4,,,,
bg__Q51575,0,1,,,,
bg__Q51645,0,1,,,,
bg__Q51792,0,2,,,,
bg__Q51843,0,1,,,,
bg__Q51948,0,1,,,,
bg__Q52081,0,1,,,,
bg__Q52085,0,1,,,,
bg__Q52086,0,1,,,,
bg__Q52376,0,1,,,,
bg__Q52430,0,1,,,,
bg__Q52532,0,1,,,,
bg__Q525E4,0,1,,,,
bg__Q52689,0,2,,,,
bg__Q52K82,0,1,,,,
bg__Q52KK3,0,4,,,,
bg__Q52KL1,0,1,,,,
bg__Q52NJ2,0,9,,,,
bg__Q52QH4,0,1,,,,
bg__Q52QU1,0,1,,,,
bg__Q53079,0,3,,,,
bg__Q53080,0,4,,,,
bg__Q53123,0,1,,,,
bg__Q53726,0,3,,,,
bg__Q53882,0,1,,,,
bg__Q53EK2,0,1,,,,
bg__Q53GQ0,0,4,,,,
bg__Q53H82,0,4,,,,
bg__Q53NL5,0,1,,,,
bg__Q53R12,0,1,,,,
bg__Q53RY4,0,1,,,,
bg__Q53TZ2,0,1,,,,
bg__Q53U10,0,1,,,,
bg__Q53U14,0,1,,,,
bg__Q53W62,0,1,,,,
bg__Q53W83,0,1,,,,
bg__Q53W92,0,1,,,,
bg__Q53WD3,0,1,,,,
bg__Q53WH9,0,1,,,,
bg__Q54129,0,1,,,,
bg__Q54150,0,1,,,,
bg__Q54520,0,1,,,,
bg__Q54528,0,1,,,,
bg__Q54735,0,1,,,,
bg__Q54809,0,2,,,,
bg__Q54818,0,2,,,,
bg__Q54944,0,1,,,,
bg__Q54B67,0,1,,,,
bg__Q54BC8,0,1,,,,
bg__Q54BE5,0,1,,,,
bg__Q54BF6,0,1,,,,
bg__Q54BK1,0,1,,,,
bg__Q54BL2,0,1,,,,
bg__Q54BN0,0,1,,,,
bg__Q54BQ8,0,1,,,,
bg__Q54C49,0,1,,,,
bg__Q54C64,0,1,,,,
bg__Q54C92,0,1,,,,
bg__Q54CJ4,0,1,,,,
bg__Q54CT8,0,1,,,,
bg__Q54CZ2,0,1,,,,
bg__Q54D07,0,1,,,,
bg__Q54D08,0,1,,,,
bg__Q54D13,0,1,,,,
bg__Q54DF1,0,1,,,,
bg__Q54DM7,0,1,,,,
bg__Q54DS8,0,1,,,,
bg__Q54DU1,0,1,,,,
bg__Q54DX7,0,1,,,,
bg__Q54E29,0,1,,,,
bg__Q54EQ1,0,1,,,,
bg__Q54ES8,0,1,,,,
bg__Q54F10,0,1,,,,
bg__Q54F73,0,1,,,,
bg__Q54FE6,0,1,,,,
bg__Q54FJ9,0,1,,,,
bg__Q54FK1,0,1,,,,
bg__Q54GD9,0,1,,,,
bg__Q54GK9,0,1,,,,
bg__Q54GP3,0,1,,,,
bg__Q54GU3,0,1,,,,
bg__Q54HG7,0,1,,,,
bg__Q54HH8,0,1,,,,
bg__Q54HM6,0,1,,,,
bg__Q54HZ7,0,1,,,,
bg__Q54I60,0,1,,,,
bg__Q54I80,0,1,,,,
bg__Q54IK1,0,1,,,,
bg__Q54IX6,0,1,,,,
bg__Q54J48,0,1,,,,
bg__Q54JK4,0,1,,,,
bg__Q54K47,0,1,,,,
bg__Q54K74,0,1,,,,
bg__Q54KD9,0,1,,,,
bg__Q54KR9,0,1,,,,
bg__Q54LM2,0,1,,,,
bg__Q54LN4,0,1,,,,
bg__Q54LP3,0,1,,,,
bg__Q54LP7,0,1,,,,
bg__Q54LQ6,0,1,,,,
bg__Q54LT0,0,1,,,,
bg__Q54LT2,0,1,,,,
bg__Q54LW0,0,1,,,,
bg__Q54MA6,0,1,,,,
bg__Q54MR1,0,1,,,,
bg__Q54N41,0,1,,,,
bg__Q54NC0,0,1,,,,
bg__Q54NC1,0,1,,,,
bg__Q54NE6,0,7,,,,
bg__Q54NF1,0,1,,,,
bg__Q54NK8,0,1,,,,
bg__Q54NP6,0,1,,,,
bg__Q54NW7,0,1,,,,
bg__Q54P40,0,1,,,,
bg__Q54P59,0,1,,,,
bg__Q54P63,0,1,,,,
bg__Q54PW9,0,1,,,,
bg__Q54PY7,0,1,,,,
bg__Q54Q31,0,1,,,,
bg__Q54QD9,0,1,,,,
bg__Q54QJ9,0,1,,,,
bg__Q54QK7,0,1,,,,
bg__Q54QN2,0,1,,,,
bg__Q54QR2,0,1,,,,
bg__Q54QR3,0,1,,,,
bg__Q54R42,0,1,,,,
bg__Q54R45,0,1,,,,
bg__Q54RA8,0,1,,,,
bg__Q54RD6,0,1,,,,
bg__Q54RR8,0,1,,,,
bg__Q54SD0,0,1,,,,
bg__Q54SE2,0,1,,,,
bg__Q54SJ5,0,1,,,,
bg__Q54SS0,0,1,,,,
bg__Q54SV1,0,1,,,,
bg__Q54T27,0,1,,,,
bg__Q54T48,0,1,,,,
bg__Q54TC9,0,1,,,,
bg__Q54TE7,0,1,,,,
bg__Q54TI6,0,1,,,,
bg__Q54U72,0,1,,,,
bg__Q54UD0,0,1,,,,
bg__Q54UQ4,0,1,,,,
bg__Q54UT2,0,1,,,,
bg__Q54UU3,0,1,,,,
bg__Q54UU8,0,1,,,,
bg__Q54VA8,0,1,,,,
bg__Q54VB3,0,1,,,,
bg__Q54W07,0,1,,,,
bg__Q54W16,0,1,,,,
bg__Q54WM4,0,1,,,,
bg__Q54WT8,0,1,,,,
bg__Q54X03,0,2,,,,
bg__Q54X86,0,1,,,,
bg__Q54XE6,0,1,,,,
bg__Q54XK9,0,1,,,,
bg__Q54XM7,0,1,,,,
bg__Q54XZ0,0,1,,,,
bg__Q54Y51,0,1,,,,
bg__Q54Y67,0,1,,,,
bg__Q54YG9,0,1,,,,
bg__Q54YL2,0,1,,,,
bg__Q54YN2,0,1,,,,
bg__Q54YN3,0,1,,,,
bg__Q54YS6,0,1,,,,
bg__Q54Z01,0,1,,,,
bg__Q54Z85,0,1,,,,
bg__Q55032,0,1,,,,
bg__Q550F6,0,1,,,,
bg__Q55195,0,2,,,,
bg__Q551M2,0,1,,,,
bg__Q551M3,0,1,,,,
bg__Q55282,0,1,,,,
bg__Q552L5,0,1,,,,
bg__Q552W5,0,1,,,,
bg__Q55309,0,1,,,,
bg__Q55338,0,1,,,,
bg__Q55406,0,1,,,,
bg__Q55468,0,2,,,,
bg__Q55500,0,1,,,,
bg__Q555E8,0,1,,,,
bg__Q555L5,0,1,,,,
bg__Q556G4,0,1,,,,
bg__Q556N5,0,1,,,,
bg__Q556Q0,0,1,,,,
bg__Q556R7,0,1,,,,
bg__Q556Y7,0,1,,,,
bg__Q55707,0,1,,,,
bg__Q55749,0,1,,,,
bg__Q557J3,0,1,,,,
bg__Q55805,0,1,,,,
bg__Q55843,0,1,,,,
bg__Q558K8,0,1,,,,
bg__Q55900,0,1,,,,
bg__Q55933,0,1,,,,
bg__Q559R0,0,1,,,,
bg__Q559X6,0,1,,,,
bg__Q55A45,0,1,,,,
bg__Q55BD5,0,1,,,,
bg__Q55BF4,0,1,,,,
bg__Q55BI8,0,1,,,,
bg__Q55BW0,0,1,,,,
bg__Q55BY1,0,1,,,,
bg__Q55C17,0,1,,,,
bg__Q55C77,0,1,,,,
bg__Q55CB9,0,1,,,,
bg__Q55CC2,0,1,,,,
bg__Q55CV0,0,1,,,,
bg__Q55D54,0,2,,,,
bg__Q55DA6,0,1,,,,
bg__Q55DL2,0,1,,,,
bg__Q55DQ4,0,1,,,,
bg__Q55DY7,0,1,,,,
bg__Q55E31,0,1,,,,
bg__Q55E68,0,1,,,,
bg__Q55EK9,0,1,,,,
bg__Q55FE0,0,1,,,,
bg__Q55FF3,0,1,,,,
bg__Q55FK4,0,1,,,,
bg__Q55FM6,0,1,,,,
bg__Q55FU9,0,1,,,,
bg__Q55G04,0,1,,,,
bg__Q55G31,0,1,,,,
bg__Q55G32,0,1,,,,
bg__Q55G87,0,1,,,,
bg__Q55GE2,0,1,,,,
bg__Q55GJ6,0,1,,,,
bg__Q55GQ6,0,1,,,,
bg__Q561R8,0,3,,,,
bg__Q56237,0,1,,,,
bg__Q56352,0,2,,,,
bg__Q56416,0,1,,,,
bg__Q56691,0,1,,,,
bg__Q56693,0,1,,,,
bg__Q566R0,0,2,,,,
bg__Q566S6,0,1,,,,
bg__Q566U4,0,1,,,,
bg__Q56731,0,1,,,,
bg__Q56743,0,3,,,,
bg__Q567J8,0,1,,,,
bg__Q567X1,0,1,,,,
bg__Q56840,0,1,,,,
bg__Q568I2,0,1,,,,
bg__Q568N4,0,1,,,,
bg__Q568T5,0,1,,,,
bg__Q568V3,0,1,,,,
bg__Q568Z4,0,1,,,,
bg__Q56952,0,2,,,,
bg__Q56993,0,1,,,,
bg__Q569H4,0,1,,,,
bg__Q569R5,0,1,,,,
bg__Q56A20,0,4,,,,
bg__Q56JV3,0,1,,,,
bg__Q56P03,0,2,,,,
bg__Q56WH4,0,1,,,,
bg__Q56XY2,0,1,,,,
bg__Q56Y01,0,1,,,,
bg__Q57083,0,1,,,,
bg__Q57095,0,1,,,,
bg__Q570X5,0,1,,,,
bg__Q57101,0,4,,,,
bg__Q57142,0,1,,,,
bg__Q57146,0,1,,,,
bg__Q57399,0,1,,,,
bg__Q57573,0,1,,,,
bg__Q57599,0,1,,,,
bg__Q57609,0,1,,,,
bg__Q57661,0,1,,,,
bg__Q57705,0,1,,,,
bg__Q57749,0,1,,,,
bg__Q57757,0,1,,,,
bg__Q57761,0,1,,,,
bg__Q57829,0,1,,,,
bg__Q57843,0,1,,,,
bg__Q57849,0,1,,,,
bg__Q578S8,0,1,,,,
bg__Q57913,0,1,,,,
bg__Q57916,0,1,,,,
bg__Q57957,0,1,,,,
bg__Q57989,0,1,,,,
bg__Q57AD4,0,8,,,,
bg__Q57DG4,0,2,,,,
bg__Q57DR5,0,5,,,,
bg__Q57NV3,0,3,,,,
bg__Q57PS8,0,12,,,,
bg__Q57QP9,0,10,,,,
bg__Q57TB6,0,1,,,,
bg__Q57UP6,0,1,,,,
bg__Q57UP7,0,1,,,,
bg__Q57UP8,0,1,,,,
bg__Q57X51,0,1,,,,
bg__Q57YJ0,0,1,,,,
bg__Q57YZ9,0,1,,,,
bg__Q57ZC7,0,1,,,,
bg__Q58018,0,4,,,,
bg__Q58032,0,1,,,,
bg__Q58037,0,1,,,,
bg__Q58043,0,1,,,,
bg__Q58054,0,1,,,,
bg__Q58070,0,1,,,,
bg__Q58178,0,3,,,,
bg__Q581Z0,0,1,,,,
bg__Q58227,0,1,,,,
bg__Q58247,0,1,,,,
bg__Q58289,0,1,,,,
bg__Q58297,0,1,,,,
bg__Q582T2,0,1,,,,
bg__Q58375,0,1,,,,
bg__Q583R7,0,1,,,,
bg__Q58407,0,1,,,,
bg__Q58408,0,1,,,,
bg__Q58414,0,1,,,,
bg__Q58435,0,1,,,,
bg__Q58439,0,1,,,,
bg__Q58484,0,1,,,,
bg__Q58487,0,1,,,,
bg__Q58499,0,1,,,,
bg__Q584D5,0,1,,,,
bg__Q584U2,0,1,,,,
bg__Q58519,0,1,,,,
bg__Q58643,0,1,,,,
bg__Q58653,0,1,,,,
bg__Q58656,0,1,,,,
bg__Q58663,0,1,,,,
bg__Q58695,0,1,,,,
bg__Q586F4,0,1,,,,
bg__Q58747,0,1,,,,
bg__Q58761,0,1,,,,
bg__Q58767,0,1,,,,
bg__Q58833,0,1,,,,
bg__Q58841,0,1,,,,
bg__Q58849,0,1,,,,
bg__Q58868,0,1,,,,
bg__Q58871,0,1,,,,
bg__Q58952,0,1,,,,
bg__Q58980,0,1,,,,
bg__Q58989,0,1,,,,
bg__Q58998,0,1,,,,
bg__Q58CM8,0,1,,,,
bg__Q58CU0,0,1,,,,
bg__Q58D08,0,4,,,,
bg__Q58D78,0,4,,,,
bg__Q58DF9,0,1,,,,
bg__Q58DH1,0,1,,,,
bg__Q58DH7,0,5,,,,
bg__Q58DM4,0,3,,,,
bg__Q58DN3,0,5,,,,
bg__Q58DP0,0,3,,,,
bg__Q58DZ9,0,5,,,,
bg__Q58G47,0,1,,,,
bg__Q58G53,0,1,,,,
bg__Q59055,0,1,,,,
bg__Q59057,0,1,,,,
bg__Q59063,0,1,,,,
bg__Q59111,0,1,,,,
bg__Q59112,0,1,,,,
bg__Q59121,0,1,,,,
bg__Q59127,0,1,,,,
bg__Q59168,0,1,,,,
bg__Q59179,0,1,,,,
bg__Q59188,0,1,,,,
bg__Q59190,0,1,,,,
bg__Q59212,0,6,,,,
bg__Q59295,0,1,,,,
bg__Q59324,0,6,,,,
bg__Q59514,0,1,,,,
bg__Q59516,0,1,,,,
bg__Q59517,0,1,,,,
bg__Q59589,0,1,,,,
bg__Q59601,0,1,,,,
bg__Q59752,0,3,,,,
bg__Q59787,0,1,,,,
bg__Q59DY6,0,1,,,,
bg__Q59E04,0,1,,,,
bg__Q59KY8,0,3,,,,
bg__Q59LC9,0,1,,,,
bg__Q59M56,0,1,,,,
bg__Q59M70,0,1,,,,
bg__Q59NP1,0,1,,,,
bg__Q59PR9,0,1,,,,
bg__Q59PZ7,0,1,,,,
bg__Q59R35,0,1,,,,
bg__Q59RA2,0,1,,,,
bg__Q59RQ2,0,1,,,,
bg__Q59UP6,0,2,,,,
bg__Q59VQ3,0,1,,,,
bg__Q59VY1,0,1,,,,
bg__Q59X49,0,1,,,,
bg__Q59XU5,0,5,,,,
bg__Q59XW9,0,1,,,,
bg__Q59YF0,0,1,,,,
bg__Q59YL9,0,1,,,,
bg__Q59Z14,0,1,,,,
bg__Q59ZV4,0,1,,,,
bg__Q59ZX3,0,1,,,,
bg__Q5A1E3,0,1,,,,
bg__Q5A302,0,1,,,,
bg__Q5A3Z5,0,1,,,,
bg__Q5A4M8,0,1,,,,
bg__Q5A5S7,0,1,,,,
bg__Q5A5U6,0,1,,,,
bg__Q5A5U9,0,1,,,,
bg__Q5AA40,0,1,,,,
bg__Q5AB87,0,1,,,,
bg__Q5ABC6,0,1,,,,
bg__Q5ACM9,0,1,,,,
bg__Q5ACP5,0,1,,,,
bg__Q5ACW6,0,1,,,,
bg__Q5AD05,0,1,,,,
bg__Q5AD07,0,1,,,,
bg__Q5AD34,0,1,,,,
bg__Q5AF03,0,1,,,,
bg__Q5AF41,0,1,,,,
bg__Q5AFN8,0,1,,,,
bg__Q5AFP3,0,1,,,,
bg__Q5AG43,0,2,,,,
bg__Q5AGC7,0,1,,,,
bg__Q5AHB8,0,1,,,,
bg__Q5AHZ2,0,1,,,,
bg__Q5AJ71,0,1,,,,
bg__Q5AJ92,0,1,,,,
bg__Q5AJ93,0,1,,,,
bg__Q5AJF1,0,1,,,,
bg__Q5AL36,0,1,,,,
bg__Q5AMT2,0,1,,,,
bg__Q5ANC8,0,1,,,,
bg__Q5AP52,0,1,,,,
bg__Q5AP66,0,1,,,,
bg__Q5APC8,0,1,,,,
bg__Q5AQQ0,0,1,,,,
bg__Q5AS60,0,5,,,,
bg__Q5ASI2,0,1,,,,
bg__Q5AT95,0,1,,,,
bg__Q5AUM3,0,1,,,,
bg__Q5AV06,0,1,,,,
bg__Q5AV79,0,1,,,,
bg__Q5AVY9,0,1,,,,
bg__Q5AX00,0,1,,,,
bg__Q5AYK0,0,1,,,,
bg__Q5AZ52,0,1,,,,
bg__Q5AZB4,0,10,,,,
bg__Q5B020,0,1,,,,
bg__Q5B0C9,0,1,,,,
bg__Q5B0Z5,0,1,,,,
bg__Q5B1Z0,0,1,,,,
bg__Q5B2C1,0,1,,,,
bg__Q5B2G3,0,1,,,,
bg__Q5B2K4,0,1,,,,
bg__Q5B3I9,0,2,,,,
bg__Q5B423,0,1,,,,
bg__Q5B428,0,1,,,,
bg__Q5B563,0,5,,,,
bg__Q5B5E0,0,1,,,,
bg__Q5B6H0,0,1,,,,
bg__Q5B912,0,2,,,,
bg__Q5BA88,0,1,,,,
bg__Q5BAB7,0,1,,,,
bg__Q5BBX9,0,1,,,,
bg__Q5BC71,0,2,,,,
bg__Q5BEJ8,0,1,,,,
bg__Q5BG78,0,1,,,,
bg__Q5BH31,0,1,,,,
bg__Q5BJ83,0,1,,,,
bg__Q5BJH7,0,5,,,,
bg__Q5BJJ7,0,1,,,,
bg__Q5BJV9,0,3,,,,
bg__Q5BK85,0,4,,,,
bg__Q5BKW9,0,1,,,,
bg__Q5BL29,0,10,,,,
bg__Q5BL33,0,1,,,,
bg__Q5BPF3,0,1,,,,
bg__Q5BUB4,0,1,,,,
bg__Q5BVD1,0,1,,,,
bg__Q5C9I9,0,1,,,,
bg__Q5CC93,0,1,,,,
bg__Q5CT19,0,1,,,,
bg__Q5CW91,0,1,,,,
bg__Q5CZ37,0,1,,,,
bg__Q5CZN0,0,1,,,,
bg__Q5CZR5,0,1,,,,
bg__Q5CZV0,0,1,,,,
bg__Q5D013,0,1,,,,
bg__Q5D144,0,2,,,,
bg__Q5D525,0,1,,,,
bg__Q5D8X4,0,1,,,,
bg__Q5DT36,0,2,,,,
bg__Q5DWG2,0,1,,,,
bg__Q5DZU8,0,1,,,,
bg__Q5E0Q5,0,3,,,,
bg__Q5E2E6,0,1,,,,
bg__Q5E2T2,0,3,,,,
bg__Q5E317,0,5,,,,
bg__Q5E331,0,1,,,,
bg__Q5E345,0,1,,,,
bg__Q5E3A4,0,3,,,,
bg__Q5E3E3,0,2,,,,
bg__Q5E3I3,0,7,,,,
bg__Q5E3Y9,0,1,,,,
bg__Q5E4D8,0,1,,,,
bg__Q5E4R6,0,1,,,,
bg__Q5E639,0,2,,,,
bg__Q5E865,0,5,,,,
bg__Q5E948,0,5,,,,
bg__Q5E965,0,3,,,,
bg__Q5E982,0,3,,,,
bg__Q5E9F2,0,6,,,,
bg__Q5E9G0,0,1,,,,
bg__Q5E9G3,0,5,,,,
bg__Q5E9J4,0,2,,,,
bg__Q5E9J7,0,1,,,,
bg__Q5E9L0,0,4,,,,
bg__Q5E9Y2,0,4,,,,
bg__Q5EAC0,0,2,,,,
bg__Q5EAX2,0,10,,,,
bg__Q5EB77,0,4,,,,
bg__Q5EBA3,0,3,,,,
bg__Q5EDC3,0,1,,,,
bg__Q5EG05,0,1,,,,
bg__Q5EG55,0,2,,,,
bg__Q5EGY4,0,2,,,,
bg__Q5F378,0,1,,,,
bg__Q5F381,0,1,,,,
bg__Q5F4B1,0,1,,,,
bg__Q5F4C0,0,1,,,,
bg__Q5F4X5,0,1,,,,
bg__Q5F5P0,0,2,,,,
bg__Q5F633,0,2,,,,
bg__Q5F6U7,0,1,,,,
bg__Q5F8F5,0,3,,,,
bg__Q5F8G9,0,1,,,,
bg__Q5F9F6,0,3,,,,
bg__Q5F9J2,0,3,,,,
bg__Q5F9K6,0,1,,,,
bg__Q5FFP2,0,1,,,,
bg__Q5FFT1,0,1,,,,
bg__Q5FHG1,0,2,,,,
bg__Q5FHH0,0,1,,,,
bg__Q5FHJ9,0,2,,,,
bg__Q5FIV8,0,3,,,,
bg__Q5FJB7,0,1,,,,
bg__Q5FJJ7,0,2,,,,
bg__Q5FKK7,0,1,,,,
bg__Q5FKQ8,0,1,,,,
bg__Q5FKQ9,0,2,,,,
bg__Q5FL98,0,1,,,,
bg__Q5FMJ3,0,1,,,,
bg__Q5FMM1,0,2,,,,
bg__Q5FNL1,0,1,,,,
bg__Q5FPK0,0,1,,,,
bg__Q5FPX3,0,1,,,,
bg__Q5FPX6,0,1,,,,
bg__Q5FQ88,0,1,,,,
bg__Q5FQT4,0,1,,,,
bg__Q5FQZ4,0,1,,,,
bg__Q5FR18,0,1,,,,
bg__Q5FRF4,0,1,,,,
bg__Q5FRG8,0,1,,,,
bg__Q5FRN1,0,1,,,,
bg__Q5FSM1,0,1,,,,
bg__Q5FST0,0,1,,,,
bg__Q5FTU6,0,1,,,,
bg__Q5FUV5,0,1,,,,
bg__Q5FUW9,0,1,,,,
bg__Q5FUX5,0,1,,,,
bg__Q5FVJ3,0,3,,,,
bg__Q5FVP2,0,1,,,,
bg__Q5FVV3,0,1,,,,
bg__Q5FW57,0,2,,,,
bg__Q5FWM2,0,1,,,,
bg__Q5FWS4,0,3,,,,
bg__Q5GAN6,0,1,,,,
bg__Q5GC92,0,3,,,,
bg__Q5GJ75,0,1,,,,
bg__Q5GRI0,0,1,,,,
bg__Q5GRJ9,0,1,,,,
bg__Q5GRK8,0,3,,,,
bg__Q5GRZ4,0,1,,,,
bg__Q5GSQ1,0,1,,,,
bg__Q5GTA6,0,2,,,,
bg__Q5GTB0,0,1,,,,
bg__Q5GZ90,0,1,,,,
bg__Q5GZR6,0,4,,,,
bg__Q5H1F4,0,3,,,,
bg__Q5H390,0,1,,,,
bg__Q5H667,0,4,,,,
bg__Q5H6D1,0,3,,,,
bg__Q5H737,0,1,,,,
bg__Q5H913,0,1,,,,
bg__Q5HA74,0,2,,,,
bg__Q5HAK8,0,1,,,,
bg__Q5HBA3,0,4,,,,
bg__Q5HBZ7,0,1,,,,
bg__Q5HC01,0,2,,,,
bg__Q5HCG2,0,1,,,,
bg__Q5HCM4,0,3,,,,
bg__Q5HFT0,0,2,,,,
bg__Q5HH38,0,4,,,,
bg__Q5HJQ7,0,1,,,,
bg__Q5HKG6,0,1,,,,
bg__Q5HLQ9,0,5,,,,
bg__Q5HLT3,0,2,,,,
bg__Q5HM33,0,2,,,,
bg__Q5HMC9,0,1,,,,
bg__Q5HN23,0,5,,,,
bg__Q5HNT9,0,1,,,,
bg__Q5HPU4,0,4,,,,
bg__Q5HPV8,0,5,,,,
bg__Q5HQ34,0,2,,,,
bg__Q5HRN5,0,12,,,,
bg__Q5HRP0,0,6,,,,
bg__Q5HS71,0,1,,,,
bg__Q5HS85,0,1,,,,
bg__Q5HSB7,0,1,,,,
bg__Q5HSM0,0,1,,,,
bg__Q5HT90,0,1,,,,
bg__Q5HU06,0,3,,,,
bg__Q5HU56,0,1,,,,
bg__Q5HUU1,0,2,,,,
bg__Q5HWB0,0,2,,,,
bg__Q5HYI7,0,1,,,,
bg__Q5HYR2,0,1,,,,
bg__Q5HZB0,0,1,,,,
bg__Q5HZE0,0,4,,,,
bg__Q5HZW5,0,2,,,,
bg__Q5HZW7,0,1,,,,
bg__Q5HZY2,0,2,,,,
bg__Q5I0J5,0,3,,,,
bg__Q5I0L4,0,5,,,,
bg__Q5IBH6,0,1,,,,
bg__Q5IS35,0,6,,,,
bg__Q5J3F6,0,1,,,,
bg__Q5J3G9,0,4,,,,
bg__Q5J3L4,0,11,,,,
bg__Q5JCY6,0,1,,,,
bg__Q5JD03,0,1,,,,
bg__Q5JD67,0,1,,,,
bg__Q5JDG9,0,1,,,,
bg__Q5JDH2,0,1,,,,
bg__Q5JDI0,0,1,,,,
bg__Q5JEP9,0,3,,,,
bg__Q5JFD3,0,1,,,,
bg__Q5JFG9,0,2,,,,
bg__Q5JFX9,0,2,,,,
bg__Q5JGC2,0,1,,,,
bg__Q5JH93,0,1,,,,
bg__Q5JHF1,0,1,,,,
bg__Q5JHM9,0,2,,,,
bg__Q5JHT1,0,2,,,,
bg__Q5JI38,0,1,,,,
bg__Q5JJ65,0,1,,,,
bg__Q5JJB8,0,2,,,,
bg__Q5JJI4,0,2,,,,
bg__Q5JJY5,0,1,,,,
bg__Q5JL96,0,1,,,,
bg__Q5JNC0,0,2,,,,
bg__Q5JNJ5,0,1,,,,
bg__Q5JQC4,0,1,,,,
bg__Q5JQS5,0,1,,,,
bg__Q5JTD7,0,1,,,,
bg__Q5K2K6,0,1,,,,
bg__Q5K2N1,0,1,,,,
bg__Q5K4R0,0,1,,,,
bg__Q5KC16,0,1,,,,
bg__Q5KQI6,0,3,,,,
bg__Q5KVE5,0,2,,,,
bg__Q5KVI4,0,1,,,,
bg__Q5KWC3,0,1,,,,
bg__Q5KWF4,0,1,,,,
bg__Q5KWK6,0,1,,,,
bg__Q5KWX3,0,2,,,,
bg__Q5KXX3,0,2,,,,
bg__Q5KZ25,0,2,,,,
bg__Q5KZE8,0,1,,,,
bg__Q5KZM1,0,9,,,,
bg__Q5L078,0,1,,,,
bg__Q5L0X5,0,1,,,,
bg__Q5L1H7,0,1,,,,
bg__Q5L3C1,0,1,,,,
bg__Q5L4W7,0,2,,,,
bg__Q5L5N7,0,2,,,,
bg__Q5L6H0,0,2,,,,
bg__Q5L6H5,0,1,,,,
bg__Q5L6I4,0,1,,,,
bg__Q5L8L6,0,1,,,,
bg__Q5L9K3,0,1,,,,
bg__Q5L9P9,0,1,,,,
bg__Q5L9Q6,0,1,,,,
bg__Q5LA59,0,1,,,,
bg__Q5LC56,0,2,,,,
bg__Q5LD54,0,2,,,,
bg__Q5LGS1,0,1,,,,
bg__Q5LGU6,0,3,,,,
bg__Q5LIQ2,0,2,,,,
bg__Q5LKH2,0,1,,,,
bg__Q5LLR6,0,1,,,,
bg__Q5LLW6,0,1,,,,
bg__Q5LNE0,0,1,,,,
bg__Q5LPG8,0,1,,,,
bg__Q5LQ42,0,1,,,,
bg__Q5LQ75,0,1,,,,
bg__Q5LS19,0,2,,,,
bg__Q5LSJ4,0,1,,,,
bg__Q5LT54,0,1,,,,
bg__Q5LV91,0,1,,,,
bg__Q5LVC2,0,1,,,,
bg__Q5LWR2,0,1,,,,
bg__Q5LWT9,0,3,,,,
bg__Q5LX16,0,1,,,,
bg__Q5LX98,0,1,,,,
bg__Q5LZ68,0,6,,,,
bg__Q5M0M2,0,2,,,,
bg__Q5M0S7,0,7,,,,
bg__Q5M243,0,1,,,,
bg__Q5M245,0,1,,,,
bg__Q5M2P2,0,1,,,,
bg__Q5M332,0,3,,,,
bg__Q5M4D1,0,1,,,,
bg__Q5M576,0,2,,,,
bg__Q5M627,0,12,,,,
bg__Q5M750,0,1,,,,
bg__Q5M755,0,1,,,,
bg__Q5M757,0,1,,,,
bg__Q5M7U5,0,1,,,,
bg__Q5M827,0,3,,,,
bg__Q5M870,0,2,,,,
bg__Q5M876,0,2,,,,
bg__Q5M8J0,0,1,,,,
bg__Q5M8M9,0,2,,,,
bg__Q5M8X6,0,1,,,,
bg__Q5M948,0,1,,,,
bg__Q5M969,0,3,,,,
bg__Q5M9P8,0,1,,,,
bg__Q5MIT9,0,1,,,,
bg__Q5MJ10,0,1,,,,
bg__Q5MJ68,0,1,,,,
bg__Q5MJ70,0,3,,,,
bg__Q5MK24,0,1,,,,
bg__Q5MNH9,0,1,,,,
bg__Q5MNY4,0,3,,,,
bg__Q5MZ57,0,5,,,,
bg__Q5N052,0,1,,,,
bg__Q5N1T9,0,1,,,,
bg__Q5N2S7,0,1,,,,
bg__Q5N2Y8,0,1,,,,
bg__Q5N366,0,1,,,,
bg__Q5N8G1,0,1,,,,
bg__Q5N8J1,0,1,,,,
bg__Q5N9J9,0,1,,,,
bg__Q5N9Q7,0,1,,,,
bg__Q5NAZ9,0,1,,,,
bg__Q5NB11,0,1,,,,
bg__Q5NB25,0,2,,,,
bg__Q5NBU8,0,1,,,,
bg__Q5NCY3,0,1,,,,
bg__Q5NF43,0,1,,,,
bg__Q5NFE1,0,5,,,,
bg__Q5NG17,0,1,,,,
bg__Q5NG36,0,4,,,,
bg__Q5NGF3,0,1,,,,
bg__Q5NGY3,0,1,,,,
bg__Q5NHC6,0,1,,,,
bg__Q5NHL7,0,1,,,,
bg__Q5NKN2,0,2,,,,
bg__Q5NL15,0,1,,,,
bg__Q5NL16,0,1,,,,
bg__Q5NLS8,0,1,,,,
bg__Q5NMD6,0,1,,,,
bg__Q5NME2,0,1,,,,
bg__Q5NMX2,0,1,,,,
bg__Q5NPL6,0,1,,,,
bg__Q5NRP9,0,4,,,,
bg__Q5NTA4,0,1,,,,
bg__Q5NTH4,0,2,,,,
bg__Q5NUF3,0,1,,,,
bg__Q5NXQ3,0,2,,,,
bg__Q5NZF6,0,1,,,,
bg__Q5NZF8,0,1,,,,
bg__Q5P1A7,0,2,,,,
bg__Q5P1F3,0,6,,,,
bg__Q5P1I2,0,1,,,,
bg__Q5P2S1,0,1,,,,
bg__Q5P3T7,0,1,,,,
bg__Q5P5G6,0,1,,,,
bg__Q5P5I4,0,1,,,,
bg__Q5P6J9,0,1,,,,
bg__Q5P793,0,1,,,,
bg__Q5P832,0,3,,,,
bg__Q5P9D8,0,1,,,,
bg__Q5P9T3,0,1,,,,
bg__Q5P9U8,0,1,,,,
bg__Q5PA93,0,1,,,,
bg__Q5PAN6,0,1,,,,
bg__Q5PAV9,0,1,,,,
bg__Q5PB25,0,1,,,,
bg__Q5PB36,0,1,,,,
bg__Q5PB43,0,1,,,,
bg__Q5PBF7,0,1,,,,
bg__Q5PBG2,0,1,,,,
bg__Q5PBM3,0,1,,,,
bg__Q5PBP6,0,1,,,,
bg__Q5PBQ6,0,3,,,,
bg__Q5PFV5,0,2,,,,
bg__Q5PNC8,0,3,,,,
bg__Q5PNZ7,0,1,,,,
bg__Q5PP70,0,1,,,,
bg__Q5PPM8,0,7,,,,
bg__Q5PPU8,0,1,,,,
bg__Q5PQ53,0,1,,,,
bg__Q5PQA4,0,1,,,,
bg__Q5PQR5,0,2,,,,
bg__Q5PQS4,0,4,,,,
bg__Q5PRC0,0,1,,,,
bg__Q5PXD3,0,1,,,,
bg__Q5PXQ6,0,1,,,,
bg__Q5Q9Z2,0,2,,,,
bg__Q5QGZ9,0,1,,,,
bg__Q5QJU3,0,2,,,,
bg__Q5QT56,0,3,,,,
bg__Q5QUS3,0,2,,,,
bg__Q5QV06,0,1,,,,
bg__Q5QVB3,0,1,,,,
bg__Q5QVN7,0,1,,,,
bg__Q5QVR4,0,1,,,,
bg__Q5QVW0,0,1,,,,
bg__Q5QWH6,0,2,,,,
bg__Q5QWQ5,0,1,,,,
bg__Q5QXL5,0,1,,,,
bg__Q5QY61,0,1,,,,
bg__Q5QY78,0,1,,,,
bg__Q5QYG2,0,8,,,,
bg__Q5QZ01,0,1,,,,
bg__Q5QZ53,0,1,,,,
bg__Q5QZC1,0,1,,,,
bg__Q5R0R3,0,1,,,,
bg__Q5R0V3,0,1,,,,
bg__Q5R0Y6,0,1,,,,
bg__Q5R106,0,1,,,,
bg__Q5R1Q1,0,1,,,,
bg__Q5R231,0,3,,,,
bg__Q5R328,0,1,,,,
bg__Q5R4L2,0,7,,,,
bg__Q5R580,0,1,,,,
bg__Q5R5S7,0,1,,,,
bg__Q5R603,0,3,,,,
bg__Q5R615,0,3,,,,
bg__Q5R6G3,0,10,,,,
bg__Q5R7B0,0,2,,,,
bg__Q5R7E0,0,5,,,,
bg__Q5R7R1,0,5,,,,
bg__Q5R7V4,0,7,,,,
bg__Q5R861,0,1,,,,
bg__Q5R8H3,0,3,,,,
bg__Q5R8R5,0,7,,,,
bg__Q5R9E0,0,6,,,,
bg__Q5RA61,0,2,,,,
bg__Q5RBK3,0,4,,,,
bg__Q5RBS4,0,4,,,,
bg__Q5RDG8,0,2,,,,
bg__Q5RDW0,0,4,,,,
bg__Q5RE15,0,2,,,,
bg__Q5RFD3,0,2,,,,
bg__Q5RFI3,0,5,,,,
bg__Q5RFR7,0,3,,,,
bg__Q5RFU5,0,1,,,,
bg__Q5RFV4,0,5,,,,
bg__Q5RH02,0,1,,,,
bg__Q5RIU9,0,1,,,,
bg__Q5RJB0,0,1,,,,
bg__Q5RJL0,0,2,,,,
bg__Q5RJR8,0,4,,,,
bg__Q5S260,0,2,,,,
bg__Q5SC59,0,1,,,,
bg__Q5SD03,0,5,,,,
bg__Q5SD28,0,7,,,,
bg__Q5SF93,0,1,,,,
bg__Q5SFD1,0,1,,,,
bg__Q5SGY0,0,1,,,,
bg__Q5SH23,0,1,,,,
bg__Q5SHL6,0,1,,,,
bg__Q5SHN8,0,1,,,,
bg__Q5SHZ1,0,1,,,,
bg__Q5SI12,0,1,,,,
bg__Q5SIR5,0,2,,,,
bg__Q5SJ35,0,1,,,,
bg__Q5SJ65,0,1,,,,
bg__Q5SJ85,0,2,,,,
bg__Q5SJC8,0,2,,,,
bg__Q5SJE8,0,1,,,,
bg__Q5SJF8,0,1,,,,
bg__Q5SJR1,0,2,,,,
bg__Q5SK28,0,1,,,,
bg__Q5SLQ3,0,1,,,,
bg__Q5SM23,0,1,,,,
bg__Q5SM60,0,2,,,,
bg__Q5SP50,0,3,,,,
bg__Q5SPD7,0,1,,,,
bg__Q5SRE7,0,1,,,,
bg__Q5SS91,0,1,,,,
bg__Q5SSG5,0,1,,,,
bg__Q5SVS4,0,6,,,,
bg__Q5SZD1,0,1,,,,
bg__Q5SZI1,0,1,,,,
bg__Q5T013,0,1,,,,
bg__Q5T0J7,0,1,,,,
bg__Q5T0L3,0,1,,,,
bg__Q5T0T0,0,7,,,,
bg__Q5T1C6,0,1,,,,
bg__Q5T4F7,0,3,,,,
bg__Q5T6J7,0,1,,,,
bg__Q5T700,0,1,,,,
bg__Q5T7M4,0,1,,,,
bg__Q5TD97,0,2,,,,
bg__Q5TIS6,0,1,,,,
bg__Q5TYW6,0,1,,,,
bg__Q5TZ07,0,1,,,,
bg__Q5TZ20,0,1,,,,
bg__Q5TZ66,0,1,,,,
bg__Q5TZF3,0,2,,,,
bg__Q5U1X1,0,4,,,,
bg__Q5U1X7,0,3,,,,
bg__Q5U209,0,4,,,,
bg__Q5U2Q3,0,4,,,,
bg__Q5U2W9,0,1,,,,
bg__Q5U2Y0,0,1,,,,
bg__Q5U3C3,0,1,,,,
bg__Q5U3F8,0,1,,,,
bg__Q5U3G1,0,1,,,,
bg__Q5U3S7,0,1,,,,
bg__Q5U3T3,0,7,,,,
bg__Q5U3W0,0,1,,,,
bg__Q5U4E0,0,3,,,,
bg__Q5U5E5,0,2,,,,
bg__Q5U680,0,4,,,,
bg__Q5U7L7,0,3,,,,
bg__Q5U925,0,1,,,,
bg__Q5U9S1,0,1,,,,
bg__Q5UCC4,0,4,,,,
bg__Q5UE94,0,7,,,,
bg__Q5UG13,0,1,,,,
bg__Q5UKY4,0,1,,,,
bg__Q5UP71,0,1,,,,
bg__Q5UQ00,0,1,,,,
bg__Q5USN7,0,1,,,,
bg__Q5UX56,0,1,,,,
bg__Q5UX95,0,1,,,,
bg__Q5UXH1,0,1,,,,
bg__Q5UXW0,0,1,,,,
bg__Q5UYP9,0,1,,,,
bg__Q5UYR5,0,1,,,,
bg__Q5UYV3,0,1,,,,
bg__Q5V0G6,0,1,,,,
bg__Q5V225,0,1,,,,
bg__Q5V2X8,0,2,,,,
bg__Q5V325,0,1,,,,
bg__Q5V3Z1,0,1,,,,
bg__Q5V450,0,1,,,,
bg__Q5V474,0,1,,,,
bg__Q5V4H7,0,1,,,,
bg__Q5V4H8,0,1,,,,
bg__Q5V4Q5,0,1,,,,
bg__Q5V5D4,0,1,,,,
bg__Q5V5D5,0,1,,,,
bg__Q5V5V3,0,1,,,,
bg__Q5VAN0,0,2,,,,
bg__Q5VNN5,0,1,,,,
bg__Q5VPE3,0,1,,,,
bg__Q5VPE5,0,1,,,,
bg__Q5VPG8,0,1,,,,
bg__Q5VQK9,0,2,,,,
bg__Q5VR89,0,1,,,,
bg__Q5VRJ8,0,1,,,,
bg__Q5VRN0,0,1,,,,
bg__Q5VSB7,0,1,,,,
bg__Q5VUJ9,0,1,,,,
bg__Q5VV52,0,3,,,,
bg__Q5VVH5,0,2,,,,
bg__Q5VXT5,0,2,,,,
bg__Q5VXU3,0,1,,,,
bg__Q5VY80,0,2,,,,
bg__Q5VYS4,0,2,,,,
bg__Q5VZV1,0,3,,,,
bg__Q5W5W9,0,1,,,,
bg__Q5W7C1,0,2,,,,
bg__Q5W9T8,0,1,,,,
bg__Q5WCI9,0,1,,,,
bg__Q5WCX5,0,1,,,,
bg__Q5WEG7,0,2,,,,
bg__Q5WEL9,0,1,,,,
bg__Q5WEM3,0,1,,,,
bg__Q5WEW9,0,1,,,,
bg__Q5WFJ5,0,1,,,,
bg__Q5WFL1,0,1,,,,
bg__Q5WGA3,0,1,,,,
bg__Q5WGC3,0,1,,,,
bg__Q5WGQ4,0,1,,,,
bg__Q5WH44,0,1,,,,
bg__Q5WHI2,0,1,,,,
bg__Q5WHY0,0,1,,,,
bg__Q5WKF5,0,1,,,,
bg__Q5WLN0,0,1,,,,
bg__Q5WLV8,0,1,,,,
bg__Q5WMW5,0,1,,,,
bg__Q5WNW9,0,1,,,,
bg__Q5WPU8,0,1,,,,
bg__Q5WRN1,0,1,,,,
bg__Q5WT02,0,1,,,,
bg__Q5WT13,0,1,,,,
bg__Q5WT65,0,1,,,,
bg__Q5WU90,0,3,,,,
bg__Q5WV28,0,1,,,,
bg__Q5WXZ6,0,1,,,,
bg__Q5WYJ0,0,1,,,,
bg__Q5X090,0,1,,,,
bg__Q5X1M8,0,3,,,,
bg__Q5X4E4,0,1,,,,
bg__Q5X551,0,1,,,,
bg__Q5X5S5,0,3,,,,
bg__Q5X6P7,0,1,,,,
bg__Q5X6W5,0,1,,,,
bg__Q5X7D5,0,1,,,,
bg__Q5X822,0,3,,,,
bg__Q5XAK9,0,1,,,,
bg__Q5XDE4,0,5,,,,
bg__Q5XDM2,0,1,,,,
bg__Q5XDQ5,0,1,,,,
bg__Q5XEM9,0,2,,,,
bg__Q5XFR0,0,2,,,,
bg__Q5XG21,0,2,,,,
bg__Q5XG99,0,1,,,,
bg__Q5XGC0,0,2,,,,
bg__Q5XGI0,0,7,,,,
bg__Q5XHB2,0,3,,,,
bg__Q5XIB9,0,1,,,,
bg__Q5XIC8,0,4,,,,
bg__Q5XIH0,0,4,,,,
bg__Q5XIH7,0,4,,,,
bg__Q5XIJ4,0,4,,,,
bg__Q5XIS2,0,1,,,,
bg__Q5XJ85,0,1,,,,
bg__Q5XJN2,0,2,,,,
bg__Q5XJW2,0,5,,,,
bg__Q5XKK7,0,1,,,,
bg__Q5XLR4,0,1,,,,
bg__Q5XVG3,0,1,,,,
bg__Q5XX02,0,2,,,,
bg__Q5YNP9,0,1,,,,
bg__Q5YQ00,0,1,,,,
bg__Q5YQZ4,0,1,,,,
bg__Q5YS09,0,1,,,,
bg__Q5YS47,0,3,,,,
bg__Q5YSW2,0,7,,,,
bg__Q5YT12,0,1,,,,
bg__Q5YTE0,0,1,,,,
bg__Q5YUA1,0,34,,,,
bg__Q5YUX2,0,1,,,,
bg__Q5YW75,0,1,,,,
bg__Q5YXD6,0,1,,,,
bg__Q5YXQ1,0,1,,,,
bg__Q5YYS5,0,1,,,,
bg__Q5Z0G1,0,1,,,,
bg__Q5Z236,0,1,,,,
bg__Q5Z293,0,10,,,,
bg__Q5Z402,0,1,,,,
bg__Q5Z5F2,0,1,,,,
bg__Q5Z6B1,0,1,,,,
bg__Q5Z6B6,0,1,,,,
bg__Q5Z6F6,0,1,,,,
bg__Q5Z749,0,1,,,,
bg__Q5Z8S0,0,1,,,,
bg__Q5ZCL8,0,2,,,,
bg__Q5ZEP9,0,1,,,,
bg__Q5ZHY5,0,4,,,,
bg__Q5ZIP6,0,3,,,,
bg__Q5ZIR9,0,3,,,,
bg__Q5ZJM7,0,2,,,,
bg__Q5ZKQ7,0,3,,,,
bg__Q5ZL21,0,1,,,,
bg__Q5ZL43,0,1,,,,
bg__Q5ZLL5,0,2,,,,
bg__Q5ZMN0,0,1,,,,
bg__Q5ZMU0,0,1,,,,
bg__Q5ZRA9,0,2,,,,
bg__Q5ZRQ0,0,1,,,,
bg__Q5ZT34,0,1,,,,
bg__Q5ZUT0,0,2,,,,
bg__Q5ZV75,0,1,,,,
bg__Q5ZVY6,0,1,,,,
bg__Q5ZVZ1,0,3,,,,
bg__Q5ZXN3,0,4,,,,
bg__Q5ZYR7,0,1,,,,
bg__Q5ZZI5,0,2,,,,
bg__Q60080,0,1,,,,
bg__Q60099,0,1,,,,
bg__Q600K1,0,1,,,,
bg__Q60176,0,1,,,,
bg__Q60177,0,1,,,,
bg__Q60180,0,1,,,,
bg__Q601J4,0,1,,,,
bg__Q601Y6,0,1,,,,
bg__Q602P0,0,1,,,,
bg__Q602R3,0,1,,,,
bg__Q60343,0,1,,,,
bg__Q60352,0,1,,,,
bg__Q60364,0,1,,,,
bg__Q603L1,0,1,,,,
bg__Q603S2,0,1,,,,
bg__Q60439,0,1,,,,
bg__Q60478,0,1,,,,
bg__Q60480,0,1,,,,
bg__Q604M5,0,6,,,,
bg__Q604V9,0,1,,,,
bg__Q604W0,0,1,,,,
bg__Q604W4,0,17,,,,
bg__Q60534,0,3,,,,
bg__Q60590,0,3,,,,
bg__Q605H0,0,1,,,,
bg__Q60651,0,2,,,,
bg__Q60654,0,1,,,,
bg__Q60660,0,1,,,,
bg__Q606H1,0,1,,,,
bg__Q606J9,0,1,,,,
bg__Q60771,0,1,,,,
bg__Q607B2,0,1,,,,
bg__Q607G3,0,1,,,,
bg__Q607R4,0,1,,,,
bg__Q60819,0,1,,,,
bg__Q60878,0,2,,,,
bg__Q60883,0,2,,,,
bg__Q60886,0,5,,,,
bg__Q60887,0,1,,,,
bg__Q60888,0,1,,,,
bg__Q60889,0,1,,,,
bg__Q60890,0,1,,,,
bg__Q60891,0,1,,,,
bg__Q60892,0,1,,,,
bg__Q60893,0,1,,,,
bg__Q60895,0,3,,,,
bg__Q608M7,0,1,,,,
bg__Q60932,0,14,,,,
bg__Q60948,0,2,,,,
bg__Q60961,0,2,,,,
bg__Q60969,0,2,,,,
bg__Q60994,0,3,,,,
bg__Q609V0,0,1,,,,
bg__Q60AK7,0,1,,,,
bg__Q60B13,0,1,,,,
bg__Q60B18,0,1,,,,
bg__Q60BV9,0,1,,,,
bg__Q60DX1,0,2,,,,
bg__Q60EQ4,0,1,,,,
bg__Q60WT2,0,2,,,,
bg__Q60XN1,0,1,,,,
bg__Q61142,0,10,,,,
bg__Q61160,0,1,,,,
bg__Q61400,0,1,,,,
bg__Q61450,0,1,,,,
bg__Q61470,0,3,,,,
bg__Q61500,0,2,,,,
bg__Q61599,0,1,,,,
bg__Q61658,0,1,,,,
bg__Q61663,0,2,,,,
bg__Q61728,0,1,,,,
bg__Q61735,0,3,,,,
bg__Q61CX7,0,2,,,,
bg__Q61XH2,0,2,,,,
bg__Q62082,0,1,,,,
bg__Q62160,0,1,,,,
bg__Q62189,0,3,,,,
bg__Q62193,0,4,,,,
bg__Q62232,0,8,,,,
bg__Q62277,0,4,,,,
bg__Q62302,0,1,,,,
bg__Q62361,0,2,,,,
bg__Q62393,0,2,,,,
bg__Q62422,0,2,,,,
bg__Q62447,0,5,,,,
bg__Q62471,0,1,,,,
bg__Q62472,0,1,,,,
bg__Q62630,0,3,,,,
bg__Q62703,0,3,,,,
bg__Q62740,0,1,,,,
bg__Q62798,0,3,,,,
bg__Q62814,0,1,,,,
bg__Q62875,0,2,,,,
bg__Q62876,0,4,,,,
bg__Q62881,0,1,,,,
bg__Q62912,0,1,,,,
bg__Q62GA9,0,1,,,,
bg__Q62H17,0,12,,,,
bg__Q62LP6,0,2,,,,
bg__Q63072,0,3,,,,
bg__Q63149,0,2,,,,
bg__Q63189,0,1,,,,
bg__Q63190,0,3,,,,
bg__Q63203,0,1,,,,
bg__Q63302,0,2,,,,
bg__Q63454,0,1,,,,
bg__Q63471,0,1,,,,
bg__Q63515,0,1,,,,
bg__Q63520,0,5,,,,
bg__Q63635,0,4,,,,
bg__Q63647,0,1,,,,
bg__Q63A51,0,4,,,,
bg__Q63CN1,0,4,,,,
bg__Q63HD3,0,6,,,,
bg__Q63HQ0,0,1,,,,
bg__Q63Q73,0,1,,,,
bg__Q63RA1,0,1,,,,
bg__Q63RN0,0,2,,,,
bg__Q63TX3,0,2,,,,
bg__Q63WL5,0,1,,,,
bg__Q63ZW2,0,1,,,,
bg__Q63ZY6,0,1,,,,
bg__Q64152,0,1,,,,
bg__Q641Q3,0,3,,,,
bg__Q64205,0,2,,,,
bg__Q642J4,0,1,,,,
bg__Q64329,0,4,,,,
bg__Q64368,0,4,,,,
bg__Q64373,0,4,,,,
bg__Q64374,0,9,,,,
bg__Q64387,0,1,,,,
bg__Q64520,0,2,,,,
bg__Q64537,0,6,,,,
bg__Q645T2,0,3,,,,
bg__Q64625,0,1,,,,
bg__Q64662,0,3,,,,
bg__Q64674,0,2,,,,
bg__Q64686,0,3,,,,
bg__Q64695,0,2,,,,
bg__Q64704,0,3,,,,
bg__Q64726,0,2,,,,
bg__Q64770,0,1,,,,
bg__Q64846,0,1,,,,
bg__Q64ET8,0,1,,,,
bg__Q64J17,0,1,,,,
bg__Q64MA1,0,1,,,,
bg__Q64RE6,0,2,,,,
bg__Q64SY7,0,1,,,,
bg__Q64TN0,0,1,,,,
bg__Q64UP8,0,1,,,,
bg__Q64VR0,0,3,,,,
bg__Q64VR1,0,1,,,,
bg__Q64XF4,0,2,,,,
bg__Q64ZA1,0,2,,,,
bg__Q651D5,0,1,,,,
bg__Q651Z5,0,1,,,,
bg__Q65200,0,1,,,,
bg__Q65202,0,3,,,,
bg__Q652K1,0,1,,,,
bg__Q652K4,0,1,,,,
bg__Q652Q0,0,1,,,,
bg__Q652Q1,0,1,,,,
bg__Q654B3,0,1,,,,
bg__Q655V5,0,1,,,,
bg__Q65954,0,2,,,,
bg__Q65CQ5,0,1,,,,
bg__Q65DK0,0,1,,,,
bg__Q65DU9,0,1,,,,
bg__Q65EX3,0,2,,,,
bg__Q65GG3,0,1,,,,
bg__Q65H34,0,1,,,,
bg__Q65I57,0,1,,,,
bg__Q65JP3,0,1,,,,
bg__Q65ML0,0,1,,,,
bg__Q65P77,0,2,,,,
bg__Q65S86,0,1,,,,
bg__Q65TR0,0,2,,,,
bg__Q65V47,0,1,,,,
bg__Q65V94,0,1,,,,
bg__Q65W71,0,1,,,,
bg__Q65XA0,0,1,,,,
bg__Q65XX7,0,1,,,,
bg__Q65Z15,0,1,,,,
bg__Q65ZG6,0,1,,,,
bg__Q660L2,0,2,,,,
bg__Q660S4,0,2,,,,
bg__Q661V4,0,1,,,,
bg__Q661W9,0,2,,,,
bg__Q662E6,0,2,,,,
bg__Q664M4,0,2,,,,
bg__Q665B6,0,8,,,,
bg__Q66677,0,1,,,,
bg__Q666M5,0,13,,,,
bg__Q666N1,0,3,,,,
bg__Q66862,0,1,,,,
bg__Q66AM8,0,1,,,,
bg__Q66EC0,0,13,,,,
bg__Q66GR6,0,2,,,,
bg__Q66GR8,0,1,,,,
bg__Q66H02,0,2,,,,
bg__Q66H59,0,5,,,,
bg__Q66I61,0,4,,,,
bg__Q66I71,0,10,,,,
bg__Q66JD7,0,1,,,,
bg__Q66JE4,0,2,,,,
bg__Q66JN8,0,1,,,,
bg__Q66JS6,0,6,,,,
bg__Q66K80,0,1,,,,
bg__Q66KB0,0,1,,,,
bg__Q66LM5,0,1,,,,
bg__Q66PJ3,0,2,,,,
bg__Q66WT5,0,2,,,,
bg__Q675B9,0,3,,,,
bg__Q67684,0,1,,,,
bg__Q67A25,0,1,,,,
bg__Q67EQ0,0,2,,,,
bg__Q67EQ1,0,1,,,,
bg__Q67ER9,0,2,,,,
bg__Q67ES0,0,2,,,,
bg__Q67ES3,0,2,,,,
bg__Q67ET0,0,2,,,,
bg__Q67ET1,0,1,,,,
bg__Q67ET3,0,2,,,,
bg__Q67J19,0,1,,,,
bg__Q67JB9,0,1,,,,
bg__Q67JQ1,0,1,,,,
bg__Q67KD3,0,1,,,,
bg__Q67KI0,0,1,,,,
bg__Q67KN6,0,1,,,,
bg__Q67KP1,0,1,,,,
bg__Q67L43,0,1,,,,
bg__Q67MJ3,0,1,,,,
bg__Q67MS9,0,1,,,,
bg__Q67N06,0,1,,,,
bg__Q67NC1,0,1,,,,
bg__Q67P59,0,1,,,,
bg__Q67P64,0,1,,,,
bg__Q67PB5,0,1,,,,
bg__Q67PD4,0,1,,,,
bg__Q67Q01,0,1,,,,
bg__Q67Q47,0,1,,,,
bg__Q67R57,0,1,,,,
bg__Q67R59,0,1,,,,
bg__Q67RV4,0,1,,,,
bg__Q67S99,0,1,,,,
bg__Q67SW4,0,1,,,,
bg__Q67TP9,0,1,,,,
bg__Q67UK9,0,2,,,,
bg__Q67UX6,0,1,,,,
bg__Q67V78,0,3,,,,
bg__Q67WJ8,0,2,,,,
bg__Q67WM9,0,1,,,,
bg__Q67YC0,0,2,,,,
bg__Q67Z52,0,1,,,,
bg__Q67Z93,0,1,,,,
bg__Q67ZM7,0,1,,,,
bg__Q681X4,0,1,,,,
bg__Q682U6,0,1,,,,
bg__Q682V0,0,1,,,,
bg__Q683D7,0,1,,,,
bg__Q68671,0,7,,,,
bg__Q688L5,0,1,,,,
bg__Q68A21,0,3,,,,
bg__Q68CL5,0,2,,,,
bg__Q68D42,0,1,,,,
bg__Q68D91,0,4,,,,
bg__Q68EH7,0,3,,,,
bg__Q68EV1,0,1,,,,
bg__Q68FU1,0,3,,,,
bg__Q68FW2,0,3,,,,
bg__Q68J44,0,6,,,,
bg__Q68W16,0,1,,,,
bg__Q68WB5,0,3,,,,
bg__Q68WT6,0,2,,,,
bg__Q68XB5,0,4,,,,
bg__Q68XC1,0,2,,,,
bg__Q68XU3,0,1,,,,
bg__Q68XV0,0,1,,,,
bg__Q698K8,0,3,,,,
bg__Q69DL0,0,5,,,,
bg__Q69J40,0,1,,,,
bg__Q69JW2,0,1,,,,
bg__Q69K55,0,3,,,,
bg__Q69KJ0,0,1,,,,
bg__Q69LA6,0,14,,,,
bg__Q69NY7,0,1,,,,
bg__Q69P88,0,1,,,,
bg__Q69P94,0,1,,,,
bg__Q69TG5,0,2,,,,
bg__Q69TU6,0,1,,,,
bg__Q69TY4,0,1,,,,
bg__Q69V10,0,1,,,,
bg__Q69XJ0,0,1,,,,
bg__Q69XJ4,0,1,,,,
bg__Q69XV0,0,1,,,,
bg__Q69XV9,0,1,,,,
bg__Q6A6M7,0,1,,,,
bg__Q6A6N2,0,1,,,,
bg__Q6A6S8,0,1,,,,
bg__Q6A760,0,1,,,,
bg__Q6A8K9,0,1,,,,
bg__Q6A9J2,0,1,,,,
bg__Q6AA30,0,1,,,,
bg__Q6AAD7,0,1,,,,
bg__Q6AAE4,0,1,,,,
bg__Q6AD15,0,1,,,,
bg__Q6ADP2,0,1,,,,
bg__Q6AE14,0,1,,,,
bg__Q6AEC6,0,1,,,,
bg__Q6AF43,0,1,,,,
bg__Q6AF73,0,1,,,,
bg__Q6AF88,0,1,,,,
bg__Q6AFG6,0,1,,,,
bg__Q6AFJ3,0,1,,,,
bg__Q6AFJ4,0,1,,,,
bg__Q6AFZ7,0,1,,,,
bg__Q6AGD1,0,1,,,,
bg__Q6AJ55,0,1,,,,
bg__Q6AJE5,0,1,,,,
bg__Q6AJL7,0,1,,,,
bg__Q6AKP0,0,1,,,,
bg__Q6AKW8,0,1,,,,
bg__Q6AL12,0,1,,,,
bg__Q6AL80,0,1,,,,
bg__Q6ALS1,0,1,,,,
bg__Q6ALS3,0,1,,,,
bg__Q6ALV3,0,1,,,,
bg__Q6ALW6,0,1,,,,
bg__Q6ALZ3,0,1,,,,
bg__Q6ANL3,0,1,,,,
bg__Q6ANS2,0,1,,,,
bg__Q6ANV0,0,1,,,,
bg__Q6AP39,0,1,,,,
bg__Q6APB0,0,1,,,,
bg__Q6AQE3,0,1,,,,
bg__Q6AQZ6,0,1,,,,
bg__Q6AR64,0,1,,,,
bg__Q6ARK0,0,1,,,,
bg__Q6AT10,0,1,,,,
bg__Q6AT33,0,1,,,,
bg__Q6ATG6,0,1,,,,
bg__Q6AUF3,0,3,,,,
bg__Q6AUG0,0,2,,,,
bg__Q6AUK5,0,1,,,,
bg__Q6AWT8,0,1,,,,
bg__Q6AWU6,0,1,,,,
bg__Q6AX73,0,2,,,,
bg__Q6AXS9,0,1,,,,
bg__Q6AXU5,0,2,,,,
bg__Q6AXU7,0,2,,,,
bg__Q6AXU8,0,3,,,,
bg__Q6AXV9,0,3,,,,
bg__Q6AXW8,0,2,,,,
bg__Q6AY12,0,3,,,,
bg__Q6AY25,0,1,,,,
bg__Q6AY26,0,2,,,,
bg__Q6AY40,0,3,,,,
bg__Q6AY63,0,1,,,,
bg__Q6AY80,0,3,,,,
bg__Q6AY82,0,1,,,,
bg__Q6AYI4,0,3,,,,
bg__Q6AYK1,0,5,,,,
bg__Q6AYM4,0,1,,,,
bg__Q6AYQ2,0,1,,,,
bg__Q6AZ60,0,3,,,,
bg__Q6AZM3,0,2,,,,
bg__Q6B3N0,0,3,,,,
bg__Q6B8I0,0,1,,,,
bg__Q6B8L1,0,1,,,,
bg__Q6B8Z0,0,1,,,,
bg__Q6BDI9,0,1,,,,
bg__Q6BDR8,0,1,,,,
bg__Q6BET5,0,1,,,,
bg__Q6BF16,0,1,,,,
bg__Q6BHA8,0,1,,,,
bg__Q6BII9,0,1,,,,
bg__Q6BJ82,0,1,,,,
bg__Q6BNL6,0,1,,,,
bg__Q6BSH2,0,1,,,,
bg__Q6BSS5,0,1,,,,
bg__Q6BSS8,0,1,,,,
bg__Q6BT10,0,2,,,,
bg__Q6BT38,0,1,,,,
bg__Q6BTP9,0,1,,,,
bg__Q6BUE3,0,1,,,,
bg__Q6BVM4,0,1,,,,
bg__Q6BVY4,0,1,,,,
bg__Q6BWK4,0,1,,,,
bg__Q6BXG6,0,1,,,,
bg__Q6BYU0,0,1,,,,
bg__Q6BZX5,0,1,,,,
bg__Q6C0M9,0,1,,,,
bg__Q6C195,0,1,,,,
bg__Q6C2A3,0,1,,,,
bg__Q6C2T8,0,1,,,,
bg__Q6C338,0,1,,,,
bg__Q6C3T0,0,1,,,,
bg__Q6C6Y4,0,1,,,,
bg__Q6C747,0,1,,,,
bg__Q6C7U8,0,2,,,,
bg__Q6C830,0,1,,,,
bg__Q6C8H2,0,1,,,,
bg__Q6C8V1,0,1,,,,
bg__Q6CA53,0,1,,,,
bg__Q6CA86,0,1,,,,
bg__Q6CAB5,0,1,,,,
bg__Q6CAC5,0,1,,,,
bg__Q6CAC7,0,1,,,,
bg__Q6CE12,0,1,,,,
bg__Q6CE48,0,1,,,,
bg__Q6CEE9,0,1,,,,
bg__Q6CG57,0,2,,,,
bg__Q6CI62,0,1,,,,
bg__Q6CJ61,0,1,,,,
bg__Q6CLN0,0,1,,,,
bg__Q6CLS8,0,1,,,,
bg__Q6CM87,0,1,,,,
bg__Q6CMG6,0,1,,,,
bg__Q6CMJ8,0,1,,,,
bg__Q6CRN7,0,1,,,,
bg__Q6CRQ9,0,1,,,,
bg__Q6CTH8,0,1,,,,
bg__Q6CUC3,0,1,,,,
bg__Q6CUD5,0,1,,,,
bg__Q6CUE5,0,1,,,,
bg__Q6CVQ9,0,1,,,,
bg__Q6CXB9,0,1,,,,
bg__Q6CXN0,0,1,,,,
bg__Q6CZ26,0,2,,,,
bg__Q6D006,0,2,,,,
bg__Q6D0F3,0,1,,,,
bg__Q6D1G2,0,1,,,,
bg__Q6D234,0,1,,,,
bg__Q6D3B4,0,1,,,,
bg__Q6D4W0,0,1,,,,
bg__Q6D606,0,1,,,,
bg__Q6D797,0,1,,,,
bg__Q6D7S0,0,8,,,,
bg__Q6D8D8,0,3,,,,
bg__Q6D8E6,0,35,,,,
bg__Q6D8V3,0,1,,,,
bg__Q6DAJ6,0,1,,,,
bg__Q6DBA5,0,1,,,,
bg__Q6DBN1,0,1,,,,
bg__Q6DBN4,0,1,,,,
bg__Q6DBP8,0,1,,,,
bg__Q6DBQ1,0,1,,,,
bg__Q6DBR4,0,1,,,,
bg__Q6DBV4,0,1,,,,
bg__Q6DBW9,0,1,,,,
bg__Q6DC39,0,3,,,,
bg__Q6DC66,0,1,,,,
bg__Q6DC93,0,1,,,,
bg__Q6DCD4,0,1,,,,
bg__Q6DD30,0,4,,,,
bg__Q6DDR3,0,2,,,,
bg__Q6DEF6,0,1,,,,
bg__Q6DET9,0,5,,,,
bg__Q6DFI2,0,5,,,,
bg__Q6DG85,0,1,,,,
bg__Q6DGB6,0,1,,,,
bg__Q6DGF5,0,3,,,,
bg__Q6DGH9,0,1,,,,
bg__Q6DGT7,0,1,,,,
bg__Q6DH65,0,1,,,,
bg__Q6DHG8,0,1,,,,
bg__Q6DHI5,0,1,,,,
bg__Q6DHK1,0,1,,,,
bg__Q6DHM9,0,4,,,,
bg__Q6DHP1,0,1,,,,
bg__Q6DHQ1,0,1,,,,
bg__Q6DHQ3,0,1,,,,
bg__Q6DHR0,0,1,,,,
bg__Q6DHR8,0,1,,,,
bg__Q6DJ08,0,1,,,,
bg__Q6DKI1,0,1,,,,
bg__Q6DLR9,0,1,,,,
bg__Q6DWK3,0,1,,,,
bg__Q6E263,0,1,,,,
bg__Q6E3K9,0,1,,,,
bg__Q6E7F2,0,1,,,,
bg__Q6EH52,0,51,,,,
bg__Q6EIC1,0,6,,,,
bg__Q6EP49,0,1,,,,
bg__Q6EPW7,0,1,,,,
bg__Q6EPZ0,0,1,,,,
bg__Q6ES52,0,1,,,,
bg__Q6ESF0,0,1,,,,
bg__Q6ESR4,0,1,,,,
bg__Q6ETX0,0,2,,,,
bg__Q6EU39,0,2,,,,
bg__Q6EUG4,0,1,,,,
bg__Q6F0L9,0,1,,,,
bg__Q6F1C9,0,1,,,,
bg__Q6F1S1,0,2,,,,
bg__Q6F1V0,0,1,,,,
bg__Q6F240,0,1,,,,
bg__Q6F271,0,1,,,,
bg__Q6F2B4,0,1,,,,
bg__Q6F4N1,0,1,,,,
bg__Q6F6R2,0,3,,,,
bg__Q6F6W3,0,5,,,,
bg__Q6F709,0,3,,,,
bg__Q6F718,0,1,,,,
bg__Q6F7A7,0,1,,,,
bg__Q6F7W2,0,4,,,,
bg__Q6F854,0,2,,,,
bg__Q6F992,0,1,,,,
bg__Q6F9E6,0,1,,,,
bg__Q6F9N8,0,1,,,,
bg__Q6F9R1,0,1,,,,
bg__Q6FA61,0,4,,,,
bg__Q6FCT7,0,1,,,,
bg__Q6FCW7,0,10,,,,
bg__Q6FDK3,0,1,,,,
bg__Q6FDX8,0,1,,,,
bg__Q6FER7,0,2,,,,
bg__Q6FEV2,0,3,,,,
bg__Q6FF44,0,3,,,,
bg__Q6FI81,0,5,,,,
bg__Q6FIW0,0,1,,,,
bg__Q6FJ04,0,2,,,,
bg__Q6FJZ6,0,1,,,,
bg__Q6FKA1,0,1,,,,
bg__Q6FKH5,0,1,,,,
bg__Q6FKS1,0,2,,,,
bg__Q6FLB8,0,1,,,,
bg__Q6FLT3,0,1,,,,
bg__Q6FM81,0,3,,,,
bg__Q6FNA9,0,1,,,,
bg__Q6FNR0,0,1,,,,
bg__Q6FNR8,0,1,,,,
bg__Q6FNV4,0,2,,,,
bg__Q6FPJ3,0,1,,,,
bg__Q6FQI6,0,1,,,,
bg__Q6FQJ2,0,1,,,,
bg__Q6FQU6,0,1,,,,
bg__Q6FRZ6,0,1,,,,
bg__Q6FS81,0,1,,,,
bg__Q6FSG0,0,1,,,,
bg__Q6FSU0,0,1,,,,
bg__Q6FT26,0,1,,,,
bg__Q6FTW0,0,1,,,,
bg__Q6FU96,0,1,,,,
bg__Q6FUV2,0,1,,,,
bg__Q6FVF2,0,1,,,,
bg__Q6FXV6,0,1,,,,
bg__Q6FYC7,0,1,,,,
bg__Q6FZ13,0,4,,,,
bg__Q6FZ96,0,1,,,,
bg__Q6G029,0,3,,,,
bg__Q6G079,0,4,,,,
bg__Q6G082,0,2,,,,
bg__Q6G0S9,0,4,,,,
bg__Q6G1D3,0,4,,,,
bg__Q6G1F7,0,11,,,,
bg__Q6G1G9,0,3,,,,
bg__Q6G1L3,0,1,,,,
bg__Q6G1R9,0,1,,,,
bg__Q6G202,0,1,,,,
bg__Q6G253,0,1,,,,
bg__Q6G3I3,0,2,,,,
bg__Q6G468,0,2,,,,
bg__Q6G480,0,2,,,,
bg__Q6G4E4,0,3,,,,
bg__Q6G577,0,4,,,,
bg__Q6G5A9,0,2,,,,
bg__Q6G5D9,0,1,,,,
bg__Q6G5H3,0,1,,,,
bg__Q6G5K3,0,2,,,,
bg__Q6G7I0,0,4,,,,
bg__Q6G9I1,0,2,,,,
bg__Q6GA09,0,5,,,,
bg__Q6GAC3,0,1,,,,
bg__Q6GAU3,0,5,,,,
bg__Q6GB27,0,4,,,,
bg__Q6GEL4,0,2,,,,
bg__Q6GEY1,0,3,,,,
bg__Q6GH13,0,4,,,,
bg__Q6GH27,0,4,,,,
bg__Q6GHJ1,0,3,,,,
bg__Q6GHK4,0,2,,,,
bg__Q6GHT5,0,3,,,,
bg__Q6GI75,0,2,,,,
bg__Q6GIL6,0,4,,,,
bg__Q6GIV9,0,7,,,,
bg__Q6GJA0,0,2,,,,
bg__Q6GJB7,0,5,,,,
bg__Q6GK35,0,2,,,,
bg__Q6GKB5,0,2,,,,
bg__Q6GL11,0,1,,,,
bg__Q6GL89,0,6,,,,
bg__Q6GLK2,0,1,,,,
bg__Q6GLV4,0,1,,,,
bg__Q6GLX4,0,1,,,,
bg__Q6GM78,0,1,,,,
bg__Q6GMD3,0,1,,,,
bg__Q6GML7,0,5,,,,
bg__Q6GN30,0,1,,,,
bg__Q6GN98,0,1,,,,
bg__Q6GNB5,0,1,,,,
bg__Q6GNY7,0,1,,,,
bg__Q6GPA8,0,7,,,,
bg__Q6GPH4,0,1,,,,
bg__Q6GPJ9,0,1,,,,
bg__Q6GPW6,0,1,,,,
bg__Q6GQ62,0,1,,,,
bg__Q6GQ70,0,1,,,,
bg__Q6GQI8,0,1,,,,
bg__Q6GQM0,0,1,,,,
bg__Q6GTX8,0,1,,,,
bg__Q6GUQ1,0,3,,,,
bg__Q6GV27,0,2,,,,
bg__Q6H4G3,0,1,,,,
bg__Q6H509,0,1,,,,
bg__Q6H543,0,1,,,,
bg__Q6H545,0,1,,,,
bg__Q6H676,0,1,,,,
bg__Q6H677,0,3,,,,
bg__Q6H6M5,0,1,,,,
bg__Q6H6S3,0,1,,,,
bg__Q6H711,0,1,,,,
bg__Q6H7J5,0,1,,,,
bg__Q6HCU7,0,1,,,,
bg__Q6HGE0,0,1,,,,
bg__Q6HI21,0,2,,,,
bg__Q6HMZ5,0,7,,,,
bg__Q6HN84,0,12,,,,
bg__Q6HPM7,0,2,,,,
bg__Q6I3T8,0,2,,,,
bg__Q6I681,0,1,,,,
bg__Q6ICG8,0,1,,,,
bg__Q6ICW6,0,1,,,,
bg__Q6IE21,0,1,,,,
bg__Q6IEU7,0,2,,,,
bg__Q6IEV9,0,1,,,,
bg__Q6IF42,0,4,,,,
bg__Q6IF63,0,1,,,,
bg__Q6IF82,0,2,,,,
bg__Q6IFH4,0,1,,,,
bg__Q6IMA3,0,3,,,,
bg__Q6IMI6,0,1,,,,
bg__Q6IMN8,0,1,,,,
bg__Q6IN97,0,1,,,,
bg__Q6INW9,0,1,,,,
bg__Q6IP18,0,3,,,,
bg__Q6IPR3,0,3,,,,
bg__Q6IPT2,0,1,,,,
bg__Q6IPU0,0,1,,,,
bg__Q6IQ19,0,1,,,,
bg__Q6IQ22,0,4,,,,
bg__Q6IQC7,0,6,,,,
bg__Q6IQE9,0,1,,,,
bg__Q6IQP3,0,6,,,,
bg__Q6IR41,0,1,,,,
bg__Q6ISU1,0,1,,,,
bg__Q6IUP3,0,3,,,,
bg__Q6IZB5,0,3,,,,
bg__Q6J1A5,0,1,,,,
bg__Q6J1I7,0,2,,,,
bg__Q6J1Z5,0,1,,,,
bg__Q6J1Z6,0,2,,,,
bg__Q6J329,0,2,,,,
bg__Q6J3N5,0,1,,,,
bg__Q6J4I0,0,2,,,,
bg__Q6J9S1,0,1,,,,
bg__Q6JIY4,0,1,,,,
bg__Q6K1S6,0,1,,,,
bg__Q6K461,0,2,,,,
bg__Q6K498,0,2,,,,
bg__Q6K4V2,0,1,,,,
bg__Q6K548,0,1,,,,
bg__Q6K5P9,0,2,,,,
bg__Q6K5X1,0,2,,,,
bg__Q6K602,0,1,,,,
bg__Q6K678,0,1,,,,
bg__Q6K7H2,0,2,,,,
bg__Q6K8R2,0,1,,,,
bg__Q6K9C3,0,1,,,,
bg__Q6K9U2,0,1,,,,
bg__Q6KH80,0,1,,,,
bg__Q6KH96,0,1,,,,
bg__Q6KHS0,0,1,,,,
bg__Q6KHT7,0,1,,,,
bg__Q6KI35,0,1,,,,
bg__Q6KIN6,0,1,,,,
bg__Q6KIQ6,0,1,,,,
bg__Q6KZ23,0,1,,,,
bg__Q6KZ38,0,1,,,,
bg__Q6KZ89,0,1,,,,
bg__Q6KZG0,0,1,,,,
bg__Q6KZI8,0,1,,,,
bg__Q6KZJ4,0,1,,,,
bg__Q6KZK7,0,1,,,,
bg__Q6KZM5,0,1,,,,
bg__Q6KZP5,0,1,,,,
bg__Q6L046,0,1,,,,
bg__Q6L0E8,0,1,,,,
bg__Q6L1F5,0,1,,,,
bg__Q6L240,0,1,,,,
bg__Q6L2M4,0,1,,,,
bg__Q6L568,0,1,,,,
bg__Q6L589,0,1,,,,
bg__Q6L5B5,0,1,,,,
bg__Q6L5E5,0,1,,,,
bg__Q6L5I5,0,1,,,,
bg__Q6L6X6,0,1,,,,
bg__Q6L786,0,1,,,,
bg__Q6L8H1,0,3,,,,
bg__Q6L8H2,0,1,,,,
bg__Q6LAD6,0,1,,,,
bg__Q6LIU7,0,9,,,,
bg__Q6LLK1,0,1,,,,
bg__Q6LLW5,0,1,,,,
bg__Q6LM21,0,3,,,,
bg__Q6LN10,0,1,,,,
bg__Q6LN40,0,19,,,,
bg__Q6LP25,0,7,,,,
bg__Q6LP62,0,2,,,,
bg__Q6LPE2,0,6,,,,
bg__Q6LT10,0,1,,,,
bg__Q6LT69,0,1,,,,
bg__Q6LTB1,0,1,,,,
bg__Q6LVF1,0,1,,,,
bg__Q6LVN0,0,1,,,,
bg__Q6LVX7,0,2,,,,
bg__Q6LWM0,0,1,,,,
bg__Q6LY38,0,1,,,,
bg__Q6LY93,0,1,,,,
bg__Q6LYK1,0,2,,,,
bg__Q6LYX3,0,1,,,,
bg__Q6LZC5,0,1,,,,
bg__Q6LZC7,0,1,,,,
bg__Q6LZY8,0,1,,,,
bg__Q6M0B9,0,1,,,,
bg__Q6M0G7,0,1,,,,
bg__Q6M0K2,0,1,,,,
bg__Q6M0K7,0,2,,,,
bg__Q6M115,0,3,,,,
bg__Q6M183,0,1,,,,
bg__Q6M923,0,1,,,,
bg__Q6M9Z8,0,1,,,,
bg__Q6MAQ1,0,1,,,,
bg__Q6MC00,0,1,,,,
bg__Q6MC11,0,1,,,,
bg__Q6MC97,0,1,,,,
bg__Q6MDD9,0,1,,,,
bg__Q6MDE6,0,1,,,,
bg__Q6MDK2,0,1,,,,
bg__Q6ME16,0,1,,,,
bg__Q6MEB3,0,1,,,,
bg__Q6MEE7,0,1,,,,
bg__Q6MEK1,0,1,,,,
bg__Q6MEK6,0,1,,,,
bg__Q6MEN8,0,1,,,,
bg__Q6MFY8,0,2,,,,
bg__Q6MG56,0,1,,,,
bg__Q6MG60,0,4,,,,
bg__Q6MG61,0,5,,,,
bg__Q6MHI0,0,1,,,,
bg__Q6MHI2,0,1,,,,
bg__Q6MHQ3,0,1,,,,
bg__Q6MI74,0,1,,,,
bg__Q6MJP3,0,1,,,,
bg__Q6ML19,0,1,,,,
bg__Q6ML45,0,1,,,,
bg__Q6MLE7,0,1,,,,
bg__Q6MMH0,0,1,,,,
bg__Q6MMQ9,0,1,,,,
bg__Q6MP18,0,1,,,,
bg__Q6MQH6,0,1,,,,
bg__Q6MRM9,0,1,,,,
bg__Q6MS86,0,1,,,,
bg__Q6MSP2,0,1,,,,
bg__Q6MSQ4,0,2,,,,
bg__Q6MTZ7,0,1,,,,
bg__Q6MWE5,0,4,,,,
bg__Q6MWW2,0,1,,,,
bg__Q6MZT1,0,5,,,,
bg__Q6N1Z4,0,2,,,,
bg__Q6N2R1,0,1,,,,
bg__Q6N3Y0,0,1,,,,
bg__Q6N4R7,0,1,,,,
bg__Q6N5B4,0,4,,,,
bg__Q6N6C1,0,3,,,,
bg__Q6NAM1,0,1,,,,
bg__Q6NAZ6,0,7,,,,
bg__Q6NC62,0,4,,,,
bg__Q6NCY0,0,2,,,,
bg__Q6NCY6,0,1,,,,
bg__Q6NE49,0,1,,,,
bg__Q6NGH4,0,1,,,,
bg__Q6NGP2,0,2,,,,
bg__Q6NGP4,0,3,,,,
bg__Q6NGR5,0,2,,,,
bg__Q6NH13,0,4,,,,
bg__Q6NHF7,0,2,,,,
bg__Q6NHG8,0,1,,,,
bg__Q6NIF2,0,10,,,,
bg__Q6NJ91,0,1,,,,
bg__Q6NKP9,0,1,,,,
bg__Q6NKQ9,0,1,,,,
bg__Q6NKR1,0,1,,,,
bg__Q6NL24,0,1,,,,
bg__Q6NLA5,0,1,,,,
bg__Q6NLB0,0,2,,,,
bg__Q6NLW5,0,1,,,,
bg__Q6NM73,0,2,,,,
bg__Q6NMK1,0,1,,,,
bg__Q6NMK6,0,1,,,,
bg__Q6NMR8,0,1,,,,
bg__Q6NMS0,0,1,,,,
bg__Q6NN40,0,1,,,,
bg__Q6NPD7,0,1,,,,
bg__Q6NPL9,0,2,,,,
bg__Q6NQG7,0,1,,,,
bg__Q6NQK9,0,1,,,,
bg__Q6NQL4,0,2,,,,
bg__Q6NQL6,0,1,,,,
bg__Q6NQN5,0,1,,,,
bg__Q6NQN8,0,1,,,,
bg__Q6NQP5,0,1,,,,
bg__Q6NT89,0,2,,,,
bg__Q6NUE2,0,1,,,,
bg__Q6NV18,0,1,,,,
bg__Q6NV24,0,1,,,,
bg__Q6NV31,0,2,,,,
bg__Q6NV34,0,1,,,,
bg__Q6NVE9,0,3,,,,
bg__Q6NVG5,0,1,,,,
bg__Q6NVU6,0,1,,,,
bg__Q6NW76,0,3,,,,
bg__Q6NW95,0,1,,,,
bg__Q6NWG0,0,1,,,,
bg__Q6NWG1,0,1,,,,
bg__Q6NWH2,0,1,,,,
bg__Q6NX28,0,1,,,,
bg__Q6NXA9,0,1,,,,
bg__Q6NXP2,0,2,,,,
bg__Q6NXT1,0,4,,,,
bg__Q6NY82,0,3,,,,
bg__Q6NYD4,0,3,,,,
bg__Q6NYK8,0,3,,,,
bg__Q6NYR8,0,1,,,,
bg__Q6NYT1,0,1,,,,
bg__Q6NZ63,0,1,,,,
bg__Q6NZE7,0,2,,,,
bg__Q6P073,0,3,,,,
bg__Q6P0E5,0,1,,,,
bg__Q6P0E8,0,1,,,,
bg__Q6P0F4,0,1,,,,
bg__Q6P0H7,0,1,,,,
bg__Q6P0I8,0,1,,,,
bg__Q6P104,0,1,,,,
bg__Q6P135,0,1,,,,
bg__Q6P1S2,0,1,,,,
bg__Q6P2H8,0,2,,,,
bg__Q6P3D7,0,1,,,,
bg__Q6P3G4,0,1,,,,
bg__Q6P3L6,0,1,,,,
bg__Q6P418,0,4,,,,
bg__Q6P4F2,0,1,,,,
bg__Q6P5C5,0,4,,,,
bg__Q6P5X7,0,1,,,,
bg__Q6P6G5,0,3,,,,
bg__Q6P6X9,0,1,,,,
bg__Q6P7I0,0,1,,,,
bg__Q6P848,0,8,,,,
bg__Q6P881,0,1,,,,
bg__Q6P8Y0,0,2,,,,
bg__Q6P9F5,0,2,,,,
bg__Q6P9G4,0,1,,,,
bg__Q6P9H5,0,1,,,,
bg__Q6P9U1,0,3,,,,
bg__Q6P9X9,0,2,,,,
bg__Q6P9Z6,0,1,,,,
bg__Q6PAQ9,0,2,,,,
bg__Q6PBY1,0,11,,,,
bg__Q6PC24,0,1,,,,
bg__Q6PCP5,0,1,,,,
bg__Q6PD74,0,2,,,,
bg__Q6PDS0,0,2,,,,
bg__Q6PEH1,0,3,,,,
bg__Q6PEX7,0,1,,,,
bg__Q6PFG8,0,2,,,,
bg__Q6PFJ1,0,1,,,,
bg__Q6PFS7,0,7,,,,
bg__Q6PFX2,0,2,,,,
bg__Q6PH17,0,1,,,,
bg__Q6PHI9,0,2,,,,
bg__Q6PHW0,0,5,,,,
bg__Q6PI78,0,2,,,,
bg__Q6PID6,0,1,,,,
bg__Q6PII5,0,1,,,,
bg__Q6PIV2,0,1,,,,
bg__Q6PJE2,0,1,,,,
bg__Q6PJQ5,0,1,,,,
bg__Q6PK04,0,1,,,,
bg__Q6PK18,0,3,,,,
bg__Q6PKN7,0,1,,,,
bg__Q6PL45,0,1,,,,
bg__Q6PN98,0,2,,,,
bg__Q6PNM1,0,2,,,,
bg__Q6PQK2,0,1,,,,
bg__Q6PRD7,0,1,,,,
bg__Q6PUF3,0,1,,,,
bg__Q6Q251,0,1,,,,
bg__Q6Q271,0,1,,,,
bg__Q6Q7J5,0,5,,,,
bg__Q6Q8B3,0,1,,,,
bg__Q6Q9H6,0,1,,,,
bg__Q6Q9I2,0,3,,,,
bg__Q6QA32,0,1,,,,
bg__Q6QA33,0,1,,,,
bg__Q6QGJ5,0,1,,,,
bg__Q6QGP4,0,1,,,,
bg__Q6QHK4,0,1,,,,
bg__Q6QJ75,0,1,,,,
bg__Q6QLL4,0,9,,,,
bg__Q6QLQ4,0,1,,,,
bg__Q6QPJ6,0,1,,,,
bg__Q6QQT1,0,2,,,,
bg__Q6QRN6,0,7,,,,
bg__Q6QUN5,0,1,,,,
bg__Q6R0A6,0,1,,,,
bg__Q6R0C4,0,1,,,,
bg__Q6R0H0,0,1,,,,
bg__Q6R567,0,1,,,,
bg__Q6R6U4,0,1,,,,
bg__Q6RFL5,0,3,,,,
bg__Q6RYA0,0,1,,,,
bg__Q6S3I3,0,2,,,,
bg__Q6S591,0,1,,,,
bg__Q6S592,0,1,,,,
bg__Q6S5C2,0,3,,,,
bg__Q6SJQ0,0,2,,,,
bg__Q6SJQ5,0,1,,,,
bg__Q6SWB9,0,1,,,,
bg__Q6T6H8,0,1,,,,
bg__Q6TA25,0,2,,,,
bg__Q6TA48,0,1,,,,
bg__Q6TC32,0,5,,,,
bg__Q6TCG8,0,2,,,,
bg__Q6TGZ4,0,1,,,,
bg__Q6TLF6,0,1,,,,
bg__Q6TMA3,0,1,,,,
bg__Q6TMG4,0,1,,,,
bg__Q6TNA6,0,1,,,,
bg__Q6TXG9,0,1,,,,
bg__Q6TYB1,0,1,,,,
bg__Q6UDJ1,0,1,,,,
bg__Q6UE05,0,1,,,,
bg__Q6URK8,0,2,,,,
bg__Q6UW56,0,2,,,,
bg__Q6UWI2,0,1,,,,
bg__Q6UWI4,0,4,,,,
bg__Q6UWM5,0,1,,,,
bg__Q6UWN0,0,1,,,,
bg__Q6UWN5,0,1,,,,
bg__Q6UWP2,0,4,,,,
bg__Q6UWV7,0,1,,,,
bg__Q6UX27,0,1,,,,
bg__Q6UX39,0,1,,,,
bg__Q6UX52,0,1,,,,
bg__Q6UX82,0,1,,,,
bg__Q6UX98,0,3,,,,
bg__Q6UXB4,0,1,,,,
bg__Q6UXL0,0,1,,,,
bg__Q6UXN8,0,1,,,,
bg__Q6UXT6,0,1,,,,
bg__Q6UXV1,0,1,,,,
bg__Q6UXV4,0,3,,,,
bg__Q6UXZ0,0,3,,,,
bg__Q6V702,0,1,,,,
bg__Q6V9H4,0,1,,,,
bg__Q6V9I6,0,1,,,,
bg__Q6VNZ9,0,1,,,,
bg__Q6W210,0,1,,,,
bg__Q6W4T2,0,1,,,,
bg__Q6W990,0,2,,,,
bg__Q6WAU1,0,1,,,,
bg__Q6WB51,0,1,,,,
bg__Q6WB94,0,1,,,,
bg__Q6WG17,0,4,,,,
bg__Q6WLH3,0,1,,,,
bg__Q6WS85,0,2,,,,
bg__Q6WVP7,0,1,,,,
bg__Q6X3W5,0,1,,,,
bg__Q6X4U4,0,2,,,,
bg__Q6X7J3,0,1,,,,
bg__Q6X7J9,0,1,,,,
bg__Q6X7K1,0,1,,,,
bg__Q6XBT4,0,5,,,,
bg__Q6XEC0,0,1,,,,
bg__Q6XGD4,0,1,,,,
bg__Q6XK22,0,1,,,,
bg__Q6XSV4,0,39,,,,
bg__Q6XYT0,0,1,,,,
bg__Q6XYU1,0,1,,,,
bg__Q6YBV1,0,1,,,,
bg__Q6YPM2,0,1,,,,
bg__Q6YPW7,0,1,,,,
bg__Q6YPZ6,0,1,,,,
bg__Q6YQT0,0,1,,,,
bg__Q6YQU8,0,1,,,,
bg__Q6YTY3,0,3,,,,
bg__Q6YVX7,0,1,,,,
bg__Q6YVY6,0,1,,,,
bg__Q6YX89,0,1,,,,
bg__Q6YXQ0,0,1,,,,
bg__Q6YYW5,0,1,,,,
bg__Q6YZF3,0,1,,,,
bg__Q6YZZ6,0,1,,,,
bg__Q6Z6G5,0,1,,,,
bg__Q6Z6W2,0,1,,,,
bg__Q6Z784,0,1,,,,
bg__Q6Z8F5,0,2,,,,
bg__Q6ZB90,0,3,,,,
bg__Q6ZC69,0,1,,,,
bg__Q6ZGU9,0,10,,,,
bg__Q6ZI01,0,1,,,,
bg__Q6ZJJ1,0,4,,,,
bg__Q6ZM63,0,5,,,,
bg__Q6ZMJ4,0,4,,,,
bg__Q6ZN79,0,3,,,,
bg__Q6ZQR2,0,2,,,,
bg__Q6ZR62,0,1,,,,
bg__Q6ZRR5,0,1,,,,
bg__Q6ZT89,0,2,,,,
bg__Q6ZTI6,0,1,,,,
bg__Q6ZTR7,0,2,,,,
bg__Q6ZUI0,0,1,,,,
bg__Q6ZUJ4,0,1,,,,
bg__Q6ZUT1,0,1,,,,
bg__Q6ZUV0,0,1,,,,
bg__Q6ZUX7,0,2,,,,
bg__Q6ZVX7,0,2,,,,
bg__Q6ZXC3,0,1,,,,
bg__Q6ZXT3,0,2,,,,
bg__Q700E3,0,1,,,,
bg__Q700X4,0,1,,,,
bg__Q701N2,0,1,,,,
bg__Q703I2,0,1,,,,
bg__Q704D1,0,1,,,,
bg__Q704E9,0,1,,,,
bg__Q70DJ5,0,1,,,,
bg__Q70FD1,0,1,,,,
bg__Q70FG7,0,1,,,,
bg__Q70IA6,0,2,,,,
bg__Q70IB1,0,2,,,,
bg__Q70II3,0,1,,,,
bg__Q70JN8,0,4,,,,
bg__Q70KF8,0,1,,,,
bg__Q70LL3,0,1,,,,
bg__Q70PR8,0,1,,,,
bg__Q70X92,0,1,,,,
bg__Q70XW0,0,3,,,,
bg__Q70YC4,0,1,,,,
bg__Q70Z53,0,1,,,,
bg__Q711G3,0,2,,,,
bg__Q711S8,0,1,,,,
bg__Q712K3,0,3,,,,
bg__Q716G6,0,1,,,,
bg__Q719I0,0,1,,,,
bg__Q719N3,0,3,,,,
bg__Q71A39,0,1,,,,
bg__Q71AW2,0,1,,,,
bg__Q71KU9,0,5,,,,
bg__Q71MM5,0,1,,,,
bg__Q71SS4,0,4,,,,
bg__Q71T09,0,1,,,,
bg__Q71YB3,0,3,,,,
bg__Q71YD1,0,1,,,,
bg__Q71YJ7,0,1,,,,
bg__Q71Z49,0,1,,,,
bg__Q71Z81,0,1,,,,
bg__Q71ZB2,0,2,,,,
bg__Q720Y0,0,1,,,,
bg__Q720Y7,0,1,,,,
bg__Q726F4,0,1,,,,
bg__Q727C0,0,2,,,,
bg__Q727D8,0,1,,,,
bg__Q72B27,0,1,,,,
bg__Q72BR1,0,1,,,,
bg__Q72C18,0,2,,,,
bg__Q72CB8,0,1,,,,
bg__Q72CQ9,0,1,,,,
bg__Q72DA1,0,1,,,,
bg__Q72DL8,0,1,,,,
bg__Q72DM3,0,1,,,,
bg__Q72DM4,0,1,,,,
bg__Q72DU5,0,1,,,,
bg__Q72E03,0,1,,,,
bg__Q72E85,0,1,,,,
bg__Q72EC8,0,1,,,,
bg__Q72G11,0,2,,,,
bg__Q72GR0,0,1,,,,
bg__Q72H00,0,1,,,,
bg__Q72H57,0,1,,,,
bg__Q72H90,0,1,,,,
bg__Q72HS0,0,1,,,,
bg__Q72HS7,0,2,,,,
bg__Q72HS8,0,1,,,,
bg__Q72I25,0,1,,,,
bg__Q72IA9,0,2,,,,
bg__Q72IB8,0,1,,,,
bg__Q72IV5,0,2,,,,
bg__Q72J02,0,1,,,,
bg__Q72JF9,0,1,,,,
bg__Q72JN9,0,1,,,,
bg__Q72K27,0,2,,,,
bg__Q72KH8,0,1,,,,
bg__Q72KN9,0,1,,,,
bg__Q72L59,0,1,,,,
bg__Q72NP0,0,2,,,,
bg__Q72Q66,0,1,,,,
bg__Q72RR0,0,1,,,,
bg__Q72S57,0,1,,,,
bg__Q72SD0,0,2,,,,
bg__Q72UV8,0,1,,,,
bg__Q72W63,0,3,,,,
bg__Q72Y09,0,2,,,,
bg__Q72ZF1,0,3,,,,
bg__Q732K9,0,1,,,,
bg__Q736W5,0,1,,,,
bg__Q738X4,0,1,,,,
bg__Q739Z4,0,1,,,,
bg__Q73FJ4,0,1,,,,
bg__Q73FQ1,0,1,,,,
bg__Q73FT3,0,1,,,,
bg__Q73FX5,0,1,,,,
bg__Q73G84,0,3,,,,
bg__Q73G93,0,1,,,,
bg__Q73GE2,0,1,,,,
bg__Q73GK9,0,1,,,,
bg__Q73HK3,0,1,,,,
bg__Q73II8,0,1,,,,
bg__Q73IR2,0,1,,,,
bg__Q73JM9,0,1,,,,
bg__Q73K39,0,1,,,,
bg__Q73K74,0,1,,,,
bg__Q73LG9,0,1,,,,
bg__Q73M14,0,1,,,,
bg__Q73M68,0,1,,,,
bg__Q73MG1,0,1,,,,
bg__Q73MV2,0,1,,,,
bg__Q73N18,0,1,,,,
bg__Q73NB9,0,1,,,,
bg__Q73NX5,0,1,,,,
bg__Q73P71,0,1,,,,
bg__Q73Q54,0,1,,,,
bg__Q73QV6,0,1,,,,
bg__Q73QY2,0,1,,,,
bg__Q73SZ2,0,1,,,,
bg__Q73VN9,0,1,,,,
bg__Q73WB6,0,1,,,,
bg__Q73WM7,0,2,,,,
bg__Q742K7,0,2,,,,
bg__Q743F9,0,4,,,,
bg__Q743Z2,0,4,,,,
bg__Q747I1,0,4,,,,
bg__Q748B2,0,1,,,,
bg__Q749Y8,0,4,,,,
bg__Q74AX1,0,1,,,,
bg__Q74BH6,0,2,,,,
bg__Q74BP1,0,1,,,,
bg__Q74C12,0,1,,,,
bg__Q74CF3,0,1,,,,
bg__Q74CZ5,0,1,,,,
bg__Q74DB5,0,1,,,,
bg__Q74DC4,0,1,,,,
bg__Q74E52,0,1,,,,
bg__Q74EG5,0,1,,,,
bg__Q74G02,0,1,,,,
bg__Q74GM3,0,1,,,,
bg__Q74GU4,0,3,,,,
bg__Q74HC8,0,1,,,,
bg__Q74IF3,0,1,,,,
bg__Q74IM0,0,1,,,,
bg__Q74J95,0,1,,,,
bg__Q74KF9,0,1,,,,
bg__Q74KU4,0,1,,,,
bg__Q74L59,0,2,,,,
bg__Q74LI0,0,1,,,,
bg__Q74M58,0,1,,,,
bg__Q74NC6,0,1,,,,
bg__Q74NE4,0,1,,,,
bg__Q74Z34,0,1,,,,
bg__Q750X7,0,1,,,,
bg__Q753W3,0,1,,,,
bg__Q755K1,0,1,,,,
bg__Q755M2,0,2,,,,
bg__Q757H6,0,1,,,,
bg__Q757I9,0,1,,,,
bg__Q757W2,0,1,,,,
bg__Q757Z8,0,1,,,,
bg__Q758B6,0,1,,,,
bg__Q758K0,0,1,,,,
bg__Q759F6,0,1,,,,
bg__Q759T4,0,1,,,,
bg__Q75A56,0,1,,,,
bg__Q75A74,0,1,,,,
bg__Q75AC3,0,1,,,,
bg__Q75AH9,0,1,,,,
bg__Q75AL4,0,2,,,,
bg__Q75BW5,0,1,,,,
bg__Q75CC2,0,1,,,,
bg__Q75CF5,0,1,,,,
bg__Q75DE4,0,1,,,,
bg__Q75DE8,0,1,,,,
bg__Q75DK1,0,2,,,,
bg__Q75E60,0,1,,,,
bg__Q75F10,0,1,,,,
bg__Q75FU1,0,3,,,,
bg__Q75G39,0,1,,,,
bg__Q75GK0,0,1,,,,
bg__Q75GK1,0,1,,,,
bg__Q75GY0,0,1,,,,
bg__Q75HE5,0,1,,,,
bg__Q75I75,0,6,,,,
bg__Q75IR6,0,1,,,,
bg__Q75IZ7,0,1,,,,
bg__Q75JG8,0,1,,,,
bg__Q75JX0,0,1,,,,
bg__Q75K24,0,1,,,,
bg__Q75KD7,0,1,,,,
bg__Q75KE5,0,1,,,,
bg__Q75KV9,0,1,,,,
bg__Q75N35,0,3,,,,
bg__Q75QI0,0,1,,,,
bg__Q75SP7,0,1,,,,
bg__Q75VT8,0,1,,,,
bg__Q75WM6,0,1,,,,
bg__Q765Z4,0,1,,,,
bg__Q767F1,0,1,,,,
bg__Q767J3,0,9,,,,
bg__Q767K7,0,2,,,,
bg__Q76B49,0,6,,,,
bg__Q76BW5,0,1,,,,
bg__Q76CA2,0,1,,,,
bg__Q76CE6,0,2,,,,
bg__Q76KX0,0,1,,,,
bg__Q76L36,0,1,,,,
bg__Q76L37,0,1,,,,
bg__Q76NM1,0,1,,,,
bg__Q76NZ7,0,1,,,,
bg__Q76R05,0,2,,,,
bg__Q77374,0,1,,,,
bg__Q77378,0,1,,,,
bg__Q77WJ4,0,1,,,,
bg__Q78JN3,0,1,,,,
bg__Q79AF6,0,1,,,,
bg__Q79F14,0,1,,,,
bg__Q79F73,0,1,,,,
bg__Q79FA4,0,1,,,,
bg__Q79FE1,0,1,,,,
bg__Q79FW0,0,1,,,,
bg__Q79FX8,0,1,,,,
bg__Q79PF6,0,1,,,,
bg__Q79V62,0,1,,,,
bg__Q79VJ0,0,1,,,,
bg__Q7A2Q1,0,1,,,,
bg__Q7A470,0,3,,,,
bg__Q7AKE4,0,1,,,,
bg__Q7AKG9,0,3,,,,
bg__Q7AKQ5,0,2,,,,
bg__Q7AKQ6,0,2,,,,
bg__Q7APG1,0,1,,,,
bg__Q7BVH7,0,1,,,,
bg__Q7CEG3,0,1,,,,
bg__Q7CIB7,0,3,,,,
bg__Q7CPF5,0,1,,,,
bg__Q7CPQ6,0,1,,,,
bg__Q7CQM5,0,1,,,,
bg__Q7CQM9,0,1,,,,
bg__Q7CQV5,0,1,,,,
bg__Q7CRB2,0,1,,,,
bg__Q7CRQ0,0,1,,,,
bg__Q7CYD2,0,6,,,,
bg__Q7DLR9,0,1,,,,
bg__Q7DLS1,0,2,,,,
bg__Q7DNC3,0,1,,,,
bg__Q7F1K9,0,2,,,,
bg__Q7F1U0,0,5,,,,
bg__Q7F2L3,0,1,,,,
bg__Q7F2Z1,0,5,,,,
bg__Q7F7I7,0,10,,,,
bg__Q7F8T6,0,1,,,,
bg__Q7FRS8,0,1,,,,
bg__Q7G1L2,0,1,,,,
bg__Q7G737,0,1,,,,
bg__Q7G8V2,0,1,,,,
bg__Q7GCM7,0,1,,,,
bg__Q7GDL5,0,2,,,,
bg__Q7IC90,0,61,,,,
bg__Q7JNM3,0,1,,,,
bg__Q7JR71,0,1,,,,
bg__Q7JWP6,0,1,,,,
bg__Q7JXF7,0,1,,,,
bg__Q7JYV2,0,1,,,,
bg__Q7JYX0,0,1,,,,
bg__Q7K1U0,0,1,,,,
bg__Q7K1V5,0,1,,,,
bg__Q7K3B9,0,1,,,,
bg__Q7K4V4,0,1,,,,
bg__Q7K4Z4,0,1,,,,
bg__Q7K566,0,1,,,,
bg__Q7KQJ9,0,1,,,,
bg__Q7KVQ0,0,1,,,,
bg__Q7KWX9,0,1,,,,
bg__Q7L190,0,1,,,,
bg__Q7L266,0,3,,,,
bg__Q7L2Z9,0,1,,,,
bg__Q7L3S4,0,2,,,,
bg__Q7L5L3,0,1,,,,
bg__Q7L8S5,0,1,,,,
bg__Q7LBR1,0,2,,,,
bg__Q7LXL5,0,1,,,,
bg__Q7LYX0,0,1,,,,
bg__Q7M438,0,1,,,,
bg__Q7M709,0,2,,,,
bg__Q7M710,0,1,,,,
bg__Q7M711,0,2,,,,
bg__Q7M713,0,1,,,,
bg__Q7M718,0,2,,,,
bg__Q7M722,0,2,,,,
bg__Q7M725,0,2,,,,
bg__Q7M7I8,0,2,,,,
bg__Q7M7L6,0,1,,,,
bg__Q7M7Q9,0,1,,,,
bg__Q7M7T1,0,1,,,,
bg__Q7M800,0,1,,,,
bg__Q7M826,0,1,,,,
bg__Q7M8B4,0,1,,,,
bg__Q7M8H4,0,1,,,,
bg__Q7M8H6,0,1,,,,
bg__Q7M8P7,0,1,,,,
bg__Q7M9C2,0,1,,,,
bg__Q7M9F6,0,1,,,,
bg__Q7M9G3,0,1,,,,
bg__Q7MA63,0,1,,,,
bg__Q7MA77,0,1,,,,
bg__Q7MAJ5,0,1,,,,
bg__Q7MAP8,0,1,,,,
bg__Q7MAX2,0,38,,,,
bg__Q7MB85,0,1,,,,
bg__Q7MBB8,0,1,,,,
bg__Q7MBC1,0,1,,,,
bg__Q7MHN9,0,14,,,,
bg__Q7MIH1,0,1,,,,
bg__Q7MK48,0,1,,,,
bg__Q7MLD5,0,3,,,,
bg__Q7MLE6,0,1,,,,
bg__Q7MLF2,0,1,,,,
bg__Q7MNK7,0,1,,,,
bg__Q7MNM5,0,2,,,,
bg__Q7MNQ0,0,1,,,,
bg__Q7MPK7,0,1,,,,
bg__Q7MPS3,0,4,,,,
bg__Q7MPY0,0,2,,,,
bg__Q7MR67,0,1,,,,
bg__Q7MT83,0,1,,,,
bg__Q7MTP5,0,4,,,,
bg__Q7MVJ6,0,1,,,,
bg__Q7MWK6,0,1,,,,
bg__Q7MWM0,0,3,,,,
bg__Q7MWV8,0,1,,,,
bg__Q7MYI6,0,1,,,,
bg__Q7MYS6,0,2,,,,
bg__Q7N3A6,0,8,,,,
bg__Q7N3Q4,0,1,,,,
bg__Q7N545,0,10,,,,
bg__Q7N571,0,1,,,,
bg__Q7N6F5,0,1,,,,
bg__Q7N6I0,0,20,,,,
bg__Q7N6K3,0,1,,,,
bg__Q7N6S0,0,10,,,,
bg__Q7N9D8,0,3,,,,
bg__Q7NA60,0,1,,,,
bg__Q7NAU0,0,1,,,,
bg__Q7NB15,0,1,,,,
bg__Q7NB93,0,1,,,,
bg__Q7NBA9,0,1,,,,
bg__Q7NBU2,0,1,,,,
bg__Q7NC20,0,1,,,,
bg__Q7NC69,0,1,,,,
bg__Q7NDA8,0,1,,,,
bg__Q7NDJ2,0,1,,,,
bg__Q7NE68,0,1,,,,
bg__Q7NF59,0,1,,,,
bg__Q7NFI7,0,1,,,,
bg__Q7NFL5,0,1,,,,
bg__Q7NFW7,0,1,,,,
bg__Q7NG34,0,1,,,,
bg__Q7NI44,0,1,,,,
bg__Q7NIT2,0,1,,,,
bg__Q7NJE8,0,1,,,,
bg__Q7NJS7,0,1,,,,
bg__Q7NKL3,0,1,,,,
bg__Q7NL01,0,1,,,,
bg__Q7NLC0,0,1,,,,
bg__Q7NLU2,0,2,,,,
bg__Q7NNK4,0,1,,,,
bg__Q7NPW5,0,1,,,,
bg__Q7NQ01,0,1,,,,
bg__Q7NQ65,0,1,,,,
bg__Q7NQS8,0,1,,,,
bg__Q7NQZ3,0,1,,,,
bg__Q7NSA6,0,1,,,,
bg__Q7NT75,0,1,,,,
bg__Q7NTL2,0,1,,,,
bg__Q7NTU0,0,1,,,,
bg__Q7NW10,0,1,,,,
bg__Q7NWC0,0,1,,,,
bg__Q7NWC4,0,1,,,,
bg__Q7NWQ2,0,1,,,,
bg__Q7NX34,0,1,,,,
bg__Q7NXD4,0,1,,,,
bg__Q7NXJ0,0,1,,,,
bg__Q7NY09,0,1,,,,
bg__Q7NZI3,0,1,,,,
bg__Q7NZJ6,0,1,,,,
bg__Q7NZY0,0,1,,,,
bg__Q7P0S9,0,1,,,,
bg__Q7P207,0,2,,,,
bg__Q7PCC6,0,1,,,,
bg__Q7PQD1,0,1,,,,
bg__Q7Q0G5,0,1,,,,
bg__Q7Q6D6,0,1,,,,
bg__Q7RTR8,0,2,,,,
bg__Q7RTS1,0,1,,,,
bg__Q7RTU4,0,1,,,,
bg__Q7RTU7,0,1,,,,
bg__Q7RWX8,0,1,,,,
bg__Q7RXL1,0,2,,,,
bg__Q7RYL4,0,1,,,,
bg__Q7RYM1,0,1,,,,
bg__Q7RYW8,0,1,,,,
bg__Q7S3S2,0,1,,,,
bg__Q7S6M9,0,1,,,,
bg__Q7S7R6,0,1,,,,
bg__Q7S7Z6,0,4,,,,
bg__Q7S931,0,1,,,,
bg__Q7S936,0,1,,,,
bg__Q7SAK9,0,1,,,,
bg__Q7SBA0,0,1,,,,
bg__Q7SCP4,0,1,,,,
bg__Q7SHI2,0,1,,,,
bg__Q7SHI7,0,1,,,,
bg__Q7SHY8,0,1,,,,
bg__Q7SI97,0,1,,,,
bg__Q7SIB3,0,1,,,,
bg__Q7SIC0,0,1,,,,
bg__Q7SID3,0,1,,,,
bg__Q7SXB3,0,1,,,,
bg__Q7SXB5,0,1,,,,
bg__Q7SXP4,0,4,,,,
bg__Q7SXU0,0,1,,,,
bg__Q7SXX7,0,1,,,,
bg__Q7SY31,0,1,,,,
bg__Q7SYN4,0,1,,,,
bg__Q7SYS6,0,1,,,,
bg__Q7SZN2,0,1,,,,
bg__Q7SZQ4,0,1,,,,
bg__Q7SZS1,0,1,,,,
bg__Q7T047,0,1,,,,
bg__Q7T076,0,1,,,,
bg__Q7T2V2,0,3,,,,
bg__Q7T339,0,2,,,,
bg__Q7T346,0,1,,,,
bg__Q7T381,0,1,,,,
bg__Q7T3C6,0,2,,,,
bg__Q7T3E8,0,1,,,,
bg__Q7T3L1,0,1,,,,
bg__Q7T3U0,0,1,,,,
bg__Q7TN41,0,1,,,,
bg__Q7TN79,0,1,,,,
bg__Q7TNV1,0,2,,,,
bg__Q7TP90,0,1,,,,
bg__Q7TPB4,0,2,,,,
bg__Q7TPJ0,0,6,,,,
bg__Q7TQA7,0,2,,,,
bg__Q7TQA8,0,1,,,,
bg__Q7TQA9,0,1,,,,
bg__Q7TQB0,0,1,,,,
bg__Q7TQB8,0,1,,,,
bg__Q7TQN2,0,1,,,,
bg__Q7TQQ0,0,1,,,,
bg__Q7TR96,0,2,,,,
bg__Q7TSP5,0,3,,,,
bg__Q7TTU0,0,1,,,,
bg__Q7TTY8,0,1,,,,
bg__Q7TUK9,0,3,,,,
bg__Q7TUU2,0,6,,,,
bg__Q7TUV8,0,4,,,,
bg__Q7TV89,0,1,,,,
bg__Q7TVA3,0,1,,,,
bg__Q7U0Z0,0,1,,,,
bg__Q7U1J9,0,5,,,,
bg__Q7U321,0,1,,,,
bg__Q7U335,0,1,,,,
bg__Q7U356,0,1,,,,
bg__Q7U363,0,2,,,,
bg__Q7U365,0,1,,,,
bg__Q7U366,0,1,,,,
bg__Q7U3X9,0,1,,,,
bg__Q7U482,0,3,,,,
bg__Q7U4U9,0,1,,,,
bg__Q7U4V2,0,1,,,,
bg__Q7U4Z8,0,1,,,,
bg__Q7U4Z9,0,1,,,,
bg__Q7U565,0,2,,,,
bg__Q7U5Z8,0,1,,,,
bg__Q7U635,0,1,,,,
bg__Q7UC03,0,1,,,,
bg__Q7UEW6,0,1,,,,
bg__Q7UFB9,0,1,,,,
bg__Q7UFU6,0,1,,,,
bg__Q7UFW7,0,1,,,,
bg__Q7UGM3,0,1,,,,
bg__Q7UGZ7,0,1,,,,
bg__Q7UH37,0,1,,,,
bg__Q7UHX0,0,1,,,,
bg__Q7UID0,0,1,,,,
bg__Q7UIR4,0,1,,,,
bg__Q7UJF4,0,1,,,,
bg__Q7UK67,0,1,,,,
bg__Q7UKJ9,0,1,,,,
bg__Q7UN36,0,1,,,,
bg__Q7UPM4,0,1,,,,
bg__Q7UQ25,0,1,,,,
bg__Q7UQA4,0,1,,,,
bg__Q7UQZ8,0,1,,,,
bg__Q7UVG8,0,1,,,,
bg__Q7UVM5,0,1,,,,
bg__Q7UZJ9,0,3,,,,
bg__Q7UZW0,0,1,,,,
bg__Q7V003,0,1,,,,
bg__Q7V0I8,0,3,,,,
bg__Q7V1E1,0,3,,,,
bg__Q7V1N1,0,1,,,,
bg__Q7V1S5,0,2,,,,
bg__Q7V1W0,0,1,,,,
bg__Q7V2D3,0,1,,,,
bg__Q7V3M6,0,1,,,,
bg__Q7V4D8,0,1,,,,
bg__Q7V4M4,0,2,,,,
bg__Q7V4Z5,0,2,,,,
bg__Q7V6D4,0,1,,,,
bg__Q7V7W0,0,2,,,,
bg__Q7V8V9,0,2,,,,
bg__Q7V8Y5,0,1,,,,
bg__Q7V958,0,1,,,,
bg__Q7V9Y1,0,1,,,,
bg__Q7V9Z9,0,2,,,,
bg__Q7VAN0,0,1,,,,
bg__Q7VAP8,0,1,,,,
bg__Q7VBF5,0,1,,,,
bg__Q7VBJ3,0,1,,,,
bg__Q7VCK5,0,1,,,,
bg__Q7VCZ3,0,4,,,,
bg__Q7VD07,0,1,,,,
bg__Q7VDK6,0,1,,,,
bg__Q7VDN6,0,1,,,,
bg__Q7VDR6,0,1,,,,
bg__Q7VE18,0,1,,,,
bg__Q7VEJ4,0,1,,,,
bg__Q7VF43,0,1,,,,
bg__Q7VFG4,0,1,,,,
bg__Q7VFH6,0,1,,,,
bg__Q7VFP9,0,1,,,,
bg__Q7VGH7,0,1,,,,
bg__Q7VGS3,0,1,,,,
bg__Q7VGZ1,0,1,,,,
bg__Q7VHF2,0,2,,,,
bg__Q7VHH1,0,1,,,,
bg__Q7VI15,0,1,,,,
bg__Q7VIA9,0,1,,,,
bg__Q7VIU7,0,1,,,,
bg__Q7VIW7,0,1,,,,
bg__Q7VJ02,0,1,,,,
bg__Q7VJ12,0,1,,,,
bg__Q7VJA8,0,1,,,,
bg__Q7VJV5,0,1,,,,
bg__Q7VKR8,0,1,,,,
bg__Q7VKW2,0,1,,,,
bg__Q7VL22,0,4,,,,
bg__Q7VL55,0,13,,,,
bg__Q7VL75,0,1,,,,
bg__Q7VLG6,0,1,,,,
bg__Q7VLH2,0,1,,,,
bg__Q7VMC4,0,1,,,,
bg__Q7VMJ6,0,1,,,,
bg__Q7VMS6,0,1,,,,
bg__Q7VMY0,0,5,,,,
bg__Q7VP95,0,4,,,,
bg__Q7VPN0,0,2,,,,
bg__Q7VQI3,0,1,,,,
bg__Q7VQK8,0,1,,,,
bg__Q7VR18,0,2,,,,
bg__Q7VR99,0,1,,,,
bg__Q7VRB5,0,1,,,,
bg__Q7VRE4,0,1,,,,
bg__Q7VRE8,0,1,,,,
bg__Q7VRG1,0,2,,,,
bg__Q7VRJ1,0,2,,,,
bg__Q7VRL0,0,1,,,,
bg__Q7VRR1,0,1,,,,
bg__Q7VRX3,0,1,,,,
bg__Q7VSF4,0,1,,,,
bg__Q7VSN4,0,2,,,,
bg__Q7VUG7,0,3,,,,
bg__Q7VVJ8,0,1,,,,
bg__Q7VXZ8,0,1,,,,
bg__Q7VY99,0,1,,,,
bg__Q7VYM4,0,7,,,,
bg__Q7VZ79,0,4,,,,
bg__Q7W0D3,0,1,,,,
bg__Q7W0T5,0,1,,,,
bg__Q7W182,0,1,,,,
bg__Q7W2X9,0,32,,,,
bg__Q7W3E7,0,1,,,,
bg__Q7W3N6,0,8,,,,
bg__Q7W3V3,0,2,,,,
bg__Q7W4Z7,0,1,,,,
bg__Q7W510,0,1,,,,
bg__Q7W513,0,2,,,,
bg__Q7W575,0,1,,,,
bg__Q7W5H7,0,1,,,,
bg__Q7W5J6,0,2,,,,
bg__Q7W670,0,2,,,,
bg__Q7W7U0,0,1,,,,
bg__Q7W850,0,3,,,,
bg__Q7W8T0,0,1,,,,
bg__Q7WEL6,0,4,,,,
bg__Q7WFS8,0,1,,,,
bg__Q7WGE6,0,1,,,,
bg__Q7WGU8,0,1,,,,
bg__Q7WH03,0,1,,,,
bg__Q7WI90,0,1,,,,
bg__Q7WI95,0,1,,,,
bg__Q7WII1,0,2,,,,
bg__Q7WK83,0,22,,,,
bg__Q7WKF5,0,2,,,,
bg__Q7WKH5,0,1,,,,
bg__Q7WLL3,0,1,,,,
bg__Q7WLL4,0,1,,,,
bg__Q7WS85,0,4,,,,
bg__Q7WTT9,0,1,,,,
bg__Q7WYA8,0,2,,,,
bg__Q7X3P1,0,2,,,,
bg__Q7X6J9,0,4,,,,
bg__Q7X7C9,0,1,,,,
bg__Q7X7H9,0,1,,,,
bg__Q7X7N3,0,1,,,,
bg__Q7X9H9,0,2,,,,
bg__Q7X9V3,0,1,,,,
bg__Q7XA48,0,1,,,,
bg__Q7XA66,0,1,,,,
bg__Q7XA67,0,1,,,,
bg__Q7XA78,0,1,,,,
bg__Q7XA87,0,1,,,,
bg__Q7XAK4,0,1,,,,
bg__Q7XAQ6,0,1,,,,
bg__Q7XBH4,0,1,,,,
bg__Q7XC27,0,2,,,,
bg__Q7XC51,0,1,,,,
bg__Q7XC54,0,2,,,,
bg__Q7XC57,0,1,,,,
bg__Q7XCK6,0,1,,,,
bg__Q7XEY9,0,1,,,,
bg__Q7XHZ0,0,1,,,,
bg__Q7XI85,0,1,,,,
bg__Q7XI96,0,1,,,,
bg__Q7XIE2,0,1,,,,
bg__Q7XII4,0,1,,,,
bg__Q7XJK5,0,1,,,,
bg__Q7XKD0,0,1,,,,
bg__Q7XKE9,0,1,,,,
bg__Q7XKU5,0,1,,,,
bg__Q7XL73,0,2,,,,
bg__Q7XM13,0,1,,,,
bg__Q7XMI0,0,1,,,,
bg__Q7XQ97,0,3,,,,
bg__Q7XR47,0,1,,,,
bg__Q7XRX3,0,1,,,,
bg__Q7XSK1,0,1,,,,
bg__Q7XSN6,0,1,,,,
bg__Q7XT39,0,1,,,,
bg__Q7XTV3,0,1,,,,
bg__Q7XTY9,0,1,,,,
bg__Q7XU74,0,1,,,,
bg__Q7XUD0,0,1,,,,
bg__Q7XUJ5,0,1,,,,
bg__Q7XUS2,0,1,,,,
bg__Q7XUW3,0,1,,,,
bg__Q7XV97,0,1,,,,
bg__Q7XWU8,0,4,,,,
bg__Q7XXR3,0,1,,,,
bg__Q7XZP5,0,1,,,,
bg__Q7Y0D4,0,1,,,,
bg__Q7Y0F6,0,1,,,,
bg__Q7Y0S0,0,1,,,,
bg__Q7Y1H8,0,1,,,,
bg__Q7Y1Z0,0,2,,,,
bg__Q7YQD2,0,10,,,,
bg__Q7YRA3,0,3,,,,
bg__Q7YRH6,0,1,,,,
bg__Q7YRN2,0,1,,,,
bg__Q7YS81,0,2,,,,
bg__Q7YT37,0,1,,,,
bg__Q7YT83,0,1,,,,
bg__Q7YZT0,0,1,,,,
bg__Q7Z144,0,1,,,,
bg__Q7Z1Y7,0,100,,,,
bg__Q7Z2X4,0,1,,,,
bg__Q7Z3D4,0,3,,,,
bg__Q7Z412,0,3,,,,
bg__Q7Z444,0,2,,,,
bg__Q7Z4H3,0,1,,,,
bg__Q7Z4H9,0,1,,,,
bg__Q7Z4L9,0,1,,,,
bg__Q7Z4M0,0,1,,,,
bg__Q7Z4R8,0,1,,,,
bg__Q7Z5H5,0,1,,,,
bg__Q7Z5J1,0,3,,,,
bg__Q7Z602,0,2,,,,
bg__Q7Z614,0,4,,,,
bg__Q7Z692,0,1,,,,
bg__Q7Z6A9,0,1,,,,
bg__Q7Z6K5,0,2,,,,
bg__Q7Z769,0,1,,,,
bg__Q7Z7J5,0,1,,,,
bg__Q7Z7K6,0,2,,,,
bg__Q7Z894,0,4,,,,
bg__Q7Z991,0,1,,,,
bg__Q7Z9I2,0,1,,,,
bg__Q7Z9M7,0,1,,,,
bg__Q7ZAM8,0,1,,,,
bg__Q7ZT11,0,1,,,,
bg__Q7ZT46,0,1,,,,
bg__Q7ZT72,0,2,,,,
bg__Q7ZTY7,0,1,,,,
bg__Q7ZUP0,0,6,,,,
bg__Q7ZUX6,0,1,,,,
bg__Q7ZV43,0,7,,,,
bg__Q7ZV68,0,1,,,,
bg__Q7ZVE3,0,1,,,,
bg__Q7ZVP8,0,1,,,,
bg__Q7ZVX5,0,1,,,,
bg__Q7ZW16,0,3,,,,
bg__Q7ZWS2,0,1,,,,
bg__Q7ZXH2,0,1,,,,
bg__Q7ZYX1,0,6,,,,
bg__Q7ZYZ7,0,5,,,,
bg__Q801E0,0,1,,,,
bg__Q801E1,0,1,,,,
bg__Q801G1,0,5,,,,
bg__Q803L0,0,1,,,,
bg__Q803P1,0,1,,,,
bg__Q804R0,0,1,,,,
bg__Q804S6,0,1,,,,
bg__Q80HT9,0,1,,,,
bg__Q80HY2,0,1,,,,
bg__Q80QL5,0,1,,,,
bg__Q80UJ9,0,2,,,,
bg__Q80UU9,0,1,,,,
bg__Q80UW2,0,3,,,,
bg__Q80VC6,0,3,,,,
bg__Q80VP5,0,1,,,,
bg__Q80VR3,0,2,,,,
bg__Q80VY2,0,2,,,,
bg__Q80W98,0,3,,,,
bg__Q80WM9,0,1,,,,
bg__Q80WW9,0,3,,,,
bg__Q80XC2,0,4,,,,
bg__Q80XD9,0,1,,,,
bg__Q80XF5,0,2,,,,
bg__Q80Y75,0,1,,,,
bg__Q80YT9,0,1,,,,
bg__Q80Z64,0,1,,,,
bg__Q80ZM8,0,3,,,,
bg__Q80ZQ5,0,2,,,,
bg__Q810I0,0,2,,,,
bg__Q810N9,0,3,,,,
bg__Q811Q0,0,3,,,,
bg__Q811X5,0,3,,,,
bg__Q812A3,0,2,,,,
bg__Q814I6,0,1,,,,
bg__Q814N9,0,2,,,,
bg__Q817B5,0,2,,,,
bg__Q818P0,0,1,,,,
bg__Q819D1,0,3,,,,
bg__Q819Q4,0,2,,,,
bg__Q81AF4,0,1,,,,
bg__Q81BT4,0,4,,,,
bg__Q81CG8,0,2,,,,
bg__Q81E05,0,4,,,,
bg__Q81EI2,0,5,,,,
bg__Q81EJ6,0,1,,,,
bg__Q81EK9,0,1,,,,
bg__Q81G27,0,2,,,,
bg__Q81GW5,0,1,,,,
bg__Q81JH1,0,1,,,,
bg__Q81M88,0,3,,,,
bg__Q81MJ0,0,2,,,,
bg__Q81MT8,0,2,,,,
bg__Q81QD6,0,2,,,,
bg__Q81RQ4,0,1,,,,
bg__Q81ST8,0,2,,,,
bg__Q81SX6,0,2,,,,
bg__Q81TU1,0,1,,,,
bg__Q81TU9,0,1,,,,
bg__Q81UB2,0,1,,,,
bg__Q81V01,0,2,,,,
bg__Q81WK7,0,3,,,,
bg__Q81XB3,0,1,,,,
bg__Q81Y10,0,1,,,,
bg__Q820K1,0,1,,,,
bg__Q820K4,0,1,,,,
bg__Q820N1,0,1,,,,
bg__Q820Q0,0,3,,,,
bg__Q820W3,0,2,,,,
bg__Q821L3,0,2,,,,
bg__Q821X0,0,2,,,,
bg__Q821X8,0,2,,,,
bg__Q822D9,0,2,,,,
bg__Q822H0,0,1,,,,
bg__Q823A7,0,1,,,,
bg__Q823G2,0,2,,,,
bg__Q823P5,0,2,,,,
bg__Q827A4,0,1,,,,
bg__Q829B4,0,1,,,,
bg__Q829U3,0,1,,,,
bg__Q82A24,0,1,,,,
bg__Q82AW2,0,1,,,,
bg__Q82BS5,0,2,,,,
bg__Q82CA5,0,1,,,,
bg__Q82HE5,0,1,,,,
bg__Q82IY7,0,1,,,,
bg__Q82IZ1,0,1,,,,
bg__Q82JE3,0,1,,,,
bg__Q82K86,0,1,,,,
bg__Q82KE0,0,1,,,,
bg__Q82M29,0,1,,,,
bg__Q82QG3,0,1,,,,
bg__Q82S93,0,1,,,,
bg__Q82SL8,0,1,,,,
bg__Q82TD8,0,1,,,,
bg__Q82TL0,0,2,,,,
bg__Q82TQ3,0,2,,,,
bg__Q82TQ4,0,3,,,,
bg__Q82TU0,0,1,,,,
bg__Q82U06,0,1,,,,
bg__Q82U84,0,1,,,,
bg__Q82UJ5,0,1,,,,
bg__Q82W83,0,1,,,,
bg__Q82XN3,0,1,,,,
bg__Q82XS4,0,1,,,,
bg__Q82XW0,0,1,,,,
bg__Q82ZE0,0,1,,,,
bg__Q830B5,0,1,,,,
bg__Q830V0,0,1,,,,
bg__Q830Y9,0,10,,,,
bg__Q831R1,0,1,,,,
bg__Q832G5,0,2,,,,
bg__Q833J1,0,1,,,,
bg__Q833S6,0,1,,,,
bg__Q833Y3,0,1,,,,
bg__Q833Y8,0,1,,,,
bg__Q83453,0,1,,,,
bg__Q834B3,0,8,,,,
bg__Q834E3,0,1,,,,
bg__Q834G2,0,1,,,,
bg__Q834J7,0,1,,,,
bg__Q835V5,0,1,,,,
bg__Q836D1,0,1,,,,
bg__Q836J0,0,1,,,,
bg__Q836R3,0,2,,,,
bg__Q836W7,0,1,,,,
bg__Q837A7,0,1,,,,
bg__Q837G3,0,1,,,,
bg__Q838C9,0,1,,,,
bg__Q839C0,0,1,,,,
bg__Q839H4,0,5,,,,
bg__Q839J1,0,1,,,,
bg__Q83A36,0,2,,,,
bg__Q83A37,0,2,,,,
bg__Q83AD4,0,1,,,,
bg__Q83AQ1,0,1,,,,
bg__Q83AZ6,0,1,,,,
bg__Q83BG2,0,1,,,,
bg__Q83BV5,0,1,,,,
bg__Q83CV2,0,1,,,,
bg__Q83E10,0,1,,,,
bg__Q83E35,0,1,,,,
bg__Q83EK8,0,1,,,,
bg__Q83FS2,0,1,,,,
bg__Q83G05,0,1,,,,
bg__Q83G63,0,1,,,,
bg__Q83G72,0,1,,,,
bg__Q83GF8,0,1,,,,
bg__Q83GH4,0,1,,,,
bg__Q83GI1,0,1,,,,
bg__Q83GK7,0,1,,,,
bg__Q83GX6,0,1,,,,
bg__Q83H08,0,1,,,,
bg__Q83HD5,0,1,,,,
bg__Q83HF6,0,1,,,,
bg__Q83HM5,0,2,,,,
bg__Q83HM6,0,1,,,,
bg__Q83HW8,0,1,,,,
bg__Q83I82,0,1,,,,
bg__Q83IR6,0,6,,,,
bg__Q83MZ2,0,1,,,,
bg__Q83QM8,0,4,,,,
bg__Q83QN4,0,11,,,,
bg__Q83RE8,0,4,,,,
bg__Q83S18,0,6,,,,
bg__Q83WB2,0,2,,,,
bg__Q83WC3,0,1,,,,
bg__Q83WC4,0,1,,,,
bg__Q83WC8,0,1,,,,
bg__Q83YH3,0,1,,,,
bg__Q845T3,0,1,,,,
bg__Q84BQ9,0,1,,,,
bg__Q84F14,0,1,,,,
bg__Q84G06,0,1,,,,
bg__Q84J70,0,1,,,,
bg__Q84JC0,0,1,,,,
bg__Q84JF0,0,1,,,,
bg__Q84JF7,0,2,,,,
bg__Q84JH7,0,1,,,,
bg__Q84JK2,0,1,,,,
bg__Q84JP1,0,1,,,,
bg__Q84JU4,0,1,,,,
bg__Q84JV2,0,1,,,,
bg__Q84JZ6,0,1,,,,
bg__Q84K52,0,1,,,,
bg__Q84K79,0,1,,,,
bg__Q84K90,0,1,,,,
bg__Q84LH3,0,1,,,,
bg__Q84LK7,0,1,,,,
bg__Q84MB5,0,1,,,,
bg__Q84MC1,0,2,,,,
bg__Q84MD6,0,1,,,,
bg__Q84NN4,0,1,,,,
bg__Q84R43,0,1,,,,
bg__Q84RD0,0,1,,,,
bg__Q84RQ7,0,1,,,,
bg__Q84T08,0,2,,,,
bg__Q84T68,0,1,,,,
bg__Q84TE9,0,1,,,,
bg__Q84TK0,0,1,,,,
bg__Q84TV4,0,2,,,,
bg__Q84UC7,0,1,,,,
bg__Q84UV8,0,1,,,,
bg__Q84VQ1,0,1,,,,
bg__Q84VT7,0,1,,,,
bg__Q84VZ1,0,1,,,,
bg__Q84W66,0,1,,,,
bg__Q84WI0,0,1,,,,
bg__Q84WK4,0,1,,,,
bg__Q84WK5,0,1,,,,
bg__Q84WM9,0,2,,,,
bg__Q84WN3,0,1,,,,
bg__Q84WV9,0,1,,,,
bg__Q84WW5,0,1,,,,
bg__Q84X53,0,1,,,,
bg__Q84XB3,0,2,,,,
bg__Q84ZA1,0,1,,,,
bg__Q84ZM7,0,1,,,,
bg__Q84ZT9,0,1,,,,
bg__Q850K7,0,1,,,,
bg__Q851C7,0,1,,,,
bg__Q851K1,0,6,,,,
bg__Q85230,0,1,,,,
bg__Q852A1,0,8,,,,
bg__Q852U6,0,1,,,,
bg__Q853W0,0,1,,,,
bg__Q85CT7,0,1,,,,
bg__Q85FI1,0,1,,,,
bg__Q85FL6,0,1,,,,
bg__Q85FU3,0,1,,,,
bg__Q85FW3,0,1,,,,
bg__Q85FX0,0,1,,,,
bg__Q85G31,0,1,,,,
bg__Q85G50,0,1,,,,
bg__Q85G85,0,1,,,,
bg__Q85Q99,0,2,,,,
bg__Q85TA0,0,8,,,,
bg__Q85WX8,0,20,,,,
bg__Q86197,0,1,,,,
bg__Q863H2,0,1,,,,
bg__Q86484,0,1,,,,
bg__Q864P5,0,1,,,,
bg__Q864V4,0,2,,,,
bg__Q86567,0,1,,,,
bg__Q865X0,0,5,,,,
bg__Q865X8,0,6,,,,
bg__Q86695,0,1,,,,
bg__Q866R9,0,6,,,,
bg__Q869K3,0,1,,,,
bg__Q869R8,0,1,,,,
bg__Q86A17,0,1,,,,
bg__Q86A21,0,1,,,,
bg__Q86AQ7,0,1,,,,
bg__Q86AV4,0,1,,,,
bg__Q86BF9,0,1,,,,
bg__Q86HE5,0,1,,,,
bg__Q86I22,0,1,,,,
bg__Q86IG3,0,1,,,,
bg__Q86IJ1,0,1,,,,
bg__Q86IL5,0,1,,,,
bg__Q86IV5,0,1,,,,
bg__Q86IZ4,0,1,,,,
bg__Q86JM5,0,1,,,,
bg__Q86JP5,0,1,,,,
bg__Q86K86,0,1,,,,
bg__Q86KR9,0,1,,,,
bg__Q86KU6,0,1,,,,
bg__Q86KZ5,0,1,,,,
bg__Q86LR2,0,1,,,,
bg__Q86NG3,0,1,,,,
bg__Q86SE8,0,1,,,,
bg__Q86SM5,0,1,,,,
bg__Q86SM8,0,3,,,,
bg__Q86TL2,0,3,,,,
bg__Q86TN4,0,2,,,,
bg__Q86UD3,0,5,,,,
bg__Q86UF1,0,4,,,,
bg__Q86UV7,0,2,,,,
bg__Q86VD7,0,2,,,,
bg__Q86VG3,0,1,,,,
bg__Q86W47,0,1,,,,
bg__Q86W67,0,1,,,,
bg__Q86W74,0,1,,,,
bg__Q86WH2,0,2,,,,
bg__Q86WI0,0,1,,,,
bg__Q86X19,0,1,,,,
bg__Q86X83,0,1,,,,
bg__Q86XF7,0,2,,,,
bg__Q86XI6,0,4,,,,
bg__Q86XK3,0,1,,,,
bg__Q86XR7,0,3,,,,
bg__Q86XT9,0,2,,,,
bg__Q86Y82,0,4,,,,
bg__Q86YI8,0,2,,,,
bg__Q86YN1,0,2,,,,
bg__Q86YS6,0,1,,,,
bg__Q86Z23,0,2,,,,
bg__Q86ZF2,0,1,,,,
bg__Q86ZR7,0,1,,,,
bg__Q87013,0,2,,,,
bg__Q874J6,0,1,,,,
bg__Q874L8,0,1,,,,
bg__Q874R1,0,1,,,,
bg__Q875I9,0,1,,,,
bg__Q877R9,0,1,,,,
bg__Q87A21,0,1,,,,
bg__Q87AX6,0,1,,,,
bg__Q87B82,0,3,,,,
bg__Q87BG5,0,3,,,,
bg__Q87C06,0,2,,,,
bg__Q87C81,0,1,,,,
bg__Q87C88,0,3,,,,
bg__Q87CJ5,0,1,,,,
bg__Q87CW1,0,4,,,,
bg__Q87DD2,0,1,,,,
bg__Q87DL5,0,1,,,,
bg__Q87DT0,0,4,,,,
bg__Q87DU8,0,1,,,,
bg__Q87EH1,0,1,,,,
bg__Q87EH7,0,1,,,,
bg__Q87EW0,0,7,,,,
bg__Q87F70,0,2,,,,
bg__Q87KE2,0,1,,,,
bg__Q87KJ4,0,17,,,,
bg__Q87L56,0,3,,,,
bg__Q87LN9,0,3,,,,
bg__Q87N15,0,1,,,,
bg__Q87NE7,0,1,,,,
bg__Q87Q45,0,1,,,,
bg__Q87QD4,0,1,,,,
bg__Q87QK8,0,1,,,,
bg__Q87QN3,0,2,,,,
bg__Q87R20,0,1,,,,
bg__Q87SC6,0,6,,,,
bg__Q87UC3,0,1,,,,
bg__Q87VA4,0,2,,,,
bg__Q87VW7,0,1,,,,
bg__Q87WP7,0,4,,,,
bg__Q87YI2,0,5,,,,
bg__Q87ZA2,0,2,,,,
bg__Q883F3,0,2,,,,
bg__Q883R9,0,1,,,,
bg__Q884N3,0,1,,,,
bg__Q885T2,0,3,,,,
bg__Q885X7,0,1,,,,
bg__Q886L5,0,8,,,,
bg__Q888H1,0,2,,,,
bg__Q88939,0,1,,,,
bg__Q889G0,0,2,,,,
bg__Q88A30,0,2,,,,
bg__Q88CT0,0,1,,,,
bg__Q88EQ6,0,1,,,,
bg__Q88ER1,0,1,,,,
bg__Q88EW3,0,1,,,,
bg__Q88FF3,0,2,,,,
bg__Q88FQ4,0,1,,,,
bg__Q88FQ8,0,6,,,,
bg__Q88FY3,0,1,,,,
bg__Q88HL1,0,1,,,,
bg__Q88JX8,0,1,,,,
bg__Q88KV1,0,1,,,,
bg__Q88MH6,0,1,,,,
bg__Q88N27,0,3,,,,
bg__Q88P32,0,1,,,,
bg__Q88QT2,0,1,,,,
bg__Q88RA1,0,1,,,,
bg__Q88RA3,0,1,,,,
bg__Q88RX1,0,1,,,,
bg__Q88S52,0,1,,,,
bg__Q88SC3,0,1,,,,
bg__Q88SD8,0,1,,,,
bg__Q88VJ8,0,1,,,,
bg__Q88VR2,0,1,,,,
bg__Q88VY1,0,1,,,,
bg__Q88W46,0,1,,,,
bg__Q88WG0,0,1,,,,
bg__Q88WK0,0,1,,,,
bg__Q88WK9,0,1,,,,
bg__Q88WR8,0,1,,,,
bg__Q88WV4,0,1,,,,
bg__Q88XW5,0,1,,,,
bg__Q88YN8,0,1,,,,
bg__Q88ZA0,0,1,,,,
bg__Q890C2,0,1,,,,
bg__Q890Y6,0,1,,,,
bg__Q891L4,0,1,,,,
bg__Q891S2,0,1,,,,
bg__Q892B5,0,1,,,,
bg__Q892U0,0,1,,,,
bg__Q893H3,0,1,,,,
bg__Q893Q9,0,1,,,,
bg__Q894B9,0,1,,,,
bg__Q895C4,0,1,,,,
bg__Q895H6,0,1,,,,
bg__Q895L8,0,1,,,,
bg__Q895P5,0,1,,,,
bg__Q895W4,0,1,,,,
bg__Q89753,0,1,,,,
bg__Q897L5,0,1,,,,
bg__Q897P8,0,1,,,,
bg__Q89822,0,1,,,,
bg__Q898B8,0,1,,,,
bg__Q898R2,0,2,,,,
bg__Q899A2,0,1,,,,
bg__Q899H1,0,4,,,,
bg__Q899T7,0,1,,,,
bg__Q89A58,0,1,,,,
bg__Q89AD9,0,1,,,,
bg__Q89AF1,0,1,,,,
bg__Q89AL7,0,1,,,,
bg__Q89AN4,0,1,,,,
bg__Q89AP3,0,1,,,,
bg__Q89AQ7,0,1,,,,
bg__Q89AR7,0,1,,,,
bg__Q89AY3,0,1,,,,
bg__Q89DJ1,0,6,,,,
bg__Q89E48,0,1,,,,
bg__Q89FP2,0,3,,,,
bg__Q89KN0,0,3,,,,
bg__Q89Q75,0,1,,,,
bg__Q89SC2,0,1,,,,
bg__Q89VI3,0,1,,,,
bg__Q89WF1,0,1,,,,
bg__Q89WK5,0,1,,,,
bg__Q89WM2,0,1,,,,
bg__Q89XT8,0,1,,,,
bg__Q89YT0,0,1,,,,
bg__Q89YZ2,0,1,,,,
bg__Q89ZC3,0,1,,,,
bg__Q89ZI8,0,1,,,,
bg__Q8A018,0,3,,,,
bg__Q8A094,0,8,,,,
bg__Q8A0B5,0,1,,,,
bg__Q8A0H8,0,2,,,,
bg__Q8A0L8,0,2,,,,
bg__Q8A0U2,0,4,,,,
bg__Q8A1A0,0,1,,,,
bg__Q8A2E8,0,3,,,,
bg__Q8A2S4,0,1,,,,
bg__Q8A5K8,0,1,,,,
bg__Q8A626,0,1,,,,
bg__Q8A6M3,0,1,,,,
bg__Q8A7Z7,0,1,,,,
bg__Q8A853,0,2,,,,
bg__Q8A8H2,0,1,,,,
bg__Q8A8R2,0,4,,,,
bg__Q8A947,0,1,,,,
bg__Q8AII0,0,1,,,,
bg__Q8AV61,0,1,,,,
bg__Q8AVA3,0,3,,,,
bg__Q8AVI9,0,2,,,,
bg__Q8AVK2,0,5,,,,
bg__Q8AWG6,0,5,,,,
bg__Q8AWY9,0,1,,,,
bg__Q8AWZ0,0,3,,,,
bg__Q8AXQ4,0,1,,,,
bg__Q8AXV5,0,1,,,,
bg__Q8AXV6,0,1,,,,
bg__Q8B9Q8,0,1,,,,
bg__Q8BB16,0,1,,,,
bg__Q8BB24,0,5,,,,
bg__Q8BFR6,0,2,,,,
bg__Q8BFU0,0,4,,,,
bg__Q8BFX1,0,3,,,,
bg__Q8BFZ6,0,1,,,,
bg__Q8BG17,0,1,,,,
bg__Q8BG31,0,1,,,,
bg__Q8BG34,0,1,,,,
bg__Q8BG41,0,2,,,,
bg__Q8BG84,0,2,,,,
bg__Q8BGG6,0,2,,,,
bg__Q8BGL3,0,1,,,,
bg__Q8BGP5,0,2,,,,
bg__Q8BGU2,0,6,,,,
bg__Q8BGX2,0,2,,,,
bg__Q8BH49,0,2,,,,
bg__Q8BH50,0,1,,,,
bg__Q8BHC0,0,1,,,,
bg__Q8BHE1,0,1,,,,
bg__Q8BHL8,0,5,,,,
bg__Q8BHX1,0,4,,,,
bg__Q8BHX3,0,3,,,,
bg__Q8BI69,0,1,,,,
bg__Q8BIG7,0,2,,,,
bg__Q8BIX3,0,2,,,,
bg__Q8BJ66,0,2,,,,
bg__Q8BJ83,0,2,,,,
bg__Q8BJU0,0,3,,,,
bg__Q8BJU2,0,2,,,,
bg__Q8BJZ4,0,1,,,,
bg__Q8BK75,0,3,,,,
bg__Q8BKT2,0,1,,,,
bg__Q8BL97,0,3,,,,
bg__Q8BLR7,0,3,,,,
bg__Q8BM88,0,1,,,,
bg__Q8BMZ5,0,2,,,,
bg__Q8BNX1,0,1,,,,
bg__Q8BP27,0,1,,,,
bg__Q8BPG6,0,3,,,,
bg__Q8BQU7,0,2,,,,
bg__Q8BR26,0,1,,,,
bg__Q8BR90,0,2,,,,
bg__Q8BRJ3,0,3,,,,
bg__Q8BS03,0,2,,,,
bg__Q8BTF8,0,2,,,,
bg__Q8BTH6,0,2,,,,
bg__Q8BTP3,0,3,,,,
bg__Q8BTW3,0,2,,,,
bg__Q8BU85,0,1,,,,
bg__Q8BV13,0,3,,,,
bg__Q8BVM9,0,1,,,,
bg__Q8BVP6,0,1,,,,
bg__Q8BVZ5,0,2,,,,
bg__Q8BWF2,0,2,,,,
bg__Q8BWG9,0,5,,,,
bg__Q8BX35,0,2,,,,
bg__Q8BX51,0,2,,,,
bg__Q8BX65,0,2,,,,
bg__Q8BXA6,0,1,,,,
bg__Q8C407,0,2,,,,
bg__Q8C4A0,0,3,,,,
bg__Q8C4U3,0,3,,,,
bg__Q8C5T4,0,2,,,,
bg__Q8C7B6,0,2,,,,
bg__Q8C8K3,0,1,,,,
bg__Q8C8M1,0,2,,,,
bg__Q8CAM5,0,2,,,,
bg__Q8CBG9,0,4,,,,
bg__Q8CCG4,0,1,,,,
bg__Q8CE93,0,2,,,,
bg__Q8CF98,0,2,,,,
bg__Q8CFD9,0,1,,,,
bg__Q8CFJ7,0,2,,,,
bg__Q8CFR0,0,2,,,,
bg__Q8CFU8,0,2,,,,
bg__Q8CG08,0,3,,,,
bg__Q8CGF5,0,2,,,,
bg__Q8CGR7,0,2,,,,
bg__Q8CHK7,0,5,,,,
bg__Q8CHQ9,0,2,,,,
bg__Q8CHW1,0,1,,,,
bg__Q8CIX1,0,3,,,,
bg__Q8CJ26,0,1,,,,
bg__Q8CJ42,0,2,,,,
bg__Q8CJC7,0,2,,,,
bg__Q8CJY7,0,1,,,,
bg__Q8CK28,0,2,,,,
bg__Q8CMK8,0,3,,,,
bg__Q8CMT6,0,2,,,,
bg__Q8CMX3,0,2,,,,
bg__Q8CNH7,0,2,,,,
bg__Q8CNK1,0,1,,,,
bg__Q8CP09,0,6,,,,
bg__Q8CPH6,0,1,,,,
bg__Q8CPM1,0,4,,,,
bg__Q8CPX1,0,1,,,,
bg__Q8CQ77,0,2,,,,
bg__Q8CR21,0,6,,,,
bg__Q8CRI6,0,1,,,,
bg__Q8CTV0,0,1,,,,
bg__Q8CVG4,0,2,,,,
bg__Q8CWM6,0,1,,,,
bg__Q8CWP9,0,1,,,,
bg__Q8CWZ1,0,1,,,,
bg__Q8CX07,0,1,,,,
bg__Q8CX50,0,10,,,,
bg__Q8CX59,0,1,,,,
bg__Q8CXC0,0,1,,,,
bg__Q8CXK0,0,1,,,,
bg__Q8CXP1,0,1,,,,
bg__Q8CXQ1,0,1,,,,
bg__Q8CY46,0,1,,,,
bg__Q8D1K0,0,7,,,,
bg__Q8D1X1,0,1,,,,
bg__Q8D1X2,0,1,,,,
bg__Q8D218,0,1,,,,
bg__Q8D227,0,1,,,,
bg__Q8D249,0,1,,,,
bg__Q8D281,0,1,,,,
bg__Q8D293,0,1,,,,
bg__Q8D2A6,0,1,,,,
bg__Q8D2K4,0,1,,,,
bg__Q8D2P7,0,1,,,,
bg__Q8D2R2,0,1,,,,
bg__Q8D2T0,0,1,,,,
bg__Q8D2T4,0,1,,,,
bg__Q8D2V8,0,1,,,,
bg__Q8D340,0,1,,,,
bg__Q8D385,0,1,,,,
bg__Q8D3D4,0,1,,,,
bg__Q8D3Q3,0,1,,,,
bg__Q8D612,0,1,,,,
bg__Q8D8Q9,0,3,,,,
bg__Q8DAR7,0,1,,,,
bg__Q8DCG0,0,1,,,,
bg__Q8DEI1,0,1,,,,
bg__Q8DFM2,0,1,,,,
bg__Q8DFQ4,0,2,,,,
bg__Q8DHZ6,0,1,,,,
bg__Q8DJK4,0,1,,,,
bg__Q8DKF1,0,1,,,,
bg__Q8DKK1,0,1,,,,
bg__Q8DKW4,0,1,,,,
bg__Q8DLA9,0,1,,,,
bg__Q8DLJ1,0,1,,,,
bg__Q8DLU1,0,1,,,,
bg__Q8DM88,0,1,,,,
bg__Q8DMY2,0,1,,,,
bg__Q8DNE1,0,2,,,,
bg__Q8DNY1,0,1,,,,
bg__Q8DNZ8,0,1,,,,
bg__Q8DP72,0,2,,,,
bg__Q8DPA2,0,11,,,,
bg__Q8DPI6,0,1,,,,
bg__Q8DPI7,0,1,,,,
bg__Q8DPL7,0,1,,,,
bg__Q8DPQ3,0,1,,,,
bg__Q8DPZ3,0,1,,,,
bg__Q8DQ37,0,1,,,,
bg__Q8DQ38,0,1,,,,
bg__Q8DQD2,0,1,,,,
bg__Q8DQD3,0,7,,,,
bg__Q8DQG9,0,7,,,,
bg__Q8DRP8,0,1,,,,
bg__Q8DSP8,0,1,,,,
bg__Q8DTN6,0,1,,,,
bg__Q8DUE1,0,1,,,,
bg__Q8DUW4,0,1,,,,
bg__Q8DWH1,0,7,,,,
bg__Q8DWR3,0,3,,,,
bg__Q8DYA5,0,5,,,,
bg__Q8DYQ7,0,2,,,,
bg__Q8DZQ2,0,1,,,,
bg__Q8DZQ5,0,1,,,,
bg__Q8E0A8,0,1,,,,
bg__Q8E2B1,0,6,,,,
bg__Q8E3J2,0,1,,,,
bg__Q8E3U9,0,2,,,,
bg__Q8E5I2,0,1,,,,
bg__Q8E8D9,0,6,,,,
bg__Q8E919,0,1,,,,
bg__Q8E9K1,0,1,,,,
bg__Q8EAR4,0,1,,,,
bg__Q8EB02,0,1,,,,
bg__Q8EBI7,0,2,,,,
bg__Q8EBY7,0,1,,,,
bg__Q8EDH1,0,1,,,,
bg__Q8EDL3,0,1,,,,
bg__Q8EE27,0,2,,,,
bg__Q8EEA9,0,1,,,,
bg__Q8EEH9,0,1,,,,
bg__Q8EFB6,0,1,,,,
bg__Q8EGF8,0,1,,,,
bg__Q8EGH1,0,1,,,,
bg__Q8EGJ4,0,3,,,,
bg__Q8EHD3,0,11,,,,
bg__Q8EJP9,0,1,,,,
bg__Q8EKK0,0,1,,,,
bg__Q8ELF4,0,1,,,,
bg__Q8EM39,0,1,,,,
bg__Q8EMM9,0,1,,,,
bg__Q8EN78,0,1,,,,
bg__Q8EPB4,0,1,,,,
bg__Q8EPD4,0,1,,,,
bg__Q8EPD5,0,1,,,,
bg__Q8EPD6,0,12,,,,
bg__Q8EPE6,0,1,,,,
bg__Q8EPH7,0,1,,,,
bg__Q8EPJ4,0,1,,,,
bg__Q8EPU9,0,1,,,,
bg__Q8EQJ1,0,1,,,,
bg__Q8ER21,0,1,,,,
bg__Q8ER36,0,1,,,,
bg__Q8ER38,0,1,,,,
bg__Q8ERL8,0,1,,,,
bg__Q8ERL9,0,1,,,,
bg__Q8ESR4,0,1,,,,
bg__Q8ESZ2,0,1,,,,
bg__Q8ESZ3,0,1,,,,
bg__Q8EU37,0,1,,,,
bg__Q8EU92,0,1,,,,
bg__Q8EUD0,0,1,,,,
bg__Q8EUG9,0,1,,,,
bg__Q8EUJ1,0,1,,,,
bg__Q8EUQ9,0,1,,,,
bg__Q8EUY2,0,1,,,,
bg__Q8EUY3,0,1,,,,
bg__Q8EUY4,0,1,,,,
bg__Q8EV81,0,1,,,,
bg__Q8EWL4,0,1,,,,
bg__Q8EWT2,0,1,,,,
bg__Q8EXA3,0,1,,,,
bg__Q8EXX3,0,2,,,,
bg__Q8EYK8,0,1,,,,
bg__Q8EZN0,0,1,,,,
bg__Q8F132,0,3,,,,
bg__Q8F142,0,1,,,,
bg__Q8F1S7,0,1,,,,
bg__Q8F4A0,0,1,,,,
bg__Q8F5F1,0,1,,,,
bg__Q8F5I5,0,2,,,,
bg__Q8F6L8,0,1,,,,
bg__Q8F8C0,0,2,,,,
bg__Q8F9F8,0,1,,,,
bg__Q8F9Q1,0,1,,,,
bg__Q8FCM9,0,4,,,,
bg__Q8FDU7,0,1,,,,
bg__Q8FDU8,0,1,,,,
bg__Q8FFV5,0,5,,,,
bg__Q8FJ36,0,1,,,,
bg__Q8FKF5,0,3,,,,
bg__Q8FLD1,0,8,,,,
bg__Q8FLU6,0,1,,,,
bg__Q8FMI6,0,1,,,,
bg__Q8FMS2,0,2,,,,
bg__Q8FMU9,0,2,,,,
bg__Q8FP63,0,1,,,,
bg__Q8FPB3,0,1,,,,
bg__Q8FSF0,0,3,,,,
bg__Q8FTC9,0,4,,,,
bg__Q8FUA5,0,2,,,,
bg__Q8FUC8,0,1,,,,
bg__Q8FYT4,0,1,,,,
bg__Q8G0F7,0,1,,,,
bg__Q8G0S7,0,6,,,,
bg__Q8G526,0,1,,,,
bg__Q8G575,0,1,,,,
bg__Q8G5R0,0,1,,,,
bg__Q8G695,0,1,,,,
bg__Q8G6C4,0,1,,,,
bg__Q8G6Z6,0,1,,,,
bg__Q8G7F4,0,1,,,,
bg__Q8G7I0,0,1,,,,
bg__Q8G7Y3,0,1,,,,
bg__Q8G907,0,1,,,,
bg__Q8G9C6,0,1,,,,
bg__Q8G9F9,0,1,,,,
bg__Q8GAF9,0,1,,,,
bg__Q8GBB2,0,1,,,,
bg__Q8GED7,0,1,,,,
bg__Q8GED9,0,1,,,,
bg__Q8GHB1,0,1,,,,
bg__Q8GJM5,0,1,,,,
bg__Q8GPG1,0,1,,,,
bg__Q8GR45,0,1,,,,
bg__Q8GRL4,0,1,,,,
bg__Q8GRN0,0,1,,,,
bg__Q8GT74,0,2,,,,
bg__Q8GTS2,0,1,,,,
bg__Q8GUJ2,0,1,,,,
bg__Q8GUK7,0,1,,,,
bg__Q8GUP2,0,1,,,,
bg__Q8GUT5,0,1,,,,
bg__Q8GV50,0,1,,,,
bg__Q8GVZ6,0,1,,,,
bg__Q8GW17,0,1,,,,
bg__Q8GW19,0,1,,,,
bg__Q8GW64,0,1,,,,
bg__Q8GW78,0,1,,,,
bg__Q8GWA2,0,1,,,,
bg__Q8GWE1,0,1,,,,
bg__Q8GWF1,0,1,,,,
bg__Q8GWH3,0,1,,,,
bg__Q8GWK1,0,1,,,,
bg__Q8GWK7,0,1,,,,
bg__Q8GWL1,0,1,,,,
bg__Q8GWQ2,0,1,,,,
bg__Q8GWQ6,0,1,,,,
bg__Q8GWR0,0,1,,,,
bg__Q8GWU0,0,1,,,,
bg__Q8GWZ6,0,1,,,,
bg__Q8GXF8,0,1,,,,
bg__Q8GXR5,0,2,,,,
bg__Q8GXT7,0,1,,,,
bg__Q8GXU5,0,1,,,,
bg__Q8GXU9,0,1,,,,
bg__Q8GXV7,0,1,,,,
bg__Q8GY25,0,1,,,,
bg__Q8GY55,0,2,,,,
bg__Q8GYD2,0,1,,,,
bg__Q8GYG1,0,1,,,,
bg__Q8GYH7,0,1,,,,
bg__Q8GYJ2,0,1,,,,
bg__Q8GYJ3,0,1,,,,
bg__Q8GYP5,0,1,,,,
bg__Q8GYW0,0,1,,,,
bg__Q8GYX2,0,1,,,,
bg__Q8GYX9,0,1,,,,
bg__Q8GZ13,0,1,,,,
bg__Q8GZ79,0,1,,,,
bg__Q8GZA8,0,1,,,,
bg__Q8H021,0,1,,,,
bg__Q8H0T5,0,1,,,,
bg__Q8H0W1,0,1,,,,
bg__Q8H0X6,0,1,,,,
bg__Q8H0Y8,0,1,,,,
bg__Q8H1D2,0,1,,,,
bg__Q8H1F4,0,1,,,,
bg__Q8H1G0,0,2,,,,
bg__Q8H1Q1,0,1,,,,
bg__Q8H1R0,0,1,,,,
bg__Q8H1R4,0,1,,,,
bg__Q8H274,0,1,,,,
bg__Q8H329,0,1,,,,
bg__Q8H395,0,1,,,,
bg__Q8H3Q1,0,1,,,,
bg__Q8H5X5,0,4,,,,
bg__Q8H7F6,0,1,,,,
bg__Q8H7T4,0,2,,,,
bg__Q8HEC1,0,2,,,,
bg__Q8HEC3,0,2,,,,
bg__Q8HTL2,0,1,,,,
bg__Q8HXK9,0,3,,,,
bg__Q8HXW6,0,5,,,,
bg__Q8HXX9,0,2,,,,
bg__Q8HXY2,0,4,,,,
bg__Q8HY33,0,10,,,,
bg__Q8HZJ4,0,3,,,,
bg__Q8I2D9,0,1,,,,
bg__Q8I3W2,0,1,,,,
bg__Q8I415,0,1,,,,
bg__Q8I4V8,0,1,,,,
bg__Q8I5I0,0,2,,,,
bg__Q8I5Q6,0,1,,,,
bg__Q8I912,0,3,,,,
bg__Q8I914,0,8,,,,
bg__Q8IAM2,0,1,,,,
bg__Q8IAX8,0,1,,,,
bg__Q8IB06,0,1,,,,
bg__Q8IBP3,0,1,,,,
bg__Q8IDQ9,0,1,,,,
bg__Q8IE14,0,1,,,,
bg__Q8IE47,0,1,,,,
bg__Q8IED5,0,1,,,,
bg__Q8IEJ0,0,1,,,,
bg__Q8II36,0,1,,,,
bg__Q8IJD4,0,1,,,,
bg__Q8IJH8,0,1,,,,
bg__Q8IJM5,0,1,,,,
bg__Q8IJS6,0,1,,,,
bg__Q8IJV6,0,1,,,,
bg__Q8IK85,0,1,,,,
bg__Q8IKM8,0,1,,,,
bg__Q8IMU4,0,1,,,,
bg__Q8INK6,0,1,,,,
bg__Q8INX3,0,1,,,,
bg__Q8IP99,0,2,,,,
bg__Q8IPX7,0,1,,,,
bg__Q8IQA2,0,1,,,,
bg__Q8IRC7,0,1,,,,
bg__Q8IRJ8,0,1,,,,
bg__Q8IRR5,0,1,,,,
bg__Q8ISF8,0,1,,,,
bg__Q8IUA0,0,1,,,,
bg__Q8IUB2,0,1,,,,
bg__Q8IUH2,0,2,,,,
bg__Q8IUN9,0,1,,,,
bg__Q8IUR0,0,1,,,,
bg__Q8IUX1,0,1,,,,
bg__Q8IV03,0,1,,,,
bg__Q8IV16,0,1,,,,
bg__Q8IVM0,0,3,,,,
bg__Q8IVN8,0,1,,,,
bg__Q8IVQ6,0,3,,,,
bg__Q8IVV7,0,1,,,,
bg__Q8IVV8,0,2,,,,
bg__Q8IW00,0,2,,,,
bg__Q8IW03,0,1,,,,
bg__Q8IW40,0,2,,,,
bg__Q8IWD4,0,2,,,,
bg__Q8IWL3,0,2,,,,
bg__Q8IWP9,0,1,,,,
bg__Q8IWZ4,0,1,,,,
bg__Q8IX05,0,3,,,,
bg__Q8IX19,0,1,,,,
bg__Q8IX29,0,1,,,,
bg__Q8IXM6,0,2,,,,
bg__Q8IXM7,0,1,,,,
bg__Q8IXP5,0,2,,,,
bg__Q8IXQ9,0,3,,,,
bg__Q8IXY8,0,1,,,,
bg__Q8IY26,0,4,,,,
bg__Q8IY42,0,1,,,,
bg__Q8IY49,0,2,,,,
bg__Q8IY95,0,3,,,,
bg__Q8IYI0,0,1,,,,
bg__Q8IYJ0,0,3,,,,
bg__Q8IYL3,0,1,,,,
bg__Q8IYS5,0,2,,,,
bg__Q8IZ81,0,1,,,,
bg__Q8IZJ0,0,1,,,,
bg__Q8IZP2,0,1,,,,
bg__Q8IZR5,0,2,,,,
bg__Q8IZS5,0,1,,,,
bg__Q8J0K5,0,1,,,,
bg__Q8J2Q9,0,1,,,,
bg__Q8J308,0,2,,,,
bg__Q8JG30,0,1,,,,
bg__Q8JGT9,0,1,,,,
bg__Q8JH55,0,1,,,,
bg__Q8JHH5,0,1,,,,
bg__Q8JI39,0,6,,,,
bg__Q8JIR0,0,1,,,,
bg__Q8JIR6,0,1,,,,
bg__Q8JIS3,0,7,,,,
bg__Q8JIT6,0,1,,,,
bg__Q8JIU7,0,3,,,,
bg__Q8JIY8,0,1,,,,
bg__Q8JJ26,0,1,,,,
bg__Q8JN68,0,1,,,,
bg__Q8JTH2,0,16,,,,
bg__Q8K015,0,1,,,,
bg__Q8K0V2,0,7,,,,
bg__Q8K0Y7,0,2,,,,
bg__Q8K190,0,1,,,,
bg__Q8K1A5,0,5,,,,
bg__Q8K1T1,0,1,,,,
bg__Q8K288,0,1,,,,
bg__Q8K2J7,0,3,,,,
bg__Q8K2M3,0,1,,,,
bg__Q8K2Q0,0,1,,,,
bg__Q8K2T1,0,3,,,,
bg__Q8K2Y7,0,2,,,,
bg__Q8K305,0,1,,,,
bg__Q8K349,0,2,,,,
bg__Q8K386,0,1,,,,
bg__Q8K3A6,0,1,,,,
bg__Q8K3K7,0,2,,,,
bg__Q8K3K9,0,1,,,,
bg__Q8K3P0,0,3,,,,
bg__Q8K3T4,0,5,,,,
bg__Q8K3W2,0,1,,,,
bg__Q8K3Y7,0,2,,,,
bg__Q8K445,0,3,,,,
bg__Q8K485,0,2,,,,
bg__Q8K4C5,0,1,,,,
bg__Q8K4F5,0,3,,,,
bg__Q8K4G6,0,1,,,,
bg__Q8K4H1,0,2,,,,
bg__Q8K931,0,1,,,,
bg__Q8K986,0,1,,,,
bg__Q8K9D4,0,2,,,,
bg__Q8K9D9,0,1,,,,
bg__Q8K9G7,0,1,,,,
bg__Q8K9H9,0,1,,,,
bg__Q8K9N6,0,1,,,,
bg__Q8K9Q2,0,1,,,,
bg__Q8K9Q6,0,1,,,,
bg__Q8K9S6,0,1,,,,
bg__Q8K9T5,0,1,,,,
bg__Q8K9X1,0,1,,,,
bg__Q8KA52,0,1,,,,
bg__Q8KAX9,0,1,,,,
bg__Q8KBD8,0,1,,,,
bg__Q8KBH8,0,1,,,,
bg__Q8KBN8,0,1,,,,
bg__Q8KCH7,0,1,,,,
bg__Q8KDH2,0,1,,,,
bg__Q8KDU6,0,2,,,,
bg__Q8KES3,0,1,,,,
bg__Q8KFN6,0,1,,,,
bg__Q8KGC0,0,1,,,,
bg__Q8KLH5,0,1,,,,
bg__Q8KLM3,0,1,,,,
bg__Q8KN33,0,1,,,,
bg__Q8KP10,0,1,,,,
bg__Q8KQC4,0,1,,,,
bg__Q8KQK1,0,1,,,,
bg__Q8KS19,0,1,,,,
bg__Q8KSA6,0,10,,,,
bg__Q8KSC8,0,1,,,,
bg__Q8KU93,0,1,,,,
bg__Q8KWT0,0,2,,,,
bg__Q8KY51,0,1,,,,
bg__Q8KZ94,0,1,,,,
bg__Q8L3B9,0,1,,,,
bg__Q8L3X8,0,1,,,,
bg__Q8L467,0,1,,,,
bg__Q8L471,0,1,,,,
bg__Q8L4B2,0,2,,,,
bg__Q8L4L4,0,5,,,,
bg__Q8L4M6,0,1,,,,
bg__Q8L4N1,0,2,,,,
bg__Q8L539,0,1,,,,
bg__Q8L556,0,1,,,,
bg__Q8L557,0,1,,,,
bg__Q8L5C6,0,1,,,,
bg__Q8L5T5,0,1,,,,
bg__Q8L617,0,1,,,,
bg__Q8L649,0,1,,,,
bg__Q8L6Z5,0,1,,,,
bg__Q8L719,0,1,,,,
bg__Q8L730,0,1,,,,
bg__Q8L773,0,1,,,,
bg__Q8L799,0,2,,,,
bg__Q8L7I4,0,1,,,,
bg__Q8L7K4,0,1,,,,
bg__Q8L7T9,0,1,,,,
bg__Q8L7U4,0,1,,,,
bg__Q8L7W7,0,1,,,,
bg__Q8L7Z3,0,1,,,,
bg__Q8L817,0,1,,,,
bg__Q8L856,0,1,,,,
bg__Q8L870,0,1,,,,
bg__Q8L8T7,0,1,,,,
bg__Q8L8W5,0,1,,,,
bg__Q8L925,0,1,,,,
bg__Q8L970,0,2,,,,
bg__Q8L9A0,0,1,,,,
bg__Q8L9A9,0,1,,,,
bg__Q8L9C4,0,1,,,,
bg__Q8L9J7,0,1,,,,
bg__Q8L9K1,0,1,,,,
bg__Q8L9T5,0,1,,,,
bg__Q8L9W8,0,1,,,,
bg__Q8L9Y2,0,1,,,,
bg__Q8LA53,0,1,,,,
bg__Q8LAD0,0,1,,,,
bg__Q8LAI1,0,1,,,,
bg__Q8LAL0,0,1,,,,
bg__Q8LAL2,0,1,,,,
bg__Q8LAS8,0,1,,,,
bg__Q8LAT0,0,1,,,,
bg__Q8LAU9,0,1,,,,
bg__Q8LAV5,0,1,,,,
bg__Q8LB08,0,1,,,,
bg__Q8LB10,0,1,,,,
bg__Q8LB65,0,1,,,,
bg__Q8LBA0,0,1,,,,
bg__Q8LBC0,0,1,,,,
bg__Q8LBH4,0,1,,,,
bg__Q8LBZ4,0,1,,,,
bg__Q8LC03,0,1,,,,
bg__Q8LC45,0,1,,,,
bg__Q8LC79,0,1,,,,
bg__Q8LCQ4,0,1,,,,
bg__Q8LCT3,0,1,,,,
bg__Q8LD98,0,1,,,,
bg__Q8LDD3,0,1,,,,
bg__Q8LDF9,0,1,,,,
bg__Q8LDL0,0,1,,,,
bg__Q8LDR0,0,1,,,,
bg__Q8LDS4,0,1,,,,
bg__Q8LDU4,0,1,,,,
bg__Q8LDV3,0,1,,,,
bg__Q8LE43,0,1,,,,
bg__Q8LE94,0,1,,,,
bg__Q8LEE7,0,2,,,,
bg__Q8LEE9,0,1,,,,
bg__Q8LEF6,0,1,,,,
bg__Q8LEG1,0,1,,,,
bg__Q8LEJ6,0,1,,,,
bg__Q8LEM7,0,3,,,,
bg__Q8LER3,0,2,,,,
bg__Q8LET2,0,1,,,,
bg__Q8LEV7,0,1,,,,
bg__Q8LF05,0,1,,,,
bg__Q8LF41,0,1,,,,
bg__Q8LF65,0,1,,,,
bg__Q8LFD3,0,1,,,,
bg__Q8LFH5,0,1,,,,
bg__Q8LFJ8,0,1,,,,
bg__Q8LFU0,0,1,,,,
bg__Q8LFW5,0,1,,,,
bg__Q8LG58,0,4,,,,
bg__Q8LG64,0,4,,,,
bg__Q8LG98,0,1,,,,
bg__Q8LGA1,0,2,,,,
bg__Q8LGI3,0,1,,,,
bg__Q8LGJ5,0,1,,,,
bg__Q8LGS1,0,1,,,,
bg__Q8LGU7,0,1,,,,
bg__Q8LH59,0,1,,,,
bg__Q8LKP9,0,1,,,,
bg__Q8LPQ7,0,1,,,,
bg__Q8LR50,0,1,,,,
bg__Q8MIE9,0,3,,,,
bg__Q8MIH8,0,2,,,,
bg__Q8MIS5,0,1,,,,
bg__Q8MJG0,0,3,,,,
bg__Q8MJU1,0,12,,,,
bg__Q8MLL3,0,1,,,,
bg__Q8MN58,0,1,,,,
bg__Q8MNT9,0,1,,,,
bg__Q8MPP0,0,1,,,,
bg__Q8MR62,0,1,,,,
bg__Q8MSX2,0,1,,,,
bg__Q8MXQ2,0,1,,,,
bg__Q8MXS1,0,1,,,,
bg__Q8MYP1,0,1,,,,
bg__Q8N0U2,0,1,,,,
bg__Q8N0Y3,0,3,,,,
bg__Q8N0Z8,0,2,,,,
bg__Q8N114,0,1,,,,
bg__Q8N129,0,2,,,,
bg__Q8N131,0,1,,,,
bg__Q8N144,0,2,,,,
bg__Q8N146,0,3,,,,
bg__Q8N148,0,1,,,,
bg__Q8N1A0,0,1,,,,
bg__Q8N1D0,0,1,,,,
bg__Q8N1L9,0,1,,,,
bg__Q8N1Q1,0,2,,,,
bg__Q8N2R0,0,5,,,,
bg__Q8N2U9,0,3,,,,
bg__Q8N386,0,1,,,,
bg__Q8N3Y7,0,2,,,,
bg__Q8N3Z3,0,1,,,,
bg__Q8N4B1,0,1,,,,
bg__Q8N4C7,0,3,,,,
bg__Q8N4E4,0,2,,,,
bg__Q8N4L8,0,1,,,,
bg__Q8N4S7,0,2,,,,
bg__Q8N567,0,1,,,,
bg__Q8N5C7,0,1,,,,
bg__Q8N5H3,0,1,,,,
bg__Q8N5I3,0,2,,,,
bg__Q8N5J4,0,1,,,,
bg__Q8N5U1,0,1,,,,
bg__Q8N5Z5,0,1,,,,
bg__Q8N628,0,1,,,,
bg__Q8N668,0,2,,,,
bg__Q8N699,0,1,,,,
bg__Q8N6D2,0,3,,,,
bg__Q8N6D5,0,1,,,,
bg__Q8N6F8,0,1,,,,
bg__Q8N6I1,0,2,,,,
bg__Q8N6Q1,0,2,,,,
bg__Q8N7B1,0,2,,,,
bg__Q8N7B6,0,1,,,,
bg__Q8N801,0,2,,,,
bg__Q8N8F6,0,2,,,,
bg__Q8N8G2,0,1,,,,
bg__Q8N8N0,0,1,,,,
bg__Q8N8Q1,0,2,,,,
bg__Q8N8Q3,0,1,,,,
bg__Q8N954,0,2,,,,
bg__Q8N9E0,0,1,,,,
bg__Q8N9F0,0,4,,,,
bg__Q8N9F7,0,2,,,,
bg__Q8N9N7,0,1,,,,
bg__Q8NAU1,0,3,,,,
bg__Q8NAV1,0,2,,,,
bg__Q8NB15,0,2,,,,
bg__Q8NBQ5,0,3,,,,
bg__Q8NBT2,0,1,,,,
bg__Q8NBZ0,0,3,,,,
bg__Q8NC01,0,2,,,,
bg__Q8NC06,0,1,,,,
bg__Q8NC69,0,2,,,,
bg__Q8NCL8,0,1,,,,
bg__Q8NCR9,0,1,,,,
bg__Q8ND25,0,2,,,,
bg__Q8NDC0,0,1,,,,
bg__Q8NDD1,0,1,,,,
bg__Q8NDX9,0,1,,,,
bg__Q8NDY6,0,2,,,,
bg__Q8NE22,0,1,,,,
bg__Q8NEA5,0,1,,,,
bg__Q8NEB5,0,2,,,,
bg__Q8NEG0,0,1,,,,
bg__Q8NEJ0,0,2,,,,
bg__Q8NEJ9,0,2,,,,
bg__Q8NET5,0,1,,,,
bg__Q8NEV9,0,3,,,,
bg__Q8NEY3,0,2,,,,
bg__Q8NFK1,0,2,,,,
bg__Q8NG76,0,3,,,,
bg__Q8NG92,0,1,,,,
bg__Q8NG95,0,1,,,,
bg__Q8NG97,0,1,,,,
bg__Q8NG98,0,3,,,,
bg__Q8NGA0,0,1,,,,
bg__Q8NGA1,0,2,,,,
bg__Q8NGA4,0,1,,,,
bg__Q8NGA8,0,2,,,,
bg__Q8NGB4,0,1,,,,
bg__Q8NGB8,0,4,,,,
bg__Q8NGC4,0,2,,,,
bg__Q8NGC6,0,1,,,,
bg__Q8NGC8,0,1,,,,
bg__Q8NGD0,0,2,,,,
bg__Q8NGD2,0,1,,,,
bg__Q8NGD5,0,1,,,,
bg__Q8NGE0,0,1,,,,
bg__Q8NGE2,0,2,,,,
bg__Q8NGE3,0,1,,,,
bg__Q8NGE5,0,1,,,,
bg__Q8NGE8,0,3,,,,
bg__Q8NGE9,0,2,,,,
bg__Q8NGF1,0,1,,,,
bg__Q8NGF6,0,1,,,,
bg__Q8NGF7,0,1,,,,
bg__Q8NGF8,0,2,,,,
bg__Q8NGF9,0,1,,,,
bg__Q8NGG5,0,1,,,,
bg__Q8NGH5,0,3,,,,
bg__Q8NGH6,0,1,,,,
bg__Q8NGH9,0,1,,,,
bg__Q8NGI1,0,1,,,,
bg__Q8NGI7,0,1,,,,
bg__Q8NGI8,0,1,,,,
bg__Q8NGJ0,0,1,,,,
bg__Q8NGJ1,0,1,,,,
bg__Q8NGJ3,0,1,,,,
bg__Q8NGJ5,0,1,,,,
bg__Q8NGJ6,0,3,,,,
bg__Q8NGK0,0,1,,,,
bg__Q8NGK2,0,1,,,,
bg__Q8NGK3,0,2,,,,
bg__Q8NGK5,0,1,,,,
bg__Q8NGL0,0,1,,,,
bg__Q8NGL3,0,2,,,,
bg__Q8NGL4,0,1,,,,
bg__Q8NGL7,0,1,,,,
bg__Q8NGL9,0,1,,,,
bg__Q8NGM1,0,1,,,,
bg__Q8NGM8,0,1,,,,
bg__Q8NGM9,0,1,,,,
bg__Q8NGN0,0,1,,,,
bg__Q8NGN6,0,4,,,,
bg__Q8NGP2,0,3,,,,
bg__Q8NGP4,0,1,,,,
bg__Q8NGQ2,0,1,,,,
bg__Q8NGQ4,0,1,,,,
bg__Q8NGQ6,0,1,,,,
bg__Q8NGR3,0,1,,,,
bg__Q8NGR4,0,1,,,,
bg__Q8NGR5,0,1,,,,
bg__Q8NGR6,0,1,,,,
bg__Q8NGR8,0,1,,,,
bg__Q8NGR9,0,1,,,,
bg__Q8NGS0,0,1,,,,
bg__Q8NGS1,0,4,,,,
bg__Q8NGS4,0,1,,,,
bg__Q8NGS5,0,1,,,,
bg__Q8NGS7,0,1,,,,
bg__Q8NGS9,0,3,,,,
bg__Q8NGT2,0,1,,,,
bg__Q8NGU2,0,3,,,,
bg__Q8NGU4,0,1,,,,
bg__Q8NGX3,0,1,,,,
bg__Q8NGX5,0,2,,,,
bg__Q8NGX9,0,1,,,,
bg__Q8NGY1,0,1,,,,
bg__Q8NGY5,0,1,,,,
bg__Q8NGY6,0,1,,,,
bg__Q8NGZ2,0,1,,,,
bg__Q8NGZ3,0,1,,,,
bg__Q8NGZ4,0,1,,,,
bg__Q8NGZ5,0,1,,,,
bg__Q8NGZ6,0,1,,,,
bg__Q8NH01,0,1,,,,
bg__Q8NH02,0,1,,,,
bg__Q8NH05,0,1,,,,
bg__Q8NH16,0,4,,,,
bg__Q8NH18,0,2,,,,
bg__Q8NH19,0,1,,,,
bg__Q8NH42,0,1,,,,
bg__Q8NH43,0,1,,,,
bg__Q8NH49,0,1,,,,
bg__Q8NH51,0,2,,,,
bg__Q8NH53,0,1,,,,
bg__Q8NH59,0,1,,,,
bg__Q8NH63,0,1,,,,
bg__Q8NH69,0,1,,,,
bg__Q8NH72,0,1,,,,
bg__Q8NH73,0,1,,,,
bg__Q8NH74,0,2,,,,
bg__Q8NH76,0,1,,,,
bg__Q8NH90,0,2,,,,
bg__Q8NHA6,0,1,,,,
bg__Q8NHB8,0,2,,,,
bg__Q8NHC5,0,1,,,,
bg__Q8NHC7,0,1,,,,
bg__Q8NHC8,0,1,,,,
bg__Q8NHG8,0,2,,,,
bg__Q8NHR7,0,1,,,,
bg__Q8NHS0,0,2,,,,
bg__Q8NHV1,0,1,,,,
bg__Q8NHY5,0,1,,,,
bg__Q8NI29,0,2,,,,
bg__Q8NI38,0,1,,,,
bg__Q8NKB0,0,1,,,,
bg__Q8NKW5,0,1,,,,
bg__Q8NKX2,0,1,,,,
bg__Q8NL92,0,1,,,,
bg__Q8NM65,0,1,,,,
bg__Q8NMD4,0,2,,,,
bg__Q8NML3,0,1,,,,
bg__Q8NNJ1,0,1,,,,
bg__Q8NNK5,0,2,,,,
bg__Q8NP73,0,1,,,,
bg__Q8NP95,0,2,,,,
bg__Q8NQ42,0,1,,,,
bg__Q8NQ97,0,1,,,,
bg__Q8NQU2,0,1,,,,
bg__Q8NQU3,0,1,,,,
bg__Q8NQU4,0,1,,,,
bg__Q8NQV7,0,1,,,,
bg__Q8NR42,0,1,,,,
bg__Q8NRE3,0,1,,,,
bg__Q8NRY1,0,2,,,,
bg__Q8NSL2,0,2,,,,
bg__Q8NSM4,0,2,,,,
bg__Q8NSP8,0,1,,,,
bg__Q8NT90,0,1,,,,
bg__Q8NVH3,0,2,,,,
bg__Q8P1W3,0,10,,,,
bg__Q8P6P1,0,1,,,,
bg__Q8P8S4,0,1,,,,
bg__Q8P9N4,0,4,,,,
bg__Q8PB40,0,2,,,,
bg__Q8PC63,0,1,,,,
bg__Q8PC64,0,2,,,,
bg__Q8PCE7,0,5,,,,
bg__Q8PDA8,0,3,,,,
bg__Q8PFE9,0,5,,,,
bg__Q8PH49,0,1,,,,
bg__Q8PH61,0,2,,,,
bg__Q8PH63,0,8,,,,
bg__Q8PHA1,0,1,,,,
bg__Q8PIX4,0,2,,,,
bg__Q8PK11,0,1,,,,
bg__Q8PKT0,0,3,,,,
bg__Q8PLN5,0,3,,,,
bg__Q8PLR8,0,3,,,,
bg__Q8PNI0,0,1,,,,
bg__Q8PP25,0,4,,,,
bg__Q8PPA6,0,2,,,,
bg__Q8PPP2,0,5,,,,
bg__Q8PQ45,0,3,,,,
bg__Q8PQW6,0,5,,,,
bg__Q8PTC3,0,1,,,,
bg__Q8PUP4,0,1,,,,
bg__Q8PV21,0,1,,,,
bg__Q8PV96,0,1,,,,
bg__Q8PVJ4,0,1,,,,
bg__Q8PW55,0,1,,,,
bg__Q8PW86,0,1,,,,
bg__Q8PWT1,0,1,,,,
bg__Q8PXE2,0,1,,,,
bg__Q8PXE6,0,2,,,,
bg__Q8PXE7,0,1,,,,
bg__Q8PXL7,0,2,,,,
bg__Q8PYS1,0,1,,,,
bg__Q8PYU8,0,3,,,,
bg__Q8Q0A4,0,1,,,,
bg__Q8Q0J1,0,1,,,,
bg__Q8Q0R3,0,2,,,,
bg__Q8QZT2,0,1,,,,
bg__Q8QZY4,0,1,,,,
bg__Q8QZY6,0,2,,,,
bg__Q8R092,0,4,,,,
bg__Q8R0A6,0,2,,,,
bg__Q8R0E5,0,1,,,,
bg__Q8R0W6,0,2,,,,
bg__Q8R138,0,1,,,,
bg__Q8R164,0,2,,,,
bg__Q8R182,0,1,,,,
bg__Q8R183,0,1,,,,
bg__Q8R184,0,2,,,,
bg__Q8R197,0,2,,,,
bg__Q8R1H8,0,1,,,,
bg__Q8R1R5,0,1,,,,
bg__Q8R218,0,2,,,,
bg__Q8R2Y9,0,5,,,,
bg__Q8R2Z0,0,1,,,,
bg__Q8R3J5,0,2,,,,
bg__Q8R478,0,3,,,,
bg__Q8R4V1,0,1,,,,
bg__Q8R4X1,0,2,,,,
bg__Q8R537,0,2,,,,
bg__Q8R5H8,0,1,,,,
bg__Q8R5I0,0,1,,,,
bg__Q8R5J9,0,1,,,,
bg__Q8R5L7,0,4,,,,
bg__Q8R5T0,0,1,,,,
bg__Q8R5Z6,0,1,,,,
bg__Q8R666,0,1,,,,
bg__Q8R6B1,0,1,,,,
bg__Q8R6C8,0,1,,,,
bg__Q8R6L9,0,1,,,,
bg__Q8R7N2,0,1,,,,
bg__Q8R7X4,0,2,,,,
bg__Q8R7Y2,0,1,,,,
bg__Q8R807,0,1,,,,
bg__Q8R8N1,0,2,,,,
bg__Q8R984,0,1,,,,
bg__Q8R9E0,0,1,,,,
bg__Q8R9E1,0,1,,,,
bg__Q8R9N6,0,1,,,,
bg__Q8R9R5,0,1,,,,
bg__Q8RA90,0,1,,,,
bg__Q8RB32,0,1,,,,
bg__Q8RC29,0,2,,,,
bg__Q8RCN8,0,1,,,,
bg__Q8RCT3,0,1,,,,
bg__Q8RD35,0,1,,,,
bg__Q8RDX7,0,1,,,,
bg__Q8REC3,0,1,,,,
bg__Q8REJ7,0,1,,,,
bg__Q8RFG9,0,1,,,,
bg__Q8RFP5,0,1,,,,
bg__Q8RGF2,0,1,,,,
bg__Q8RGM1,0,1,,,,
bg__Q8RGM4,0,1,,,,
bg__Q8RGP6,0,1,,,,
bg__Q8RH35,0,1,,,,
bg__Q8RHM2,0,1,,,,
bg__Q8RHX2,0,1,,,,
bg__Q8RHX8,0,1,,,,
bg__Q8RI81,0,1,,,,
bg__Q8RJB2,0,1,,,,
bg__Q8RLD7,0,1,,,,
bg__Q8RLX0,0,2,,,,
bg__Q8RU31,0,1,,,,
bg__Q8RWA2,0,1,,,,
bg__Q8RWD7,0,1,,,,
bg__Q8RWM6,0,1,,,,
bg__Q8RWN5,0,1,,,,
bg__Q8RWU3,0,2,,,,
bg__Q8RWU7,0,2,,,,
bg__Q8RX33,0,1,,,,
bg__Q8RX71,0,1,,,,
bg__Q8RXD3,0,1,,,,
bg__Q8RXD5,0,1,,,,
bg__Q8RXH8,0,1,,,,
bg__Q8RXP6,0,1,,,,
bg__Q8RXV3,0,2,,,,
bg__Q8RXX5,0,2,,,,
bg__Q8RYD3,0,1,,,,
bg__Q8RYD9,0,1,,,,
bg__Q8RYE9,0,1,,,,
bg__Q8RZQ8,0,2,,,,
bg__Q8S0J7,0,1,,,,
bg__Q8S3D5,0,1,,,,
bg__Q8S3F1,0,1,,,,
bg__Q8S3N1,0,4,,,,
bg__Q8S8C6,0,2,,,,
bg__Q8S8E3,0,1,,,,
bg__Q8S8F8,0,1,,,,
bg__Q8S8F9,0,1,,,,
bg__Q8S8M5,0,1,,,,
bg__Q8S8Q6,0,1,,,,
bg__Q8S9K8,0,1,,,,
bg__Q8S9N6,0,1,,,,
bg__Q8S9Z5,0,1,,,,
bg__Q8SCY7,0,1,,,,
bg__Q8SD18,0,1,,,,
bg__Q8SPW2,0,5,,,,
bg__Q8SQG9,0,1,,,,
bg__Q8SQY3,0,1,,,,
bg__Q8SR66,0,1,,,,
bg__Q8SR86,0,1,,,,
bg__Q8SRB8,0,1,,,,
bg__Q8SRG2,0,1,,,,
bg__Q8SRL5,0,1,,,,
bg__Q8SRP3,0,1,,,,
bg__Q8SRU0,0,1,,,,
bg__Q8SS24,0,1,,,,
bg__Q8SS96,0,1,,,,
bg__Q8SSH0,0,1,,,,
bg__Q8SVS9,0,1,,,,
bg__Q8SX37,0,1,,,,
bg__Q8SXY6,0,1,,,,
bg__Q8T0D4,0,1,,,,
bg__Q8T0Q4,0,1,,,,
bg__Q8T0Z3,0,1,,,,
bg__Q8T154,0,1,,,,
bg__Q8T2F3,0,1,,,,
bg__Q8T9Z7,0,2,,,,
bg__Q8TAA3,0,6,,,,
bg__Q8TAA5,0,2,,,,
bg__Q8TAF8,0,2,,,,
bg__Q8TAK6,0,3,,,,
bg__Q8TAM6,0,2,,,,
bg__Q8TAT2,0,1,,,,
bg__Q8TAV0,0,1,,,,
bg__Q8TAV4,0,2,,,,
bg__Q8TAY7,0,1,,,,
bg__Q8TAZ6,0,1,,,,
bg__Q8TB03,0,1,,,,
bg__Q8TB68,0,3,,,,
bg__Q8TBB0,0,1,,,,
bg__Q8TBE3,0,1,,,,
bg__Q8TBF5,0,3,,,,
bg__Q8TBK6,0,1,,,,
bg__Q8TBR7,0,1,,,,
bg__Q8TC12,0,3,,,,
bg__Q8TC26,0,5,,,,
bg__Q8TCB6,0,1,,,,
bg__Q8TCD6,0,1,,,,
bg__Q8TCI5,0,1,,,,
bg__Q8TCT1,0,2,,,,
bg__Q8TCZ2,0,2,,,,
bg__Q8TD07,0,1,,,,
bg__Q8TDB4,0,1,,,,
bg__Q8TDC0,0,2,,,,
bg__Q8TDQ0,0,1,,,,
bg__Q8TDQ1,0,1,,,,
bg__Q8TDU5,0,1,,,,
bg__Q8TEA8,0,2,,,,
bg__Q8TF63,0,1,,,,
bg__Q8TF64,0,2,,,,
bg__Q8TF65,0,2,,,,
bg__Q8TFH3,0,1,,,,
bg__Q8TG40,0,1,,,,
bg__Q8TG42,0,1,,,,
bg__Q8TG90,0,1,,,,
bg__Q8THH4,0,1,,,,
bg__Q8THJ9,0,2,,,,
bg__Q8THL2,0,2,,,,
bg__Q8TIB8,0,1,,,,
bg__Q8TJK1,0,1,,,,
bg__Q8TJQ7,0,1,,,,
bg__Q8TKQ5,0,1,,,,
bg__Q8TLB1,0,1,,,,
bg__Q8TLB2,0,1,,,,
bg__Q8TLK5,0,2,,,,
bg__Q8TLP4,0,2,,,,
bg__Q8TMD5,0,2,,,,
bg__Q8TME2,0,1,,,,
bg__Q8TR06,0,1,,,,
bg__Q8TRK8,0,1,,,,
bg__Q8TRS3,0,1,,,,
bg__Q8TS37,0,1,,,,
bg__Q8TS47,0,1,,,,
bg__Q8TSX9,0,1,,,,
bg__Q8TT56,0,1,,,,
bg__Q8TT93,0,1,,,,
bg__Q8TT94,0,1,,,,
bg__Q8TT96,0,2,,,,
bg__Q8TUC1,0,1,,,,
bg__Q8TUT2,0,1,,,,
bg__Q8TUT6,0,1,,,,
bg__Q8TUX2,0,1,,,,
bg__Q8TUZ4,0,1,,,,
bg__Q8TVB8,0,1,,,,
bg__Q8TVL8,0,1,,,,
bg__Q8TWG0,0,1,,,,
bg__Q8TWG9,0,1,,,,
bg__Q8TWR1,0,1,,,,
bg__Q8TWU6,0,1,,,,
bg__Q8TX21,0,1,,,,
bg__Q8TX58,0,1,,,,
bg__Q8TXC8,0,1,,,,
bg__Q8TY71,0,1,,,,
bg__Q8TY76,0,1,,,,
bg__Q8TYA2,0,1,,,,
bg__Q8TZB4,0,1,,,,
bg__Q8TZH9,0,1,,,,
bg__Q8TZJ9,0,1,,,,
bg__Q8TZY8,0,1,,,,
bg__Q8U017,0,1,,,,
bg__Q8U0E4,0,4,,,,
bg__Q8U122,0,1,,,,
bg__Q8U194,0,1,,,,
bg__Q8U1G7,0,2,,,,
bg__Q8U1Q1,0,2,,,,
bg__Q8U1S4,0,1,,,,
bg__Q8U1S9,0,1,,,,
bg__Q8U207,0,1,,,,
bg__Q8U263,0,1,,,,
bg__Q8U2E4,0,1,,,,
bg__Q8U336,0,1,,,,
bg__Q8U377,0,2,,,,
bg__Q8U3H5,0,1,,,,
bg__Q8U400,0,1,,,,
bg__Q8U446,0,1,,,,
bg__Q8U492,0,1,,,,
bg__Q8U4G1,0,2,,,,
bg__Q8U4I9,0,1,,,,
bg__Q8U8D6,0,1,,,,
bg__Q8U9W1,0,1,,,,
bg__Q8UA66,0,4,,,,
bg__Q8UA91,0,3,,,,
bg__Q8UB75,0,1,,,,
bg__Q8UBY6,0,1,,,,
bg__Q8UC46,0,2,,,,
bg__Q8UCD2,0,4,,,,
bg__Q8UD97,0,2,,,,
bg__Q8UDU5,0,2,,,,
bg__Q8UEY9,0,1,,,,
bg__Q8UFA0,0,1,,,,
bg__Q8UGK1,0,3,,,,
bg__Q8UGK2,0,4,,,,
bg__Q8UGL3,0,4,,,,
bg__Q8UHP8,0,1,,,,
bg__Q8UIH4,0,1,,,,
bg__Q8UJ06,0,2,,,,
bg__Q8UW74,0,1,,,,
bg__Q8V3U4,0,1,,,,
bg__Q8VBV8,0,1,,,,
bg__Q8VBW8,0,1,,,,
bg__Q8VC04,0,2,,,,
bg__Q8VC26,0,2,,,,
bg__Q8VC49,0,1,,,,
bg__Q8VC88,0,1,,,,
bg__Q8VCC1,0,6,,,,
bg__Q8VCE6,0,1,,,,
bg__Q8VCG9,0,1,,,,
bg__Q8VCH2,0,1,,,,
bg__Q8VCI5,0,6,,,,
bg__Q8VCM3,0,2,,,,
bg__Q8VCR2,0,3,,,,
bg__Q8VCR7,0,1,,,,
bg__Q8VCV1,0,10,,,,
bg__Q8VCZ2,0,2,,,,
bg__Q8VD48,0,4,,,,
bg__Q8VD52,0,4,,,,
bg__Q8VD98,0,1,,,,
bg__Q8VDI1,0,1,,,,
bg__Q8VE10,0,3,,,,
bg__Q8VEN2,0,1,,,,
bg__Q8VEY3,0,3,,,,
bg__Q8VEZ0,0,10,,,,
bg__Q8VEZ1,0,2,,,,
bg__Q8VFK2,0,4,,,,
bg__Q8VFL5,0,2,,,,
bg__Q8VFL9,0,1,,,,
bg__Q8VFR8,0,1,,,,
bg__Q8VFV4,0,1,,,,
bg__Q8VFX2,0,2,,,,
bg__Q8VG13,0,10,,,,
bg__Q8VGD6,0,3,,,,
bg__Q8VGI1,0,8,,,,
bg__Q8VGQ7,0,1,,,,
bg__Q8VGS1,0,1,,,,
bg__Q8VGS3,0,2,,,,
bg__Q8VH31,0,1,,,,
bg__Q8VHK0,0,3,,,,
bg__Q8VHP9,0,2,,,,
bg__Q8VHQ4,0,6,,,,
bg__Q8VHW7,0,3,,,,
bg__Q8VI64,0,1,,,,
bg__Q8VI88,0,1,,,,
bg__Q8VIC6,0,6,,,,
bg__Q8VIK3,0,1,,,,
bg__Q8VIL2,0,2,,,,
bg__Q8VIL3,0,2,,,,
bg__Q8VPF2,0,1,,,,
bg__Q8VPF3,0,1,,,,
bg__Q8VSP9,0,1,,,,
bg__Q8VSR1,0,2,,,,
bg__Q8VWG3,0,1,,,,
bg__Q8VWI1,0,1,,,,
bg__Q8VWJ2,0,1,,,,
bg__Q8VWK4,0,1,,,,
bg__Q8VXQ7,0,1,,,,
bg__Q8VXQ9,0,2,,,,
bg__Q8VXU6,0,1,,,,
bg__Q8VXY4,0,1,,,,
bg__Q8VY52,0,1,,,,
bg__Q8VY76,0,1,,,,
bg__Q8VY90,0,1,,,,
bg__Q8VY91,0,1,,,,
bg__Q8VY92,0,2,,,,
bg__Q8VY98,0,1,,,,
bg__Q8VYA5,0,2,,,,
bg__Q8VYD8,0,1,,,,
bg__Q8VYF5,0,1,,,,
bg__Q8VYF7,0,1,,,,
bg__Q8VYI1,0,2,,,,
bg__Q8VYI3,0,1,,,,
bg__Q8VYI9,0,1,,,,
bg__Q8VYM4,0,1,,,,
bg__Q8VYN2,0,1,,,,
bg__Q8VYP5,0,1,,,,
bg__Q8VYR0,0,2,,,,
bg__Q8VYR2,0,1,,,,
bg__Q8VZ20,0,1,,,,
bg__Q8VZ22,0,1,,,,
bg__Q8VZ48,0,1,,,,
bg__Q8VZ52,0,1,,,,
bg__Q8VZ91,0,1,,,,
bg__Q8VZ95,0,2,,,,
bg__Q8VZB2,0,3,,,,
bg__Q8VZI9,0,2,,,,
bg__Q8VZJ7,0,1,,,,
bg__Q8VZK0,0,1,,,,
bg__Q8VZS8,0,1,,,,
bg__Q8VZT8,0,1,,,,
bg__Q8VZU9,0,1,,,,
bg__Q8VZW1,0,2,,,,
bg__Q8W036,0,1,,,,
bg__Q8W037,0,1,,,,
bg__Q8W119,0,1,,,,
bg__Q8W1E3,0,1,,,,
bg__Q8W1P0,0,1,,,,
bg__Q8W1X2,0,1,,,,
bg__Q8W2F2,0,1,,,,
bg__Q8W2X8,0,1,,,,
bg__Q8W405,0,2,,,,
bg__Q8W4C8,0,2,,,,
bg__Q8W4J8,0,1,,,,
bg__Q8WQA4,0,1,,,,
bg__Q8WSR7,0,1,,,,
bg__Q8WTC1,0,1,,,,
bg__Q8WTD3,0,1,,,,
bg__Q8WTM6,0,1,,,,
bg__Q8WTR2,0,1,,,,
bg__Q8WTV1,0,1,,,,
bg__Q8WU03,0,1,,,,
bg__Q8WUE5,0,1,,,,
bg__Q8WUJ1,0,3,,,,
bg__Q8WUN7,0,1,,,,
bg__Q8WUU5,0,3,,,,
bg__Q8WUU8,0,2,,,,
bg__Q8WV48,0,1,,,,
bg__Q8WV74,0,1,,,,
bg__Q8WVC6,0,1,,,,
bg__Q8WVD5,0,2,,,,
bg__Q8WVL7,0,2,,,,
bg__Q8WVN6,0,1,,,,
bg__Q8WVY7,0,5,,,,
bg__Q8WVZ1,0,1,,,,
bg__Q8WW62,0,3,,,,
bg__Q8WWA1,0,1,,,,
bg__Q8WWB5,0,1,,,,
bg__Q8WWC4,0,2,,,,
bg__Q8WWF3,0,1,,,,
bg__Q8WWG9,0,1,,,,
bg__Q8WWM9,0,2,,,,
bg__Q8WWP7,0,1,,,,
bg__Q8WWZ3,0,1,,,,
bg__Q8WX77,0,2,,,,
bg__Q8WXF0,0,1,,,,
bg__Q8WXK3,0,1,,,,
bg__Q8WXK4,0,1,,,,
bg__Q8WXX5,0,2,,,,
bg__Q8WY22,0,1,,,,
bg__Q8WY41,0,2,,,,
bg__Q8WYR4,0,2,,,,
bg__Q8WZ55,0,3,,,,
bg__Q8WZ71,0,3,,,,
bg__Q8WZ82,0,2,,,,
bg__Q8WZJ8,0,1,,,,
bg__Q8X1T0,0,1,,,,
bg__Q8X5U1,0,5,,,,
bg__Q8X5W0,0,7,,,,
bg__Q8X6C5,0,2,,,,
bg__Q8X6R8,0,2,,,,
bg__Q8X724,0,1,,,,
bg__Q8XAU3,0,3,,,,
bg__Q8XBI9,0,2,,,,
bg__Q8XBL0,0,9,,,,
bg__Q8XD48,0,1,,,,
bg__Q8XE10,0,19,,,,
bg__Q8XE72,0,3,,,,
bg__Q8XHJ4,0,2,,,,
bg__Q8XHV5,0,1,,,,
bg__Q8XI68,0,1,,,,
bg__Q8XJ55,0,2,,,,
bg__Q8XJN8,0,3,,,,
bg__Q8XJQ0,0,1,,,,
bg__Q8XKQ7,0,2,,,,
bg__Q8XL81,0,2,,,,
bg__Q8XLK5,0,1,,,,
bg__Q8XLM2,0,1,,,,
bg__Q8XLQ0,0,1,,,,
bg__Q8XM71,0,1,,,,
bg__Q8XMZ0,0,2,,,,
bg__Q8XNZ3,0,1,,,,
bg__Q8XQG9,0,1,,,,
bg__Q8XRV9,0,3,,,,
bg__Q8XV83,0,1,,,,
bg__Q8XVK2,0,1,,,,
bg__Q8XVT2,0,1,,,,
bg__Q8XXX8,0,2,,,,
bg__Q8Y015,0,1,,,,
bg__Q8Y0H8,0,8,,,,
bg__Q8Y342,0,3,,,,
bg__Q8Y344,0,3,,,,
bg__Q8Y457,0,2,,,,
bg__Q8Y489,0,1,,,,
bg__Q8Y565,0,1,,,,
bg__Q8Y585,0,1,,,,
bg__Q8Y588,0,1,,,,
bg__Q8Y653,0,1,,,,
bg__Q8Y678,0,1,,,,
bg__Q8Y691,0,2,,,,
bg__Q8Y6R2,0,1,,,,
bg__Q8Y6T6,0,3,,,,
bg__Q8Y6V9,0,2,,,,
bg__Q8Y6Y4,0,1,,,,
bg__Q8Y6Z7,0,1,,,,
bg__Q8Y729,0,4,,,,
bg__Q8Y766,0,2,,,,
bg__Q8Y7F3,0,1,,,,
bg__Q8Y7K0,0,1,,,,
bg__Q8Y7K4,0,3,,,,
bg__Q8Y8D7,0,2,,,,
bg__Q8Y9C1,0,1,,,,
bg__Q8Y9L8,0,1,,,,
bg__Q8YA44,0,1,,,,
bg__Q8YAE1,0,2,,,,
bg__Q8YCN7,0,2,,,,
bg__Q8YFA2,0,1,,,,
bg__Q8YFI3,0,1,,,,
bg__Q8YGW9,0,1,,,,
bg__Q8YHG1,0,10,,,,
bg__Q8YHP0,0,1,,,,
bg__Q8YI29,0,3,,,,
bg__Q8YI59,0,2,,,,
bg__Q8YI63,0,3,,,,
bg__Q8YLG0,0,1,,,,
bg__Q8YM45,0,2,,,,
bg__Q8YMT3,0,1,,,,
bg__Q8YN19,0,2,,,,
bg__Q8YNJ3,0,1,,,,
bg__Q8YQB1,0,1,,,,
bg__Q8YQD7,0,1,,,,
bg__Q8YS61,0,1,,,,
bg__Q8YT18,0,1,,,,
bg__Q8YU19,0,2,,,,
bg__Q8YVC1,0,2,,,,
bg__Q8YVS7,0,1,,,,
bg__Q8YXD1,0,2,,,,
bg__Q8YZ37,0,1,,,,
bg__Q8YZ99,0,2,,,,
bg__Q8Z023,0,1,,,,
bg__Q8Z086,0,3,,,,
bg__Q8Z1W6,0,1,,,,
bg__Q8Z6A7,0,1,,,,
bg__Q8Z7D5,0,2,,,,
bg__Q8Z983,0,6,,,,
bg__Q8Z989,0,1,,,,
bg__Q8ZA34,0,1,,,,
bg__Q8ZAG5,0,3,,,,
bg__Q8ZBP3,0,5,,,,
bg__Q8ZBZ2,0,1,,,,
bg__Q8ZC51,0,1,,,,
bg__Q8ZC98,0,2,,,,
bg__Q8ZDX6,0,1,,,,
bg__Q8ZG08,0,2,,,,
bg__Q8ZGA4,0,2,,,,
bg__Q8ZGM2,0,3,,,,
bg__Q8ZGU5,0,1,,,,
bg__Q8ZH09,0,8,,,,
bg__Q8ZH36,0,2,,,,
bg__Q8ZH57,0,1,,,,
bg__Q8ZJD0,0,1,,,,
bg__Q8ZKR2,0,1,,,,
bg__Q8ZL65,0,1,,,,
bg__Q8ZLS0,0,2,,,,
bg__Q8ZM00,0,1,,,,
bg__Q8ZMF9,0,2,,,,
bg__Q8ZMH3,0,1,,,,
bg__Q8ZP19,0,2,,,,
bg__Q8ZPA3,0,1,,,,
bg__Q8ZPK1,0,1,,,,
bg__Q8ZPK2,0,1,,,,
bg__Q8ZPS6,0,1,,,,
bg__Q8ZPX9,0,1,,,,
bg__Q8ZQ16,0,2,,,,
bg__Q8ZQC8,0,1,,,,
bg__Q8ZQU2,0,2,,,,
bg__Q8ZRV2,0,5,,,,
bg__Q8ZRX5,0,4,,,,
bg__Q8ZT00,0,1,,,,
bg__Q8ZTB2,0,1,,,,
bg__Q8ZTS6,0,1,,,,
bg__Q8ZU54,0,1,,,,
bg__Q8ZU79,0,1,,,,
bg__Q8ZU99,0,2,,,,
bg__Q8ZVK6,0,1,,,,
bg__Q8ZVX7,0,1,,,,
bg__Q8ZW59,0,1,,,,
bg__Q8ZWV0,0,2,,,,
bg__Q8ZXM4,0,1,,,,
bg__Q8ZY36,0,2,,,,
bg__Q8ZYN0,0,1,,,,
bg__Q8ZYS2,0,1,,,,
bg__Q8ZZK1,0,1,,,,
bg__Q8ZZZ0,0,1,,,,
bg__Q90257,0,1,,,,
bg__Q90314,0,2,,,,
bg__Q90373,0,1,,,,
bg__Q90423,0,1,,,,
bg__Q90456,0,1,,,,
bg__Q90470,0,1,,,,
bg__Q90471,0,1,,,,
bg__Q90472,0,1,,,,
bg__Q90479,0,1,,,,
bg__Q90830,0,1,,,,
bg__Q90872,0,1,,,,
bg__Q90873,0,1,,,,
bg__Q90888,0,2,,,,
bg__Q90944,0,1,,,,
bg__Q90WV8,0,1,,,,
bg__Q90XB3,0,1,,,,
bg__Q90YI0,0,1,,,,
bg__Q90YI1,0,1,,,,
bg__Q90YR7,0,1,,,,
bg__Q90YR8,0,4,,,,
bg__Q90YS4,0,18,,,,
bg__Q90ZB9,0,1,,,,
bg__Q90ZF9,0,1,,,,
bg__Q91082,0,1,,,,
bg__Q91154,0,2,,,,
bg__Q912W1,0,1,,,,
bg__Q91424,0,1,,,,
bg__Q91622,0,1,,,,
bg__Q91642,0,1,,,,
bg__Q91664,0,1,,,,
bg__Q91727,0,6,,,,
bg__Q91836,0,1,,,,
bg__Q91848,0,1,,,,
bg__Q91875,0,1,,,,
bg__Q91974,0,4,,,,
bg__Q91DD6,0,2,,,,
bg__Q91DS2,0,1,,,,
bg__Q91EK3,0,1,,,,
bg__Q91UZ5,0,3,,,,
bg__Q91V80,0,1,,,,
bg__Q91VD1,0,1,,,,
bg__Q91VE6,0,2,,,,
bg__Q91VF2,0,5,,,,
bg__Q91VN4,0,2,,,,
bg__Q91VU0,0,4,,,,
bg__Q91W61,0,4,,,,
bg__Q91W78,0,4,,,,
bg__Q91WA4,0,3,,,,
bg__Q91WL6,0,3,,,,
bg__Q91WW2,0,7,,,,
bg__Q91X58,0,3,,,,
bg__Q91X86,0,1,,,,
bg__Q91XB0,0,1,,,,
bg__Q91XE0,0,5,,,,
bg__Q91XQ6,0,2,,,,
bg__Q91YJ3,0,2,,,,
bg__Q91YY4,0,2,,,,
bg__Q91Z38,0,2,,,,
bg__Q91Z84,0,3,,,,
bg__Q91ZB5,0,1,,,,
bg__Q91ZE9,0,2,,,,
bg__Q91ZM8,0,1,,,,
bg__Q91ZP6,0,1,,,,
bg__Q91ZU0,0,2,,,,
bg__Q91ZW1,0,2,,,,
bg__Q91ZW8,0,1,,,,
bg__Q91ZX1,0,1,,,,
bg__Q92047,0,6,,,,
bg__Q92051,0,2,,,,
bg__Q920A1,0,2,,,,
bg__Q920I0,0,3,,,,
bg__Q920L5,0,5,,,,
bg__Q920L7,0,9,,,,
bg__Q92172,0,4,,,,
bg__Q921C1,0,1,,,,
bg__Q921E2,0,1,,,,
bg__Q921H9,0,2,,,,
bg__Q921K9,0,1,,,,
bg__Q921N7,0,1,,,,
bg__Q92328,0,1,,,,
bg__Q92361,0,1,,,,
bg__Q92373,0,1,,,,
bg__Q92377,0,1,,,,
bg__Q923D2,0,2,,,,
bg__Q92482,0,5,,,,
bg__Q924M5,0,2,,,,
bg__Q92506,0,5,,,,
bg__Q92522,0,1,,,,
bg__Q92527,0,1,,,,
bg__Q92535,0,1,,,,
bg__Q92537,0,2,,,,
bg__Q92564,0,3,,,,
bg__Q92567,0,1,,,,
bg__Q925D4,0,2,,,,
bg__Q925G2,0,4,,,,
bg__Q925N1,0,1,,,,
bg__Q925N7,0,1,,,,
bg__Q925S4,0,1,,,,
bg__Q925U0,0,1,,,,
bg__Q92600,0,5,,,,
bg__Q92637,0,1,,,,
bg__Q92781,0,2,,,,
bg__Q927A7,0,1,,,,
bg__Q927Z7,0,2,,,,
bg__Q92820,0,2,,,,
bg__Q92837,0,4,,,,
bg__Q92871,0,2,,,,
bg__Q92874,0,2,,,,
bg__Q928I1,0,1,,,,
bg__Q92913,0,3,,,,
bg__Q92914,0,1,,,,
bg__Q92956,0,1,,,,
bg__Q92979,0,2,,,,
bg__Q929H1,0,2,,,,
bg__Q92BB9,0,2,,,,
bg__Q92BE2,0,2,,,,
bg__Q92BF1,0,2,,,,
bg__Q92BI0,0,1,,,,
bg__Q92BL6,0,2,,,,
bg__Q92C68,0,1,,,,
bg__Q92CH0,0,2,,,,
bg__Q92CI0,0,1,,,,
bg__Q92DN4,0,1,,,,
bg__Q92ET8,0,1,,,,
bg__Q92EU4,0,1,,,,
bg__Q92EU6,0,1,,,,
bg__Q92EW7,0,3,,,,
bg__Q92F65,0,1,,,,
bg__Q92F68,0,8,,,,
bg__Q92G95,0,1,,,,
bg__Q92GC1,0,4,,,,
bg__Q92GV0,0,6,,,,
bg__Q92HU9,0,1,,,,
bg__Q92I65,0,1,,,,
bg__Q92J26,0,1,,,,
bg__Q92JJ8,0,5,,,,
bg__Q92LF6,0,1,,,,
bg__Q92LF7,0,1,,,,
bg__Q92ME2,0,2,,,,
bg__Q92NF6,0,1,,,,
bg__Q92NN0,0,2,,,,
bg__Q92P97,0,2,,,,
bg__Q92PB2,0,1,,,,
bg__Q92PC8,0,1,,,,
bg__Q92PZ7,0,2,,,,
bg__Q92Q99,0,6,,,,
bg__Q92QE7,0,2,,,,
bg__Q92QE8,0,1,,,,
bg__Q92QJ0,0,1,,,,
bg__Q92R43,0,1,,,,
bg__Q92R45,0,2,,,,
bg__Q92RN6,0,1,,,,
bg__Q92RN7,0,1,,,,
bg__Q92SA6,0,1,,,,
bg__Q92T25,0,6,,,,
bg__Q92UX0,0,2,,,,
bg__Q92V71,0,1,,,,
bg__Q92Y27,0,3,,,,
bg__Q93070,0,2,,,,
bg__Q930T2,0,1,,,,
bg__Q93112,0,1,,,,
bg__Q93235,0,2,,,,
bg__Q93246,0,1,,,,
bg__Q93352,0,1,,,,
bg__Q93356,0,1,,,,
bg__Q93459,0,1,,,,
bg__Q934G3,0,1,,,,
bg__Q93561,0,1,,,,
bg__Q93572,0,1,,,,
bg__Q93654,0,1,,,,
bg__Q93727,0,1,,,,
bg__Q937L4,0,1,,,,
bg__Q937P0,0,3,,,,
bg__Q93841,0,1,,,,
bg__Q93899,0,1,,,,
bg__Q939U1,0,1,,,,
bg__Q93CE9,0,2,,,,
bg__Q93DY2,0,1,,,,
bg__Q93DY8,0,1,,,,
bg__Q93DY9,0,1,,,,
bg__Q93F76,0,3,,,,
bg__Q93GB7,0,4,,,,
bg__Q93GX3,0,1,,,,
bg__Q93HX6,0,1,,,,
bg__Q93J06,0,1,,,,
bg__Q93JT2,0,1,,,,
bg__Q93JX5,0,1,,,,
bg__Q93K00,0,1,,,,
bg__Q93K97,0,1,,,,
bg__Q93LQ8,0,1,,,,
bg__Q93LR4,0,1,,,,
bg__Q93MD2,0,1,,,,
bg__Q93MW7,0,1,,,,
bg__Q93NG1,0,1,,,,
bg__Q93PS7,0,1,,,,
bg__Q93Q56,0,1,,,,
bg__Q93RV9,0,2,,,,
bg__Q93RZ5,0,1,,,,
bg__Q93TN0,0,1,,,,
bg__Q93TU6,0,1,,,,
bg__Q93UV7,0,1,,,,
bg__Q93V51,0,1,,,,
bg__Q93V66,0,1,,,,
bg__Q93V72,0,1,,,,
bg__Q93V74,0,1,,,,
bg__Q93V93,0,1,,,,
bg__Q93VH6,0,1,,,,
bg__Q93VJ4,0,1,,,,
bg__Q93VK0,0,1,,,,
bg__Q93VV0,0,1,,,,
bg__Q93VY3,0,1,,,,
bg__Q93W20,0,1,,,,
bg__Q93W22,0,3,,,,
bg__Q93W77,0,1,,,,
bg__Q93W88,0,1,,,,
bg__Q93WC4,0,1,,,,
bg__Q93WD2,0,1,,,,
bg__Q93WG3,0,1,,,,
bg__Q93WL3,0,1,,,,
bg__Q93WV4,0,1,,,,
bg__Q93WV5,0,1,,,,
bg__Q93WV6,0,1,,,,
bg__Q93X62,0,4,,,,
bg__Q93XM7,0,1,,,,
bg__Q93Y38,0,1,,,,
bg__Q93Y52,0,1,,,,
bg__Q93YN8,0,1,,,,
bg__Q93Z96,0,1,,,,
bg__Q93ZT5,0,1,,,,
bg__Q94051,0,1,,,,
bg__Q940H2,0,1,,,,
bg__Q940P5,0,1,,,,
bg__Q940Q3,0,1,,,,
bg__Q940U6,0,1,,,,
bg__Q94124,0,4,,,,
bg__Q94126,0,1,,,,
bg__Q94165,0,1,,,,
bg__Q941D3,0,1,,,,
bg__Q941D5,0,1,,,,
bg__Q94230,0,1,,,,
bg__Q942A1,0,1,,,,
bg__Q942A7,0,1,,,,
bg__Q942A8,0,2,,,,
bg__Q942D6,0,1,,,,
bg__Q942X4,0,1,,,,
bg__Q94398,0,1,,,,
bg__Q943K1,0,3,,,,
bg__Q94465,0,1,,,,
bg__Q944A9,0,1,,,,
bg__Q944M5,0,1,,,,
bg__Q944S9,0,1,,,,
bg__Q94516,0,1,,,,
bg__Q94521,0,1,,,,
bg__Q94529,0,1,,,,
bg__Q94535,0,6,,,,
bg__Q945M9,0,1,,,,
bg__Q945P1,0,1,,,,
bg__Q945P6,0,1,,,,
bg__Q946Y7,0,1,,,,
bg__Q94715,0,1,,,,
bg__Q94733,0,1,,,,
bg__Q947G8,0,1,,,,
bg__Q948R9,0,1,,,,
bg__Q948T6,0,3,,,,
bg__Q94920,0,1,,,,
bg__Q949R4,0,1,,,,
bg__Q949S5,0,1,,,,
bg__Q949S9,0,1,,,,
bg__Q949U7,0,1,,,,
bg__Q94A16,0,1,,,,
bg__Q94A21,0,1,,,,
bg__Q94A32,0,1,,,,
bg__Q94A43,0,1,,,,
bg__Q94A57,0,2,,,,
bg__Q94AC8,0,1,,,,
bg__Q94AF0,0,1,,,,
bg__Q94AH1,0,2,,,,
bg__Q94AH9,0,5,,,,
bg__Q94AK4,0,1,,,,
bg__Q94AL8,0,1,,,,
bg__Q94AQ9,0,1,,,,
bg__Q94AU2,0,1,,,,
bg__Q94AU7,0,1,,,,
bg__Q94AX2,0,1,,,,
bg__Q94B60,0,1,,,,
bg__Q94B74,0,1,,,,
bg__Q94BQ5,0,1,,,,
bg__Q94BT2,0,1,,,,
bg__Q94BV2,0,1,,,,
bg__Q94C32,0,1,,,,
bg__Q94C49,0,1,,,,
bg__Q94C69,0,1,,,,
bg__Q94CE3,0,1,,,,
bg__Q94CE4,0,2,,,,
bg__Q94CK4,0,1,,,,
bg__Q94CK6,0,1,,,,
bg__Q94CK9,0,1,,,,
bg__Q94CL9,0,1,,,,
bg__Q94CV1,0,1,,,,
bg__Q94EG3,0,1,,,,
bg__Q94EH8,0,2,,,,
bg__Q94EY1,0,1,,,,
bg__Q94F39,0,1,,,,
bg__Q94FT2,0,1,,,,
bg__Q94G16,0,1,,,,
bg__Q94HF1,0,1,,,,
bg__Q94IB9,0,1,,,,
bg__Q94JM2,0,1,,,,
bg__Q94JT5,0,1,,,,
bg__Q94JU3,0,1,,,,
bg__Q94JV5,0,1,,,,
bg__Q94JX9,0,1,,,,
bg__Q94K71,0,1,,,,
bg__Q94KK5,0,1,,,,
bg__Q94KK6,0,1,,,,
bg__Q94KK7,0,2,,,,
bg__Q94KL7,0,1,,,,
bg__Q94LR4,0,4,,,,
bg__Q94LW3,0,2,,,,
bg__Q95005,0,1,,,,
bg__Q95083,0,3,,,,
bg__Q95104,0,3,,,,
bg__Q95245,0,5,,,,
bg__Q95323,0,1,,,,
bg__Q95332,0,1,,,,
bg__Q95JH2,0,4,,,,
bg__Q95N18,0,11,,,,
bg__Q95NH6,0,1,,,,
bg__Q95NM6,0,1,,,,
bg__Q95NY5,0,1,,,,
bg__Q95Q17,0,1,,,,
bg__Q95Q39,0,1,,,,
bg__Q95Q89,0,1,,,,
bg__Q95R14,0,1,,,,
bg__Q95RA8,0,2,,,,
bg__Q95RA9,0,1,,,,
bg__Q95RQ4,0,1,,,,
bg__Q95SS8,0,1,,,,
bg__Q95SX8,0,1,,,,
bg__Q95UJ0,0,1,,,,
bg__Q95UQ1,0,1,,,,
bg__Q95W85,0,2,,,,
bg__Q95X94,0,1,,,,
bg__Q95XD0,0,1,,,,
bg__Q95XZ6,0,1,,,,
bg__Q95Y12,0,1,,,,
bg__Q95ZE9,0,2,,,,
bg__Q95ZW1,0,2,,,,
bg__Q96183,0,5,,,,
bg__Q961C9,0,1,,,,
bg__Q96251,0,1,,,,
bg__Q96252,0,1,,,,
bg__Q96262,0,1,,,,
bg__Q96266,0,1,,,,
bg__Q96288,0,1,,,,
bg__Q96320,0,1,,,,
bg__Q96324,0,1,,,,
bg__Q96326,0,1,,,,
bg__Q966C6,0,1,,,,
bg__Q966L8,0,1,,,,
bg__Q96706,0,2,,,,
bg__Q96912,0,1,,,,
bg__Q969I3,0,1,,,,
bg__Q969J5,0,1,,,,
bg__Q969T7,0,3,,,,
bg__Q969W9,0,2,,,,
bg__Q969X0,0,2,,,,
bg__Q969X1,0,2,,,,
bg__Q969X5,0,3,,,,
bg__Q96A25,0,2,,,,
bg__Q96A28,0,1,,,,
bg__Q96A35,0,2,,,,
bg__Q96A44,0,5,,,,
bg__Q96A56,0,3,,,,
bg__Q96A61,0,1,,,,
bg__Q96A73,0,3,,,,
bg__Q96AB3,0,1,,,,
bg__Q96AQ9,0,1,,,,
bg__Q96AT9,0,2,,,,
bg__Q96BD8,0,4,,,,
bg__Q96BF3,0,1,,,,
bg__Q96BI3,0,2,,,,
bg__Q96BJ3,0,3,,,,
bg__Q96BM1,0,1,,,,
bg__Q96BQ1,0,2,,,,
bg__Q96BQ5,0,1,,,,
bg__Q96BZ8,0,1,,,,
bg__Q96C36,0,7,,,,
bg__Q96C55,0,1,,,,
bg__Q96C57,0,1,,,,
bg__Q96C74,0,1,,,,
bg__Q96CA5,0,1,,,,
bg__Q96CE8,0,1,,,,
bg__Q96CF2,0,4,,,,
bg__Q96CQ1,0,2,,,,
bg__Q96CS7,0,2,,,,
bg__Q96CW6,0,2,,,,
bg__Q96CX3,0,2,,,,
bg__Q96D21,0,2,,,,
bg__Q96D96,0,2,,,,
bg__Q96DB5,0,3,,,,
bg__Q96DC8,0,2,,,,
bg__Q96DC9,0,2,,,,
bg__Q96DG6,0,2,,,,
bg__Q96DN0,0,2,,,,
bg__Q96DR5,0,1,,,,
bg__Q96DX5,0,2,,,,
bg__Q96DX8,0,1,,,,
bg__Q96DZ7,0,1,,,,
bg__Q96E09,0,3,,,,
bg__Q96E11,0,1,,,,
bg__Q96EC8,0,4,,,,
bg__Q96EF9,0,1,,,,
bg__Q96EH3,0,2,,,,
bg__Q96EH8,0,1,,,,
bg__Q96EK4,0,3,,,,
bg__Q96EK6,0,2,,,,
bg__Q96EL1,0,2,,,,
bg__Q96EN9,0,1,,,,
bg__Q96ET8,0,1,,,,
bg__Q96EU6,0,2,,,,
bg__Q96EU7,0,3,,,,
bg__Q96EY5,0,4,,,,
bg__Q96EY8,0,3,,,,
bg__Q96EZ4,0,1,,,,
bg__Q96F15,0,1,,,,
bg__Q96F24,0,3,,,,
bg__Q96FF9,0,1,,,,
bg__Q96FM1,0,4,,,,
bg__Q96FT9,0,2,,,,
bg__Q96FW1,0,2,,,,
bg__Q96GE6,0,1,,,,
bg__Q96GG9,0,4,,,,
bg__Q96GX9,0,6,,,,
bg__Q96H12,0,1,,,,
bg__Q96H20,0,4,,,,
bg__Q96H78,0,2,,,,
bg__Q96H79,0,1,,,,
bg__Q96HA9,0,2,,,,
bg__Q96HD9,0,1,,,,
bg__Q96HF1,0,3,,,,
bg__Q96HJ5,0,1,,,,
bg__Q96HP4,0,1,,,,
bg__Q96HP8,0,1,,,,
bg__Q96HR9,0,2,,,,
bg__Q96HS1,0,3,,,,
bg__Q96HU8,0,1,,,,
bg__Q96HV5,0,1,,,,
bg__Q96HZ4,0,1,,,,
bg__Q96I27,0,1,,,,
bg__Q96IK0,0,1,,,,
bg__Q96IL0,0,2,,,,
bg__Q96IQ9,0,2,,,,
bg__Q96IU2,0,1,,,,
bg__Q96IY1,0,1,,,,
bg__Q96IZ2,0,1,,,,
bg__Q96J88,0,1,,,,
bg__Q96JC9,0,2,,,,
bg__Q96JD6,0,4,,,,
bg__Q96JQ5,0,1,,,,
bg__Q96K30,0,2,,,,
bg__Q96KK4,0,1,,,,
bg__Q96KN1,0,1,,,,
bg__Q96KN4,0,1,,,,
bg__Q96KN8,0,1,,,,
bg__Q96L08,0,1,,,,
bg__Q96L14,0,1,,,,
bg__Q96L46,0,1,,,,
bg__Q96LJ7,0,2,,,,
bg__Q96LJ8,0,1,,,,
bg__Q96LL4,0,1,,,,
bg__Q96LL9,0,1,,,,
bg__Q96LR9,0,2,,,,
bg__Q96LT6,0,1,,,,
bg__Q96M98,0,3,,,,
bg__Q96MF6,0,1,,,,
bg__Q96MG7,0,2,,,,
bg__Q96MM3,0,1,,,,
bg__Q96MN5,0,1,,,,
bg__Q96MP8,0,3,,,,
bg__Q96MW1,0,1,,,,
bg__Q96MX0,0,1,,,,
bg__Q96N20,0,1,,,,
bg__Q96NT3,0,1,,,,
bg__Q96P09,0,1,,,,
bg__Q96P16,0,2,,,,
bg__Q96P88,0,1,,,,
bg__Q96PB8,0,1,,,,
bg__Q96PG2,0,1,,,,
bg__Q96PG8,0,1,,,,
bg__Q96PM5,0,2,,,,
bg__Q96PN8,0,2,,,,
bg__Q96PS8,0,1,,,,
bg__Q96QS1,0,1,,,,
bg__Q96R08,0,3,,,,
bg__Q96R54,0,1,,,,
bg__Q96R72,0,1,,,,
bg__Q96RB7,0,1,,,,
bg__Q96RC9,0,1,,,,
bg__Q96RD1,0,1,,,,
bg__Q96RD3,0,2,,,,
bg__Q96RK1,0,1,,,,
bg__Q96S44,0,2,,,,
bg__Q96S90,0,1,,,,
bg__Q96S96,0,1,,,,
bg__Q96SI1,0,6,,,,
bg__Q96SN7,0,2,,,,
bg__Q96SZ5,0,2,,,,
bg__Q96T55,0,2,,,,
bg__Q96T66,0,2,,,,
bg__Q96TJ5,0,1,,,,
bg__Q96VN5,0,2,,,,
bg__Q96WV1,0,1,,,,
bg__Q96WY0,0,1,,,,
bg__Q96XN9,0,1,,,,
bg__Q96YC2,0,1,,,,
bg__Q96YD0,0,1,,,,
bg__Q973F3,0,1,,,,
bg__Q975M2,0,1,,,,
bg__Q975Z7,0,1,,,,
bg__Q976H1,0,1,,,,
bg__Q979G6,0,2,,,,
bg__Q97AU2,0,1,,,,
bg__Q97B93,0,1,,,,
bg__Q97C13,0,1,,,,
bg__Q97CA5,0,1,,,,
bg__Q97CW0,0,1,,,,
bg__Q97D55,0,1,,,,
bg__Q97D80,0,1,,,,
bg__Q97E93,0,1,,,,
bg__Q97E97,0,1,,,,
bg__Q97FL9,0,1,,,,
bg__Q97FZ9,0,1,,,,
bg__Q97GH8,0,1,,,,
bg__Q97I21,0,1,,,,
bg__Q97IA4,0,1,,,,
bg__Q97LG6,0,1,,,,
bg__Q97LP4,0,1,,,,
bg__Q97MB4,0,1,,,,
bg__Q97ML3,0,1,,,,
bg__Q97NI6,0,1,,,,
bg__Q97QJ3,0,1,,,,
bg__Q97QZ1,0,1,,,,
bg__Q97R61,0,2,,,,
bg__Q97R83,0,7,,,,
bg__Q97RQ3,0,4,,,,
bg__Q97SR4,0,1,,,,
bg__Q97TZ6,0,3,,,,
bg__Q97U28,0,2,,,,
bg__Q97U29,0,1,,,,
bg__Q97UA0,0,1,,,,
bg__Q97VT7,0,1,,,,
bg__Q97W92,0,1,,,,
bg__Q97WN9,0,1,,,,
bg__Q97Y84,0,1,,,,
bg__Q97YD4,0,1,,,,
bg__Q97Z86,0,1,,,,
bg__Q97ZC4,0,1,,,,
bg__Q97ZE2,0,2,,,,
bg__Q980C3,0,1,,,,
bg__Q980D2,0,1,,,,
bg__Q98325,0,1,,,,
bg__Q98876,0,1,,,,
bg__Q98877,0,1,,,,
bg__Q98878,0,1,,,,
bg__Q98879,0,1,,,,
bg__Q988B7,0,1,,,,
bg__Q988B9,0,1,,,,
bg__Q988C8,0,1,,,,
bg__Q988D0,0,1,,,,
bg__Q988D4,0,1,,,,
bg__Q989T9,0,1,,,,
bg__Q98AM3,0,1,,,,
bg__Q98DE8,0,2,,,,
bg__Q98DM7,0,2,,,,
bg__Q98FG8,0,1,,,,
bg__Q98FW0,0,1,,,,
bg__Q98GP9,0,1,,,,
bg__Q98I52,0,1,,,,
bg__Q98NC4,0,1,,,,
bg__Q98NJ1,0,1,,,,
bg__Q98PN8,0,1,,,,
bg__Q98PU6,0,1,,,,
bg__Q98QQ1,0,1,,,,
bg__Q98QQ2,0,1,,,,
bg__Q98QV3,0,1,,,,
bg__Q98RC0,0,1,,,,
bg__Q98SH9,0,1,,,,
bg__Q98SK0,0,1,,,,
bg__Q98SR9,0,1,,,,
bg__Q98TA4,0,1,,,,
bg__Q98TU0,0,1,,,,
bg__Q99020,0,1,,,,
bg__Q99034,0,1,,,,
bg__Q99075,0,2,,,,
bg__Q99142,0,1,,,,
bg__Q99171,0,1,,,,
bg__Q99174,0,2,,,,
bg__Q99176,0,1,,,,
bg__Q99181,0,1,,,,
bg__Q99188,0,1,,,,
bg__Q99190,0,1,,,,
bg__Q99210,0,1,,,,
bg__Q99216,0,3,,,,
bg__Q99219,0,2,,,,
bg__Q99297,0,1,,,,
bg__Q99314,0,1,,,,
bg__Q99316,0,1,,,,
bg__Q99325,0,1,,,,
bg__Q99344,0,1,,,,
bg__Q99369,0,1,,,,
bg__Q99373,0,1,,,,
bg__Q99394,0,1,,,,
bg__Q99437,0,3,,,,
bg__Q99453,0,1,,,,
bg__Q99463,0,1,,,,
bg__Q99581,0,2,,,,
bg__Q99674,0,1,,,,
bg__Q99685,0,3,,,,
bg__Q99697,0,4,,,,
bg__Q99714,0,4,,,,
bg__Q99727,0,1,,,,
bg__Q99747,0,3,,,,
bg__Q99750,0,1,,,,
bg__Q99766,0,2,,,,
bg__Q99795,0,1,,,,
bg__Q99801,0,1,,,,
bg__Q99811,0,2,,,,
bg__Q99848,0,2,,,,
bg__Q99935,0,1,,,,
bg__Q99988,0,2,,,,
bg__Q99990,0,1,,,,
bg__Q99J25,0,1,,,,
bg__Q99J99,0,3,,,,
bg__Q99JT6,0,3,,,,
bg__Q99JV5,0,1,,,,
bg__Q99JW5,0,5,,,,
bg__Q99JX1,0,2,,,,
bg__Q99JY1,0,2,,,,
bg__Q99K95,0,4,,,,
bg__Q99KF1,0,5,,,,
bg__Q99KJ5,0,1,,,,
bg__Q99KP3,0,5,,,,
bg__Q99KS2,0,3,,,,
bg__Q99L20,0,5,,,,
bg__Q99LB2,0,8,,,,
bg__Q99LJ8,0,2,,,,
bg__Q99LP6,0,2,,,,
bg__Q99LS1,0,2,,,,
bg__Q99M66,0,1,,,,
bg__Q99MH5,0,1,,,,
bg__Q99MS8,0,2,,,,
bg__Q99MT6,0,2,,,,
bg__Q99N03,0,1,,,,
bg__Q99N07,0,2,,,,
bg__Q99N10,0,1,,,,
bg__Q99NH8,0,1,,,,
bg__Q99P30,0,1,,,,
bg__Q99P68,0,1,,,,
bg__Q99P96,0,1,,,,
bg__Q99PA3,0,1,,,,
bg__Q99PQ1,0,1,,,,
bg__Q99XR4,0,1,,,,
bg__Q9A1H9,0,3,,,,
bg__Q9A259,0,2,,,,
bg__Q9A298,0,1,,,,
bg__Q9A2L5,0,2,,,,
bg__Q9A4E8,0,1,,,,
bg__Q9A5V5,0,1,,,,
bg__Q9A5Z2,0,1,,,,
bg__Q9A716,0,1,,,,
bg__Q9A8C5,0,1,,,,
bg__Q9AAT8,0,1,,,,
bg__Q9AB70,0,1,,,,
bg__Q9ABE7,0,1,,,,
bg__Q9ABM9,0,1,,,,
bg__Q9AD93,0,1,,,,
bg__Q9ADK0,0,1,,,,
bg__Q9AE11,0,1,,,,
bg__Q9AE87,0,1,,,,
bg__Q9AFF7,0,3,,,,
bg__Q9AGK2,0,1,,,,
bg__Q9AIU0,0,1,,,,
bg__Q9AJE3,0,1,,,,
bg__Q9ALP0,0,1,,,,
bg__Q9AMN9,0,1,,,,
bg__Q9AMS0,0,1,,,,
bg__Q9AQI0,0,1,,,,
bg__Q9AQM4,0,1,,,,
bg__Q9AQQ8,0,1,,,,
bg__Q9ASQ2,0,1,,,,
bg__Q9ASS6,0,1,,,,
bg__Q9ASU1,0,1,,,,
bg__Q9ASX9,0,1,,,,
bg__Q9ASY9,0,1,,,,
bg__Q9ASZ1,0,1,,,,
bg__Q9AT61,0,1,,,,
bg__Q9ATL3,0,1,,,,
bg__Q9AV39,0,1,,,,
bg__Q9AYZ3,0,1,,,,
bg__Q9B1P9,0,2,,,,
bg__Q9B6D5,0,1,,,,
bg__Q9BDM3,0,11,,,,
bg__Q9BEA8,0,7,,,,
bg__Q9BEG9,0,6,,,,
bg__Q9BG99,0,2,,,,
bg__Q9BGI1,0,3,,,,
bg__Q9BGI2,0,4,,,,
bg__Q9BIA4,0,1,,,,
bg__Q9BIW4,0,1,,,,
bg__Q9BIW5,0,1,,,,
bg__Q9BKU4,0,1,,,,
bg__Q9BLB6,0,1,,,,
bg__Q9BLM6,0,2,,,,
bg__Q9BPW5,0,2,,,,
bg__Q9BQ13,0,1,,,,
bg__Q9BQ50,0,2,,,,
bg__Q9BQ51,0,1,,,,
bg__Q9BQ75,0,1,,,,
bg__Q9BQ83,0,4,,,,
bg__Q9BQD7,0,1,,,,
bg__Q9BQE6,0,1,,,,
bg__Q9BQI9,0,1,,,,
bg__Q9BQJ4,0,1,,,,
bg__Q9BQP9,0,1,,,,
bg__Q9BQQ7,0,1,,,,
bg__Q9BQT8,0,4,,,,
bg__Q9BQY4,0,2,,,,
bg__Q9BQY9,0,1,,,,
bg__Q9BR01,0,2,,,,
bg__Q9BR10,0,2,,,,
bg__Q9BRF8,0,5,,,,
bg__Q9BRJ2,0,1,,,,
bg__Q9BRJ9,0,1,,,,
bg__Q9BRL6,0,1,,,,
bg__Q9BRL7,0,2,,,,
bg__Q9BRP0,0,2,,,,
bg__Q9BRP8,0,3,,,,
bg__Q9BRQ4,0,1,,,,
bg__Q9BRQ5,0,3,,,,
bg__Q9BRQ6,0,1,,,,
bg__Q9BRT9,0,3,,,,
bg__Q9BRU9,0,2,,,,
bg__Q9BRV3,0,2,,,,
bg__Q9BSH4,0,3,,,,
bg__Q9BSH5,0,1,,,,
bg__Q9BSJ6,0,2,,,,
bg__Q9BSN7,0,3,,,,
bg__Q9BT49,0,2,,,,
bg__Q9BT76,0,1,,,,
bg__Q9BTD3,0,1,,,,
bg__Q9BTE1,0,1,,,,
bg__Q9BTK6,0,4,,,,
bg__Q9BTL4,0,2,,,,
bg__Q9BTP6,0,1,,,,
bg__Q9BTT0,0,4,,,,
bg__Q9BU02,0,3,,,,
bg__Q9BU64,0,1,,,,
bg__Q9BU76,0,1,,,,
bg__Q9BUB7,0,1,,,,
bg__Q9BUJ0,0,2,,,,
bg__Q9BUL8,0,2,,,,
bg__Q9BUL9,0,1,,,,
bg__Q9BUR5,0,1,,,,
bg__Q9BUT1,0,7,,,,
bg__Q9BV47,0,2,,,,
bg__Q9BV99,0,1,,,,
bg__Q9BVC5,0,1,,,,
bg__Q9BVV2,0,1,,,,
bg__Q9BVV7,0,3,,,,
bg__Q9BVW5,0,4,,,,
bg__Q9BVX2,0,1,,,,
bg__Q9BWC9,0,2,,,,
bg__Q9BWQ6,0,3,,,,
bg__Q9BWT6,0,1,,,,
bg__Q9BWV2,0,1,,,,
bg__Q9BX46,0,4,,,,
bg__Q9BX67,0,2,,,,
bg__Q9BX93,0,1,,,,
bg__Q9BXA6,0,2,,,,
bg__Q9BXE9,0,1,,,,
bg__Q9BXH1,0,1,,,,
bg__Q9BXI9,0,1,,,,
bg__Q9BXJ0,0,3,,,,
bg__Q9BXJ2,0,1,,,,
bg__Q9BXK1,0,2,,,,
bg__Q9BXL8,0,2,,,,
bg__Q9BXS1,0,1,,,,
bg__Q9BXU8,0,1,,,,
bg__Q9BXU9,0,2,,,,
bg__Q9BY14,0,1,,,,
bg__Q9BY19,0,1,,,,
bg__Q9BY49,0,5,,,,
bg__Q9BY71,0,1,,,,
bg__Q9BYD3,0,3,,,,
bg__Q9BYG7,0,1,,,,
bg__Q9BYJ0,0,1,,,,
bg__Q9BYR2,0,1,,,,
bg__Q9BYR4,0,1,,,,
bg__Q9BZG1,0,4,,,,
bg__Q9BZM1,0,1,,,,
bg__Q9BZM4,0,1,,,,
bg__Q9BZM6,0,1,,,,
bg__Q9C056,0,1,,,,
bg__Q9C0K3,0,1,,,,
bg__Q9C0W1,0,1,,,,
bg__Q9C4Z7,0,1,,,,
bg__Q9C540,0,1,,,,
bg__Q9C589,0,1,,,,
bg__Q9C593,0,1,,,,
bg__Q9C595,0,1,,,,
bg__Q9C598,0,1,,,,
bg__Q9C5D0,0,1,,,,
bg__Q9C5D7,0,1,,,,
bg__Q9C5K8,0,1,,,,
bg__Q9C5M0,0,1,,,,
bg__Q9C5P6,0,1,,,,
bg__Q9C5Q2,0,1,,,,
bg__Q9C5R8,0,6,,,,
bg__Q9C5T3,0,1,,,,
bg__Q9C5T4,0,1,,,,
bg__Q9C5W7,0,1,,,,
bg__Q9C5X0,0,1,,,,
bg__Q9C633,0,1,,,,
bg__Q9C639,0,1,,,,
bg__Q9C666,0,1,,,,
bg__Q9C6B3,0,2,,,,
bg__Q9C6C8,0,1,,,,
bg__Q9C6E4,0,1,,,,
bg__Q9C6F5,0,1,,,,
bg__Q9C6H2,0,1,,,,
bg__Q9C6H3,0,1,,,,
bg__Q9C6H5,0,1,,,,
bg__Q9C6M1,0,1,,,,
bg__Q9C6X2,0,1,,,,
bg__Q9C707,0,1,,,,
bg__Q9C717,0,1,,,,
bg__Q9C774,0,2,,,,
bg__Q9C7C1,0,1,,,,
bg__Q9C7C3,0,2,,,,
bg__Q9C7E9,0,1,,,,
bg__Q9C7F9,0,1,,,,
bg__Q9C7G6,0,1,,,,
bg__Q9C7K0,0,1,,,,
bg__Q9C7P6,0,2,,,,
bg__Q9C7S0,0,1,,,,
bg__Q9C7T4,0,1,,,,
bg__Q9C7U7,0,1,,,,
bg__Q9C826,0,1,,,,
bg__Q9C835,0,1,,,,
bg__Q9C878,0,1,,,,
bg__Q9C8L2,0,1,,,,
bg__Q9C8L4,0,1,,,,
bg__Q9C8M0,0,1,,,,
bg__Q9C8M3,0,1,,,,
bg__Q9C8T1,0,1,,,,
bg__Q9C8U5,0,1,,,,
bg__Q9C8U8,0,1,,,,
bg__Q9C8V2,0,1,,,,
bg__Q9C8Z9,0,1,,,,
bg__Q9C900,0,1,,,,
bg__Q9C909,0,1,,,,
bg__Q9C928,0,2,,,,
bg__Q9C932,0,2,,,,
bg__Q9C983,0,1,,,,
bg__Q9C998,0,1,,,,
bg__Q9C9B1,0,1,,,,
bg__Q9C9E3,0,1,,,,
bg__Q9C9F5,0,1,,,,
bg__Q9C9G4,0,1,,,,
bg__Q9C9G7,0,1,,,,
bg__Q9C9H1,0,1,,,,
bg__Q9C9K7,0,1,,,,
bg__Q9C9L4,0,3,,,,
bg__Q9C9M9,0,2,,,,
bg__Q9C9N3,0,1,,,,
bg__Q9C9W0,0,1,,,,
bg__Q9C9W4,0,2,,,,
bg__Q9C9X3,0,1,,,,
bg__Q9C9X6,0,1,,,,
bg__Q9C9Z8,0,1,,,,
bg__Q9CA57,0,1,,,,
bg__Q9CA59,0,2,,,,
bg__Q9CA90,0,2,,,,
bg__Q9CA93,0,1,,,,
bg__Q9CAA4,0,1,,,,
bg__Q9CAE4,0,1,,,,
bg__Q9CAH0,0,1,,,,
bg__Q9CAH5,0,1,,,,
bg__Q9CAK8,0,1,,,,
bg__Q9CAN1,0,1,,,,
bg__Q9CAN4,0,1,,,,
bg__Q9CAR0,0,1,,,,
bg__Q9CAS6,0,1,,,,
bg__Q9CAZ0,0,1,,,,
bg__Q9CBI6,0,2,,,,
bg__Q9CBU1,0,2,,,,
bg__Q9CCP6,0,1,,,,
bg__Q9CEB7,0,1,,,,
bg__Q9CES7,0,1,,,,
bg__Q9CEW8,0,6,,,,
bg__Q9CF61,0,1,,,,
bg__Q9CG17,0,1,,,,
bg__Q9CG29,0,1,,,,
bg__Q9CHT8,0,2,,,,
bg__Q9CHV0,0,1,,,,
bg__Q9CIU7,0,1,,,,
bg__Q9CKF5,0,1,,,,
bg__Q9CM50,0,1,,,,
bg__Q9CMM1,0,7,,,,
bg__Q9CMX5,0,1,,,,
bg__Q9CNU2,0,2,,,,
bg__Q9CNY1,0,3,,,,
bg__Q9CPE0,0,1,,,,
bg__Q9CPE3,0,1,,,,
bg__Q9CPY3,0,1,,,,
bg__Q9CPZ1,0,1,,,,
bg__Q9CQ07,0,2,,,,
bg__Q9CQ10,0,6,,,,
bg__Q9CQ28,0,5,,,,
bg__Q9CQ37,0,1,,,,
bg__Q9CQ56,0,2,,,,
bg__Q9CQ61,0,4,,,,
bg__Q9CQA9,0,1,,,,
bg__Q9CQC8,0,3,,,,
bg__Q9CQF4,0,2,,,,
bg__Q9CQI4,0,1,,,,
bg__Q9CQJ0,0,2,,,,
bg__Q9CQJ7,0,1,,,,
bg__Q9CQL0,0,1,,,,
bg__Q9CQU3,0,1,,,,
bg__Q9CQX3,0,1,,,,
bg__Q9CR02,0,1,,,,
bg__Q9CR11,0,1,,,,
bg__Q9CR26,0,2,,,,
bg__Q9CR30,0,1,,,,
bg__Q9CR36,0,1,,,,
bg__Q9CR42,0,4,,,,
bg__Q9CR47,0,4,,,,
bg__Q9CR48,0,4,,,,
bg__Q9CRA0,0,1,,,,
bg__Q9CRA4,0,6,,,,
bg__Q9CRA5,0,9,,,,
bg__Q9CRB5,0,1,,,,
bg__Q9CTH6,0,1,,,,
bg__Q9CVN6,0,1,,,,
bg__Q9CWD8,0,1,,,,
bg__Q9CWH0,0,1,,,,
bg__Q9CWH4,0,1,,,,
bg__Q9CWI3,0,4,,,,
bg__Q9CWS0,0,4,,,,
bg__Q9CWT3,0,1,,,,
bg__Q9CWV6,0,1,,,,
bg__Q9CX63,0,1,,,,
bg__Q9CX92,0,1,,,,
bg__Q9CXV9,0,4,,,,
bg__Q9CXX0,0,2,,,,
bg__Q9CY57,0,4,,,,
bg__Q9CY66,0,3,,,,
bg__Q9CYG7,0,3,,,,
bg__Q9CYH2,0,1,,,,
bg__Q9CZ16,0,3,,,,
bg__Q9CZ92,0,1,,,,
bg__Q9CZD5,0,1,,,,
bg__Q9CZJ0,0,3,,,,
bg__Q9CZR3,0,3,,,,
bg__Q9CZV2,0,2,,,,
bg__Q9CZX9,0,2,,,,
bg__Q9D061,0,3,,,,
bg__Q9D075,0,4,,,,
bg__Q9D0B0,0,3,,,,
bg__Q9D0C1,0,2,,,,
bg__Q9D0L6,0,3,,,,
bg__Q9D0P0,0,1,,,,
bg__Q9D0S4,0,2,,,,
bg__Q9D0V7,0,3,,,,
bg__Q9D176,0,1,,,,
bg__Q9D1B9,0,3,,,,
bg__Q9D1C9,0,2,,,,
bg__Q9D1E6,0,3,,,,
bg__Q9D1F4,0,2,,,,
bg__Q9D1H9,0,3,,,,
bg__Q9D1I2,0,1,,,,
bg__Q9D1J1,0,4,,,,
bg__Q9D1R1,0,2,,,,
bg__Q9D1Z3,0,3,,,,
bg__Q9D2Z4,0,1,,,,
bg__Q9D309,0,2,,,,
bg__Q9D3J8,0,1,,,,
bg__Q9D4G1,0,1,,,,
bg__Q9D4J1,0,2,,,,
bg__Q9D4V7,0,6,,,,
bg__Q9D4W2,0,1,,,,
bg__Q9D563,0,1,,,,
bg__Q9D5A9,0,1,,,,
bg__Q9D5B7,0,1,,,,
bg__Q9D5S1,0,1,,,,
bg__Q9D5U5,0,1,,,,
bg__Q9D676,0,2,,,,
bg__Q9D6J3,0,1,,,,
bg__Q9D6Y1,0,2,,,,
bg__Q9D6Z6,0,1,,,,
bg__Q9D780,0,1,,,,
bg__Q9D7A8,0,2,,,,
bg__Q9D7D7,0,2,,,,
bg__Q9D7G9,0,1,,,,
bg__Q9D7I0,0,1,,,,
bg__Q9D7J6,0,2,,,,
bg__Q9D7P7,0,2,,,,
bg__Q9D7S0,0,1,,,,
bg__Q9D7X3,0,1,,,,
bg__Q9D853,0,2,,,,
bg__Q9D8C2,0,1,,,,
bg__Q9D8C4,0,2,,,,
bg__Q9D8I1,0,1,,,,
bg__Q9D8N3,0,3,,,,
bg__Q9D8N6,0,2,,,,
bg__Q9D8P7,0,1,,,,
bg__Q9D8T3,0,3,,,,
bg__Q9D8U3,0,1,,,,
bg__Q9D8U4,0,2,,,,
bg__Q9D8X5,0,7,,,,
bg__Q9D8Y8,0,2,,,,
bg__Q9D902,0,2,,,,
bg__Q9D920,0,1,,,,
bg__Q9D979,0,2,,,,
bg__Q9D992,0,2,,,,
bg__Q9D9J2,0,1,,,,
bg__Q9D9R0,0,3,,,,
bg__Q9D9X8,0,1,,,,
bg__Q9D9Z1,0,2,,,,
bg__Q9DA48,0,2,,,,
bg__Q9DAG6,0,1,,,,
bg__Q9DAG9,0,1,,,,
bg__Q9DAJ4,0,1,,,,
bg__Q9DAS4,0,1,,,,
bg__Q9DAV9,0,4,,,,
bg__Q9DAY2,0,3,,,,
bg__Q9DB20,0,1,,,,
bg__Q9DC58,0,2,,,,
bg__Q9DC70,0,6,,,,
bg__Q9DC71,0,2,,,,
bg__Q9DCA7,0,1,,,,
bg__Q9DCH6,0,4,,,,
bg__Q9DCI3,0,2,,,,
bg__Q9DCK3,0,2,,,,
bg__Q9DCM2,0,2,,,,
bg__Q9DCS1,0,1,,,,
bg__Q9DCW2,0,1,,,,
bg__Q9DCW4,0,5,,,,
bg__Q9DCX1,0,2,,,,
bg__Q9DCY0,0,2,,,,
bg__Q9DCZ9,0,4,,,,
bg__Q9DD03,0,1,,,,
bg__Q9DD20,0,3,,,,
bg__Q9DDU1,0,1,,,,
bg__Q9DDY9,0,2,,,,
bg__Q9DE06,0,2,,,,
bg__Q9DEA3,0,9,,,,
bg__Q9DG98,0,15,,,,
bg__Q9EP64,0,3,,,,
bg__Q9EP73,0,1,,,,
bg__Q9EPA7,0,3,,,,
bg__Q9EPB5,0,1,,,,
bg__Q9EPB8,0,1,,,,
bg__Q9EPI2,0,2,,,,
bg__Q9EPJ0,0,4,,,,
bg__Q9EPL4,0,2,,,,
bg__Q9EQI8,0,3,,,,
bg__Q9EQQ2,0,5,,,,
bg__Q9EQR5,0,1,,,,
bg__Q9EQT3,0,3,,,,
bg__Q9ER35,0,2,,,,
bg__Q9ER42,0,2,,,,
bg__Q9ER80,0,1,,,,
bg__Q9ERA9,0,1,,,,
bg__Q9ERB0,0,5,,,,
bg__Q9ERC3,0,1,,,,
bg__Q9ERM2,0,1,,,,
bg__Q9ERR2,0,3,,,,
bg__Q9ERU3,0,2,,,,
bg__Q9ES30,0,2,,,,
bg__Q9ES53,0,3,,,,
bg__Q9ES81,0,2,,,,
bg__Q9ESE2,0,3,,,,
bg__Q9ESG3,0,4,,,,
bg__Q9ESG5,0,3,,,,
bg__Q9ESK4,0,2,,,,
bg__Q9ESN5,0,2,,,,
bg__Q9ESP1,0,1,,,,
bg__Q9EST4,0,2,,,,
bg__Q9EST5,0,5,,,,
bg__Q9EST9,0,2,,,,
bg__Q9ESW8,0,1,,,,
bg__Q9ESX4,0,2,,,,
bg__Q9ESY9,0,2,,,,
bg__Q9ET20,0,2,,,,
bg__Q9ET35,0,1,,,,
bg__Q9EWW6,0,1,,,,
bg__Q9EX73,0,1,,,,
bg__Q9F315,0,1,,,,
bg__Q9F3C7,0,1,,,,
bg__Q9F437,0,1,,,,
bg__Q9F466,0,1,,,,
bg__Q9F4F7,0,2,,,,
bg__Q9F5K5,0,1,,,,
bg__Q9F5K6,0,1,,,,
bg__Q9F663,0,1,,,,
bg__Q9F722,0,1,,,,
bg__Q9FBW3,0,1,,,,
bg__Q9FDN6,0,1,,,,
bg__Q9FDW1,0,1,,,,
bg__Q9FDX1,0,1,,,,
bg__Q9FE06,0,1,,,,
bg__Q9FE22,0,1,,,,
bg__Q9FE46,0,1,,,,
bg__Q9FEG2,0,2,,,,
bg__Q9FEN9,0,1,,,,
bg__Q9FF53,0,26,,,,
bg__Q9FF66,0,1,,,,
bg__Q9FFB3,0,2,,,,
bg__Q9FFB6,0,1,,,,
bg__Q9FFQ5,0,1,,,,
bg__Q9FFS0,0,2,,,,
bg__Q9FG29,0,1,,,,
bg__Q9FG59,0,1,,,,
bg__Q9FG89,0,1,,,,
bg__Q9FGH2,0,1,,,,
bg__Q9FGJ3,0,1,,,,
bg__Q9FGK5,0,1,,,,
bg__Q9FGP8,0,1,,,,
bg__Q9FGQ2,0,2,,,,
bg__Q9FGS0,0,1,,,,
bg__Q9FGY3,0,1,,,,
bg__Q9FH37,0,1,,,,
bg__Q9FH40,0,1,,,,
bg__Q9FH51,0,1,,,,
bg__Q9FH54,0,1,,,,
bg__Q9FH59,0,1,,,,
bg__Q9FH92,0,1,,,,
bg__Q9FHA7,0,1,,,,
bg__Q9FHE4,0,1,,,,
bg__Q9FHG8,0,1,,,,
bg__Q9FHM7,0,1,,,,
bg__Q9FHR7,0,1,,,,
bg__Q9FHR8,0,1,,,,
bg__Q9FHZ3,0,1,,,,
bg__Q9FI13,0,1,,,,
bg__Q9FI44,0,1,,,,
bg__Q9FI46,0,1,,,,
bg__Q9FI55,0,1,,,,
bg__Q9FIJ7,0,1,,,,
bg__Q9FIM0,0,1,,,,
bg__Q9FIN1,0,2,,,,
bg__Q9FIQ5,0,1,,,,
bg__Q9FIR0,0,1,,,,
bg__Q9FIX5,0,1,,,,
bg__Q9FJ00,0,1,,,,
bg__Q9FJ16,0,1,,,,
bg__Q9FJ80,0,1,,,,
bg__Q9FJ81,0,1,,,,
bg__Q9FJ82,0,1,,,,
bg__Q9FJ90,0,1,,,,
bg__Q9FJ93,0,1,,,,
bg__Q9FJA2,0,1,,,,
bg__Q9FJF4,0,1,,,,
bg__Q9FJF8,0,1,,,,
bg__Q9FJG2,0,1,,,,
bg__Q9FJH5,0,1,,,,
bg__Q9FJJ3,0,1,,,,
bg__Q9FJJ5,0,2,,,,
bg__Q9FJN8,0,4,,,,
bg__Q9FJN9,0,2,,,,
bg__Q9FJP2,0,1,,,,
bg__Q9FJP9,0,1,,,,
bg__Q9FJV5,0,1,,,,
bg__Q9FJV7,0,1,,,,
bg__Q9FJW5,0,1,,,,
bg__Q9FJX3,0,1,,,,
bg__Q9FK13,0,1,,,,
bg__Q9FK29,0,2,,,,
bg__Q9FK35,0,4,,,,
bg__Q9FK43,0,2,,,,
bg__Q9FK96,0,2,,,,
bg__Q9FKA0,0,1,,,,
bg__Q9FKA4,0,1,,,,
bg__Q9FKB3,0,1,,,,
bg__Q9FKC0,0,1,,,,
bg__Q9FKD5,0,1,,,,
bg__Q9FKD6,0,1,,,,
bg__Q9FKD7,0,1,,,,
bg__Q9FKD9,0,1,,,,
bg__Q9FKF4,0,2,,,,
bg__Q9FKF9,0,1,,,,
bg__Q9FKG1,0,1,,,,
bg__Q9FKG2,0,1,,,,
bg__Q9FKJ9,0,1,,,,
bg__Q9FKK2,0,1,,,,
bg__Q9FKM2,0,1,,,,
bg__Q9FKM5,0,1,,,,
bg__Q9FKN4,0,1,,,,
bg__Q9FKP8,0,1,,,,
bg__Q9FKQ6,0,1,,,,
bg__Q9FKT4,0,1,,,,
bg__Q9FKT5,0,1,,,,
bg__Q9FKT9,0,2,,,,
bg__Q9FKW3,0,1,,,,
bg__Q9FKZ3,0,1,,,,
bg__Q9FL44,0,1,,,,
bg__Q9FL48,0,1,,,,
bg__Q9FL62,0,1,,,,
bg__Q9FL76,0,3,,,,
bg__Q9FL78,0,2,,,,
bg__Q9FL81,0,1,,,,
bg__Q9FLB1,0,1,,,,
bg__Q9FLF0,0,1,,,,
bg__Q9FLM6,0,1,,,,
bg__Q9FLP3,0,1,,,,
bg__Q9FLQ3,0,1,,,,
bg__Q9FLT2,0,2,,,,
bg__Q9FLU5,0,1,,,,
bg__Q9FM10,0,1,,,,
bg__Q9FM14,0,1,,,,
bg__Q9FM19,0,3,,,,
bg__Q9FM84,0,1,,,,
bg__Q9FMA9,0,3,,,,
bg__Q9FMB6,0,1,,,,
bg__Q9FMC8,0,1,,,,
bg__Q9FMD8,0,1,,,,
bg__Q9FMG4,0,1,,,,
bg__Q9FMV5,0,2,,,,
bg__Q9FMW9,0,1,,,,
bg__Q9FMX0,0,1,,,,
bg__Q9FMX2,0,1,,,,
bg__Q9FMY7,0,1,,,,
bg__Q9FN11,0,2,,,,
bg__Q9FN42,0,1,,,,
bg__Q9FN50,0,2,,,,
bg__Q9FNH6,0,1,,,,
bg__Q9FNI3,0,1,,,,
bg__Q9FNN6,0,1,,,,
bg__Q9FNQ2,0,1,,,,
bg__Q9FNQ5,0,1,,,,
bg__Q9FNR1,0,1,,,,
bg__Q9FNY3,0,1,,,,
bg__Q9FPN0,0,1,,,,
bg__Q9FPR2,0,1,,,,
bg__Q9FQ25,0,2,,,,
bg__Q9FQA3,0,1,,,,
bg__Q9FRL5,0,1,,,,
bg__Q9FRV4,0,1,,,,
bg__Q9FTA2,0,1,,,,
bg__Q9FTY0,0,2,,,,
bg__Q9FUD3,0,1,,,,
bg__Q9FUQ7,0,1,,,,
bg__Q9FUS9,0,2,,,,
bg__Q9FUT0,0,1,,,,
bg__Q9FUT1,0,2,,,,
bg__Q9FUY6,0,1,,,,
bg__Q9FUZ0,0,2,,,,
bg__Q9FUZ2,0,1,,,,
bg__Q9FV02,0,1,,,,
bg__Q9FVC1,0,1,,,,
bg__Q9FVE6,0,1,,,,
bg__Q9FVQ6,0,2,,,,
bg__Q9FVR6,0,1,,,,
bg__Q9FVZ7,0,1,,,,
bg__Q9FWR4,0,1,,,,
bg__Q9FWX6,0,1,,,,
bg__Q9FX36,0,1,,,,
bg__Q9FX43,0,2,,,,
bg__Q9FX45,0,1,,,,
bg__Q9FX64,0,1,,,,
bg__Q9FX68,0,1,,,,
bg__Q9FX83,0,2,,,,
bg__Q9FX94,0,1,,,,
bg__Q9FXA3,0,1,,,,
bg__Q9FXE3,0,1,,,,
bg__Q9FY93,0,1,,,,
bg__Q9FY94,0,1,,,,
bg__Q9FYE3,0,1,,,,
bg__Q9FYE5,0,1,,,,
bg__Q9FYE6,0,1,,,,
bg__Q9FYF7,0,1,,,,
bg__Q9FYG0,0,1,,,,
bg__Q9FYJ6,0,1,,,,
bg__Q9FYK5,0,1,,,,
bg__Q9FZ27,0,1,,,,
bg__Q9FZ42,0,1,,,,
bg__Q9FZ47,0,1,,,,
bg__Q9FZ76,0,3,,,,
bg__Q9FZ90,0,1,,,,
bg__Q9FZA4,0,1,,,,
bg__Q9FZF1,0,1,,,,
bg__Q9GK12,0,1,,,,
bg__Q9GKE2,0,1,,,,
bg__Q9GKK3,0,2,,,,
bg__Q9GKQ6,0,1,,,,
bg__Q9GKY0,0,5,,,,
bg__Q9GL25,0,2,,,,
bg__Q9GLF3,0,1,,,,
bg__Q9GMZ1,0,12,,,,
bg__Q9GN94,0,24,,,,
bg__Q9GN97,0,1,,,,
bg__Q9GPQ9,0,1,,,,
bg__Q9GPR2,0,1,,,,
bg__Q9GPS0,0,1,,,,
bg__Q9GPS6,0,1,,,,
bg__Q9GV41,0,1,,,,
bg__Q9GYF1,0,1,,,,
bg__Q9GYV9,0,1,,,,
bg__Q9GZ14,0,1,,,,
bg__Q9GZ28,0,1,,,,
bg__Q9GZK4,0,2,,,,
bg__Q9GZK7,0,1,,,,
bg__Q9GZM6,0,2,,,,
bg__Q9GZN2,0,2,,,,
bg__Q9GZP1,0,1,,,,
bg__Q9GZP4,0,2,,,,
bg__Q9GZP9,0,3,,,,
bg__Q9GZR5,0,3,,,,
bg__Q9GZS3,0,7,,,,
bg__Q9GZT6,0,1,,,,
bg__Q9GZU8,0,2,,,,
bg__Q9GZV9,0,3,,,,
bg__Q9GZW5,0,1,,,,
bg__Q9GZW8,0,1,,,,
bg__Q9GZX9,0,1,,,,
bg__Q9GZY6,0,1,,,,
bg__Q9GZZ7,0,1,,,,
bg__Q9H008,0,4,,,,
bg__Q9H019,0,2,,,,
bg__Q9H061,0,1,,,,
bg__Q9H079,0,2,,,,
bg__Q9H081,0,1,,,,
bg__Q9H0N0,0,4,,,,
bg__Q9H0R3,0,1,,,,
bg__Q9H0R4,0,2,,,,
bg__Q9H0X6,0,1,,,,
bg__Q9H0Z9,0,5,,,,
bg__Q9H106,0,1,,,,
bg__Q9H115,0,7,,,,
bg__Q9H169,0,1,,,,
bg__Q9H1M3,0,1,,,,
bg__Q9H1R2,0,1,,,,
bg__Q9H1X1,0,2,,,,
bg__Q9H209,0,2,,,,
bg__Q9H210,0,1,,,,
bg__Q9H213,0,1,,,,
bg__Q9H2A3,0,2,,,,
bg__Q9H2A7,0,1,,,,
bg__Q9H2C5,0,2,,,,
bg__Q9H2H0,0,1,,,,
bg__Q9H2K0,0,1,,,,
bg__Q9H2W1,0,1,,,,
bg__Q9H2W2,0,1,,,,
bg__Q9H305,0,2,,,,
bg__Q9H321,0,2,,,,
bg__Q9H340,0,2,,,,
bg__Q9H343,0,1,,,,
bg__Q9H344,0,1,,,,
bg__Q9H346,0,1,,,,
bg__Q9H3H3,0,1,,,,
bg__Q9H3H9,0,1,,,,
bg__Q9H3N1,0,3,,,,
bg__Q9H3R5,0,3,,,,
bg__Q9H3V2,0,1,,,,
bg__Q9H3Y0,0,2,,,,
bg__Q9H400,0,1,,,,
bg__Q9H446,0,3,,,,
bg__Q9H467,0,4,,,,
bg__Q9H4F1,0,1,,,,
bg__Q9H4S2,0,2,,,,
bg__Q9H5J8,0,1,,,,
bg__Q9H628,0,1,,,,
bg__Q9H6D8,0,3,,,,
bg__Q9H6F2,0,8,,,,
bg__Q9H6K1,0,2,,,,
bg__Q9H6L4,0,1,,,,
bg__Q9H6Q3,0,2,,,,
bg__Q9H741,0,2,,,,
bg__Q9H7E9,0,1,,,,
bg__Q9H7M9,0,2,,,,
bg__Q9H7P6,0,1,,,,
bg__Q9H825,0,2,,,,
bg__Q9H853,0,1,,,,
bg__Q9H867,0,1,,,,
bg__Q9H8H3,0,1,,,,
bg__Q9H8P0,0,2,,,,
bg__Q9H8S5,0,1,,,,
bg__Q9H9H4,0,2,,,,
bg__Q9H9P2,0,2,,,,
bg__Q9H9S0,0,4,,,,
bg__Q9H9Z2,0,2,,,,
bg__Q9HA64,0,2,,,,
bg__Q9HAB8,0,2,,,,
bg__Q9HAE3,0,1,,,,
bg__Q9HAI6,0,3,,,,
bg__Q9HAY2,0,1,,,,
bg__Q9HB03,0,1,,,,
bg__Q9HB09,0,1,,,,
bg__Q9HB20,0,2,,,,
bg__Q9HBH0,0,2,,,,
bg__Q9HBH1,0,2,,,,
bg__Q9HBV2,0,2,,,,
bg__Q9HC24,0,2,,,,
bg__Q9HC38,0,1,,,,
bg__Q9HC97,0,2,,,,
bg__Q9HCQ7,0,2,,,,
bg__Q9HD15,0,3,,,,
bg__Q9HDB8,0,1,,,,
bg__Q9HDW9,0,1,,,,
bg__Q9HDY0,0,1,,,,
bg__Q9HE10,0,1,,,,
bg__Q9HE76,0,12,,,,
bg__Q9HF54,0,1,,,,
bg__Q9HFA4,0,4,,,,
bg__Q9HFH0,0,1,,,,
bg__Q9HGM4,0,1,,,,
bg__Q9HGN2,0,1,,,,
bg__Q9HGN5,0,1,,,,
bg__Q9HGP5,0,1,,,,
bg__Q9HH76,0,1,,,,
bg__Q9HH99,0,1,,,,
bg__Q9HHT0,0,1,,,,
bg__Q9HI21,0,1,,,,
bg__Q9HI27,0,1,,,,
bg__Q9HI69,0,1,,,,
bg__Q9HIC2,0,1,,,,
bg__Q9HIN1,0,1,,,,
bg__Q9HIW7,0,1,,,,
bg__Q9HJ19,0,1,,,,
bg__Q9HJ93,0,1,,,,
bg__Q9HJH3,0,1,,,,
bg__Q9HJL6,0,1,,,,
bg__Q9HJT3,0,1,,,,
bg__Q9HJT5,0,1,,,,
bg__Q9HK58,0,1,,,,
bg__Q9HKH7,0,1,,,,
bg__Q9HKM2,0,1,,,,
bg__Q9HKT1,0,1,,,,
bg__Q9HLV9,0,1,,,,
bg__Q9HLX1,0,1,,,,
bg__Q9HM60,0,1,,,,
bg__Q9HNF4,0,1,,,,
bg__Q9HNR3,0,1,,,,
bg__Q9HNX6,0,2,,,,
bg__Q9HNX7,0,1,,,,
bg__Q9HP57,0,1,,,,
bg__Q9HPD3,0,2,,,,
bg__Q9HPD9,0,1,,,,
bg__Q9HQ52,0,1,,,,
bg__Q9HR73,0,1,,,,
bg__Q9HSF8,0,1,,,,
bg__Q9HSG3,0,1,,,,
bg__Q9HTB6,0,1,,,,
bg__Q9HTH7,0,1,,,,
bg__Q9HTZ1,0,1,,,,
bg__Q9HU21,0,1,,,,
bg__Q9HUF7,0,1,,,,
bg__Q9HUI2,0,1,,,,
bg__Q9HUK9,0,1,,,,
bg__Q9HUT5,0,1,,,,
bg__Q9HVU3,0,2,,,,
bg__Q9HWA4,0,1,,,,
bg__Q9HXE4,0,1,,,,
bg__Q9HXE9,0,1,,,,
bg__Q9HXI4,0,1,,,,
bg__Q9HXJ2,0,1,,,,
bg__Q9HYA4,0,1,,,,
bg__Q9HYL7,0,1,,,,
bg__Q9HYR9,0,1,,,,
bg__Q9HZ59,0,1,,,,
bg__Q9HZK1,0,1,,,,
bg__Q9HZL7,0,1,,,,
bg__Q9HZS1,0,1,,,,
bg__Q9I0F2,0,1,,,,
bg__Q9I0N5,0,1,,,,
bg__Q9I0Q8,0,1,,,,
bg__Q9I1L4,0,1,,,,
bg__Q9I291,0,1,,,,
bg__Q9I2A0,0,1,,,,
bg__Q9I2E9,0,1,,,,
bg__Q9I2F1,0,1,,,,
bg__Q9I2F2,0,1,,,,
bg__Q9I2T1,0,1,,,,
bg__Q9I2V0,0,5,,,,
bg__Q9I2X0,0,1,,,,
bg__Q9I321,0,1,,,,
bg__Q9I3N5,0,1,,,,
bg__Q9I3S3,0,1,,,,
bg__Q9I425,0,1,,,,
bg__Q9I463,0,2,,,,
bg__Q9I476,0,2,,,,
bg__Q9I4D4,0,1,,,,
bg__Q9I4E3,0,1,,,,
bg__Q9I4K0,0,3,,,,
bg__Q9I5I6,0,1,,,,
bg__Q9I5U5,0,1,,,,
bg__Q9I6K2,0,1,,,,
bg__Q9I7C1,0,1,,,,
bg__Q9I7K0,0,2,,,,
bg__Q9I8D8,0,1,,,,
bg__Q9I8G4,0,1,,,,
bg__Q9I8X5,0,1,,,,
bg__Q9I927,0,1,,,,
bg__Q9I9C3,0,1,,,,
bg__Q9I9N5,0,1,,,,
bg__Q9I9N6,0,1,,,,
bg__Q9I9R4,0,1,,,,
bg__Q9IA95,0,1,,,,
bg__Q9IAY5,0,1,,,,
bg__Q9IG45,0,1,,,,
bg__Q9IR51,0,4,,,,
bg__Q9J3N8,0,2,,,,
bg__Q9JF44,0,5,,,,
bg__Q9JHE7,0,2,,,,
bg__Q9JHF7,0,1,,,,
bg__Q9JHH2,0,1,,,,
bg__Q9JHK0,0,1,,,,
bg__Q9JHL0,0,1,,,,
bg__Q9JHN8,0,2,,,,
bg__Q9JHR9,0,1,,,,
bg__Q9JHW0,0,4,,,,
bg__Q9JI08,0,3,,,,
bg__Q9JI51,0,1,,,,
bg__Q9JI59,0,2,,,,
bg__Q9JI60,0,4,,,,
bg__Q9JI92,0,3,,,,
bg__Q9JII2,0,2,,,,
bg__Q9JIY8,0,1,,,,
bg__Q9JIZ9,0,3,,,,
bg__Q9JJ48,0,2,,,,
bg__Q9JJ80,0,3,,,,
bg__Q9JJJ3,0,3,,,,
bg__Q9JJL0,0,1,,,,
bg__Q9JJV1,0,1,,,,
bg__Q9JJW1,0,2,,,,
bg__Q9JJZ6,0,2,,,,
bg__Q9JK23,0,4,,,,
bg__Q9JK39,0,1,,,,
bg__Q9JK41,0,1,,,,
bg__Q9JK54,0,1,,,,
bg__Q9JKA3,0,1,,,,
bg__Q9JKA5,0,1,,,,
bg__Q9JKE2,0,1,,,,
bg__Q9JKL5,0,1,,,,
bg__Q9JKL9,0,1,,,,
bg__Q9JKT5,0,2,,,,
bg__Q9JKT7,0,2,,,,
bg__Q9JKU0,0,2,,,,
bg__Q9JKX8,0,3,,,,
bg__Q9JL16,0,2,,,,
bg__Q9JL59,0,1,,,,
bg__Q9JL95,0,1,,,,
bg__Q9JL99,0,1,,,,
bg__Q9JLJ5,0,2,,,,
bg__Q9JLM2,0,1,,,,
bg__Q9JLN4,0,1,,,,
bg__Q9JLR5,0,1,,,,
bg__Q9JLT6,0,1,,,,
bg__Q9JLZ9,0,3,,,,
bg__Q9JM14,0,1,,,,
bg__Q9JM72,0,10,,,,
bg__Q9JM90,0,2,,,,
bg__Q9JMD3,0,2,,,,
bg__Q9JMI7,0,2,,,,
bg__Q9JN36,0,1,,,,
bg__Q9JPD1,0,1,,,,
bg__Q9JPU9,0,2,,,,
bg__Q9JTN2,0,2,,,,
bg__Q9JTR9,0,2,,,,
bg__Q9JUU9,0,3,,,,
bg__Q9JVD3,0,2,,,,
bg__Q9JVQ0,0,1,,,,
bg__Q9JVQ2,0,1,,,,
bg__Q9JXI5,0,2,,,,
bg__Q9JXK4,0,2,,,,
bg__Q9JXT8,0,1,,,,
bg__Q9JXV4,0,1,,,,
bg__Q9K0C7,0,1,,,,
bg__Q9K3R6,0,2,,,,
bg__Q9K4B1,0,1,,,,
bg__Q9K4M4,0,1,,,,
bg__Q9K4Y9,0,1,,,,
bg__Q9K6A7,0,1,,,,
bg__Q9K7F0,0,1,,,,
bg__Q9K855,0,1,,,,
bg__Q9K8D8,0,1,,,,
bg__Q9K8G0,0,1,,,,
bg__Q9K8N1,0,1,,,,
bg__Q9K8W9,0,2,,,,
bg__Q9KA05,0,5,,,,
bg__Q9KBE3,0,1,,,,
bg__Q9KC61,0,1,,,,
bg__Q9KC93,0,1,,,,
bg__Q9KCP8,0,1,,,,
bg__Q9KCY6,0,1,,,,
bg__Q9KD93,0,1,,,,
bg__Q9KDA3,0,1,,,,
bg__Q9KER6,0,1,,,,
bg__Q9KFQ8,0,1,,,,
bg__Q9KJ21,0,1,,,,
bg__Q9KJ22,0,1,,,,
bg__Q9KJE7,0,1,,,,
bg__Q9KJF1,0,1,,,,
bg__Q9KK62,0,1,,,,
bg__Q9KL34,0,1,,,,
bg__Q9KNR1,0,5,,,,
bg__Q9KP71,0,1,,,,
bg__Q9KQE3,0,1,,,,
bg__Q9KRX4,0,3,,,,
bg__Q9KSC2,0,1,,,,
bg__Q9KSM5,0,1,,,,
bg__Q9KTK0,0,4,,,,
bg__Q9KUA9,0,1,,,,
bg__Q9KV27,0,4,,,,
bg__Q9KVT3,0,3,,,,
bg__Q9KWL3,0,1,,,,
bg__Q9KWN1,0,1,,,,
bg__Q9KWQ5,0,2,,,,
bg__Q9KWS3,0,1,,,,
bg__Q9KWS4,0,1,,,,
bg__Q9KYV7,0,1,,,,
bg__Q9KZX7,0,1,,,,
bg__Q9L0D7,0,1,,,,
bg__Q9L2J6,0,2,,,,
bg__Q9L392,0,1,,,,
bg__Q9L393,0,1,,,,
bg__Q9L4P2,0,1,,,,
bg__Q9L4T8,0,1,,,,
bg__Q9L4V5,0,1,,,,
bg__Q9L6V3,0,1,,,,
bg__Q9L9E5,0,1,,,,
bg__Q9L9E9,0,1,,,,
bg__Q9L9F2,0,1,,,,
bg__Q9L9F3,0,1,,,,
bg__Q9L9F8,0,1,,,,
bg__Q9LAI0,0,1,,,,
bg__Q9LAM9,0,1,,,,
bg__Q9LBG2,0,1,,,,
bg__Q9LBV3,0,1,,,,
bg__Q9LBW5,0,1,,,,
bg__Q9LCJ4,0,2,,,,
bg__Q9LCY2,0,1,,,,
bg__Q9LD13,0,1,,,,
bg__Q9LD45,0,1,,,,
bg__Q9LD47,0,1,,,,
bg__Q9LDE4,0,1,,,,
bg__Q9LDF2,0,2,,,,
bg__Q9LDJ3,0,1,,,,
bg__Q9LDM2,0,1,,,,
bg__Q9LDT3,0,1,,,,
bg__Q9LDU5,0,1,,,,
bg__Q9LDY5,0,1,,,,
bg__Q9LDY9,0,1,,,,
bg__Q9LE15,0,1,,,,
bg__Q9LE73,0,1,,,,
bg__Q9LES3,0,1,,,,
bg__Q9LET0,0,1,,,,
bg__Q9LET3,0,2,,,,
bg__Q9LEU4,0,3,,,,
bg__Q9LEV3,0,1,,,,
bg__Q9LEX0,0,1,,,,
bg__Q9LEZ9,0,1,,,,
bg__Q9LFD5,0,1,,,,
bg__Q9LFH6,0,1,,,,
bg__Q9LFR3,0,1,,,,
bg__Q9LFT6,0,1,,,,
bg__Q9LG86,0,1,,,,
bg__Q9LG97,0,1,,,,
bg__Q9LH79,0,1,,,,
bg__Q9LHE5,0,1,,,,
bg__Q9LHF0,0,1,,,,
bg__Q9LHH5,0,1,,,,
bg__Q9LHH7,0,1,,,,
bg__Q9LHS9,0,1,,,,
bg__Q9LIG6,0,2,,,,
bg__Q9LIK6,0,1,,,,
bg__Q9LIN3,0,1,,,,
bg__Q9LIQ4,0,1,,,,
bg__Q9LIQ6,0,1,,,,
bg__Q9LJ97,0,2,,,,
bg__Q9LJB7,0,1,,,,
bg__Q9LJK3,0,1,,,,
bg__Q9LJR7,0,1,,,,
bg__Q9LJV9,0,1,,,,
bg__Q9LJW3,0,1,,,,
bg__Q9LJZ5,0,1,,,,
bg__Q9LK22,0,1,,,,
bg__Q9LK25,0,2,,,,
bg__Q9LK72,0,2,,,,
bg__Q9LK95,0,2,,,,
bg__Q9LKA1,0,1,,,,
bg__Q9LL41,0,2,,,,
bg__Q9LL85,0,1,,,,
bg__Q9LLC1,0,1,,,,
bg__Q9LM15,0,1,,,,
bg__Q9LM18,0,1,,,,
bg__Q9LM71,0,1,,,,
bg__Q9LM84,0,1,,,,
bg__Q9LM93,0,1,,,,
bg__Q9LMA7,0,1,,,,
bg__Q9LMA8,0,1,,,,
bg__Q9LMC9,0,2,,,,
bg__Q9LME4,0,1,,,,
bg__Q9LMG8,0,1,,,,
bg__Q9LMH0,0,1,,,,
bg__Q9LMI3,0,1,,,,
bg__Q9LMK7,0,1,,,,
bg__Q9LMM8,0,1,,,,
bg__Q9LMP7,0,1,,,,
bg__Q9LMX8,0,1,,,,
bg__Q9LN20,0,1,,,,
bg__Q9LN94,0,2,,,,
bg__Q9LN95,0,1,,,,
bg__Q9LNC9,0,1,,,,
bg__Q9LND1,0,2,,,,
bg__Q9LNE8,0,1,,,,
bg__Q9LNK1,0,1,,,,
bg__Q9LNL0,0,1,,,,
bg__Q9LNQ1,0,1,,,,
bg__Q9LPE8,0,1,,,,
bg__Q9LPF0,0,1,,,,
bg__Q9LPN5,0,2,,,,
bg__Q9LPU9,0,1,,,,
bg__Q9LPZ1,0,1,,,,
bg__Q9LQ04,0,1,,,,
bg__Q9LQ32,0,2,,,,
bg__Q9LQC0,0,1,,,,
bg__Q9LQK9,0,1,,,,
bg__Q9LQM8,0,1,,,,
bg__Q9LQX2,0,1,,,,
bg__Q9LR68,0,1,,,,
bg__Q9LR91,0,1,,,,
bg__Q9LRH6,0,1,,,,
bg__Q9LRJ4,0,1,,,,
bg__Q9LRJ9,0,1,,,,
bg__Q9LRP1,0,2,,,,
bg__Q9LS01,0,4,,,,
bg__Q9LS24,0,2,,,,
bg__Q9LS48,0,1,,,,
bg__Q9LS99,0,1,,,,
bg__Q9LSD5,0,1,,,,
bg__Q9LSE4,0,1,,,,
bg__Q9LSF6,0,1,,,,
bg__Q9LSI7,0,1,,,,
bg__Q9LSL6,0,1,,,,
bg__Q9LSN7,0,1,,,,
bg__Q9LSP7,0,1,,,,
bg__Q9LSQ3,0,1,,,,
bg__Q9LSS3,0,2,,,,
bg__Q9LSS7,0,1,,,,
bg__Q9LSV0,0,1,,,,
bg__Q9LSW8,0,1,,,,
bg__Q9LSX7,0,1,,,,
bg__Q9LSZ3,0,1,,,,
bg__Q9LT67,0,1,,,,
bg__Q9LT89,0,1,,,,
bg__Q9LT93,0,1,,,,
bg__Q9LTA2,0,1,,,,
bg__Q9LTC4,0,1,,,,
bg__Q9LTC7,0,1,,,,
bg__Q9LTG0,0,1,,,,
bg__Q9LTH4,0,1,,,,
bg__Q9LTJ1,0,1,,,,
bg__Q9LTT3,0,1,,,,
bg__Q9LTV4,0,1,,,,
bg__Q9LTV6,0,1,,,,
bg__Q9LTW9,0,1,,,,
bg__Q9LU01,0,1,,,,
bg__Q9LU18,0,1,,,,
bg__Q9LU39,0,1,,,,
bg__Q9LU64,0,1,,,,
bg__Q9LU85,0,1,,,,
bg__Q9LU93,0,1,,,,
bg__Q9LUE3,0,1,,,,
bg__Q9LUG5,0,1,,,,
bg__Q9LUJ5,0,1,,,,
bg__Q9LUR3,0,2,,,,
bg__Q9LUR4,0,1,,,,
bg__Q9LUZ9,0,1,,,,
bg__Q9LV09,0,1,,,,
bg__Q9LV17,0,1,,,,
bg__Q9LV27,0,1,,,,
bg__Q9LVD0,0,1,,,,
bg__Q9LVJ7,0,1,,,,
bg__Q9LVL2,0,1,,,,
bg__Q9LVL4,0,1,,,,
bg__Q9LVL9,0,1,,,,
bg__Q9LVM2,0,1,,,,
bg__Q9LVP9,0,1,,,,
bg__Q9LVQ0,0,1,,,,
bg__Q9LVU1,0,1,,,,
bg__Q9LVZ5,0,1,,,,
bg__Q9LVZ7,0,1,,,,
bg__Q9LW00,0,1,,,,
bg__Q9LW12,0,1,,,,
bg__Q9LW20,0,1,,,,
bg__Q9LW31,0,1,,,,
bg__Q9LW57,0,1,,,,
bg__Q9LX08,0,3,,,,
bg__Q9LX31,0,1,,,,
bg__Q9LX49,0,1,,,,
bg__Q9LX74,0,1,,,,
bg__Q9LX82,0,2,,,,
bg__Q9LX93,0,1,,,,
bg__Q9LXA9,0,1,,,,
bg__Q9LXC9,0,1,,,,
bg__Q9LXD8,0,1,,,,
bg__Q9LXF3,0,1,,,,
bg__Q9LXG0,0,1,,,,
bg__Q9LXG9,0,1,,,,
bg__Q9LXM2,0,2,,,,
bg__Q9LXM4,0,1,,,,
bg__Q9LXR8,0,1,,,,
bg__Q9LXT4,0,2,,,,
bg__Q9LXV2,0,1,,,,
bg__Q9LXV5,0,1,,,,
bg__Q9LXX5,0,1,,,,
bg__Q9LY00,0,1,,,,
bg__Q9LY08,0,1,,,,
bg__Q9LY29,0,1,,,,
bg__Q9LYD3,0,1,,,,
bg__Q9LYK8,0,1,,,,
bg__Q9LYL8,0,1,,,,
bg__Q9LYP4,0,1,,,,
bg__Q9LYP6,0,1,,,,
bg__Q9LYQ4,0,1,,,,
bg__Q9LYR2,0,9,,,,
bg__Q9LYR5,0,1,,,,
bg__Q9LYT7,0,1,,,,
bg__Q9LYU3,0,1,,,,
bg__Q9LYV6,0,1,,,,
bg__Q9LZ23,0,1,,,,
bg__Q9LZ76,0,1,,,,
bg__Q9LZ82,0,1,,,,
bg__Q9LZD4,0,2,,,,
bg__Q9LZF5,0,1,,,,
bg__Q9LZG7,0,1,,,,
bg__Q9LZJ6,0,1,,,,
bg__Q9LZR0,0,1,,,,
bg__Q9LZR5,0,1,,,,
bg__Q9LZT4,0,2,,,,
bg__Q9LZV6,0,1,,,,
bg__Q9LZW2,0,1,,,,
bg__Q9LZX7,0,1,,,,
bg__Q9M012,0,1,,,,
bg__Q9M022,0,1,,,,
bg__Q9M038,0,1,,,,
bg__Q9M077,0,2,,,,
bg__Q9M0A5,0,1,,,,
bg__Q9M0A6,0,1,,,,
bg__Q9M0B9,0,1,,,,
bg__Q9M0D2,0,4,,,,
bg__Q9M0J3,0,1,,,,
bg__Q9M0J5,0,1,,,,
bg__Q9M0K4,0,1,,,,
bg__Q9M0R0,0,2,,,,
bg__Q9M0R6,0,1,,,,
bg__Q9M0U9,0,1,,,,
bg__Q9M0X8,0,1,,,,
bg__Q9M128,0,1,,,,
bg__Q9M161,0,1,,,,
bg__Q9M1E6,0,1,,,,
bg__Q9M1E7,0,1,,,,
bg__Q9M1H8,0,1,,,,
bg__Q9M1J2,0,2,,,,
bg__Q9M1K0,0,2,,,,
bg__Q9M1K3,0,1,,,,
bg__Q9M1K9,0,1,,,,
bg__Q9M1S3,0,1,,,,
bg__Q9M1V5,0,1,,,,
bg__Q9M1V9,0,1,,,,
bg__Q9M1X0,0,1,,,,
bg__Q9M1X2,0,1,,,,
bg__Q9M203,0,1,,,,
bg__Q9M246,0,1,,,,
bg__Q9M268,0,1,,,,
bg__Q9M276,0,1,,,,
bg__Q9M2D9,0,1,,,,
bg__Q9M2K8,0,1,,,,
bg__Q9M2P7,0,2,,,,
bg__Q9M2R1,0,1,,,,
bg__Q9M2S3,0,1,,,,
bg__Q9M2S6,0,1,,,,
bg__Q9M2U2,0,1,,,,
bg__Q9M2U5,0,1,,,,
bg__Q9M2W2,0,1,,,,
bg__Q9M2X3,0,1,,,,
bg__Q9M2Y6,0,2,,,,
bg__Q9M2Y9,0,1,,,,
bg__Q9M2Z2,0,1,,,,
bg__Q9M2Z4,0,1,,,,
bg__Q9M325,0,2,,,,
bg__Q9M330,0,1,,,,
bg__Q9M336,0,1,,,,
bg__Q9M374,0,1,,,,
bg__Q9M376,0,1,,,,
bg__Q9M391,0,1,,,,
bg__Q9M3C6,0,1,,,,
bg__Q9M4G3,0,2,,,,
bg__Q9M622,0,1,,,,
bg__Q9M643,0,1,,,,
bg__Q9M644,0,1,,,,
bg__Q9M6A3,0,1,,,,
bg__Q9M7I7,0,1,,,,
bg__Q9M886,0,1,,,,
bg__Q9M8J5,0,1,,,,
bg__Q9M8S7,0,1,,,,
bg__Q9M8T6,0,2,,,,
bg__Q9M8T9,0,1,,,,
bg__Q9M8X1,0,3,,,,
bg__Q9M9B3,0,1,,,,
bg__Q9M9F0,0,1,,,,
bg__Q9M9F1,0,1,,,,
bg__Q9M9G7,0,1,,,,
bg__Q9M9P0,0,1,,,,
bg__Q9M9S0,0,1,,,,
bg__Q9M9U9,0,1,,,,
bg__Q9M9W3,0,7,,,,
bg__Q9M9X4,0,1,,,,
bg__Q9MA63,0,1,,,,
bg__Q9MAA2,0,1,,,,
bg__Q9MAL0,0,1,,,,
bg__Q9MBG8,0,1,,,,
bg__Q9MTQ6,0,1,,,,
bg__Q9MYV3,0,2,,,,
bg__Q9MZ03,0,1,,,,
bg__Q9MZ06,0,1,,,,
bg__Q9MZD2,0,1,,,,
bg__Q9MZE0,0,5,,,,
bg__Q9MZR1,0,1,,,,
bg__Q9N0J9,0,6,,,,
bg__Q9N0K1,0,1,,,,
bg__Q9N126,0,2,,,,
bg__Q9N1F5,0,4,,,,
bg__Q9N1Q5,0,6,,,,
bg__Q9N1R5,0,4,,,,
bg__Q9N285,0,3,,,,
bg__Q9N2E9,0,10,,,,
bg__Q9N2I5,0,1,,,,
bg__Q9N2K7,0,1,,,,
bg__Q9N2W5,0,1,,,,
bg__Q9N337,0,1,,,,
bg__Q9N4A7,0,2,,,,
bg__Q9N4D9,0,1,,,,
bg__Q9N4V0,0,1,,,,
bg__Q9N4X8,0,1,,,,
bg__Q9N5A8,0,1,,,,
bg__Q9N5R0,0,1,,,,
bg__Q9N5X6,0,1,,,,
bg__Q9N5Y2,0,1,,,,
bg__Q9NA25,0,1,,,,
bg__Q9NA73,0,1,,,,
bg__Q9NA75,0,1,,,,
bg__Q9NAN2,0,1,,,,
bg__Q9NCL7,0,1,,,,
bg__Q9NCL8,0,1,,,,
bg__Q9NEN6,0,1,,,,
bg__Q9NEW6,0,1,,,,
bg__Q9NH02,0,1,,,,
bg__Q9NHC3,0,1,,,,
bg__Q9NHD5,0,1,,,,
bg__Q9NLC2,0,1,,,,
bg__Q9NNZ3,0,1,,,,
bg__Q9NP55,0,3,,,,
bg__Q9NP98,0,4,,,,
bg__Q9NP99,0,1,,,,
bg__Q9NPA0,0,6,,,,
bg__Q9NPA1,0,2,,,,
bg__Q9NPA3,0,1,,,,
bg__Q9NPB3,0,2,,,,
bg__Q9NPC3,0,2,,,,
bg__Q9NPC6,0,4,,,,
bg__Q9NPF0,0,1,,,,
bg__Q9NPI5,0,1,,,,
bg__Q9NPI7,0,1,,,,
bg__Q9NPJ6,0,4,,,,
bg__Q9NPL8,0,2,,,,
bg__Q9NQ35,0,1,,,,
bg__Q9NQ48,0,4,,,,
bg__Q9NQ60,0,1,,,,
bg__Q9NQ88,0,3,,,,
bg__Q9NQ92,0,1,,,,
bg__Q9NQC8,0,3,,,,
bg__Q9NQM4,0,1,,,,
bg__Q9NQN1,0,2,,,,
bg__Q9NQT4,0,2,,,,
bg__Q9NQT5,0,3,,,,
bg__Q9NQZ6,0,1,,,,
bg__Q9NR28,0,3,,,,
bg__Q9NRE1,0,1,,,,
bg__Q9NRG7,0,1,,,,
bg__Q9NRH1,0,1,,,,
bg__Q9NRN7,0,4,,,,
bg__Q9NRW3,0,1,,,,
bg__Q9NRX1,0,4,,,,
bg__Q9NS28,0,2,,,,
bg__Q9NS61,0,9,,,,
bg__Q9NSE2,0,4,,,,
bg__Q9NSI2,0,1,,,,
bg__Q9NSY2,0,1,,,,
bg__Q9NTK1,0,1,,,,
bg__Q9NTM9,0,1,,,,
bg__Q9NTQ9,0,3,,,,
bg__Q9NTX5,0,4,,,,
bg__Q9NUI1,0,4,,,,
bg__Q9NUJ1,0,5,,,,
bg__Q9NUL5,0,3,,,,
bg__Q9NUN7,0,2,,,,
bg__Q9NV23,0,1,,,,
bg__Q9NV31,0,1,,,,
bg__Q9NV56,0,2,,,,
bg__Q9NVA1,0,2,,,,
bg__Q9NVL8,0,1,,,,
bg__Q9NVM6,0,3,,,,
bg__Q9NVS2,0,1,,,,
bg__Q9NVS9,0,4,,,,
bg__Q9NVV5,0,2,,,,
bg__Q9NVX0,0,2,,,,
bg__Q9NW97,0,1,,,,
bg__Q9NWB6,0,4,,,,
bg__Q9NWC5,0,1,,,,
bg__Q9NWD8,0,1,,,,
bg__Q9NWS0,0,4,,,,
bg__Q9NWW5,0,1,,,,
bg__Q9NWX6,0,4,,,,
bg__Q9NWZ8,0,1,,,,
bg__Q9NX08,0,1,,,,
bg__Q9NX09,0,3,,,,
bg__Q9NX31,0,2,,,,
bg__Q9NX52,0,2,,,,
bg__Q9NX57,0,2,,,,
bg__Q9NX63,0,1,,,,
bg__Q9NX70,0,2,,,,
bg__Q9NX76,0,1,,,,
bg__Q9NXB9,0,3,,,,
bg__Q9NXI6,0,1,,,,
bg__Q9NXJ0,0,1,,,,
bg__Q9NXW9,0,2,,,,
bg__Q9NY35,0,2,,,,
bg__Q9NYK6,0,2,,,,
bg__Q9NYN1,0,1,,,,
bg__Q9NYP8,0,1,,,,
bg__Q9NYS0,0,2,,,,
bg__Q9NYV7,0,1,,,,
bg__Q9NYV9,0,1,,,,
bg__Q9NYW0,0,1,,,,
bg__Q9NYW1,0,1,,,,
bg__Q9NYW2,0,1,,,,
bg__Q9NYW3,0,1,,,,
bg__Q9NYW4,0,1,,,,
bg__Q9NYW5,0,1,,,,
bg__Q9NYW6,0,1,,,,
bg__Q9NYW7,0,1,,,,
bg__Q9NZ01,0,4,,,,
bg__Q9NZ72,0,1,,,,
bg__Q9NZC2,0,1,,,,
bg__Q9NZP5,0,2,,,,
bg__Q9NZQ0,0,5,,,,
bg__Q9NZQ7,0,1,,,,
bg__Q9NZS2,0,1,,,,
bg__Q9P031,0,2,,,,
bg__Q9P055,0,2,,,,
bg__Q9P0K9,0,3,,,,
bg__Q9P0N9,0,3,,,,
bg__Q9P0V8,0,2,,,,
bg__Q9P0W2,0,3,,,,
bg__Q9P104,0,2,,,,
bg__Q9P127,0,1,,,,
bg__Q9P1Q5,0,2,,,,
bg__Q9P1W9,0,1,,,,
bg__Q9P299,0,1,,,,
bg__Q9P2X3,0,5,,,,
bg__Q9P2Z0,0,1,,,,
bg__Q9P373,0,1,,,,
bg__Q9P383,0,1,,,,
bg__Q9P3T9,0,1,,,,
bg__Q9P403,0,1,,,,
bg__Q9P451,0,1,,,,
bg__Q9P4D8,0,1,,,,
bg__Q9P4U7,0,1,,,,
bg__Q9P4X2,0,1,,,,
bg__Q9P6J2,0,1,,,,
bg__Q9P6K9,0,1,,,,
bg__Q9P6M1,0,1,,,,
bg__Q9P6N2,0,1,,,,
bg__Q9P6N3,0,1,,,,
bg__Q9P6Q6,0,1,,,,
bg__Q9P6R1,0,1,,,,
bg__Q9P6S5,0,1,,,,
bg__Q9P790,0,1,,,,
bg__Q9P794,0,1,,,,
bg__Q9P795,0,1,,,,
bg__Q9P7A0,0,1,,,,
bg__Q9P7B2,0,2,,,,
bg__Q9P7B5,0,1,,,,
bg__Q9P7C1,0,1,,,,
bg__Q9P7C5,0,1,,,,
bg__Q9P7C6,0,1,,,,
bg__Q9P7C9,0,1,,,,
bg__Q9P7F7,0,1,,,,
bg__Q9P7G9,0,1,,,,
bg__Q9P7M3,0,1,,,,
bg__Q9P7N1,0,1,,,,
bg__Q9P7N4,0,1,,,,
bg__Q9P7N5,0,1,,,,
bg__Q9P7Q6,0,1,,,,
bg__Q9P7R3,0,1,,,,
bg__Q9P7S6,0,1,,,,
bg__Q9P7T7,0,1,,,,
bg__Q9P885,0,1,,,,
bg__Q9P8P7,0,3,,,,
bg__Q9P940,0,1,,,,
bg__Q9PAM0,0,2,,,,
bg__Q9PBI4,0,1,,,,
bg__Q9PBJ8,0,1,,,,
bg__Q9PC88,0,5,,,,
bg__Q9PD67,0,1,,,,
bg__Q9PEC3,0,2,,,,
bg__Q9PET8,0,1,,,,
bg__Q9PEV9,0,1,,,,
bg__Q9PHQ1,0,1,,,,
bg__Q9PIB8,0,2,,,,
bg__Q9PIC1,0,1,,,,
bg__Q9PIC3,0,1,,,,
bg__Q9PIK2,0,2,,,,
bg__Q9PIR8,0,2,,,,
bg__Q9PJB8,0,2,,,,
bg__Q9PK33,0,1,,,,
bg__Q9PL32,0,2,,,,
bg__Q9PM40,0,2,,,,
bg__Q9PM72,0,2,,,,
bg__Q9PM78,0,2,,,,
bg__Q9PN59,0,1,,,,
bg__Q9PN99,0,1,,,,
bg__Q9PNU6,0,1,,,,
bg__Q9PPN8,0,1,,,,
bg__Q9PPX6,0,1,,,,
bg__Q9PQ76,0,1,,,,
bg__Q9PQQ9,0,1,,,,
bg__Q9PQT8,0,1,,,,
bg__Q9PR69,0,1,,,,
bg__Q9PT61,0,5,,,,
bg__Q9PTH3,0,1,,,,
bg__Q9PTU1,0,1,,,,
bg__Q9PU13,0,2,,,,
bg__Q9PU20,0,1,,,,
bg__Q9PV90,0,9,,,,
bg__Q9PVW8,0,1,,,,
bg__Q9PWB0,0,1,,,,
bg__Q9PWL5,0,1,,,,
bg__Q9PWL6,0,1,,,,
bg__Q9PWL7,0,1,,,,
bg__Q9PWM3,0,1,,,,
bg__Q9PWM6,0,1,,,,
bg__Q9QUK3,0,3,,,,
bg__Q9QUM9,0,2,,,,
bg__Q9QUN5,0,1,,,,
bg__Q9QX60,0,2,,,,
bg__Q9QXP7,0,3,,,,
bg__Q9QXS8,0,1,,,,
bg__Q9QXT1,0,2,,,,
bg__Q9QXU9,0,3,,,,
bg__Q9QXV3,0,1,,,,
bg__Q9QY33,0,2,,,,
bg__Q9QYE9,0,2,,,,
bg__Q9QYI8,0,2,,,,
bg__Q9QYN5,0,3,,,,
bg__Q9QZ23,0,2,,,,
bg__Q9QZ49,0,3,,,,
bg__Q9QZB1,0,2,,,,
bg__Q9QZD8,0,3,,,,
bg__Q9QZE9,0,3,,,,
bg__Q9QZH7,0,1,,,,
bg__Q9QZL9,0,1,,,,
bg__Q9QZM8,0,2,,,,
bg__Q9QZN4,0,6,,,,
bg__Q9QZZ6,0,2,,,,
bg__Q9R006,0,1,,,,
bg__Q9R059,0,3,,,,
bg__Q9R061,0,4,,,,
bg__Q9R088,0,3,,,,
bg__Q9R0B7,0,2,,,,
bg__Q9R0H2,0,1,,,,
bg__Q9R0M5,0,3,,,,
bg__Q9R0X0,0,2,,,,
bg__Q9R109,0,3,,,,
bg__Q9R123,0,2,,,,
bg__Q9R1P3,0,1,,,,
bg__Q9R1S0,0,2,,,,
bg__Q9R1S4,0,4,,,,
bg__Q9R1T7,0,1,,,,
bg__Q9R257,0,2,,,,
bg__Q9RA05,0,1,,,,
bg__Q9RAH6,0,1,,,,
bg__Q9RBP4,0,1,,,,
bg__Q9RBY6,0,1,,,,
bg__Q9RDF2,0,2,,,,
bg__Q9RDX2,0,1,,,,
bg__Q9REB3,0,3,,,,
bg__Q9RFV9,0,3,,,,
bg__Q9RGS6,0,1,,,,
bg__Q9RI72,0,2,,,,
bg__Q9RKK6,0,1,,,,
bg__Q9RND6,0,1,,,,
bg__Q9RP19,0,1,,,,
bg__Q9RPX0,0,1,,,,
bg__Q9RQP7,0,1,,,,
bg__Q9RR27,0,1,,,,
bg__Q9RR44,0,1,,,,
bg__Q9RR45,0,1,,,,
bg__Q9RR89,0,1,,,,
bg__Q9RRW3,0,1,,,,
bg__Q9RS16,0,1,,,,
bg__Q9RT73,0,1,,,,
bg__Q9RU10,0,1,,,,
bg__Q9RUD2,0,1,,,,
bg__Q9RUP6,0,1,,,,
bg__Q9RUV0,0,1,,,,
bg__Q9RV62,0,1,,,,
bg__Q9RW24,0,1,,,,
bg__Q9RW55,0,1,,,,
bg__Q9RWD6,0,1,,,,
bg__Q9RX22,0,1,,,,
bg__Q9RX88,0,1,,,,
bg__Q9RY40,0,1,,,,
bg__Q9RY51,0,1,,,,
bg__Q9RY80,0,1,,,,
bg__Q9RYE6,0,1,,,,
bg__Q9RYU4,0,1,,,,
bg__Q9S156,0,1,,,,
bg__Q9S1G7,0,2,,,,
bg__Q9S1H5,0,3,,,,
bg__Q9S2A5,0,1,,,,
bg__Q9S3S1,0,1,,,,
bg__Q9S4D5,0,2,,,,
bg__Q9S709,0,2,,,,
bg__Q9S720,0,1,,,,
bg__Q9S726,0,1,,,,
bg__Q9S740,0,1,,,,
bg__Q9S750,0,1,,,,
bg__Q9S756,0,5,,,,
bg__Q9S772,0,1,,,,
bg__Q9S789,0,1,,,,
bg__Q9S7F3,0,1,,,,
bg__Q9S7H4,0,1,,,,
bg__Q9S7L9,0,1,,,,
bg__Q9S7M2,0,1,,,,
bg__Q9S7M9,0,1,,,,
bg__Q9S7P9,0,1,,,,
bg__Q9S7Q7,0,1,,,,
bg__Q9S7S2,0,1,,,,
bg__Q9S7S3,0,1,,,,
bg__Q9S7T5,0,1,,,,
bg__Q9S7Z2,0,1,,,,
bg__Q9S810,0,6,,,,
bg__Q9S827,0,3,,,,
bg__Q9S834,0,1,,,,
bg__Q9S9K9,0,1,,,,
bg__Q9S9P2,0,1,,,,
bg__Q9S9W2,0,1,,,,
bg__Q9SA47,0,1,,,,
bg__Q9SA82,0,1,,,,
bg__Q9SAA2,0,1,,,,
bg__Q9SAH7,0,1,,,,
bg__Q9SAI4,0,1,,,,
bg__Q9SB37,0,1,,,,
bg__Q9SB38,0,1,,,,
bg__Q9SB47,0,1,,,,
bg__Q9SB52,0,2,,,,
bg__Q9SB60,0,1,,,,
bg__Q9SB61,0,1,,,,
bg__Q9SB67,0,1,,,,
bg__Q9SB68,0,1,,,,
bg__Q9SB92,0,1,,,,
bg__Q9SBA5,0,1,,,,
bg__Q9SCK3,0,2,,,,
bg__Q9SCM4,0,1,,,,
bg__Q9SCP1,0,1,,,,
bg__Q9SCW4,0,1,,,,
bg__Q9SCY3,0,1,,,,
bg__Q9SCY5,0,1,,,,
bg__Q9SD38,0,1,,,,
bg__Q9SD42,0,1,,,,
bg__Q9SD96,0,1,,,,
bg__Q9SDN0,0,1,,,,
bg__Q9SDY5,0,1,,,,
bg__Q9SE33,0,1,,,,
bg__Q9SE35,0,1,,,,
bg__Q9SE42,0,1,,,,
bg__Q9SE93,0,1,,,,
bg__Q9SE95,0,1,,,,
bg__Q9SEL5,0,1,,,,
bg__Q9SEU4,0,2,,,,
bg__Q9SEZ1,0,1,,,,
bg__Q9SEZ6,0,1,,,,
bg__Q9SF21,0,1,,,,
bg__Q9SF29,0,1,,,,
bg__Q9SFC6,0,1,,,,
bg__Q9SFD8,0,1,,,,
bg__Q9SFE4,0,1,,,,
bg__Q9SFF9,0,9,,,,
bg__Q9SFG6,0,1,,,,
bg__Q9SFV2,0,2,,,,
bg__Q9SFX6,0,3,,,,
bg__Q9SG92,0,1,,,,
bg__Q9SGE3,0,1,,,,
bg__Q9SGS4,0,1,,,,
bg__Q9SGU3,0,1,,,,
bg__Q9SGW3,0,2,,,,
bg__Q9SHB5,0,1,,,,
bg__Q9SHD1,0,3,,,,
bg__Q9SHH8,0,1,,,,
bg__Q9SHQ9,0,1,,,,
bg__Q9SHU7,0,1,,,,
bg__Q9SHY6,0,1,,,,
bg__Q9SI03,0,1,,,,
bg__Q9SI38,0,1,,,,
bg__Q9SI56,0,1,,,,
bg__Q9SI74,0,1,,,,
bg__Q9SIB4,0,1,,,,
bg__Q9SID1,0,1,,,,
bg__Q9SID2,0,2,,,,
bg__Q9SIE0,0,1,,,,
bg__Q9SIH2,0,1,,,,
bg__Q9SIJ0,0,1,,,,
bg__Q9SIL7,0,1,,,,
bg__Q9SIP1,0,1,,,,
bg__Q9SIT9,0,1,,,,
bg__Q9SIU8,0,2,,,,
bg__Q9SIY3,0,1,,,,
bg__Q9SIY7,0,1,,,,
bg__Q9SJ05,0,2,,,,
bg__Q9SJ12,0,1,,,,
bg__Q9SJ45,0,1,,,,
bg__Q9SJ52,0,1,,,,
bg__Q9SJ81,0,1,,,,
bg__Q9SJC4,0,1,,,,
bg__Q9SJC6,0,1,,,,
bg__Q9SJG4,0,1,,,,
bg__Q9SJJ7,0,1,,,,
bg__Q9SJL6,0,1,,,,
bg__Q9SJL7,0,1,,,,
bg__Q9SJL9,0,1,,,,
bg__Q9SJW0,0,1,,,,
bg__Q9SJX8,0,1,,,,
bg__Q9SK08,0,1,,,,
bg__Q9SK33,0,1,,,,
bg__Q9SK53,0,1,,,,
bg__Q9SK55,0,1,,,,
bg__Q9SK91,0,1,,,,
bg__Q9SKD0,0,2,,,,
bg__Q9SKD9,0,1,,,,
bg__Q9SKT0,0,2,,,,
bg__Q9SKT4,0,1,,,,
bg__Q9SKW5,0,1,,,,
bg__Q9SKY9,0,1,,,,
bg__Q9SKZ1,0,1,,,,
bg__Q9SL43,0,1,,,,
bg__Q9SLB6,0,1,,,,
bg__Q9SLB7,0,1,,,,
bg__Q9SLC3,0,1,,,,
bg__Q9SLE0,0,1,,,,
bg__Q9SLP4,0,1,,,,
bg__Q9SMB8,0,1,,,,
bg__Q9SMM5,0,2,,,,
bg__Q9SMN1,0,2,,,,
bg__Q9SMP1,0,1,,,,
bg__Q9SMR4,0,1,,,,
bg__Q9SMS0,0,1,,,,
bg__Q9SMX3,0,1,,,,
bg__Q9SN12,0,1,,,,
bg__Q9SN28,0,2,,,,
bg__Q9SN74,0,1,,,,
bg__Q9SNC0,0,1,,,,
bg__Q9SND4,0,1,,,,
bg__Q9SP08,0,1,,,,
bg__Q9SP35,0,1,,,,
bg__Q9SPE6,0,1,,,,
bg__Q9SPK4,0,1,,,,
bg__Q9SQ57,0,3,,,,
bg__Q9SQK3,0,1,,,,
bg__Q9SQL2,0,3,,,,
bg__Q9SQR2,0,1,,,,
bg__Q9SR17,0,1,,,,
bg__Q9SR36,0,1,,,,
bg__Q9SR62,0,1,,,,
bg__Q9SR70,0,1,,,,
bg__Q9SRH5,0,1,,,,
bg__Q9SRI1,0,2,,,,
bg__Q9SRK5,0,1,,,,
bg__Q9SRM4,0,2,,,,
bg__Q9SRN1,0,1,,,,
bg__Q9SRQ3,0,2,,,,
bg__Q9SRR0,0,1,,,,
bg__Q9SRS3,0,1,,,,
bg__Q9SRS9,0,1,,,,
bg__Q9SRV3,0,1,,,,
bg__Q9SRV7,0,2,,,,
bg__Q9SRY5,0,1,,,,
bg__Q9SRY6,0,1,,,,
bg__Q9SSM4,0,1,,,,
bg__Q9SSM7,0,1,,,,
bg__Q9SSQ8,0,1,,,,
bg__Q9SSS9,0,1,,,,
bg__Q9SSW1,0,1,,,,
bg__Q9SSW2,0,1,,,,
bg__Q9ST69,0,1,,,,
bg__Q9STF9,0,1,,,,
bg__Q9STJ6,0,1,,,,
bg__Q9STN7,0,1,,,,
bg__Q9STX9,0,1,,,,
bg__Q9STY0,0,1,,,,
bg__Q9STY5,0,1,,,,
bg__Q9STY8,0,1,,,,
bg__Q9SU14,0,1,,,,
bg__Q9SU86,0,1,,,,
bg__Q9SU87,0,2,,,,
bg__Q9SU92,0,1,,,,
bg__Q9SUC5,0,1,,,,
bg__Q9SUE0,0,1,,,,
bg__Q9SUP1,0,1,,,,
bg__Q9SUR3,0,2,,,,
bg__Q9SUS1,0,1,,,,
bg__Q9SUV9,0,1,,,,
bg__Q9SV12,0,1,,,,
bg__Q9SV19,0,1,,,,
bg__Q9SV60,0,1,,,,
bg__Q9SV61,0,1,,,,
bg__Q9SV73,0,1,,,,
bg__Q9SVB7,0,1,,,,
bg__Q9SVD5,0,1,,,,
bg__Q9SVG9,0,1,,,,
bg__Q9SVL0,0,1,,,,
bg__Q9SVU4,0,2,,,,
bg__Q9SVV2,0,1,,,,
bg__Q9SVX5,0,1,,,,
bg__Q9SW18,0,1,,,,
bg__Q9SWC2,0,1,,,,
bg__Q9SWS1,0,1,,,,
bg__Q9SX52,0,3,,,,
bg__Q9SX77,0,1,,,,
bg__Q9SX99,0,1,,,,
bg__Q9SXA5,0,2,,,,
bg__Q9SXA6,0,1,,,,
bg__Q9SXJ6,0,1,,,,
bg__Q9SXP7,0,1,,,,
bg__Q9SY73,0,1,,,,
bg__Q9SY88,0,1,,,,
bg__Q9SYD8,0,1,,,,
bg__Q9SYH4,0,1,,,,
bg__Q9SYL9,0,1,,,,
bg__Q9SYM2,0,1,,,,
bg__Q9SYT0,0,2,,,,
bg__Q9SYX1,0,2,,,,
bg__Q9SYY4,0,1,,,,
bg__Q9SZ06,0,1,,,,
bg__Q9SZ59,0,1,,,,
bg__Q9SZ63,0,1,,,,
bg__Q9SZB2,0,1,,,,
bg__Q9SZE4,0,1,,,,
bg__Q9SZM1,0,1,,,,
bg__Q9SZP1,0,1,,,,
bg__Q9SZT0,0,1,,,,
bg__Q9SZX9,0,1,,,,
bg__Q9SZY7,0,1,,,,
bg__Q9T010,0,1,,,,
bg__Q9T017,0,1,,,,
bg__Q9T030,0,1,,,,
bg__Q9T091,0,2,,,,
bg__Q9T0A4,0,1,,,,
bg__Q9T0I8,0,1,,,,
bg__Q9T216,0,1,,,,
bg__Q9TA29,0,34,,,,
bg__Q9TTD8,0,2,,,,
bg__Q9TU05,0,26,,,,
bg__Q9TUI7,0,1,,,,
bg__Q9TXH9,0,1,,,,
bg__Q9TYK1,0,1,,,,
bg__Q9TYT3,0,1,,,,
bg__Q9TZ70,0,1,,,,
bg__Q9TZP5,0,1,,,,
bg__Q9U1H8,0,1,,,,
bg__Q9U1R1,0,1,,,,
bg__Q9U1W2,0,1,,,,
bg__Q9U221,0,1,,,,
bg__Q9U2C9,0,2,,,,
bg__Q9U2H9,0,1,,,,
bg__Q9U3C8,0,1,,,,
bg__Q9U3L0,0,1,,,,
bg__Q9U3N5,0,1,,,,
bg__Q9U4F3,0,1,,,,
bg__Q9U4H5,0,1,,,,
bg__Q9U6P6,0,1,,,,
bg__Q9U6Y4,0,1,,,,
bg__Q9U8P7,0,1,,,,
bg__Q9U8W7,0,1,,,,
bg__Q9U8W8,0,1,,,,
bg__Q9UBD9,0,2,,,,
bg__Q9UBK7,0,2,,,,
bg__Q9UBS3,0,2,,,,
bg__Q9UBU2,0,2,,,,
bg__Q9UBV8,0,3,,,,
bg__Q9UBW8,0,2,,,,
bg__Q9UD57,0,2,,,,
bg__Q9UEE9,0,5,,,,
bg__Q9UFN0,0,1,,,,
bg__Q9UGB7,0,5,,,,
bg__Q9UGF7,0,1,,,,
bg__Q9UGN4,0,1,,,,
bg__Q9UH92,0,2,,,,
bg__Q9UHE5,0,2,,,,
bg__Q9UHF5,0,1,,,,
bg__Q9UHQ4,0,3,,,,
bg__Q9UHV2,0,2,,,,
bg__Q9UI43,0,2,,,,
bg__Q9UII6,0,1,,,,
bg__Q9UJ68,0,4,,,,
bg__Q9UJD0,0,3,,,,
bg__Q9UJH8,0,3,,,,
bg__Q9UJJ7,0,1,,,,
bg__Q9UJK0,0,1,,,,
bg__Q9UK85,0,1,,,,
bg__Q9UKA8,0,3,,,,
bg__Q9UKD2,0,3,,,,
bg__Q9UKI2,0,2,,,,
bg__Q9UKJ1,0,2,,,,
bg__Q9UKM9,0,1,,,,
bg__Q9UKR8,0,1,,,,
bg__Q9UKW6,0,2,,,,
bg__Q9UKY3,0,1,,,,
bg__Q9UL25,0,4,,,,
bg__Q9ULC0,0,1,,,,
bg__Q9ULR0,0,3,,,,
bg__Q9UM00,0,3,,,,
bg__Q9UMR7,0,1,,,,
bg__Q9UMY1,0,2,,,,
bg__Q9UNE2,0,4,,,,
bg__Q9UNL4,0,4,,,,
bg__Q9UNQ2,0,4,,,,
bg__Q9UPY8,0,2,,,,
bg__Q9UQN3,0,2,,,,
bg__Q9UR08,0,1,,,,
bg__Q9URZ1,0,1,,,,
bg__Q9US14,0,1,,,,
bg__Q9USH7,0,1,,,,
bg__Q9USJ6,0,1,,,,
bg__Q9USM4,0,1,,,,
bg__Q9USP6,0,1,,,,
bg__Q9USQ0,0,1,,,,
bg__Q9USR1,0,1,,,,
bg__Q9USS0,0,1,,,,
bg__Q9UST6,0,1,,,,
bg__Q9UST8,0,1,,,,
bg__Q9USV1,0,1,,,,
bg__Q9USW9,0,1,,,,
bg__Q9USX8,0,1,,,,
bg__Q9USZ6,0,1,,,,
bg__Q9UT12,0,1,,,,
bg__Q9UT30,0,1,,,,
bg__Q9UT34,0,1,,,,
bg__Q9UT36,0,1,,,,
bg__Q9UT72,0,1,,,,
bg__Q9UTA3,0,1,,,,
bg__Q9UTB6,0,1,,,,
bg__Q9UTC6,0,1,,,,
bg__Q9UTI1,0,1,,,,
bg__Q9UTJ2,0,1,,,,
bg__Q9UTL6,0,1,,,,
bg__Q9UTM0,0,1,,,,
bg__Q9UTN1,0,1,,,,
bg__Q9UTQ4,0,1,,,,
bg__Q9UU89,0,1,,,,
bg__Q9UU91,0,1,,,,
bg__Q9UUA6,0,1,,,,
bg__Q9UUB6,0,1,,,,
bg__Q9UUD2,0,1,,,,
bg__Q9UUF0,0,1,,,,
bg__Q9UUF3,0,1,,,,
bg__Q9UUG1,0,1,,,,
bg__Q9UUG5,0,1,,,,
bg__Q9UUH4,0,1,,,,
bg__Q9UUM7,0,1,,,,
bg__Q9UW81,0,1,,,,
bg__Q9UWG6,0,1,,,,
bg__Q9UWN5,0,1,,,,
bg__Q9UWR6,0,1,,,,
bg__Q9UWY6,0,1,,,,
bg__Q9UX04,0,1,,,,
bg__Q9UX10,0,1,,,,
bg__Q9UXC2,0,1,,,,
bg__Q9UYR9,0,1,,,,
bg__Q9UYV8,0,1,,,,
bg__Q9UZC0,0,3,,,,
bg__Q9UZQ4,0,2,,,,
bg__Q9UZV4,0,1,,,,
bg__Q9V0D0,0,1,,,,
bg__Q9V0J8,0,1,,,,
bg__Q9V1J7,0,1,,,,
bg__Q9V2E8,0,1,,,,
bg__Q9V2I3,0,1,,,,
bg__Q9V2P5,0,1,,,,
bg__Q9V2V5,0,1,,,,
bg__Q9V3B4,0,1,,,,
bg__Q9V3G3,0,1,,,,
bg__Q9V3N8,0,1,,,,
bg__Q9V3P0,0,1,,,,
bg__Q9V3U9,0,1,,,,
bg__Q9V3V0,0,1,,,,
bg__Q9V3V7,0,1,,,,
bg__Q9V3Y0,0,1,,,,
bg__Q9V412,0,1,,,,
bg__Q9V447,0,1,,,,
bg__Q9V4Q8,0,1,,,,
bg__Q9V4S8,0,1,,,,
bg__Q9V4X2,0,1,,,,
bg__Q9V579,0,1,,,,
bg__Q9V5C6,0,1,,,,
bg__Q9V5Z7,0,1,,,,
bg__Q9V637,0,1,,,,
bg__Q9V6Q2,0,1,,,,
bg__Q9V813,0,2,,,,
bg__Q9V831,0,1,,,,
bg__Q9V895,0,1,,,,
bg__Q9V968,0,1,,,,
bg__Q9V9M8,0,1,,,,
bg__Q9V9V9,0,1,,,,
bg__Q9VA12,0,1,,,,
bg__Q9VA83,0,1,,,,
bg__Q9VAH4,0,1,,,,
bg__Q9VAI1,0,1,,,,
bg__Q9VAN6,0,1,,,,
bg__Q9VAU9,0,1,,,,
bg__Q9VBN7,0,1,,,,
bg__Q9VBU8,0,1,,,,
bg__Q9VBV3,0,1,,,,
bg__Q9VC99,0,1,,,,
bg__Q9VD09,0,1,,,,
bg__Q9VDD1,0,1,,,,
bg__Q9VDD9,0,1,,,,
bg__Q9VDE4,0,1,,,,
bg__Q9VDM6,0,6,,,,
bg__Q9VDT6,0,1,,,,
bg__Q9VE50,0,1,,,,
bg__Q9VEB3,0,1,,,,
bg__Q9VEJ0,0,1,,,,
bg__Q9VEP1,0,1,,,,
bg__Q9VF59,0,1,,,,
bg__Q9VFE4,0,6,,,,
bg__Q9VFR1,0,1,,,,
bg__Q9VFW4,0,1,,,,
bg__Q9VFX1,0,1,,,,
bg__Q9VG93,0,1,,,,
bg__Q9VG94,0,1,,,,
bg__Q9VG96,0,1,,,,
bg__Q9VGE8,0,1,,,,
bg__Q9VGV8,0,1,,,,
bg__Q9VH08,0,1,,,,
bg__Q9VH39,0,1,,,,
bg__Q9VHB3,0,1,,,,
bg__Q9VHD2,0,1,,,,
bg__Q9VHD3,0,1,,,,
bg__Q9VHG4,0,1,,,,
bg__Q9VHM6,0,1,,,,
bg__Q9VI85,0,1,,,,
bg__Q9VIM5,0,7,,,,
bg__Q9VIP7,0,1,,,,
bg__Q9VIQ0,0,1,,,,
bg__Q9VIT0,0,1,,,,
bg__Q9VJ83,0,1,,,,
bg__Q9VJI9,0,1,,,,
bg__Q9VJK8,0,1,,,,
bg__Q9VJN9,0,1,,,,
bg__Q9VJY8,0,1,,,,
bg__Q9VK13,0,1,,,,
bg__Q9VKD6,0,1,,,,
bg__Q9VKD7,0,1,,,,
bg__Q9VKH6,0,1,,,,
bg__Q9VKV5,0,1,,,,
bg__Q9VKY1,0,1,,,,
bg__Q9VL00,0,1,,,,
bg__Q9VL18,0,1,,,,
bg__Q9VL63,0,1,,,,
bg__Q9VLD6,0,1,,,,
bg__Q9VLM6,0,1,,,,
bg__Q9VLM7,0,1,,,,
bg__Q9VLN1,0,1,,,,
bg__Q9VM35,0,1,,,,
bg__Q9VM51,0,1,,,,
bg__Q9VMA0,0,1,,,,
bg__Q9VMC9,0,1,,,,
bg__Q9VMG0,0,1,,,,
bg__Q9VMM6,0,1,,,,
bg__Q9VMY1,0,1,,,,
bg__Q9VN27,0,1,,,,
bg__Q9VN60,0,1,,,,
bg__Q9VNA5,0,1,,,,
bg__Q9VNG0,0,1,,,,
bg__Q9VNH1,0,1,,,,
bg__Q9VPD2,0,1,,,,
bg__Q9VPT5,0,1,,,,
bg__Q9VPT8,0,1,,,,
bg__Q9VPW8,0,1,,,,
bg__Q9VQ29,0,1,,,,
bg__Q9VQ57,0,1,,,,
bg__Q9VQD4,0,1,,,,
bg__Q9VQG2,0,1,,,,
bg__Q9VQG4,0,1,,,,
bg__Q9VRN3,0,1,,,,
bg__Q9VRN5,0,1,,,,
bg__Q9VS38,0,1,,,,
bg__Q9VSH3,0,1,,,,
bg__Q9VSL3,0,1,,,,
bg__Q9VSU7,0,1,,,,
bg__Q9VSY6,0,1,,,,
bg__Q9VT70,0,1,,,,
bg__Q9VTF9,0,1,,,,
bg__Q9VTH4,0,1,,,,
bg__Q9VTI8,0,1,,,,
bg__Q9VTZ2,0,1,,,,
bg__Q9VTZ6,0,1,,,,
bg__Q9VU31,0,1,,,,
bg__Q9VU77,0,1,,,,
bg__Q9VUQ8,0,1,,,,
bg__Q9VUR7,0,1,,,,
bg__Q9VV43,0,1,,,,
bg__Q9VV74,0,1,,,,
bg__Q9VV87,0,1,,,,
bg__Q9VVE2,0,1,,,,
bg__Q9VVG6,0,6,,,,
bg__Q9VVT5,0,1,,,,
bg__Q9VVT9,0,1,,,,
bg__Q9VVW8,0,1,,,,
bg__Q9VVX0,0,1,,,,
bg__Q9VWA8,0,1,,,,
bg__Q9VWB1,0,1,,,,
bg__Q9VWV8,0,1,,,,
bg__Q9VX39,0,1,,,,
bg__Q9VY78,0,1,,,,
bg__Q9VYA8,0,1,,,,
bg__Q9VYF8,0,1,,,,
bg__Q9VYV9,0,1,,,,
bg__Q9VZ64,0,1,,,,
bg__Q9VZU4,0,1,,,,
bg__Q9W0C1,0,1,,,,
bg__Q9W0G6,0,1,,,,
bg__Q9W0H3,0,1,,,,
bg__Q9W0I5,0,1,,,,
bg__Q9W0P3,0,1,,,,
bg__Q9W0W6,0,1,,,,
bg__Q9W138,0,1,,,,
bg__Q9W197,0,1,,,,
bg__Q9W1X9,0,1,,,,
bg__Q9W1Y1,0,1,,,,
bg__Q9W2D9,0,1,,,,
bg__Q9W2I4,0,1,,,,
bg__Q9W2N0,0,1,,,,
bg__Q9W328,0,1,,,,
bg__Q9W3C7,0,1,,,,
bg__Q9W3R7,0,1,,,,
bg__Q9W3W8,0,1,,,,
bg__Q9W4J5,0,1,,,,
bg__Q9W5N0,0,1,,,,
bg__Q9W5R8,0,1,,,,
bg__Q9W5X9,0,1,,,,
bg__Q9W625,0,1,,,,
bg__Q9W6C7,0,1,,,,
bg__Q9W6H0,0,1,,,,
bg__Q9W6I1,0,1,,,,
bg__Q9W6S8,0,1,,,,
bg__Q9W6Z2,0,1,,,,
bg__Q9W725,0,12,,,,
bg__Q9W754,0,1,,,,
bg__Q9W769,0,1,,,,
bg__Q9W7R5,0,5,,,,
bg__Q9WH76,0,1,,,,
bg__Q9WQ77,0,1,,,,
bg__Q9WTN0,0,4,,,,
bg__Q9WTP2,0,3,,,,
bg__Q9WTQ8,0,1,,,,
bg__Q9WTR7,0,1,,,,
bg__Q9WU03,0,2,,,,
bg__Q9WU63,0,1,,,,
bg__Q9WU72,0,1,,,,
bg__Q9WU83,0,6,,,,
bg__Q9WU84,0,3,,,,
bg__Q9WUI0,0,1,,,,
bg__Q9WUJ8,0,2,,,,
bg__Q9WUL5,0,1,,,,
bg__Q9WUR9,0,2,,,,
bg__Q9WUU7,0,4,,,,
bg__Q9WUW8,0,5,,,,
bg__Q9WV41,0,1,,,,
bg__Q9WV50,0,1,,,,
bg__Q9WVA4,0,1,,,,
bg__Q9WWU5,0,1,,,,
bg__Q9WX11,0,1,,,,
bg__Q9WX14,0,1,,,,
bg__Q9WXG7,0,1,,,,
bg__Q9WXP6,0,1,,,,
bg__Q9WY40,0,1,,,,
bg__Q9WY52,0,3,,,,
bg__Q9WY65,0,1,,,,
bg__Q9WYG8,0,1,,,,
bg__Q9WYN2,0,1,,,,
bg__Q9WYP7,0,1,,,,
bg__Q9WYT0,0,1,,,,
bg__Q9WYU3,0,1,,,,
bg__Q9WYW0,0,1,,,,
bg__Q9WZC2,0,3,,,,
bg__Q9WZP2,0,1,,,,
bg__Q9WZV1,0,1,,,,
bg__Q9WZY3,0,2,,,,
bg__Q9WZY5,0,1,,,,
bg__Q9X015,0,1,,,,
bg__Q9X0C6,0,2,,,,
bg__Q9X0C7,0,1,,,,
bg__Q9X0I6,0,2,,,,
bg__Q9X1B7,0,1,,,,
bg__Q9X1F9,0,1,,,,
bg__Q9X1H5,0,3,,,,
bg__Q9X1I0,0,1,,,,
bg__Q9X1L0,0,1,,,,
bg__Q9X1N5,0,1,,,,
bg__Q9X1X7,0,1,,,,
bg__Q9X1Z1,0,1,,,,
bg__Q9X288,0,1,,,,
bg__Q9X2A4,0,1,,,,
bg__Q9X2H9,0,1,,,,
bg__Q9X2I1,0,1,,,,
bg__Q9X3X1,0,1,,,,
bg__Q9X482,0,1,,,,
bg__Q9X5G1,0,1,,,,
bg__Q9X6W9,0,1,,,,
bg__Q9X7C0,0,1,,,,
bg__Q9X7K0,0,1,,,,
bg__Q9X7N2,0,1,,,,
bg__Q9X7P6,0,1,,,,
bg__Q9X7R9,0,1,,,,
bg__Q9X814,0,1,,,,
bg__Q9X9J3,0,1,,,,
bg__Q9X9J5,0,1,,,,
bg__Q9X9Q7,0,1,,,,
bg__Q9XA15,0,1,,,,
bg__Q9XB59,0,1,,,,
bg__Q9XB60,0,1,,,,
bg__Q9XDM4,0,2,,,,
bg__Q9XE33,0,1,,,,
bg__Q9XEF0,0,1,,,,
bg__Q9XEX4,0,1,,,,
bg__Q9XF57,0,1,,,,
bg__Q9XF89,0,1,,,,
bg__Q9XFB1,0,1,,,,
bg__Q9XFD1,0,2,,,,
bg__Q9XFI1,0,1,,,,
bg__Q9XFM6,0,1,,,,
bg__Q9XFR0,0,1,,,,
bg__Q9XFR5,0,1,,,,
bg__Q9XGM1,0,1,,,,
bg__Q9XGN3,0,1,,,,
bg__Q9XGP7,0,1,,,,
bg__Q9XH32,0,1,,,,
bg__Q9XH75,0,1,,,,
bg__Q9XHV0,0,1,,,,
bg__Q9XHZ3,0,1,,,,
bg__Q9XI47,0,1,,,,
bg__Q9XI60,0,1,,,,
bg__Q9XI99,0,1,,,,
bg__Q9XIF8,0,2,,,,
bg__Q9XII1,0,1,,,,
bg__Q9XIP8,0,1,,,,
bg__Q9XJ36,0,1,,,,
bg__Q9XJ60,0,1,,,,
bg__Q9XPI8,0,1,,,,
bg__Q9XQU7,0,1,,,,
bg__Q9XS49,0,3,,,,
bg__Q9XSQ7,0,1,,,,
bg__Q9XSW3,0,1,,,,
bg__Q9XT47,0,1,,,,
bg__Q9XT98,0,4,,,,
bg__Q9XTA8,0,4,,,,
bg__Q9XUC2,0,1,,,,
bg__Q9XUE6,0,1,,,,
bg__Q9XUK2,0,1,,,,
bg__Q9XUN9,0,1,,,,
bg__Q9XUP3,0,1,,,,
bg__Q9XUV0,0,1,,,,
bg__Q9XVJ2,0,1,,,,
bg__Q9XVM9,0,1,,,,
bg__Q9XVQ9,0,1,,,,
bg__Q9XVR6,0,1,,,,
bg__Q9XVS3,0,2,,,,
bg__Q9XW15,0,1,,,,
bg__Q9XW88,0,1,,,,
bg__Q9XWF4,0,1,,,,
bg__Q9XWN9,0,1,,,,
bg__Q9XWQ1,0,1,,,,
bg__Q9XWR6,0,1,,,,
bg__Q9XWS0,0,1,,,,
bg__Q9XWW1,0,1,,,,
bg__Q9XX15,0,1,,,,
bg__Q9XXD7,0,1,,,,
bg__Q9XXS1,0,1,,,,
bg__Q9XY92,0,1,,,,
bg__Q9XYL0,0,1,,,,
bg__Q9XYM0,0,1,,,,
bg__Q9XYN7,0,1,,,,
bg__Q9XYQ1,0,1,,,,
bg__Q9XYQ2,0,1,,,,
bg__Q9XZ16,0,1,,,,
bg__Q9XZJ4,0,1,,,,
bg__Q9XZL8,0,1,,,,
bg__Q9XZT6,0,1,,,,
bg__Q9Y0X6,0,1,,,,
bg__Q9Y1B2,0,1,,,,
bg__Q9Y224,0,3,,,,
bg__Q9Y272,0,3,,,,
bg__Q9Y275,0,1,,,,
bg__Q9Y2B4,0,1,,,,
bg__Q9Y2C3,0,3,,,,
bg__Q9Y2D0,0,2,,,,
bg__Q9Y2Q9,0,2,,,,
bg__Q9Y2V0,0,1,,,,
bg__Q9Y2W7,0,4,,,,
bg__Q9Y316,0,1,,,,
bg__Q9Y385,0,1,,,,
bg__Q9Y399,0,3,,,,
bg__Q9Y3A2,0,3,,,,
bg__Q9Y3A3,0,1,,,,
bg__Q9Y3A5,0,6,,,,
bg__Q9Y3A6,0,3,,,,
bg__Q9Y3B1,0,1,,,,
bg__Q9Y3B2,0,1,,,,
bg__Q9Y3B7,0,1,,,,
bg__Q9Y3N9,0,1,,,,
bg__Q9Y448,0,1,,,,
bg__Q9Y4A9,0,6,,,,
bg__Q9Y4P9,0,3,,,,
bg__Q9Y4U1,0,3,,,,
bg__Q9Y580,0,3,,,,
bg__Q9Y584,0,1,,,,
bg__Q9Y5J3,0,5,,,,
bg__Q9Y5M8,0,3,,,,
bg__Q9Y5N5,0,1,,,,
bg__Q9Y5P0,0,1,,,,
bg__Q9Y5P1,0,1,,,,
bg__Q9Y5U5,0,1,,,,
bg__Q9Y619,0,4,,,,
bg__Q9Y624,0,3,,,,
bg__Q9Y680,0,2,,,,
bg__Q9Y693,0,1,,,,
bg__Q9Y696,0,7,,,,
bg__Q9Y6H3,0,2,,,,
bg__Q9Y6I9,0,2,,,,
bg__Q9Y6J8,0,1,,,,
bg__Q9Y738,0,1,,,,
bg__Q9Y765,0,1,,,,
bg__Q9Y7K8,0,1,,,,
bg__Q9Y7L8,0,2,,,,
bg__Q9Y7M3,0,1,,,,
bg__Q9Y7R5,0,1,,,,
bg__Q9Y7Y6,0,1,,,,
bg__Q9Y7Z5,0,1,,,,
bg__Q9Y821,0,1,,,,
bg__Q9Y948,0,1,,,,
bg__Q9Y9E3,0,1,,,,
bg__Q9Y9E6,0,1,,,,
bg__Q9Y9L0,0,1,,,,
bg__Q9YA47,0,1,,,,
bg__Q9YAW0,0,1,,,,
bg__Q9YBX8,0,1,,,,
bg__Q9YDP0,0,1,,,,
bg__Q9YE60,0,1,,,,
bg__Q9YEA1,0,1,,,,
bg__Q9YEA9,0,1,,,,
bg__Q9YEK4,0,1,,,,
bg__Q9YES5,0,1,,,,
bg__Q9YFK4,0,1,,,,
bg__Q9YGD3,0,1,,,,
bg__Q9YGI5,0,1,,,,
bg__Q9YGK2,0,1,,,,
bg__Q9YGK5,0,2,,,,
bg__Q9YGP6,0,1,,,,
bg__Q9YGS6,0,3,,,,
bg__Q9YGT5,0,1,,,,
bg__Q9YGT6,0,1,,,,
bg__Q9YGW7,0,1,,,,
bg__Q9YH90,0,1,,,,
bg__Q9YH91,0,1,,,,
bg__Q9YHZ5,0,1,,,,
bg__Q9YJQ8,0,1,,,,
bg__Q9YUD3,0,1,,,,
bg__Q9Z034,0,2,,,,
bg__Q9Z0D5,0,1,,,,
bg__Q9Z0F1,0,3,,,,
bg__Q9Z0F4,0,1,,,,
bg__Q9Z0G4,0,3,,,,
bg__Q9Z0J6,0,2,,,,
bg__Q9Z0L2,0,1,,,,
bg__Q9Z0L8,0,2,,,,
bg__Q9Z0S3,0,2,,,,
bg__Q9Z130,0,2,,,,
bg__Q9Z132,0,2,,,,
bg__Q9Z142,0,3,,,,
bg__Q9Z1H9,0,4,,,,
bg__Q9Z1L1,0,2,,,,
bg__Q9Z1L3,0,3,,,,
bg__Q9Z1L4,0,2,,,,
bg__Q9Z1N4,0,4,,,,
bg__Q9Z1V0,0,1,,,,
bg__Q9Z204,0,6,,,,
bg__Q9Z205,0,2,,,,
bg__Q9Z270,0,4,,,,
bg__Q9Z2C6,0,4,,,,
bg__Q9Z2H6,0,2,,,,
bg__Q9Z2J9,0,1,,,,
bg__Q9Z2N5,0,3,,,,
bg__Q9Z2P3,0,1,,,,
bg__Q9Z2Q5,0,1,,,,
bg__Q9Z2T1,0,2,,,,
bg__Q9Z2X3,0,3,,,,
bg__Q9Z520,0,1,,,,
bg__Q9Z528,0,1,,,,
bg__Q9Z5B6,0,1,,,,
bg__Q9Z615,0,1,,,,
bg__Q9Z6N5,0,1,,,,
bg__Q9Z7D1,0,2,,,,
bg__Q9Z7X6,0,1,,,,
bg__Q9Z869,0,1,,,,
bg__Q9Z8B5,0,1,,,,
bg__Q9Z8P2,0,1,,,,
bg__Q9Z9C7,0,2,,,,
bg__Q9Z9H6,0,1,,,,
bg__Q9Z9J0,0,1,,,,
bg__Q9ZB07,0,1,,,,
bg__Q9ZBQ6,0,3,,,,
bg__Q9ZBQ7,0,3,,,,
bg__Q9ZCC4,0,2,,,,
bg__Q9ZCT5,0,4,,,,
bg__Q9ZDA2,0,4,,,,
bg__Q9ZDB7,0,4,,,,
bg__Q9ZFA4,0,1,,,,
bg__Q9ZFV4,0,2,,,,
bg__Q9ZGF0,0,1,,,,
bg__Q9ZGH6,0,1,,,,
bg__Q9ZH21,0,1,,,,
bg__Q9ZH79,0,1,,,,
bg__Q9ZHA4,0,1,,,,
bg__Q9ZJ31,0,1,,,,
bg__Q9ZL11,0,3,,,,
bg__Q9ZL74,0,1,,,,
bg__Q9ZLA1,0,5,,,,
bg__Q9ZLT0,0,1,,,,
bg__Q9ZMS0,0,1,,,,
bg__Q9ZN55,0,2,,,,
bg__Q9ZN78,0,1,,,,
bg__Q9ZNN8,0,1,,,,
bg__Q9ZNR6,0,1,,,,
bg__Q9ZNT1,0,1,,,,
bg__Q9ZNU2,0,1,,,,
bg__Q9ZPE4,0,1,,,,
bg__Q9ZPE7,0,1,,,,
bg__Q9ZPQ3,0,1,,,,
bg__Q9ZPV9,0,1,,,,
bg__Q9ZPW2,0,1,,,,
bg__Q9ZPW7,0,1,,,,
bg__Q9ZPX0,0,1,,,,
bg__Q9ZPX1,0,1,,,,
bg__Q9ZQ12,0,1,,,,
bg__Q9ZQ19,0,1,,,,
bg__Q9ZQ23,0,1,,,,
bg__Q9ZQH0,0,1,,,,
bg__Q9ZQH2,0,1,,,,
bg__Q9ZQI2,0,1,,,,
bg__Q9ZQR8,0,1,,,,
bg__Q9ZQZ8,0,1,,,,
bg__Q9ZQZ9,0,1,,,,
bg__Q9ZRD6,0,2,,,,
bg__Q9ZRT5,0,1,,,,
bg__Q9ZSI1,0,1,,,,
bg__Q9ZST0,0,1,,,,
bg__Q9ZST9,0,1,,,,
bg__Q9ZSU4,0,3,,,,
bg__Q9ZSY8,0,1,,,,
bg__Q9ZT95,0,2,,,,
bg__Q9ZTA9,0,1,,,,
bg__Q9ZTC3,0,3,,,,
bg__Q9ZU38,0,1,,,,
bg__Q9ZU65,0,1,,,,
bg__Q9ZU70,0,1,,,,
bg__Q9ZU90,0,1,,,,
bg__Q9ZU94,0,1,,,,
bg__Q9ZU95,0,1,,,,
bg__Q9ZUH5,0,2,,,,
bg__Q9ZUI9,0,1,,,,
bg__Q9ZUM2,0,3,,,,
bg__Q9ZUU4,0,1,,,,
bg__Q9ZUV1,0,1,,,,
bg__Q9ZV02,0,1,,,,
bg__Q9ZV06,0,2,,,,
bg__Q9ZV08,0,1,,,,
bg__Q9ZV40,0,1,,,,
bg__Q9ZV51,0,1,,,,
bg__Q9ZV87,0,1,,,,
bg__Q9ZVB5,0,1,,,,
bg__Q9ZVD2,0,1,,,,
bg__Q9ZVE0,0,1,,,,
bg__Q9ZVF5,0,1,,,,
bg__Q9ZVF6,0,1,,,,
bg__Q9ZVH3,0,1,,,,
bg__Q9ZVI3,0,2,,,,
bg__Q9ZVJ5,0,1,,,,
bg__Q9ZVJ6,0,1,,,,
bg__Q9ZVK1,0,1,,,,
bg__Q9ZVL6,0,1,,,,
bg__Q9ZVQ4,0,1,,,,
bg__Q9ZVY7,0,1,,,,
bg__Q9ZW16,0,1,,,,
bg__Q9ZW22,0,4,,,,
bg__Q9ZW28,0,4,,,,
bg__Q9ZW35,0,3,,,,
bg__Q9ZW76,0,1,,,,
bg__Q9ZW81,0,1,,,,
bg__Q9ZW84,0,1,,,,
bg__Q9ZW85,0,1,,,,
bg__Q9ZW86,0,1,,,,
bg__Q9ZWA2,0,1,,,,
bg__Q9ZWA8,0,2,,,,
bg__Q9ZWS6,0,1,,,,
bg__Q9ZX92,0,1,,,,
bg__Q9ZXX9,0,1,,,,
bg__R9UTQ8,0,1,,,,
bg__S0DRI2,0,1,,,,
bg__S5DQS6,0,1,,,,
bg__S5FU55,0,1,,,,
bg__S5VBU1,0,1,,,,
bg__S7QKE2,0,1,,,,
bg__S7RK00,0,1,,,,
bg__T2MBC4,0,1,,,,
bg__U3H042,0,1,,,,
bg__U3KRG1,0,1,,,,
bg__U5KJJ1,0,1,,,,
bg__U9W802,0,1,,,,
bg__V5JFY4,0,1,,,,
bg__V5YW53,0,1,,,,
bg__V6F235,0,1,,,,
bg__V6F2C2,0,1,,,,
bg__V6F510,0,1,,,,
bg__V9TS54,0,1,,,,
bg__V9Z9A3,0,1,,,,
bg__W0T4C1,0,1,,,,
bg__W0T4V8,0,1,,,,
bg__W0T6B6,0,1,,,,
bg__W0TEF9,0,2,,,,
bg__W3XAA0,0,1,,,,
bg__W4KMP1,0,1,,,,
bg__W5U2K2,0,1,,,,
bg__W6KHH6,0,1,,,,
bg__W8JNL4,0,4,,,,
bg__X1WBB5,0,1,,,,
bg__X1WGV5,0,1,,,,
pos__A0A016SGT8,1,1,0.0,1.0,0.0,0.0
pos__A0A023ELF1,1,9,9.0,0.0,0.0,0.0
pos__A0A023ELF3,1,2,2.0,0.0,0.0,0.0
pos__A0A023ELN8,1,4,4.0,0.0,0.0,0.0
pos__A0A023EM03,1,1,1.0,0.0,0.0,0.0
pos__A0A023EM39,1,2,0.0,2.0,0.0,0.0
pos__A0A023EMF3,1,3,3.0,0.0,0.0,0.0
pos__A0A023ENB6,1,4,4.0,0.0,0.0,0.0
pos__A0A023ENH7,1,3,2.0,1.0,0.0,0.0
pos__A0A023EP25,1,4,0.0,0.0,0.0,4.0
pos__A0A024TDF2,1,1,1.0,0.0,0.0,0.0
pos__A0A026WA00,1,1,1.0,0.0,0.0,0.0
pos__A0A026WF37,1,33,33.0,0.0,0.0,0.0
pos__A0A026WKJ5,1,1,1.0,0.0,0.0,0.0
pos__A0A026WKV8,1,3,3.0,0.0,0.0,0.0
pos__A0A034WGN4,1,4,4.0,0.0,0.0,0.0
pos__A0A034WVP3,1,3,3.0,0.0,0.0,0.0
pos__A0A061A5J4,1,1,0.0,1.0,0.0,0.0
pos__A0A068F688,1,1,1.0,0.0,0.0,0.0
pos__A0A068F781,1,1,1.0,0.0,0.0,0.0
pos__A0A076LZC5,1,1,1.0,0.0,0.0,0.0
pos__A0A080ZWJ5,1,5,0.0,0.0,0.0,5.0
pos__A0A081AEG9,1,2,0.0,0.0,0.0,2.0
pos__A0A081AYZ0,1,12,6.0,5.0,1.0,0.0
pos__A0A084VB50,1,1,0.0,0.0,0.0,1.0
pos__A0A084VY03,1,24,24.0,0.0,0.0,0.0
pos__A0A084WDK0,1,2,0.0,0.0,0.0,2.0
pos__A0A084WKU3,1,1,1.0,0.0,0.0,0.0
pos__A0A084WMN2,1,1,0.0,1.0,0.0,0.0
pos__A0A085N566,1,1,0.0,0.0,1.0,0.0
pos__A0A087T1C2,1,1,0.0,1.0,0.0,0.0
pos__A0A087TEF8,1,1,1.0,0.0,0.0,0.0
pos__A0A087UX72,1,1,1.0,0.0,0.0,0.0
pos__A0A087V126,1,1,1.0,0.0,0.0,0.0
pos__A0A087XBZ0,1,3,3.0,0.0,0.0,0.0
pos__A0A087XD00,1,1,0.0,1.0,0.0,0.0
pos__A0A089Q9M9,1,1,1.0,0.0,0.0,0.0
pos__A0A089QAK4,1,1,1.0,0.0,0.0,0.0
pos__A0A089QDA2,1,1,1.0,0.0,0.0,0.0
pos__A0A089QDA8,1,1,1.0,0.0,0.0,0.0
pos__A0A089QFP0,1,1,1.0,0.0,0.0,0.0
pos__A0A089RSY0,1,1,1.0,0.0,0.0,0.0
pos__A0A090L679,1,3,3.0,0.0,0.0,0.0
pos__A0A090XE10,1,1,1.0,0.0,0.0,0.0
pos__A0A091B3R2,1,1,0.0,0.0,1.0,0.0
pos__A0A091D0V3,1,1,1.0,0.0,0.0,0.0
pos__A0A091D289,1,1,1.0,0.0,0.0,0.0
pos__A0A091D551,1,3,3.0,0.0,0.0,0.0
pos__A0A093Q4C9,1,2,0.0,2.0,0.0,0.0
pos__A0A093R1R0,1,2,1.0,0.0,1.0,0.0
pos__A0A0A1SW82,1,1,1.0,0.0,0.0,0.0
pos__A0A0A1UWX4,1,1,1.0,0.0,0.0,0.0
pos__A0A0A1WHD3,1,1,1.0,0.0,0.0,0.0
pos__A0A0A1WZ93,1,1,1.0,0.0,0.0,0.0
pos__A0A0A1X0W9,1,1,1.0,0.0,0.0,0.0
pos__A0A0A6UK79,1,1,0.0,1.0,0.0,0.0
pos__A0A0A9X8X3,1,1,1.0,0.0,0.0,0.0
pos__A0A0B2WXI2,1,1,0.0,1.0,0.0,0.0
pos__A0A0B4JCS5,1,1,1.0,0.0,0.0,0.0
pos__A0A0B4K687,1,1,0.0,1.0,0.0,0.0
pos__A0A0B4KGQ4,1,1,1.0,0.0,0.0,0.0
pos__A0A0B4KHA5,1,1,0.0,1.0,0.0,0.0
pos__A0A0B4LEW8,1,1,0.0,0.0,1.0,0.0
pos__A0A0B6YYA6,1,1,0.0,1.0,0.0,0.0
pos__A0A0C9Q235,1,1,1.0,0.0,0.0,0.0
pos__A0A0C9QGD3,1,1,0.0,1.0,0.0,0.0
pos__A0A0C9QMV0,1,1,1.0,0.0,0.0,0.0
pos__A0A0C9R4S6,1,1,1.0,0.0,0.0,0.0
pos__A0A0C9R8T2,1,1,1.0,0.0,0.0,0.0
pos__A0A0C9R9U5,1,1,1.0,0.0,0.0,0.0
pos__A0A0C9RC21,1,2,0.0,0.0,2.0,0.0
pos__A0A0C9RRV3,1,1,1.0,0.0,0.0,0.0
pos__A0A0C9RXJ7,1,2,2.0,0.0,0.0,0.0
pos__A0A0D9RTG1,1,9,9.0,0.0,0.0,0.0
pos__A0A0D9S545,1,1,1.0,0.0,0.0,0.0
pos__A0A0F0H7W2,1,1,1.0,0.0,0.0,0.0
pos__A0A0F7CN05,1,1,0.0,0.0,1.0,0.0
pos__A0A0H3CZ07,1,1,0.0,0.0,1.0,0.0
pos__A0A0J7K549,1,3,3.0,0.0,0.0,0.0
pos__A0A0J7KKN1,1,5,5.0,0.0,0.0,0.0
pos__A0A0J7KTD8,1,1,0.0,0.0,1.0,0.0
pos__A0A0J7NHG3,1,1,1.0,0.0,0.0,0.0
pos__A0A0J9R3I7,1,1,0.0,1.0,0.0,0.0
pos__A0A0J9R7V3,1,1,0.0,0.0,0.0,1.0
pos__A0A0J9RDJ6,1,4,0.0,4.0,0.0,0.0
pos__A0A0J9REC4,1,2,0.0,2.0,0.0,0.0
pos__A0A0J9RI64,1,4,0.0,4.0,0.0,0.0
pos__A0A0J9UDK0,1,5,5.0,0.0,0.0,0.0
pos__A0A0K0TN27,1,1,1.0,0.0,0.0,0.0
pos__A0A0K2H3B0,1,1,0.0,1.0,0.0,0.0
pos__A0A0K2T0Y4,1,1,0.0,1.0,0.0,0.0
pos__A0A0K2UDC6,1,1,1.0,0.0,0.0,0.0
pos__A0A0K2ULV0,1,1,1.0,0.0,0.0,0.0
pos__A0A0K2V1W4,1,1,0.0,1.0,0.0,0.0
pos__A0A0K8RES4,1,1,0.0,0.0,1.0,0.0
pos__A0A0K8U2K3,1,1,0.0,1.0,0.0,0.0
pos__A0A0K8U875,1,2,1.0,1.0,0.0,0.0
pos__A0A0L0BPA2,1,1,0.0,1.0,0.0,0.0
pos__A0A0L0BSQ2,1,1,1.0,0.0,0.0,0.0
pos__A0A0L0BUI4,1,1,1.0,0.0,0.0,0.0
pos__A0A0L0C3C1,1,1,0.0,0.0,1.0,0.0
pos__A0A0L0C5H6,1,1,1.0,0.0,0.0,0.0
pos__A0A0L0C5L7,1,1,0.0,0.0,0.0,1.0
pos__A0A0L0C840,1,1,0.0,0.0,1.0,0.0
pos__A0A0L0C857,1,1,0.0,1.0,0.0,0.0
pos__A0A0L0CEP1,1,1,1.0,0.0,0.0,0.0
pos__A0A0L0CGP1,1,2,2.0,0.0,0.0,0.0
pos__A0A0L0CIF2,1,4,4.0,0.0,0.0,0.0
pos__A0A0L0CNZ1,1,2,0.0,0.0,0.0,2.0
pos__A0A0L0CPD5,1,2,2.0,0.0,0.0,0.0
pos__A0A0L0CPW7,1,1,1.0,0.0,0.0,0.0
pos__A0A0L0CQF1,1,11,11.0,0.0,0.0,0.0
pos__A0A0L0CRH5,1,1,1.0,0.0,0.0,0.0
pos__A0A0L0CRH9,1,1,0.0,1.0,0.0,0.0
pos__A0A0L7KY81,1,1,0.0,1.0,0.0,0.0
pos__A0A0L7L3B0,1,1,0.0,0.0,1.0,0.0
pos__A0A0L7L730,1,1,0.0,1.0,0.0,0.0
pos__A0A0L7L8L6,1,1,1.0,0.0,0.0,0.0
pos__A0A0L7LF03,1,1,0.0,1.0,0.0,0.0
pos__A0A0L8H132,1,1,0.0,1.0,0.0,0.0
pos__A0A0L8HH16,1,1,0.0,1.0,0.0,0.0
pos__A0A0M3QV11,1,1,1.0,0.0,0.0,0.0
pos__A0A0M4E7T7,1,1,0.0,1.0,0.0,0.0
pos__A0A0M4EC84,1,2,0.0,2.0,0.0,0.0
pos__A0A0M4ED15,1,1,0.0,1.0,0.0,0.0
pos__A0A0M4EEU2,1,7,7.0,0.0,0.0,0.0
pos__A0A0M4EGL8,1,1,1.0,0.0,0.0,0.0
pos__A0A0M4EH17,1,1,1.0,0.0,0.0,0.0
pos__A0A0M4EIP8,1,1,0.0,1.0,0.0,0.0
pos__A0A0M4EMH8,1,1,0.0,1.0,0.0,0.0
pos__A0A0M4EP39,1,1,1.0,0.0,0.0,0.0
pos__A0A0M4ESP5,1,1,1.0,0.0,0.0,0.0
pos__A0A0M4EUW3,1,1,0.0,1.0,0.0,0.0
pos__A0A0M4EWN7,1,8,8.0,0.0,0.0,0.0
pos__A0A0M4EXL3,1,1,0.0,1.0,0.0,0.0
pos__A0A0M4EYA1,1,1,0.0,1.0,0.0,0.0
pos__A0A0M4F8R9,1,1,0.0,0.0,0.0,1.0
pos__A0A0M4F9L9,1,1,0.0,1.0,0.0,0.0
pos__A0A0M4LSN9,1,1,1.0,0.0,0.0,0.0
pos__A0A0M4M544,1,1,1.0,0.0,0.0,0.0
pos__A0A0M4M5D8,1,1,1.0,0.0,0.0,0.0
pos__A0A0M5IZZ2,1,1,1.0,0.0,0.0,0.0
pos__A0A0M5J387,1,1,0.0,0.0,0.0,1.0
pos__A0A0M5JA89,1,1,0.0,1.0,0.0,0.0
pos__A0A0M5JAK3,1,1,0.0,0.0,0.0,1.0
pos__A0A0M5JB04,1,1,1.0,0.0,0.0,0.0
pos__A0A0M5JD63,1,1,0.0,0.0,1.0,0.0
pos__A0A0M5KXW7,1,1,1.0,0.0,0.0,0.0
pos__A0A0M5KXX2,1,1,1.0,0.0,0.0,0.0
pos__A0A0N1IJT1,1,1,1.0,0.0,0.0,0.0
pos__A0A0N1IPY4,1,1,0.0,1.0,0.0,0.0
pos__A0A0N1IQS6,1,3,0.0,3.0,0.0,0.0
pos__A0A0N1PGY7,1,2,2.0,0.0,0.0,0.0
pos__A0A0N5BD37,1,2,1.0,0.0,0.0,1.0
pos__A0A0N9IAX8,1,1,0.0,0.0,0.0,1.0
pos__A0A0P4X0W2,1,1,1.0,0.0,0.0,0.0
pos__A0A0P6J340,1,1,1.0,0.0,0.0,0.0
pos__A0A0P7TVH8,1,1,1.0,0.0,0.0,0.0
pos__A0A0P7TZS8,1,202,191.0,4.0,7.0,0.0
pos__A0A0P7UK88,1,153,150.0,2.0,1.0,0.0
pos__A0A0P7UTR6,1,2,1.0,0.0,1.0,0.0
pos__A0A0P7XUD2,1,20,17.0,0.0,3.0,0.0
pos__A0A0P7YGA5,1,1,0.0,0.0,1.0,0.0
pos__A0A0P8Y3I1,1,1,0.0,1.0,0.0,0.0
pos__A0A0P8ZIB7,1,3,0.0,3.0,0.0,0.0
pos__A0A0Q5VJY1,1,3,0.0,0.0,0.0,3.0
pos__A0A0Q5VLI2,1,2,2.0,0.0,0.0,0.0
pos__A0A0Q5VWB4,1,1,1.0,0.0,0.0,0.0
pos__A0A0Q9W320,1,2,2.0,0.0,0.0,0.0
pos__A0A0Q9WEL6,1,1,0.0,0.0,0.0,1.0
pos__A0A0Q9WMK5,1,1,1.0,0.0,0.0,0.0
pos__A0A0Q9WNI4,1,1,0.0,1.0,0.0,0.0
pos__A0A0Q9WP94,1,1,1.0,0.0,0.0,0.0
pos__A0A0Q9WPA3,1,1,1.0,0.0,0.0,0.0
pos__A0A0Q9WSD7,1,1,1.0,0.0,0.0,0.0
pos__A0A0Q9WWJ5,1,2,2.0,0.0,0.0,0.0
pos__A0A0Q9WX94,1,1,0.0,1.0,0.0,0.0
pos__A0A0Q9WZW9,1,1,1.0,0.0,0.0,0.0
pos__A0A0Q9X5D2,1,1,0.0,0.0,0.0,1.0
pos__A0A0Q9XDK3,1,1,0.0,0.0,0.0,1.0
pos__A0A0Q9XGR1,1,2,0.0,2.0,0.0,0.0
pos__A0A0R1DIU5,1,5,5.0,0.0,0.0,0.0
pos__A0A0R1DPB4,1,1,0.0,1.0,0.0,0.0
pos__A0A0R1DRC8,1,2,0.0,0.0,1.0,1.0
pos__A0A0R1DSX2,1,5,5.0,0.0,0.0,0.0
pos__A0A0R1DUP7,1,1,0.0,1.0,0.0,0.0
pos__A0A0R1DWH8,1,1,0.0,1.0,0.0,0.0
pos__A0A0R1E0C8,1,17,1.0,16.0,0.0,0.0
pos__A0A0R1E687,1,1,0.0,0.0,0.0,1.0
pos__A0A0R1E6F2,1,1,1.0,0.0,0.0,0.0
pos__A0A0U4C5C4,1,1,1.0,0.0,0.0,0.0
pos__A0A0V0XZ40,1,9,9.0,0.0,0.0,0.0
pos__A0A0V1C1Q9,1,10,10.0,0.0,0.0,0.0
pos__A0A0V1KRF1,1,12,12.0,0.0,0.0,0.0
pos__A0A131Y3Y4,1,1,1.0,0.0,0.0,0.0
pos__A0A131Y9D4,1,3,3.0,0.0,0.0,0.0
pos__A0A131YQP4,1,1,1.0,0.0,0.0,0.0
pos__A0A131Z488,1,1,1.0,0.0,0.0,0.0
pos__A0A132AKH2,1,2,2.0,0.0,0.0,0.0
pos__A0A146ZYF1,1,2,2.0,0.0,0.0,0.0
pos__A0A151IJB1,1,1,1.0,0.0,0.0,0.0
pos__A0A151NDS0,1,1,0.0,0.0,0.0,1.0
pos__A0A151PD76,1,13,9.0,0.0,4.0,0.0
pos__A0A154P885,1,1,0.0,0.0,1.0,0.0
pos__A0A158N9V8,1,2,2.0,0.0,0.0,0.0
pos__A0A158NA34,1,1,0.0,0.0,0.0,1.0
pos__A0A158NAX9,1,1,1.0,0.0,0.0,0.0
pos__A0A158NDD5,1,1,0.0,0.0,1.0,0.0
pos__A0A158NDD6,1,1,1.0,0.0,0.0,0.0
pos__A0A158NDD8,1,1,1.0,0.0,0.0,0.0
pos__A0A158NDI6,1,2,2.0,0.0,0.0,0.0
pos__A0A158NE13,1,2,2.0,0.0,0.0,0.0
pos__A0A158NW97,1,1,0.0,0.0,0.0,1.0
pos__A0A158NW98,1,1,0.0,1.0,0.0,0.0
pos__A0A158NXN0,1,5,5.0,0.0,0.0,0.0
pos__A0A158NXQ1,1,2,2.0,0.0,0.0,0.0
pos__A0A158P0W2,1,1,0.0,1.0,0.0,0.0
pos__A0A158P1L7,1,1,0.0,0.0,1.0,0.0
pos__A0A158P3L3,1,2,2.0,0.0,0.0,0.0
pos__A0A158P4Q4,1,1,1.0,0.0,0.0,0.0
pos__A0A176YJA5,1,1,0.0,0.0,1.0,0.0
pos__A0A177XYW0,1,1,1.0,0.0,0.0,0.0
pos__A0A182FMX3,1,2,0.0,2.0,0.0,0.0
pos__A0A182IMH4,1,8,8.0,0.0,0.0,0.0
pos__A0A182J3Z5,1,1,0.0,1.0,0.0,0.0
pos__A0A182JA34,1,1,0.0,0.0,0.0,1.0
pos__A0A182JDD9,1,1,1.0,0.0,0.0,0.0
pos__A0A182JEB3,1,3,3.0,0.0,0.0,0.0
pos__A0A182JG64,1,3,3.0,0.0,0.0,0.0
pos__A0A182JH66,1,2,2.0,0.0,0.0,0.0
pos__A0A182K7T0,1,1,0.0,0.0,1.0,0.0
pos__A0A182K8E2,1,12,12.0,0.0,0.0,0.0
pos__A0A182KEL8,1,10,10.0,0.0,0.0,0.0
pos__A0A182KGT7,1,2,2.0,0.0,0.0,0.0
pos__A0A182LU00,1,1,1.0,0.0,0.0,0.0
pos__A0A182LX27,1,2,0.0,0.0,0.0,2.0
pos__A0A182LYL5,1,1,0.0,1.0,0.0,0.0
pos__A0A182LYU1,1,1,0.0,1.0,0.0,0.0
pos__A0A182LZ76,1,2,0.0,0.0,2.0,0.0
pos__A0A182MAA4,1,2,2.0,0.0,0.0,0.0
pos__A0A182MAL4,1,1,0.0,1.0,0.0,0.0
pos__A0A182MJU2,1,10,10.0,0.0,0.0,0.0
pos__A0A182MKM9,1,1,1.0,0.0,0.0,0.0
pos__A0A182MPV8,1,2,2.0,0.0,0.0,0.0
pos__A0A182MRA0,1,1,1.0,0.0,0.0,0.0
pos__A0A182MU69,1,2,2.0,0.0,0.0,0.0
pos__A0A182MUC6,1,7,7.0,0.0,0.0,0.0
pos__A0A182MW57,1,1,0.0,1.0,0.0,0.0
pos__A0A182N1Q8,1,1,0.0,0.0,1.0,0.0
pos__A0A182N1R0,1,1,1.0,0.0,0.0,0.0
pos__A0A182NCR5,1,1,0.0,1.0,0.0,0.0
pos__A0A182NVH5,1,1,0.0,1.0,0.0,0.0
pos__A0A182NVM8,1,1,0.0,1.0,0.0,0.0
pos__A0A182NWC6,1,1,0.0,0.0,0.0,1.0
pos__A0A182NX87,1,1,1.0,0.0,0.0,0.0
pos__A0A182P0Y4,1,1,1.0,0.0,0.0,0.0
pos__A0A182P6A4,1,1,0.0,1.0,0.0,0.0
pos__A0A182PAJ9,1,1,0.0,0.0,1.0,0.0
pos__A0A182PIY5,1,3,0.0,3.0,0.0,0.0
pos__A0A182PLN5,1,2,0.0,2.0,0.0,0.0
pos__A0A182PLN9,1,2,0.0,2.0,0.0,0.0
pos__A0A182PN66,1,1,0.0,0.0,1.0,0.0
pos__A0A182PP23,1,1,0.0,1.0,0.0,0.0
pos__A0A182PPT2,1,1,0.0,1.0,0.0,0.0
pos__A0A182PSE9,1,2,2.0,0.0,0.0,0.0
pos__A0A182PX95,1,1,0.0,1.0,0.0,0.0
pos__A0A182Q1Z6,1,1,0.0,0.0,0.0,1.0
pos__A0A182Q608,1,1,1.0,0.0,0.0,0.0
pos__A0A182Q7C5,1,1,1.0,0.0,0.0,0.0
pos__A0A182Q8Z1,1,2,0.0,2.0,0.0,0.0
pos__A0A182QDV6,1,1,1.0,0.0,0.0,0.0
pos__A0A182QET1,1,3,3.0,0.0,0.0,0.0
pos__A0A182QJ93,1,1,1.0,0.0,0.0,0.0
pos__A0A182QM58,1,1,0.0,0.0,1.0,0.0
pos__A0A182QQG4,1,1,1.0,0.0,0.0,0.0
pos__A0A182QQJ2,1,1,1.0,0.0,0.0,0.0
pos__A0A182QRY3,1,1,1.0,0.0,0.0,0.0
pos__A0A182QS42,1,1,0.0,0.0,1.0,0.0
pos__A0A182QSI1,1,1,1.0,0.0,0.0,0.0
pos__A0A182QUU6,1,1,1.0,0.0,0.0,0.0
pos__A0A182QY70,1,1,0.0,0.0,0.0,1.0
pos__A0A182R5B7,1,1,1.0,0.0,0.0,0.0
pos__A0A182RME6,1,1,0.0,0.0,1.0,0.0
pos__A0A182RVP2,1,1,1.0,0.0,0.0,0.0
pos__A0A182S9Y0,1,1,0.0,0.0,0.0,1.0
pos__A0A182SHU8,1,1,0.0,1.0,0.0,0.0
pos__A0A182SMA9,1,1,0.0,0.0,1.0,0.0
pos__A0A182SQ70,1,1,0.0,1.0,0.0,0.0
pos__A0A182SVQ8,1,1,0.0,1.0,0.0,0.0
pos__A0A182SYG9,1,6,3.0,3.0,0.0,0.0
pos__A0A182T5I0,1,5,0.0,0.0,0.0,5.0
pos__A0A182TE18,1,7,7.0,0.0,0.0,0.0
pos__A0A182TNI7,1,6,0.0,0.0,0.0,6.0
pos__A0A182TV49,1,8,8.0,0.0,0.0,0.0
pos__A0A182UEP7,1,2,1.0,1.0,0.0,0.0
pos__A0A182UMP9,1,6,0.0,0.0,0.0,6.0
pos__A0A182V1Q2,1,1,0.0,0.0,0.0,1.0
pos__A0A182V4G1,1,1,1.0,0.0,0.0,0.0
pos__A0A182V772,1,1,0.0,0.0,0.0,1.0
pos__A0A182VAY6,1,5,0.0,0.0,0.0,5.0
pos__A0A182VDE4,1,5,5.0,0.0,0.0,0.0
pos__A0A182VJ66,1,3,3.0,0.0,0.0,0.0
pos__A0A182VL55,1,5,0.0,0.0,0.0,5.0
pos__A0A182W3L9,1,1,0.0,0.0,1.0,0.0
pos__A0A182W926,1,1,0.0,1.0,0.0,0.0
pos__A0A182W9F1,1,1,0.0,1.0,0.0,0.0
pos__A0A182X1B9,1,1,1.0,0.0,0.0,0.0
pos__A0A182X7U0,1,1,0.0,1.0,0.0,0.0
pos__A0A182XUS6,1,4,0.0,4.0,0.0,0.0
pos__A0A182XUS7,1,3,0.0,2.0,0.0,1.0
pos__A0A182Y3G3,1,1,0.0,0.0,1.0,0.0
pos__A0A182YLB9,1,1,0.0,0.0,1.0,0.0
pos__A0A182YT66,1,1,0.0,0.0,0.0,1.0
pos__A0A183IEK4,1,1,1.0,0.0,0.0,0.0
pos__A0A184WFX2,1,3,3.0,0.0,0.0,0.0
pos__A0A193CHJ0,1,129,102.0,24.0,3.0,0.0
pos__A0A194PGC6,1,1,1.0,0.0,0.0,0.0
pos__A0A194PGK4,1,2,0.0,2.0,0.0,0.0
pos__A0A194PQQ5,1,2,2.0,0.0,0.0,0.0
pos__A0A194PZ53,1,3,3.0,0.0,0.0,0.0
pos__A0A194Q9W6,1,1,0.0,0.0,0.0,1.0
pos__A0A194QMP7,1,1,1.0,0.0,0.0,0.0
pos__A0A194R1N4,1,1,1.0,0.0,0.0,0.0
pos__A0A195B0M6,1,5,5.0,0.0,0.0,0.0
pos__A0A195B922,1,1,1.0,0.0,0.0,0.0
pos__A0A195BPF7,1,2,0.0,2.0,0.0,0.0
pos__A0A1A6H744,1,1,1.0,0.0,0.0,0.0
pos__A0A1A6HTL6,1,1,0.0,1.0,0.0,0.0
pos__A0A1A8A771,1,2,2.0,0.0,0.0,0.0
pos__A0A1A8L5X1,1,3,3.0,0.0,0.0,0.0
pos__A0A1A8MJC6,1,1,0.0,0.0,1.0,0.0
pos__A0A1A8P2H1,1,1,0.0,0.0,1.0,0.0
pos__A0A1A8RY20,1,1,1.0,0.0,0.0,0.0
pos__A0A1A9UD76,1,5,0.0,5.0,0.0,0.0
pos__A0A1A9ULN3,1,1,1.0,0.0,0.0,0.0
pos__A0A1A9ULN4,1,1,1.0,0.0,0.0,0.0
pos__A0A1A9UZQ7,1,1,1.0,0.0,0.0,0.0
pos__A0A1A9V6D5,1,2,2.0,0.0,0.0,0.0
pos__A0A1A9V6D7,1,3,3.0,0.0,0.0,0.0
pos__A0A1A9V6D8,1,1,1.0,0.0,0.0,0.0
pos__A0A1A9VLS7,1,1,0.0,0.0,1.0,0.0
pos__A0A1A9VYZ8,1,1,0.0,0.0,0.0,1.0
pos__A0A1A9VZ01,1,2,2.0,0.0,0.0,0.0
pos__A0A1A9WG48,1,1,1.0,0.0,0.0,0.0
pos__A0A1A9WP17,1,1,0.0,1.0,0.0,0.0
pos__A0A1A9WPP6,1,4,0.0,4.0,0.0,0.0
pos__A0A1A9WVH4,1,1,1.0,0.0,0.0,0.0
pos__A0A1A9WVH8,1,5,5.0,0.0,0.0,0.0
pos__A0A1A9X0W2,1,1,1.0,0.0,0.0,0.0
pos__A0A1A9X132,1,2,2.0,0.0,0.0,0.0
pos__A0A1A9X3Z7,1,5,5.0,0.0,0.0,0.0
pos__A0A1A9ZCT6,1,4,4.0,0.0,0.0,0.0
pos__A0A1A9ZP60,1,1,1.0,0.0,0.0,0.0
pos__A0A1A9ZTC5,1,4,4.0,0.0,0.0,0.0
pos__A0A1A9ZTC6,1,5,4.0,1.0,0.0,0.0
pos__A0A1B0A4F9,1,3,3.0,0.0,0.0,0.0
pos__A0A1B0AAJ6,1,1,1.0,0.0,0.0,0.0
pos__A0A1B0AFT2,1,4,4.0,0.0,0.0,0.0
pos__A0A1B0AI26,1,9,0.0,9.0,0.0,0.0
pos__A0A1B0AMK2,1,1,0.0,0.0,0.0,1.0
pos__A0A1B0B285,1,1,1.0,0.0,0.0,0.0
pos__A0A1B0B946,1,1,1.0,0.0,0.0,0.0
pos__A0A1B0BAE8,1,1,0.0,0.0,0.0,1.0
pos__A0A1B0BDM5,1,2,2.0,0.0,0.0,0.0
pos__A0A1B0BQQ6,1,3,3.0,0.0,0.0,0.0
pos__A0A1B0BR19,1,1,0.0,1.0,0.0,0.0
pos__A0A1B0BZB4,1,5,5.0,0.0,0.0,0.0
pos__A0A1B0C8T5,1,1,0.0,0.0,1.0,0.0
pos__A0A1B0CKY1,1,1,0.0,0.0,0.0,1.0
pos__A0A1B0CLG9,1,1,1.0,0.0,0.0,0.0
pos__A0A1B0D1T4,1,2,2.0,0.0,0.0,0.0
pos__A0A1B0DA37,1,1,1.0,0.0,0.0,0.0
pos__A0A1B0DPM0,1,10,2.0,0.0,7.0,1.0
pos__A0A1B0DQX3,1,2,2.0,0.0,0.0,0.0
pos__A0A1B0FHL6,1,1,0.0,1.0,0.0,0.0
pos__A0A1B0FLY5,1,11,11.0,0.0,0.0,0.0
pos__A0A1B0FN36,1,3,2.0,1.0,0.0,0.0
pos__A0A1B0G0R1,1,12,12.0,0.0,0.0,0.0
pos__A0A1B0G1B6,1,2,0.0,2.0,0.0,0.0
pos__A0A1B0G8X1,1,1,0.0,0.0,0.0,1.0
pos__A0A1B0GHG0,1,1,1.0,0.0,0.0,0.0
pos__A0A1B0GJ76,1,1,1.0,0.0,0.0,0.0
pos__A0A1B0GJS6,1,2,1.0,0.0,1.0,0.0
pos__A0A1B1LTR4,1,1,1.0,0.0,0.0,0.0
pos__A0A1B3TNW7,1,1,0.0,1.0,0.0,0.0
pos__A0A1B3TP23,1,3,0.0,3.0,0.0,0.0
pos__A0A1B6C1J8,1,1,0.0,0.0,0.0,1.0
pos__A0A1B6C9S6,1,1,0.0,0.0,0.0,1.0
pos__A0A1B6DUP3,1,1,1.0,0.0,0.0,0.0
pos__A0A1B6ENS7,1,3,3.0,0.0,0.0,0.0
pos__A0A1B6FSL4,1,1,0.0,1.0,0.0,0.0
pos__A0A1B6FVS8,1,1,0.0,1.0,0.0,0.0
pos__A0A1B6G322,1,1,1.0,0.0,0.0,0.0
pos__A0A1B6HWG7,1,1,1.0,0.0,0.0,0.0
pos__A0A1B6K5E5,1,1,1.0,0.0,0.0,0.0
pos__A0A1B6KQL1,1,1,0.0,1.0,0.0,0.0
pos__A0A1B6L2F4,1,3,0.0,3.0,0.0,0.0
pos__A0A1B6LAU4,1,1,1.0,0.0,0.0,0.0
pos__A0A1B6MEI5,1,1,1.0,0.0,0.0,0.0
pos__A0A1B6MQB4,1,1,1.0,0.0,0.0,0.0
pos__A0A1B8XX52,1,11,11.0,0.0,0.0,0.0
pos__A0A1C6UTC5,1,1,0.0,1.0,0.0,0.0
pos__A0A1D1UFA1,1,2,2.0,0.0,0.0,0.0
pos__A0A1D1UI06,1,1,1.0,0.0,0.0,0.0
pos__A0A1D1UXM1,1,1,0.0,0.0,1.0,0.0
pos__A0A1D1VME8,1,1,0.0,1.0,0.0,0.0
pos__A0A1D1VTU3,1,1,1.0,0.0,0.0,0.0
pos__A0A1D1VX42,1,1,1.0,0.0,0.0,0.0
pos__A0A1D2N0A1,1,1,1.0,0.0,0.0,0.0
pos__A0A1E1VYP9,1,1,0.0,0.0,0.0,1.0
pos__A0A1E1W396,1,1,1.0,0.0,0.0,0.0
pos__A0A1E1W9P7,1,2,2.0,0.0,0.0,0.0
pos__A0A1E1WG09,1,1,1.0,0.0,0.0,0.0
pos__A0A1E1WJ19,1,1,1.0,0.0,0.0,0.0
pos__A0A1E1WN59,1,1,0.0,0.0,0.0,1.0
pos__A0A1E1WNA7,1,1,1.0,0.0,0.0,0.0
pos__A0A1E1WTE4,1,4,4.0,0.0,0.0,0.0
pos__A0A1E1WV71,1,1,1.0,0.0,0.0,0.0
pos__A0A1H0PJW1,1,1,0.0,0.0,0.0,1.0
pos__A0A1H4TUF0,1,1,0.0,1.0,0.0,0.0
pos__A0A1I5PRE7,1,1,0.0,1.0,0.0,0.0
pos__A0A1I8M586,1,1,1.0,0.0,0.0,0.0
pos__A0A1I8M5R0,1,5,5.0,0.0,0.0,0.0
pos__A0A1I8MBL6,1,1,1.0,0.0,0.0,0.0
pos__A0A1I8MGV2,1,2,2.0,0.0,0.0,0.0
pos__A0A1I8MHL5,1,2,2.0,0.0,0.0,0.0
pos__A0A1I8MI67,1,1,1.0,0.0,0.0,0.0
pos__A0A1I8MP36,1,1,0.0,1.0,0.0,0.0
pos__A0A1I8MR54,1,2,2.0,0.0,0.0,0.0
pos__A0A1I8MUN6,1,2,2.0,0.0,0.0,0.0
pos__A0A1I8MUS5,1,1,0.0,1.0,0.0,0.0
pos__A0A1I8N0Y1,1,1,0.0,1.0,0.0,0.0
pos__A0A1I8N1K3,1,6,6.0,0.0,0.0,0.0
pos__A0A1I8N6W7,1,2,2.0,0.0,0.0,0.0
pos__A0A1I8N7Q1,1,7,7.0,0.0,0.0,0.0
pos__A0A1I8N9J0,1,1,0.0,0.0,0.0,1.0
pos__A0A1I8NAF9,1,1,0.0,0.0,0.0,1.0
pos__A0A1I8NFF8,1,1,1.0,0.0,0.0,0.0
pos__A0A1I8NHJ3,1,1,1.0,0.0,0.0,0.0
pos__A0A1I8NHQ7,1,2,2.0,0.0,0.0,0.0
pos__A0A1I8NLX0,1,1,1.0,0.0,0.0,0.0
pos__A0A1I8NNC3,1,1,0.0,0.0,0.0,1.0
pos__A0A1I8NQL5,1,3,3.0,0.0,0.0,0.0
pos__A0A1I8NSG0,1,1,1.0,0.0,0.0,0.0
pos__A0A1I8NTN9,1,1,0.0,1.0,0.0,0.0
pos__A0A1I8NUM8,1,2,2.0,0.0,0.0,0.0
pos__A0A1I8NXM9,1,1,1.0,0.0,0.0,0.0
pos__A0A1I8NY20,1,1,1.0,0.0,0.0,0.0
pos__A0A1I8P0B4,1,1,0.0,1.0,0.0,0.0
pos__A0A1I8P1G4,1,1,1.0,0.0,0.0,0.0
pos__A0A1I8P244,1,1,1.0,0.0,0.0,0.0
pos__A0A1I8P2K1,1,1,1.0,0.0,0.0,0.0
pos__A0A1I8P7E4,1,1,1.0,0.0,0.0,0.0
pos__A0A1I8P7H0,1,2,2.0,0.0,0.0,0.0
pos__A0A1I8P7V9,1,1,0.0,1.0,0.0,0.0
pos__A0A1I8PAF0,1,1,1.0,0.0,0.0,0.0
pos__A0A1I8PEC6,1,2,2.0,0.0,0.0,0.0
pos__A0A1I8PGP6,1,1,1.0,0.0,0.0,0.0
pos__A0A1I8PHN7,1,1,1.0,0.0,0.0,0.0
pos__A0A1I8PIB9,1,1,1.0,0.0,0.0,0.0
pos__A0A1I8PM31,1,1,1.0,0.0,0.0,0.0
pos__A0A1I8PNQ8,1,1,1.0,0.0,0.0,0.0
pos__A0A1I8PNU7,1,1,1.0,0.0,0.0,0.0
pos__A0A1I8PP86,1,2,2.0,0.0,0.0,0.0
pos__A0A1I8PQE4,1,1,0.0,1.0,0.0,0.0
pos__A0A1I8PU29,1,1,0.0,0.0,0.0,1.0
pos__A0A1I8PU36,1,1,0.0,0.0,0.0,1.0
pos__A0A1I8PVB1,1,1,1.0,0.0,0.0,0.0
pos__A0A1I8PZ21,1,1,1.0,0.0,0.0,0.0
pos__A0A1I8Q0B3,1,1,1.0,0.0,0.0,0.0
pos__A0A1I8Q1B5,1,1,1.0,0.0,0.0,0.0
pos__A0A1I8Q1R5,1,1,1.0,0.0,0.0,0.0
pos__A0A1I8Q2X3,1,1,1.0,0.0,0.0,0.0
pos__A0A1I8Q6B4,1,1,0.0,0.0,0.0,1.0
pos__A0A1I8Q6D0,1,1,0.0,1.0,0.0,0.0
pos__A0A1I8Q6P5,1,1,1.0,0.0,0.0,0.0
pos__A0A1I8Q6S0,1,1,1.0,0.0,0.0,0.0
pos__A0A1I8Q834,1,1,1.0,0.0,0.0,0.0
pos__A0A1I8Q895,1,1,0.0,1.0,0.0,0.0
pos__A0A1I8QBP4,1,1,1.0,0.0,0.0,0.0
pos__A0A1I8QDE2,1,1,1.0,0.0,0.0,0.0
pos__A0A1I8QDI6,1,1,0.0,1.0,0.0,0.0
pos__A0A1I8QE23,1,1,1.0,0.0,0.0,0.0
pos__A0A1J1IPR0,1,1,1.0,0.0,0.0,0.0
pos__A0A1J1IYA3,1,1,1.0,0.0,0.0,0.0
pos__A0A1J1J150,1,1,1.0,0.0,0.0,0.0
pos__A0A1J1J4E5,1,1,0.0,0.0,0.0,1.0
pos__A0A1J1J4F4,1,1,1.0,0.0,0.0,0.0
pos__A0A1L3J026,1,10,10.0,0.0,0.0,0.0
pos__A0A1L3J038,1,2,0.0,0.0,2.0,0.0
pos__A0A1L7D2H3,1,1,0.0,0.0,0.0,1.0
pos__A0A1L8DQB3,1,1,1.0,0.0,0.0,0.0
pos__A0A1L8DQF2,1,1,1.0,0.0,0.0,0.0
pos__A0A1L8DQI3,1,1,1.0,0.0,0.0,0.0
pos__A0A1L8DQI7,1,6,6.0,0.0,0.0,0.0
pos__A0A1L8DQN3,1,1,1.0,0.0,0.0,0.0
pos__A0A1L8DQP6,1,6,5.0,0.0,1.0,0.0
pos__A0A1L8DQU0,1,2,0.0,2.0,0.0,0.0
pos__A0A1L8DQW1,1,10,9.0,1.0,0.0,0.0
pos__A0A1L8E9K2,1,2,2.0,0.0,0.0,0.0
pos__A0A1L8ECF6,1,3,3.0,0.0,0.0,0.0
pos__A0A1L8EG37,1,3,3.0,0.0,0.0,0.0
pos__A0A1L8EG63,1,2,2.0,0.0,0.0,0.0
pos__A0A1L8FV33,1,1,1.0,0.0,0.0,0.0
pos__A0A1L9RHW2,1,1,1.0,0.0,0.0,0.0
pos__A0A1Q3FM80,1,2,0.0,0.0,0.0,2.0
pos__A0A1Q3FPY5,1,2,2.0,0.0,0.0,0.0
pos__A0A1S3EV55,1,6,5.0,1.0,0.0,0.0
pos__A0A1S3PAW6,1,1,0.0,1.0,0.0,0.0
pos__A0A1S3WHL3,1,7,7.0,0.0,0.0,0.0
pos__A0A1S4EC83,1,1,1.0,0.0,0.0,0.0
pos__A0A1S4FDG6,1,1,0.0,0.0,0.0,1.0
pos__A0A1S4FDH3,1,1,1.0,0.0,0.0,0.0
pos__A0A1S4FDK4,1,1,1.0,0.0,0.0,0.0
pos__A0A1S4FDL4,1,6,6.0,0.0,0.0,0.0
pos__A0A1S4FDY8,1,1,0.0,1.0,0.0,0.0
pos__A0A1S4FGZ8,1,3,3.0,0.0,0.0,0.0
pos__A0A1S4FH94,1,8,8.0,0.0,0.0,0.0
pos__A0A1S5QNT6,1,1,0.0,0.0,1.0,0.0
pos__A0A1U7RHN8,1,5,3.0,1.0,1.0,0.0
pos__A0A1U7UDI7,1,1,1.0,0.0,0.0,0.0
pos__A0A1U7UDJ7,1,97,92.0,3.0,2.0,0.0
pos__A0A1V4KP43,1,1,0.0,1.0,0.0,0.0
pos__A0A1V9XAW6,1,1,1.0,0.0,0.0,0.0
pos__A0A1W0WHJ7,1,1,0.0,1.0,0.0,0.0
pos__A0A1W0WQX6,1,1,1.0,0.0,0.0,0.0
pos__A0A1W4W5B6,1,6,6.0,0.0,0.0,0.0
pos__A0A1W4X025,1,1,1.0,0.0,0.0,0.0
pos__A0A1W7CSR2,1,1,0.0,1.0,0.0,0.0
pos__A0A1W7R7D1,1,3,0.0,3.0,0.0,0.0
pos__A0A1W7R7X4,1,1,0.0,1.0,0.0,0.0
pos__A0A1W7R9I8,1,1,0.0,1.0,0.0,0.0
pos__A0A1Y1K6W5,1,1,0.0,1.0,0.0,0.0
pos__A0A1Y1K9I8,1,3,3.0,0.0,0.0,0.0
pos__A0A1Y1KBD4,1,2,2.0,0.0,0.0,0.0
pos__A0A1Y1KCG1,1,1,0.0,1.0,0.0,0.0
pos__A0A1Y1KZ19,1,2,2.0,0.0,0.0,0.0
pos__A0A1Y1LK43,1,1,1.0,0.0,0.0,0.0
pos__A0A1Y1M8W4,1,1,1.0,0.0,0.0,0.0
pos__A0A1Y1MAD2,1,1,0.0,1.0,0.0,0.0
pos__A0A1Y1MKE8,1,2,2.0,0.0,0.0,0.0
pos__A0A1Y1MLM1,1,1,1.0,0.0,0.0,0.0
pos__A0A1Y1MTT2,1,1,0.0,1.0,0.0,0.0
pos__A0A1Y1MXM7,1,2,2.0,0.0,0.0,0.0
pos__A0A1Y1NEW6,1,4,4.0,0.0,0.0,0.0
pos__A0A1Y1NJD1,1,1,0.0,0.0,0.0,1.0
pos__A0A1Y9H266,1,2,2.0,0.0,0.0,0.0
pos__A0A1Y9H280,1,1,0.0,1.0,0.0,0.0
pos__A0A1Y9H2U7,1,1,0.0,1.0,0.0,0.0
pos__A0A1Y9H391,1,1,1.0,0.0,0.0,0.0
pos__A0A1Y9HAQ2,1,1,0.0,1.0,0.0,0.0
pos__A0A1Y9HDX0,1,1,1.0,0.0,0.0,0.0
pos__A0A1Y9HEI4,1,1,1.0,0.0,0.0,0.0
pos__A0A1Y9HF79,1,3,3.0,0.0,0.0,0.0
pos__A0A1Y9J105,1,10,10.0,0.0,0.0,0.0
pos__A0A1Z3ND03,1,2,0.0,2.0,0.0,0.0
pos__A0A1Z5JL53,1,2,2.0,0.0,0.0,0.0
pos__A0A1Z5L6V0,1,2,2.0,0.0,0.0,0.0
pos__A0A212EX78,1,1,0.0,0.0,0.0,1.0
pos__A0A212F3Q3,1,1,0.0,0.0,0.0,1.0
pos__A0A212F633,1,2,2.0,0.0,0.0,0.0
pos__A0A212FKP7,1,1,0.0,1.0,0.0,0.0
pos__A0A212FL72,1,1,1.0,0.0,0.0,0.0
pos__A0A224YRW5,1,3,3.0,0.0,0.0,0.0
pos__A0A225VUH8,1,1,1.0,0.0,0.0,0.0
pos__A0A225WCJ8,1,1,1.0,0.0,0.0,0.0
pos__A0A225WJ33,1,1,0.0,0.0,0.0,1.0
pos__A0A226D969,1,1,1.0,0.0,0.0,0.0
pos__A0A226EQC5,1,1,0.0,0.0,0.0,1.0
pos__A0A226M729,1,2,0.0,0.0,2.0,0.0
pos__A0A226N646,1,1,0.0,1.0,0.0,0.0
pos__A0A232EEZ2,1,2,2.0,0.0,0.0,0.0
pos__A0A232EF94,1,1,0.0,1.0,0.0,0.0
pos__A0A232EP22,1,3,3.0,0.0,0.0,0.0
pos__A0A232ES81,1,2,1.0,1.0,0.0,0.0
pos__A0A232EUP1,1,1,0.0,0.0,0.0,1.0
pos__A0A232EVX7,1,2,2.0,0.0,0.0,0.0
pos__A0A232EW80,1,2,0.0,0.0,2.0,0.0
pos__A0A232F406,1,2,0.0,2.0,0.0,0.0
pos__A0A232F5Q1,1,2,2.0,0.0,0.0,0.0
pos__A0A232FG40,1,1,0.0,0.0,0.0,1.0
pos__A0A238ZFB1,1,1,0.0,1.0,0.0,0.0
pos__A0A240PK71,1,2,0.0,0.0,0.0,2.0
pos__A0A240PM69,1,2,2.0,0.0,0.0,0.0
pos__A0A269PEG0,1,1,0.0,0.0,1.0,0.0
pos__A0A285J637,1,2,0.0,2.0,0.0,0.0
pos__A0A286XGE2,1,1,0.0,1.0,0.0,0.0
pos__A0A287BI78,1,8,8.0,0.0,0.0,0.0
pos__A0A287DCS0,1,3,0.0,3.0,0.0,0.0
pos__A0A2A3EPZ5,1,4,4.0,0.0,0.0,0.0
pos__A0A2A4J216,1,8,8.0,0.0,0.0,0.0
pos__A0A2A4JBA7,1,2,0.0,2.0,0.0,0.0
pos__A0A2A4JHG7,1,1,1.0,0.0,0.0,0.0
pos__A0A2A4JIQ6,1,2,0.0,0.0,0.0,2.0
pos__A0A2A4JK14,1,2,1.0,0.0,1.0,0.0
pos__A0A2A4JKX6,1,7,7.0,0.0,0.0,0.0
pos__A0A2A4JLS3,1,1,0.0,0.0,0.0,1.0
pos__A0A2A4JWI7,1,1,0.0,0.0,0.0,1.0
pos__A0A2A4JX80,1,1,0.0,1.0,0.0,0.0
pos__A0A2A4K0W1,1,3,2.0,1.0,0.0,0.0
pos__A0A2A4K3S1,1,4,4.0,0.0,0.0,0.0
pos__A0A2A4K4P0,1,4,4.0,0.0,0.0,0.0
pos__A0A2A4K747,1,6,6.0,0.0,0.0,0.0
pos__A0A2A6B9E2,1,1,0.0,1.0,0.0,0.0
pos__A0A2B4R410,1,1,1.0,0.0,0.0,0.0
pos__A0A2C9GV82,1,1,1.0,0.0,0.0,0.0
pos__A0A2C9GV94,1,1,0.0,0.0,0.0,1.0
pos__A0A2C9GW63,1,1,0.0,0.0,0.0,1.0
pos__A0A2C9H6G3,1,1,0.0,0.0,1.0,0.0
pos__A0A2C9H8W5,1,10,0.0,0.0,0.0,10.0
pos__A0A2C9KIV1,1,1,1.0,0.0,0.0,0.0
pos__A0A2D0SSD4,1,1,1.0,0.0,0.0,0.0
pos__A0A2D4FYT2,1,1,0.0,1.0,0.0,0.0
pos__A0A2D4H4D5,1,3,0.0,0.0,2.0,1.0
pos__A0A2D4L6B8,1,1,0.0,1.0,0.0,0.0
pos__A0A2D4PJY2,1,2,0.0,0.0,2.0,0.0
pos__A0A2G5TJ19,1,1,0.0,1.0,0.0,0.0
pos__A0A2G5U2T5,1,2,2.0,0.0,0.0,0.0
pos__A0A2G9QCP4,1,6,5.0,0.0,1.0,0.0
pos__A0A2G9QKL3,1,1,0.0,1.0,0.0,0.0
pos__A0A2G9S5I9,1,1,1.0,0.0,0.0,0.0
pos__A0A2G9SLQ8,1,1,1.0,0.0,0.0,0.0
pos__A0A2H1VAF3,1,2,0.0,2.0,0.0,0.0
pos__A0A2H1VIC7,1,30,27.0,3.0,0.0,0.0
pos__A0A2H1VIU2,1,2,0.0,2.0,0.0,0.0
pos__A0A2H1VJG9,1,1,1.0,0.0,0.0,0.0
pos__A0A2H1W522,1,3,0.0,0.0,0.0,3.0
pos__A0A2I0TMR1,1,1,0.0,1.0,0.0,0.0
pos__A0A2I0TYQ9,1,9,0.0,1.0,0.0,8.0
pos__A0A2I1KSC5,1,1,0.0,0.0,1.0,0.0
pos__A0A2I3G5M1,1,2,0.0,1.0,1.0,0.0
pos__A0A2I3TAJ1,1,12,0.0,12.0,0.0,0.0
pos__A0A2I4APZ6,1,3,1.0,0.0,2.0,0.0
pos__A0A2I4AWZ2,1,1,1.0,0.0,0.0,0.0
pos__A0A2I5YNR2,1,4,4.0,0.0,0.0,0.0
pos__A0A2I5YNR6,1,2,0.0,2.0,0.0,0.0
pos__A0A2I5YNS1,1,8,0.0,8.0,0.0,0.0
pos__A0A2I5YNW8,1,1,0.0,1.0,0.0,0.0
pos__A0A2I5YNX3,1,1,0.0,1.0,0.0,0.0
pos__A0A2I9LPS4,1,2,2.0,0.0,0.0,0.0
pos__A0A2J7PGY7,1,2,2.0,0.0,0.0,0.0
pos__A0A2J7Q278,1,1,0.0,1.0,0.0,0.0
pos__A0A2J7QWX4,1,1,1.0,0.0,0.0,0.0
pos__A0A2J7RRJ3,1,2,1.0,0.0,1.0,0.0
pos__A0A2K5E2P3,1,1,0.0,1.0,0.0,0.0
pos__A0A2K5JLN3,1,2,0.0,1.0,1.0,0.0
pos__A0A2K6BUE8,1,11,7.0,3.0,0.0,1.0
pos__A0A2K6CXA3,1,13,13.0,0.0,0.0,0.0
pos__A0A2K6GB55,1,1,1.0,0.0,0.0,0.0
pos__A0A2K6KXW2,1,1,1.0,0.0,0.0,0.0
pos__A0A2K6P0X7,1,1,0.0,0.0,1.0,0.0
pos__A0A2K6QT24,1,3,1.0,2.0,0.0,0.0
pos__A0A2K6S2Y5,1,2,1.0,1.0,0.0,0.0
pos__A0A2K6TXI8,1,2,1.0,0.0,0.0,1.0
pos__A0A2K6U9Z0,1,3,3.0,0.0,0.0,0.0
pos__A0A2K8JRD5,1,1,1.0,0.0,0.0,0.0
pos__A0A2L2YNW8,1,1,0.0,1.0,0.0,0.0
pos__A0A2M3ZBZ1,1,2,0.0,2.0,0.0,0.0
pos__A0A2M4AWE8,1,2,0.0,0.0,0.0,2.0
pos__A0A2M4AWQ6,1,3,0.0,1.0,0.0,2.0
pos__A0A2M4AYU5,1,1,0.0,1.0,0.0,0.0
pos__A0A2M4BUX2,1,1,0.0,1.0,0.0,0.0
pos__A0A2M4C629,1,1,0.0,1.0,0.0,0.0
pos__A0A2M4CN16,1,3,0.0,0.0,0.0,3.0
pos__A0A2P2HWI7,1,1,1.0,0.0,0.0,0.0
pos__A0A2P4SD41,1,2,0.0,0.0,2.0,0.0
pos__A0A2P4T2Q4,1,2,1.0,0.0,1.0,0.0
pos__A0A2P4T8T9,1,1,0.0,0.0,1.0,0.0
pos__A0A2P4X9R8,1,1,1.0,0.0,0.0,0.0
pos__A0A2R8QQC0,1,1,1.0,0.0,0.0,0.0
pos__A0A2S2QPG8,1,3,0.0,3.0,0.0,0.0
pos__A0A2T0TE51,1,1,0.0,0.0,0.0,1.0
pos__A0A2U9BZN3,1,1,1.0,0.0,0.0,0.0
pos__A0A2W1B2E4,1,1,1.0,0.0,0.0,0.0
pos__A0A2W1BB90,1,9,0.0,9.0,0.0,0.0
pos__A0A2W1BBQ2,1,2,0.0,2.0,0.0,0.0
pos__A0A2W1BGC1,1,1,1.0,0.0,0.0,0.0
pos__A0A2W1BGR2,1,7,0.0,7.0,0.0,0.0
pos__A0A2W1BHD3,1,2,2.0,0.0,0.0,0.0
pos__A0A2W1BIB7,1,1,1.0,0.0,0.0,0.0
pos__A0A2W1BIE0,1,1,1.0,0.0,0.0,0.0
pos__A0A2W1BII2,1,2,0.0,0.0,1.0,1.0
pos__A0A2W1BIS3,1,4,4.0,0.0,0.0,0.0
pos__A0A2W1BJ85,1,1,1.0,0.0,0.0,0.0
pos__A0A2W1BJK4,1,7,7.0,0.0,0.0,0.0
pos__A0A2W1BPN1,1,1,1.0,0.0,0.0,0.0
pos__A0A2W1BSA6,1,6,6.0,0.0,0.0,0.0
pos__A0A2W1BSQ0,1,4,3.0,1.0,0.0,0.0
pos__A0A2W1C068,1,1,1.0,0.0,0.0,0.0
pos__A0A2Y9D3N8,1,4,0.0,0.0,4.0,0.0
pos__A0A2Y9D3P0,1,1,0.0,0.0,1.0,0.0
pos__A0A2Y9DXK2,1,1,1.0,0.0,0.0,0.0
pos__A0A2Y9FII7,1,106,105.0,0.0,1.0,0.0
pos__A0A2Y9K8U6,1,17,17.0,0.0,0.0,0.0
pos__A0A2Y9KIM4,1,4,2.0,0.0,2.0,0.0
pos__A0A2Y9MHE8,1,55,54.0,1.0,0.0,0.0
pos__A0A315VBU2,1,8,7.0,1.0,0.0,0.0
pos__A0A329RAT5,1,1,0.0,1.0,0.0,0.0
pos__A0A329RP92,1,1,0.0,0.0,0.0,1.0
pos__A0A329RXL2,1,1,0.0,0.0,1.0,0.0
pos__A0A329SI46,1,5,3.0,0.0,1.0,1.0
pos__A0A329T0I7,1,2,0.0,0.0,0.0,2.0
pos__A0A336LFU1,1,1,0.0,1.0,0.0,0.0
pos__A0A336LSY9,1,1,0.0,0.0,0.0,1.0
pos__A0A336M269,1,1,1.0,0.0,0.0,0.0
pos__A0A341CIM8,1,3,2.0,0.0,0.0,1.0
pos__A0A346FLD7,1,1,1.0,0.0,0.0,0.0
pos__A0A384DJU1,1,12,12.0,0.0,0.0,0.0
pos__A0A397D653,1,1,0.0,1.0,0.0,0.0
pos__A0A397FVR1,1,1,1.0,0.0,0.0,0.0
pos__A0A3A8Q721,1,1,0.0,1.0,0.0,0.0
pos__A0A3B0J4Q9,1,3,0.0,0.0,0.0,3.0
pos__A0A3B0JDM1,1,1,0.0,0.0,0.0,1.0
pos__A0A3B0JFC8,1,92,90.0,1.0,1.0,0.0
pos__A0A3B0JH86,1,1,0.0,1.0,0.0,0.0
pos__A0A3B0K0V3,1,4,4.0,0.0,0.0,0.0
pos__A0A3B0K9P7,1,3,0.0,3.0,0.0,0.0
pos__A0A3B0KLC7,1,8,0.0,1.0,0.0,7.0
pos__A0A3B0KRX6,1,4,0.0,4.0,0.0,0.0
pos__A0A3B0KVN0,1,4,0.0,4.0,0.0,0.0
pos__A0A3B1JG48,1,8,7.0,1.0,0.0,0.0
pos__A0A3B1JPT7,1,3,3.0,0.0,0.0,0.0
pos__A0A3B1JW79,1,2,1.0,1.0,0.0,0.0
pos__A0A3B1K9R2,1,11,11.0,0.0,0.0,0.0
pos__A0A3B3BNT6,1,2,0.0,2.0,0.0,0.0
pos__A0A3B3BV11,1,3,0.0,2.0,0.0,1.0
pos__A0A3B3CHN5,1,25,20.0,0.0,4.0,1.0
pos__A0A3B3DLA7,1,5,5.0,0.0,0.0,0.0
pos__A0A3B3DMW5,1,4,3.0,0.0,1.0,0.0
pos__A0A3B3HU74,1,1,0.0,1.0,0.0,0.0
pos__A0A3B3IIL4,1,12,6.0,1.0,5.0,0.0
pos__A0A3B3QKP7,1,1,0.0,1.0,0.0,0.0
pos__A0A3B3QTS2,1,1,0.0,1.0,0.0,0.0
pos__A0A3B3QTU2,1,1,1.0,0.0,0.0,0.0
pos__A0A3B3QTZ9,1,1,1.0,0.0,0.0,0.0
pos__A0A3B3QU38,1,14,0.0,0.0,11.0,3.0
pos__A0A3B3S463,1,1,0.0,1.0,0.0,0.0
pos__A0A3B3S518,1,1,1.0,0.0,0.0,0.0
pos__A0A3B3UG25,1,4,0.0,4.0,0.0,0.0
pos__A0A3B3UYY4,1,1,1.0,0.0,0.0,0.0
pos__A0A3B3W1C6,1,3,2.0,1.0,0.0,0.0
pos__A0A3B3XF71,1,2,2.0,0.0,0.0,0.0
pos__A0A3B3YS11,1,1,0.0,1.0,0.0,0.0
pos__A0A3B4A558,1,1,0.0,1.0,0.0,0.0
pos__A0A3B4AA74,1,10,10.0,0.0,0.0,0.0
pos__A0A3B4AMB8,1,1,1.0,0.0,0.0,0.0
pos__A0A3B4AQK8,1,1,0.0,1.0,0.0,0.0
pos__A0A3B4ARB7,1,5,5.0,0.0,0.0,0.0
pos__A0A3B4B4D0,1,1,1.0,0.0,0.0,0.0
pos__A0A3B4B4P4,1,8,8.0,0.0,0.0,0.0
pos__A0A3B4B5E6,1,1,0.0,1.0,0.0,0.0
pos__A0A3B4B6Y8,1,2,0.0,0.0,2.0,0.0
pos__A0A3B4BJJ7,1,1,0.0,0.0,1.0,0.0
pos__A0A3B4BNW4,1,1,0.0,0.0,0.0,1.0
pos__A0A3B4C5X9,1,2,0.0,1.0,0.0,1.0
pos__A0A3B4CIV7,1,2,1.0,1.0,0.0,0.0
pos__A0A3B4CP04,1,1,0.0,1.0,0.0,0.0
pos__A0A3B4D4X1,1,3,3.0,0.0,0.0,0.0
pos__A0A3B4DNH7,1,15,2.0,0.0,7.0,6.0
pos__A0A3B4DR66,1,1,0.0,1.0,0.0,0.0
pos__A0A3B4DZL7,1,2,0.0,0.0,0.0,2.0
pos__A0A3B4E9F6,1,1,0.0,1.0,0.0,0.0
pos__A0A3B4EC24,1,1,0.0,1.0,0.0,0.0
pos__A0A3B4EJ98,1,2,2.0,0.0,0.0,0.0
pos__A0A3B4FAH5,1,14,13.0,1.0,0.0,0.0
pos__A0A3B4FGY6,1,2,0.0,0.0,2.0,0.0
pos__A0A3B4GJU4,1,2,0.0,2.0,0.0,0.0
pos__A0A3B4GM87,1,17,0.0,17.0,0.0,0.0
pos__A0A3B4H703,1,1,1.0,0.0,0.0,0.0
pos__A0A3B4HAW5,1,1,0.0,0.0,1.0,0.0
pos__A0A3B4TBZ1,1,1,0.0,1.0,0.0,0.0
pos__A0A3B4TFG2,1,1,1.0,0.0,0.0,0.0
pos__A0A3B4XB15,1,2,0.0,2.0,0.0,0.0
pos__A0A3B4XB47,1,2,0.0,2.0,0.0,0.0
pos__A0A3B4XCG4,1,5,5.0,0.0,0.0,0.0
pos__A0A3B4XCJ9,1,3,3.0,0.0,0.0,0.0
pos__A0A3B4YPJ7,1,1,0.0,0.0,1.0,0.0
pos__A0A3B4Z2U8,1,3,2.0,1.0,0.0,0.0
pos__A0A3B5AU01,1,8,0.0,8.0,0.0,0.0
pos__A0A3B5B2P4,1,1,1.0,0.0,0.0,0.0
pos__A0A3B5BEY8,1,5,4.0,1.0,0.0,0.0
pos__A0A3B5K242,1,11,0.0,0.0,4.0,7.0
pos__A0A3B5LJE1,1,5,0.0,5.0,0.0,0.0
pos__A0A3B5LNG9,1,3,0.0,3.0,0.0,0.0
pos__A0A3B5LS97,1,6,0.0,6.0,0.0,0.0
pos__A0A3B5LVW8,1,2,2.0,0.0,0.0,0.0
pos__A0A3B5Q824,1,62,56.0,0.0,6.0,0.0
pos__A0A3B5QM66,1,14,13.0,0.0,1.0,0.0
pos__A0A3B5QMF6,1,1,0.0,0.0,0.0,1.0
pos__A0A3E0WJF4,1,1,1.0,0.0,0.0,0.0
pos__A0A3F2RAS4,1,1,0.0,0.0,0.0,1.0
pos__A0A3F2RAS6,1,1,0.0,0.0,0.0,1.0
pos__A0A3F2RED9,1,1,1.0,0.0,0.0,0.0
pos__A0A3F2S0A0,1,1,0.0,1.0,0.0,0.0
pos__A0A3G5BIF4,1,1,1.0,0.0,0.0,0.0
pos__A0A3G5BIH5,1,1,1.0,0.0,0.0,0.0
pos__A0A3G5BIK3,1,1,1.0,0.0,0.0,0.0
pos__A0A3L8E416,1,2,2.0,0.0,0.0,0.0
pos__A0A3L8Q7R9,1,1,0.0,0.0,1.0,0.0
pos__A0A3L8SS11,1,1,0.0,1.0,0.0,0.0
pos__A0A3M0ILB0,1,1,0.0,0.0,0.0,1.0
pos__A0A3M0ITR1,1,4,0.0,0.0,4.0,0.0
pos__A0A3M0JUP4,1,22,20.0,2.0,0.0,0.0
pos__A0A3M0KGK4,1,23,23.0,0.0,0.0,0.0
pos__A0A3M0KZ11,1,106,104.0,0.0,2.0,0.0
pos__A0A3M6TBI6,1,1,0.0,1.0,0.0,0.0
pos__A0A3M6U7T9,1,1,1.0,0.0,0.0,0.0
pos__A0A3M6UV45,1,2,2.0,0.0,0.0,0.0
pos__A0A3M6V370,1,2,2.0,0.0,0.0,0.0
pos__A0A3M6V6K8,1,4,0.0,0.0,0.0,4.0
pos__A0A3M7PLF8,1,1,1.0,0.0,0.0,0.0
pos__A0A3N0Y4P2,1,1,0.0,1.0,0.0,0.0
pos__A0A3N0Z619,1,1,1.0,0.0,0.0,0.0
pos__A0A3N0Z6V5,1,1,1.0,0.0,0.0,0.0
pos__A0A3N1GDH8,1,1,0.0,0.0,0.0,1.0
pos__A0A3P6UUJ2,1,4,4.0,0.0,0.0,0.0
pos__A0A3P8NJF4,1,2,0.0,2.0,0.0,0.0
pos__A0A3P8PCN1,1,3,2.0,1.0,0.0,0.0
pos__A0A3P8QQ78,1,1,0.0,1.0,0.0,0.0
pos__A0A3P8QS72,1,4,0.0,4.0,0.0,0.0
pos__A0A3P8QSV6,1,1,0.0,0.0,0.0,1.0
pos__A0A3P8SHV3,1,3,0.0,3.0,0.0,0.0
pos__A0A3P8UGL4,1,54,45.0,5.0,4.0,0.0
pos__A0A3P8ULJ0,1,1,1.0,0.0,0.0,0.0
pos__A0A3P8UPE4,1,1,0.0,1.0,0.0,0.0
pos__A0A3P8V6Z6,1,2,2.0,0.0,0.0,0.0
pos__A0A3P8W8P2,1,15,4.0,0.0,11.0,0.0
pos__A0A3P8WKL8,1,1,0.0,1.0,0.0,0.0
pos__A0A3P8WQT9,1,1,1.0,0.0,0.0,0.0
pos__A0A3P8YB30,1,1,0.0,1.0,0.0,0.0
pos__A0A3P8YFV0,1,2,0.0,2.0,0.0,0.0
pos__A0A3P8YHB4,1,1,1.0,0.0,0.0,0.0
pos__A0A3P8YI22,1,12,12.0,0.0,0.0,0.0
pos__A0A3P8YNY8,1,3,0.0,0.0,0.0,3.0
pos__A0A3P8Z8A2,1,2,1.0,0.0,1.0,0.0
pos__A0A3P8ZZL4,1,4,0.0,0.0,4.0,0.0
pos__A0A3P9BBV2,1,1,0.0,1.0,0.0,0.0
pos__A0A3P9BCC1,1,1,0.0,0.0,0.0,1.0
pos__A0A3P9BD45,1,1,0.0,1.0,0.0,0.0
pos__A0A3P9BSU9,1,1,0.0,1.0,0.0,0.0
pos__A0A3P9D513,1,1,0.0,0.0,0.0,1.0
pos__A0A3P9IK54,1,1,0.0,1.0,0.0,0.0
pos__A0A3P9KKN2,1,5,5.0,0.0,0.0,0.0
pos__A0A3P9LM28,1,14,13.0,1.0,0.0,0.0
pos__A0A3P9NVE7,1,1,0.0,1.0,0.0,0.0
pos__A0A3P9P3R9,1,1,0.0,1.0,0.0,0.0
pos__A0A3P9P482,1,6,0.0,0.0,0.0,6.0
pos__A0A3P9PJK3,1,158,140.0,6.0,11.0,1.0
pos__A0A3P9QGA0,1,5,5.0,0.0,0.0,0.0
pos__A0A3Q0GBN7,1,8,8.0,0.0,0.0,0.0
pos__A0A3Q0GUJ1,1,2,2.0,0.0,0.0,0.0
pos__A0A3Q0HNU7,1,2,1.0,0.0,1.0,0.0
pos__A0A3Q0J546,1,1,1.0,0.0,0.0,0.0
pos__A0A3Q0RMT9,1,10,0.0,10.0,0.0,0.0
pos__A0A3Q0RYX4,1,1,0.0,1.0,0.0,0.0
pos__A0A3Q0RZA2,1,1,1.0,0.0,0.0,0.0
pos__A0A3Q0SB13,1,1,0.0,1.0,0.0,0.0
pos__A0A3Q0SX05,1,1,0.0,0.0,1.0,0.0
pos__A0A3Q0T5J8,1,1,1.0,0.0,0.0,0.0
pos__A0A3Q1AUR6,1,4,0.0,0.0,0.0,4.0
pos__A0A3Q1BW21,1,2,2.0,0.0,0.0,0.0
pos__A0A3Q1F183,1,1,0.0,1.0,0.0,0.0
pos__A0A3Q1F6P3,1,2,0.0,2.0,0.0,0.0
pos__A0A3Q1F7B9,1,3,0.0,2.0,0.0,1.0
pos__A0A3Q1GGH8,1,1,0.0,1.0,0.0,0.0
pos__A0A3Q1HFQ1,1,1,0.0,1.0,0.0,0.0
pos__A0A3Q1JIW9,1,2,0.0,2.0,0.0,0.0
pos__A0A3Q1JU92,1,1,0.0,1.0,0.0,0.0
pos__A0A3Q1KAM0,1,1,0.0,0.0,0.0,1.0
pos__A0A3Q1MEU3,1,1,0.0,1.0,0.0,0.0
pos__A0A3Q2CH94,1,2,0.0,2.0,0.0,0.0
pos__A0A3Q2CK81,1,12,0.0,0.0,10.0,2.0
pos__A0A3Q2CWL7,1,1,0.0,1.0,0.0,0.0
pos__A0A3Q2D8Q0,1,1,0.0,0.0,0.0,1.0
pos__A0A3Q2DG64,1,1,1.0,0.0,0.0,0.0
pos__A0A3Q2DR87,1,1,0.0,1.0,0.0,0.0
pos__A0A3Q2DZ79,1,1,1.0,0.0,0.0,0.0
pos__A0A3Q2FTP4,1,1,1.0,0.0,0.0,0.0
pos__A0A3Q2GCL7,1,1,0.0,1.0,0.0,0.0
pos__A0A3Q2GEY7,1,1,1.0,0.0,0.0,0.0
pos__A0A3Q2GYE5,1,12,9.0,3.0,0.0,0.0
pos__A0A3Q2NW37,1,1,1.0,0.0,0.0,0.0
pos__A0A3Q2NY72,1,1,0.0,1.0,0.0,0.0
pos__A0A3Q2PGX7,1,1,0.0,1.0,0.0,0.0
pos__A0A3Q2QD58,1,2,0.0,2.0,0.0,0.0
pos__A0A3Q2QET4,1,1,0.0,1.0,0.0,0.0
pos__A0A3Q2QJF2,1,10,5.0,3.0,1.0,1.0
pos__A0A3Q2QJW2,1,1,1.0,0.0,0.0,0.0
pos__A0A3Q2QNA5,1,2,0.0,2.0,0.0,0.0
pos__A0A3Q2UIU7,1,1,0.0,0.0,0.0,1.0
pos__A0A3Q2V8U0,1,7,0.0,7.0,0.0,0.0
pos__A0A3Q2VC67,1,8,8.0,0.0,0.0,0.0
pos__A0A3Q2XB81,1,11,0.0,11.0,0.0,0.0
pos__A0A3Q2YCP9,1,1,1.0,0.0,0.0,0.0
pos__A0A3Q2YQD2,1,1,1.0,0.0,0.0,0.0
pos__A0A3Q2ZR22,1,1,1.0,0.0,0.0,0.0
pos__A0A3Q2ZRE3,1,5,5.0,0.0,0.0,0.0
pos__A0A3Q2ZTQ9,1,2,1.0,1.0,0.0,0.0
pos__A0A3Q2ZY11,1,2,2.0,0.0,0.0,0.0
pos__A0A3Q3A2T4,1,4,0.0,4.0,0.0,0.0
pos__A0A3Q3AHG9,1,1,0.0,0.0,1.0,0.0
pos__A0A3Q3ASI9,1,1,0.0,1.0,0.0,0.0
pos__A0A3Q3AW45,1,1,1.0,0.0,0.0,0.0
pos__A0A3Q3ELB9,1,1,0.0,1.0,0.0,0.0
pos__A0A3Q3EMX2,1,1,0.0,0.0,0.0,1.0
pos__A0A3Q3EXV1,1,1,1.0,0.0,0.0,0.0
pos__A0A3Q3EZM4,1,1,0.0,1.0,0.0,0.0
pos__A0A3Q3F1L2,1,3,1.0,2.0,0.0,0.0
pos__A0A3Q3FQ11,1,1,0.0,1.0,0.0,0.0
pos__A0A3Q3FRF4,1,1,0.0,0.0,0.0,1.0
pos__A0A3Q3G933,1,1,1.0,0.0,0.0,0.0
pos__A0A3Q3G9C7,1,1,1.0,0.0,0.0,0.0
pos__A0A3Q3JC87,1,4,3.0,1.0,0.0,0.0
pos__A0A3Q3JX30,1,309,290.0,9.0,10.0,0.0
pos__A0A3Q3K385,1,1,0.0,1.0,0.0,0.0
pos__A0A3Q3MMK3,1,1,0.0,1.0,0.0,0.0
pos__A0A3Q3MN96,1,2,1.0,1.0,0.0,0.0
pos__A0A3Q3MZI4,1,1,0.0,1.0,0.0,0.0
pos__A0A3Q3N956,1,1,0.0,1.0,0.0,0.0
pos__A0A3Q3PYZ8,1,1,0.0,1.0,0.0,0.0
pos__A0A3Q3RBX3,1,21,18.0,0.0,3.0,0.0
pos__A0A3Q3SPV8,1,5,5.0,0.0,0.0,0.0
pos__A0A3Q3VRP7,1,2,2.0,0.0,0.0,0.0
pos__A0A3Q3X224,1,1,0.0,0.0,0.0,1.0
pos__A0A3Q3X5J7,1,23,21.0,2.0,0.0,0.0
pos__A0A3Q4ASL7,1,1,0.0,0.0,1.0,0.0
pos__A0A3Q4GEC5,1,2,0.0,0.0,2.0,0.0
pos__A0A3Q4GY42,1,2,0.0,0.0,2.0,0.0
pos__A0A3Q4H1M9,1,1,0.0,1.0,0.0,0.0
pos__A0A3Q4I2V7,1,6,6.0,0.0,0.0,0.0
pos__A0A3Q4I3G9,1,35,33.0,2.0,0.0,0.0
pos__A0A3Q4I8Z6,1,27,17.0,3.0,7.0,0.0
pos__A0A3R6Z4X4,1,1,1.0,0.0,0.0,0.0
pos__A0A3R7LVK5,1,1,1.0,0.0,0.0,0.0
pos__A0A3R7MKW0,1,1,0.0,0.0,1.0,0.0
pos__A0A3R7PTK8,1,1,1.0,0.0,0.0,0.0
pos__A0A3R7PUE8,1,1,1.0,0.0,0.0,0.0
pos__A0A3R7Y2D8,1,6,6.0,0.0,0.0,0.0
pos__A0A3S3NHF3,1,1,0.0,1.0,0.0,0.0
pos__A0A3S3PL00,1,1,1.0,0.0,0.0,0.0
pos__A0A3S3S2W2,1,1,0.0,0.0,1.0,0.0
pos__A0A401NM20,1,5,4.0,1.0,0.0,0.0
pos__A0A401PMT6,1,1,1.0,0.0,0.0,0.0
pos__A0A401PZP2,1,1,1.0,0.0,0.0,0.0
pos__A0A401PZP6,1,1,1.0,0.0,0.0,0.0
pos__A0A401Q829,1,1,0.0,0.0,1.0,0.0
pos__A0A401RIM0,1,1,0.0,0.0,1.0,0.0
pos__A0A401S8K9,1,1,0.0,0.0,1.0,0.0
pos__A0A401T723,1,2,2.0,0.0,0.0,0.0
pos__A0A421G2T4,1,2,2.0,0.0,0.0,0.0
pos__A0A423SKM3,1,1,0.0,0.0,1.0,0.0
pos__A0A423T4X6,1,1,0.0,0.0,1.0,0.0
pos__A0A423T548,1,1,0.0,1.0,0.0,0.0
pos__A0A423TW77,1,1,0.0,0.0,1.0,0.0
pos__A0A423U6W2,1,1,0.0,0.0,1.0,0.0
pos__A0A433TV34,1,1,1.0,0.0,0.0,0.0
pos__A0A437D4F8,1,1,0.0,1.0,0.0,0.0
pos__A0A437DHQ6,1,1,0.0,0.0,0.0,1.0
pos__A0A443QE22,1,1,1.0,0.0,0.0,0.0
pos__A0A443RXW9,1,1,1.0,0.0,0.0,0.0
pos__A0A443SFZ3,1,1,1.0,0.0,0.0,0.0
pos__A0A443SQP8,1,1,0.0,1.0,0.0,0.0
pos__A0A443STW8,1,1,0.0,0.0,0.0,1.0
pos__A0A452EAZ1,1,2,2.0,0.0,0.0,0.0
pos__A0A452EFF6,1,2,2.0,0.0,0.0,0.0
pos__A0A452EUL2,1,11,10.0,1.0,0.0,0.0
pos__A0A452FDU3,1,2,2.0,0.0,0.0,0.0
pos__A0A452H7L2,1,1,0.0,0.0,0.0,1.0
pos__A0A452HHC9,1,1,1.0,0.0,0.0,0.0
pos__A0A452RC67,1,14,14.0,0.0,0.0,0.0
pos__A0A452RCA6,1,36,33.0,3.0,0.0,0.0
pos__A0A452RWP3,1,1,0.0,1.0,0.0,0.0
pos__A0A452SXZ6,1,1,0.0,1.0,0.0,0.0
pos__A0A482E8V1,1,1,1.0,0.0,0.0,0.0
pos__A0A482VCA1,1,1,0.0,1.0,0.0,0.0
pos__A0A482VSD8,1,1,0.0,1.0,0.0,0.0
pos__A0A482VWI4,1,1,0.0,0.0,0.0,1.0
pos__A0A482WK87,1,1,0.0,1.0,0.0,0.0
pos__A0A482WKQ2,1,1,0.0,0.0,1.0,0.0
pos__A0A482WMJ3,1,1,0.0,1.0,0.0,0.0
pos__A0A482WYP3,1,1,0.0,0.0,1.0,0.0
pos__A0A482Z7J7,1,1,0.0,1.0,0.0,0.0
pos__A0A482ZAM7,1,1,1.0,0.0,0.0,0.0
pos__A0A484B0I0,1,4,0.0,4.0,0.0,0.0
pos__A0A484B6A6,1,1,1.0,0.0,0.0,0.0
pos__A0A484B7M9,1,16,15.0,1.0,0.0,0.0
pos__A0A484B8K2,1,4,3.0,1.0,0.0,0.0
pos__A0A484BD42,1,1,1.0,0.0,0.0,0.0
pos__A0A484BH99,1,5,5.0,0.0,0.0,0.0
pos__A0A484BHA5,1,2,0.0,0.0,0.0,2.0
pos__A0A484BKR7,1,3,0.0,0.0,0.0,3.0
pos__A0A484BUQ6,1,2,0.0,0.0,0.0,2.0
pos__A0A484BVL9,1,20,0.0,20.0,0.0,0.0
pos__A0A484D8B5,1,1,0.0,0.0,0.0,1.0
pos__A0A485KFF4,1,1,1.0,0.0,0.0,0.0
pos__A0A485NIT3,1,1,0.0,0.0,1.0,0.0
pos__A0A485NL59,1,7,0.0,7.0,0.0,0.0
pos__A0A498L684,1,3,0.0,0.0,3.0,0.0
pos__A0A498L946,1,4,0.0,0.0,4.0,0.0
pos__A0A498M333,1,4,0.0,3.0,0.0,1.0
pos__A0A498M5G9,1,1,0.0,0.0,0.0,1.0
pos__A0A498MGZ6,1,1,0.0,1.0,0.0,0.0
pos__A0A498MP12,1,1,1.0,0.0,0.0,0.0
pos__A0A498MXI7,1,7,6.0,1.0,0.0,0.0
pos__A0A498NCI0,1,4,3.0,1.0,0.0,0.0
pos__A0A498NH52,1,1,0.0,1.0,0.0,0.0
pos__A0A498NPG0,1,2,0.0,0.0,0.0,2.0
pos__A0A498NZJ8,1,1,0.0,1.0,0.0,0.0
pos__A0A4C1SD69,1,1,1.0,0.0,0.0,0.0
pos__A0A4C1SWY6,1,1,0.0,0.0,1.0,0.0
pos__A0A4C1T7V3,1,1,0.0,1.0,0.0,0.0
pos__A0A4C1UPR4,1,1,1.0,0.0,0.0,0.0
pos__A0A4C1VUD7,1,1,1.0,0.0,0.0,0.0
pos__A0A4C1VYA3,1,1,1.0,0.0,0.0,0.0
pos__A0A4C1VYV1,1,1,1.0,0.0,0.0,0.0
pos__A0A4C1W869,1,1,1.0,0.0,0.0,0.0
pos__A0A4C1WFM4,1,1,1.0,0.0,0.0,0.0
pos__A0A4C1WHF6,1,1,0.0,0.0,0.0,1.0
pos__A0A4C1X9R5,1,1,0.0,0.0,0.0,1.0
pos__A0A4C1ZTR5,1,1,1.0,0.0,0.0,0.0
pos__A0A4D5RG93,1,1,0.0,0.0,1.0,0.0
pos__A0A4D5RRM1,1,3,0.0,0.0,3.0,0.0
pos__A0A4D6CJ01,1,2,1.0,0.0,1.0,0.0
pos__A0A4D9DJ34,1,22,22.0,0.0,0.0,0.0
pos__A0A4D9EJH1,1,1,1.0,0.0,0.0,0.0
pos__A0A4Q7J5X3,1,1,0.0,1.0,0.0,0.0
pos__A0A4Q8K383,1,2,0.0,2.0,0.0,0.0
pos__A0A4Q8K912,1,1,0.0,1.0,0.0,0.0
pos__A0A4U5M565,1,1,1.0,0.0,0.0,0.0
pos__A0A4U5MCG1,1,2,0.0,0.0,2.0,0.0
pos__A0A4U5U266,1,2,0.0,0.0,2.0,0.0
pos__A0A4U5U3N3,1,1,0.0,1.0,0.0,0.0
pos__A0A4U5UAA0,1,1,0.0,1.0,0.0,0.0
pos__A0A4U5UI70,1,1,1.0,0.0,0.0,0.0
pos__A0A4U5UIW1,1,2,0.0,2.0,0.0,0.0
pos__A0A4W2BYH7,1,9,3.0,6.0,0.0,0.0
pos__A0A4W2E1K6,1,8,4.0,2.0,1.0,1.0
pos__A0A4W2EZH0,1,11,8.0,0.0,3.0,0.0
pos__A0A4W2GJY5,1,2,2.0,0.0,0.0,0.0
pos__A0A4W2HBD4,1,1,0.0,1.0,0.0,0.0
pos__A0A4W3GMA4,1,2,2.0,0.0,0.0,0.0
pos__A0A4W3H6I5,1,1,1.0,0.0,0.0,0.0
pos__A0A4W3JBJ6,1,2,2.0,0.0,0.0,0.0
pos__A0A4W3JHJ1,1,3,3.0,0.0,0.0,0.0
pos__A0A4W3K5G2,1,8,7.0,1.0,0.0,0.0
pos__A0A4W3K6W4,1,7,7.0,0.0,0.0,0.0
pos__A0A4W3KAP7,1,1,1.0,0.0,0.0,0.0
pos__A0A4W4EY37,1,2,2.0,0.0,0.0,0.0
pos__A0A4W4F4R5,1,20,0.0,0.0,1.0,19.0
pos__A0A4W4FYA3,1,1,0.0,1.0,0.0,0.0
pos__A0A4W4GJ08,1,10,10.0,0.0,0.0,0.0
pos__A0A4W4GUU9,1,2,2.0,0.0,0.0,0.0
pos__A0A4W4GWZ4,1,7,0.0,4.0,1.0,2.0
pos__A0A4W4HG88,1,1,1.0,0.0,0.0,0.0
pos__A0A4W4HGE6,1,1,0.0,1.0,0.0,0.0
pos__A0A4W4HGI1,1,2,2.0,0.0,0.0,0.0
pos__A0A4W5K9N9,1,2,0.0,2.0,0.0,0.0
pos__A0A4W5LN37,1,1,1.0,0.0,0.0,0.0
pos__A0A4W5N2M6,1,1,0.0,0.0,0.0,1.0
pos__A0A4W5QFL2,1,5,0.0,5.0,0.0,0.0
pos__A0A4W6BI17,1,1,0.0,1.0,0.0,0.0
pos__A0A4W6C517,1,2,2.0,0.0,0.0,0.0
pos__A0A4W6C5V2,1,4,0.0,4.0,0.0,0.0
pos__A0A4W6E5Z0,1,4,0.0,4.0,0.0,0.0
pos__A0A4W6FFU4,1,5,3.0,0.0,2.0,0.0
pos__A0A4W6FGD5,1,1,0.0,0.0,0.0,1.0
pos__A0A4X1SW69,1,14,0.0,13.0,0.0,1.0
pos__A0A4X1TFV3,1,1,1.0,0.0,0.0,0.0
pos__A0A4X1THX5,1,1,0.0,1.0,0.0,0.0
pos__A0A4X1VU03,1,9,8.0,0.0,1.0,0.0
pos__A0A4X2JN81,1,1,1.0,0.0,0.0,0.0
pos__A0A4X2KA41,1,3,3.0,0.0,0.0,0.0
pos__A0A4X2KHE8,1,2,2.0,0.0,0.0,0.0
pos__A0A4X2KHU5,1,1,1.0,0.0,0.0,0.0
pos__A0A4X2KM44,1,3,3.0,0.0,0.0,0.0
pos__A0A4X2KTW3,1,3,3.0,0.0,0.0,0.0
pos__A0A4X2L509,1,4,0.0,0.0,0.0,4.0
pos__A0A4X2LVV5,1,1,0.0,0.0,1.0,0.0
pos__A0A4X2M1E5,1,1,1.0,0.0,0.0,0.0
pos__A0A4X2M351,1,4,4.0,0.0,0.0,0.0
pos__A0A4X2M628,1,7,6.0,0.0,0.0,1.0
pos__A0A4X2M8I6,1,8,8.0,0.0,0.0,0.0
pos__A0A4X2M919,1,2,0.0,0.0,1.0,1.0
pos__A0A4Y0BEW0,1,1,0.0,1.0,0.0,0.0
pos__A0A4Y0BI78,1,1,0.0,1.0,0.0,0.0
pos__A0A4Y0BNL5,1,1,0.0,0.0,0.0,1.0
pos__A0A4Y0BRJ7,1,3,3.0,0.0,0.0,0.0
pos__A0A4Y2QJW7,1,2,0.0,2.0,0.0,0.0
pos__A0A4Y5UGE5,1,1,0.0,1.0,0.0,0.0
pos__A0A4Z2B3B0,1,3,2.0,0.0,1.0,0.0
pos__A0A4Z2BZP1,1,1,1.0,0.0,0.0,0.0
pos__A0A4Z2EW98,1,1,0.0,1.0,0.0,0.0
pos__A0A4Z2GDR5,1,1,0.0,0.0,1.0,0.0
pos__A0A4Z2HE22,1,1,0.0,1.0,0.0,0.0
pos__A0A4Z2HFP4,1,2,0.0,2.0,0.0,0.0
pos__A0A4Z2HHR1,1,6,6.0,0.0,0.0,0.0
pos__A0A4Z2HM26,1,4,1.0,0.0,3.0,0.0
pos__A0A4Z2IDQ8,1,1,0.0,1.0,0.0,0.0
pos__A0A4Z2IL86,1,1,0.0,1.0,0.0,0.0
pos__A0A4Z2ILM5,1,1,1.0,0.0,0.0,0.0
pos__A0A4Z2J7S1,1,1,0.0,0.0,0.0,1.0
pos__A0A511MXP6,1,1,1.0,0.0,0.0,0.0
pos__A0A553N4Q6,1,6,5.0,0.0,1.0,0.0
pos__A0A553NTG5,1,1,1.0,0.0,0.0,0.0
pos__A0A553P0X2,1,13,11.0,0.0,2.0,0.0
pos__A0A553P6C6,1,1,0.0,0.0,0.0,1.0
pos__A0A553PTC4,1,1,1.0,0.0,0.0,0.0
pos__A0A553RBK5,1,2,1.0,1.0,0.0,0.0
pos__A0A561TZ79,1,1,0.0,0.0,0.0,1.0
pos__A0A5A9NFQ4,1,1,0.0,0.0,1.0,0.0
pos__A0A5A9NRV0,1,1,1.0,0.0,0.0,0.0
pos__A0A5A9NU92,1,1,0.0,0.0,1.0,0.0
pos__A0A5A9PGC1,1,2,0.0,1.0,0.0,1.0
pos__A0A5B9GEP5,1,2,2.0,0.0,0.0,0.0
pos__A0A5C6MUD5,1,3,0.0,3.0,0.0,0.0
pos__A0A5C6N3D8,1,2,2.0,0.0,0.0,0.0
pos__A0A5C6N489,1,9,0.0,6.0,0.0,3.0
pos__A0A5D4FZF3,1,2,0.0,0.0,0.0,2.0
pos__A0A5E3ZZ31,1,1,0.0,1.0,0.0,0.0
pos__A0A5E4ARZ5,1,2,0.0,0.0,0.0,2.0
pos__A0A5E4AS68,1,1,0.0,0.0,0.0,1.0
pos__A0A5E4MN93,1,1,1.0,0.0,0.0,0.0
pos__A0A5E4N484,1,1,0.0,1.0,0.0,0.0
pos__A0A5E4NLT3,1,1,0.0,1.0,0.0,0.0
pos__A0A5E4PME9,1,1,0.0,1.0,0.0,0.0
pos__A0A5E4PNZ8,1,1,0.0,1.0,0.0,0.0
pos__A0A5E4PRV7,1,1,0.0,1.0,0.0,0.0
pos__A0A5E4PUC1,1,2,0.0,2.0,0.0,0.0
pos__A0A5E4PV50,1,1,1.0,0.0,0.0,0.0
pos__A0A5E4PV97,1,2,2.0,0.0,0.0,0.0
pos__A0A5E4QAB5,1,1,1.0,0.0,0.0,0.0
pos__A0A5E4QBU3,1,1,0.0,0.0,0.0,1.0
pos__A0A5E4QIG0,1,1,1.0,0.0,0.0,0.0
pos__A0A5E4QLM9,1,2,2.0,0.0,0.0,0.0
pos__A0A5E4QQ27,1,1,1.0,0.0,0.0,0.0
pos__A0A5E4R741,1,1,0.0,1.0,0.0,0.0
pos__A0A5E4R748,1,2,2.0,0.0,0.0,0.0
pos__A0A5F5PKL6,1,3,1.0,0.0,0.0,2.0
pos__A0A5F5PMA7,1,8,0.0,0.0,6.0,2.0
pos__A0A5F5PPX4,1,7,7.0,0.0,0.0,0.0
pos__A0A5F7Z9Q7,1,2,1.0,1.0,0.0,0.0
pos__A0A5F7ZVW8,1,1,0.0,0.0,1.0,0.0
pos__A0A5F8GNR6,1,3,0.0,3.0,0.0,0.0
pos__A0A5F8H4E6,1,1,1.0,0.0,0.0,0.0
pos__A0A5F9C8L7,1,1,0.0,0.0,0.0,1.0
pos__A0A5F9DU07,1,1,0.0,1.0,0.0,0.0
pos__A0A5N3ULK1,1,2,0.0,0.0,2.0,0.0
pos__A0A5N4A185,1,1,0.0,0.0,0.0,1.0
pos__A0A5N4A5G2,1,1,0.0,0.0,1.0,0.0
pos__A0A5N4A5P6,1,1,1.0,0.0,0.0,0.0
pos__A0A5N4A683,1,8,7.0,0.0,0.0,1.0
pos__A0A5N4AI23,1,2,1.0,1.0,0.0,0.0
pos__A0A5N4AKB7,1,1,1.0,0.0,0.0,0.0
pos__A0A5N4AQH3,1,1,1.0,0.0,0.0,0.0
pos__A0A5N4C783,1,1,0.0,0.0,1.0,0.0
pos__A0A5N4CL67,1,53,0.0,0.0,1.0,52.0
pos__A0A5N5L2E6,1,5,0.0,4.0,0.0,1.0
pos__A0A5N5MXB8,1,1,0.0,1.0,0.0,0.0
pos__A0A5N5SL45,1,1,1.0,0.0,0.0,0.0
pos__A0A5N5SLQ7,1,1,0.0,0.0,1.0,0.0
pos__A0A5N5STF9,1,1,1.0,0.0,0.0,0.0
pos__A0A5N5SW08,1,1,1.0,0.0,0.0,0.0
pos__A0A5N5SZA6,1,1,1.0,0.0,0.0,0.0
pos__A0A5S6QUX9,1,1,1.0,0.0,0.0,0.0
pos__A0A5S6QYT2,1,1,1.0,0.0,0.0,0.0
pos__A0A650ATH8,1,6,0.0,0.0,6.0,0.0
pos__A0A653BGC7,1,1,0.0,1.0,0.0,0.0
pos__A0A653BGH1,1,1,0.0,0.0,1.0,0.0
pos__A0A653CAQ9,1,1,1.0,0.0,0.0,0.0
pos__A0A653CJ93,1,1,1.0,0.0,0.0,0.0
pos__A0A653DED1,1,1,1.0,0.0,0.0,0.0
pos__A0A653DFS3,1,1,1.0,0.0,0.0,0.0
pos__A0A662YMB4,1,1,0.0,0.0,1.0,0.0
pos__A0A663E071,1,225,216.0,0.0,9.0,0.0
pos__A0A663ML11,1,41,0.0,41.0,0.0,0.0
pos__A0A663N8B9,1,1,1.0,0.0,0.0,0.0
pos__A0A665STM1,1,1,1.0,0.0,0.0,0.0
pos__A0A665T5Z5,1,39,34.0,1.0,3.0,1.0
pos__A0A665TCF3,1,1,1.0,0.0,0.0,0.0
pos__A0A665UZ04,1,1,0.0,0.0,1.0,0.0
pos__A0A665VAY3,1,1,1.0,0.0,0.0,0.0
pos__A0A665WUC1,1,3,0.0,3.0,0.0,0.0
pos__A0A667HLC5,1,65,63.0,0.0,2.0,0.0
pos__A0A667I6S3,1,5,5.0,0.0,0.0,0.0
pos__A0A667WVI1,1,2,0.0,2.0,0.0,0.0
pos__A0A667X9P3,1,2,2.0,0.0,0.0,0.0
pos__A0A667XAZ9,1,2,0.0,0.0,2.0,0.0
pos__A0A667XBH0,1,5,0.0,5.0,0.0,0.0
pos__A0A667Z000,1,2,0.0,0.0,0.0,2.0
pos__A0A667Z3Z9,1,1,0.0,1.0,0.0,0.0
pos__A0A667Z682,1,1,0.0,0.0,1.0,0.0
pos__A0A667ZI68,1,2,2.0,0.0,0.0,0.0
pos__A0A667ZJ81,1,5,2.0,0.0,3.0,0.0
pos__A0A667ZK61,1,58,47.0,3.0,8.0,0.0
pos__A0A668ABM9,1,15,15.0,0.0,0.0,0.0
pos__A0A668TZ21,1,1,1.0,0.0,0.0,0.0
pos__A0A669B2P4,1,4,1.0,2.0,1.0,0.0
pos__A0A669C0K4,1,3,2.0,0.0,1.0,0.0
pos__A0A669CH06,1,7,7.0,0.0,0.0,0.0
pos__A0A669DCK8,1,2,0.0,2.0,0.0,0.0
pos__A0A669E1P5,1,3,0.0,3.0,0.0,0.0
pos__A0A669E9H4,1,3,1.0,2.0,0.0,0.0
pos__A0A669EP22,1,3,0.0,0.0,0.0,3.0
pos__A0A670IA90,1,1,0.0,0.0,1.0,0.0
pos__A0A670IPI7,1,1,0.0,0.0,1.0,0.0
pos__A0A670ITN9,1,2,2.0,0.0,0.0,0.0
pos__A0A670JD41,1,1,0.0,0.0,1.0,0.0
pos__A0A670JF73,1,1,1.0,0.0,0.0,0.0
pos__A0A670JJR7,1,1,0.0,1.0,0.0,0.0
pos__A0A670JTS3,1,1,1.0,0.0,0.0,0.0
pos__A0A670JUF5,1,3,0.0,0.0,3.0,0.0
pos__A0A670JUP7,1,3,0.0,0.0,3.0,0.0
pos__A0A670JVW2,1,5,2.0,0.0,3.0,0.0
pos__A0A670K3S4,1,1,0.0,1.0,0.0,0.0
pos__A0A670K556,1,1,1.0,0.0,0.0,0.0
pos__A0A670K5I9,1,2,2.0,0.0,0.0,0.0
pos__A0A670K637,1,1,1.0,0.0,0.0,0.0
pos__A0A670K770,1,1,1.0,0.0,0.0,0.0
pos__A0A670KDN4,1,1,1.0,0.0,0.0,0.0
pos__A0A670YJV9,1,16,16.0,0.0,0.0,0.0
pos__A0A670YPD0,1,2,2.0,0.0,0.0,0.0
pos__A0A670YQD9,1,5,0.0,3.0,0.0,2.0
pos__A0A670YRH1,1,3,3.0,0.0,0.0,0.0
pos__A0A670YSX1,1,6,5.0,0.0,1.0,0.0
pos__A0A670YWV0,1,5,5.0,0.0,0.0,0.0
pos__A0A670ZMK6,1,3,2.0,0.0,1.0,0.0
pos__A0A670ZMP3,1,5,0.0,0.0,3.0,2.0
pos__A0A670ZMR1,1,1,1.0,0.0,0.0,0.0
pos__A0A671K5R9,1,7,5.0,2.0,0.0,0.0
pos__A0A671KHS9,1,7,1.0,4.0,0.0,2.0
pos__A0A671L9F8,1,2,1.0,0.0,1.0,0.0
pos__A0A671LTD2,1,2,2.0,0.0,0.0,0.0
pos__A0A671LXX7,1,8,0.0,0.0,0.0,8.0
pos__A0A671SIE1,1,11,11.0,0.0,0.0,0.0
pos__A0A671SIU9,1,16,4.0,9.0,1.0,2.0
pos__A0A671SJ59,1,22,3.0,18.0,0.0,1.0
pos__A0A671SK53,1,1,0.0,0.0,1.0,0.0
pos__A0A671TCK7,1,3,0.0,0.0,0.0,3.0
pos__A0A671TQA7,1,14,0.0,0.0,0.0,14.0
pos__A0A671UD74,1,4,4.0,0.0,0.0,0.0
pos__A0A671UDT7,1,18,17.0,1.0,0.0,0.0
pos__A0A671UG46,1,1,0.0,1.0,0.0,0.0
pos__A0A671UG77,1,2,2.0,0.0,0.0,0.0
pos__A0A671UJP4,1,4,2.0,2.0,0.0,0.0
pos__A0A671VPS5,1,3,1.0,2.0,0.0,0.0
pos__A0A671WLF8,1,231,224.0,4.0,3.0,0.0
pos__A0A671WP86,1,16,16.0,0.0,0.0,0.0
pos__A0A671X765,1,4,3.0,1.0,0.0,0.0
pos__A0A671XXF7,1,1,1.0,0.0,0.0,0.0
pos__A0A672F959,1,6,0.0,0.0,0.0,6.0
pos__A0A672FSR7,1,1,0.0,0.0,0.0,1.0
pos__A0A672FYF1,1,1,0.0,1.0,0.0,0.0
pos__A0A672GWZ7,1,2,0.0,2.0,0.0,0.0
pos__A0A672H194,1,1,1.0,0.0,0.0,0.0
pos__A0A672HKQ3,1,1,0.0,1.0,0.0,0.0
pos__A0A672HP05,1,1,0.0,1.0,0.0,0.0
pos__A0A672HRB1,1,3,0.0,2.0,0.0,1.0
pos__A0A672HRS7,1,1,1.0,0.0,0.0,0.0
pos__A0A672HV97,1,2,0.0,2.0,0.0,0.0
pos__A0A672IME6,1,10,7.0,1.0,1.0,1.0
pos__A0A672J227,1,113,104.0,2.0,6.0,1.0
pos__A0A672J4G2,1,1,1.0,0.0,0.0,0.0
pos__A0A672JY16,1,27,12.0,4.0,9.0,2.0
pos__A0A672L7H2,1,2,1.0,0.0,1.0,0.0
pos__A0A672LYV6,1,5,0.0,5.0,0.0,0.0
pos__A0A672NPN9,1,1,1.0,0.0,0.0,0.0
pos__A0A672UMU8,1,2,1.0,0.0,1.0,0.0
pos__A0A672UNT4,1,1,1.0,0.0,0.0,0.0
pos__A0A672YV54,1,1,0.0,1.0,0.0,0.0
pos__A0A672YVC9,1,2,0.0,2.0,0.0,0.0
pos__A0A672YWK0,1,3,0.0,0.0,0.0,3.0
pos__A0A672YWR1,1,6,6.0,0.0,0.0,0.0
pos__A0A672YWR9,1,1,1.0,0.0,0.0,0.0
pos__A0A672YWU9,1,6,1.0,4.0,1.0,0.0
pos__A0A672YX76,1,2,0.0,0.0,0.0,2.0
pos__A0A672YZN4,1,1,1.0,0.0,0.0,0.0
pos__A0A672ZJ49,1,1,1.0,0.0,0.0,0.0
pos__A0A672ZX25,1,2,2.0,0.0,0.0,0.0
pos__A0A672ZYC7,1,1,1.0,0.0,0.0,0.0
pos__A0A673AIH0,1,1,0.0,0.0,1.0,0.0
pos__A0A673BS42,1,1,0.0,0.0,1.0,0.0
pos__A0A673CG82,1,5,5.0,0.0,0.0,0.0
pos__A0A673GX78,1,1,0.0,1.0,0.0,0.0
pos__A0A673JIG5,1,4,3.0,1.0,0.0,0.0
pos__A0A673JRT8,1,16,15.0,0.0,1.0,0.0
pos__A0A673JS88,1,1,0.0,1.0,0.0,0.0
pos__A0A673K7I8,1,3,0.0,3.0,0.0,0.0
pos__A0A673KF47,1,5,5.0,0.0,0.0,0.0
pos__A0A673LH93,1,4,0.0,0.0,4.0,0.0
pos__A0A673MU19,1,15,0.0,13.0,0.0,2.0
pos__A0A673UWW0,1,2,0.0,2.0,0.0,0.0
pos__A0A673WKZ2,1,7,0.0,0.0,0.0,7.0
pos__A0A673WN86,1,6,0.0,0.0,1.0,5.0
pos__A0A674GSR0,1,2,1.0,0.0,1.0,0.0
pos__A0A674IA28,1,6,5.0,0.0,1.0,0.0
pos__A0A674ISF1,1,2,1.0,0.0,1.0,0.0
pos__A0A674J036,1,3,2.0,0.0,1.0,0.0
pos__A0A674J899,1,1,0.0,0.0,1.0,0.0
pos__A0A674JL76,1,1,1.0,0.0,0.0,0.0
pos__A0A674K250,1,1,0.0,0.0,1.0,0.0
pos__A0A674KHX0,1,13,13.0,0.0,0.0,0.0
pos__A0A674MS80,1,1,1.0,0.0,0.0,0.0
pos__A0A674N5Q9,1,1,0.0,0.0,0.0,1.0
pos__A0A6A0GVI7,1,1,1.0,0.0,0.0,0.0
pos__A0A6A0HDZ1,1,1,1.0,0.0,0.0,0.0
pos__A0A6A3GT60,1,1,1.0,0.0,0.0,0.0
pos__A0A6A3H9G1,1,9,0.0,0.0,0.0,9.0
pos__A0A6A3IVF1,1,10,0.0,0.0,0.0,10.0
pos__A0A6A3K6M3,1,4,0.0,0.0,0.0,4.0
pos__A0A6A3M4X2,1,1,0.0,0.0,0.0,1.0
pos__A0A6A4FJL2,1,3,0.0,0.0,0.0,3.0
pos__A0A6A4K6Y4,1,9,9.0,0.0,0.0,0.0
pos__A0A6A4V2Q8,1,2,2.0,0.0,0.0,0.0
pos__A0A6A4V829,1,1,1.0,0.0,0.0,0.0
pos__A0A6A4V9Z8,1,2,2.0,0.0,0.0,0.0
pos__A0A6A4W2L5,1,2,2.0,0.0,0.0,0.0
pos__A0A6A4W453,1,1,1.0,0.0,0.0,0.0
pos__A0A6A4WNZ5,1,1,0.0,1.0,0.0,0.0
pos__A0A6A4Z2K3,1,1,0.0,0.0,0.0,1.0
pos__A0A6A4ZJL5,1,1,0.0,1.0,0.0,0.0
pos__A0A6A4ZUF2,1,2,2.0,0.0,0.0,0.0
pos__A0A6A5EJ93,1,1,0.0,0.0,1.0,0.0
pos__A0A6A5F964,1,2,0.0,2.0,0.0,0.0
pos__A0A6A5F9M0,1,1,0.0,1.0,0.0,0.0
pos__A0A6A5TJE6,1,1,0.0,1.0,0.0,0.0
pos__A0A6A7G5S3,1,1,0.0,0.0,1.0,0.0
pos__A0A6B0RSQ5,1,1,0.0,1.0,0.0,0.0
pos__A0A6B0SD36,1,3,3.0,0.0,0.0,0.0
pos__A0A6B0V709,1,3,3.0,0.0,0.0,0.0
pos__A0A6B0V8J0,1,1,1.0,0.0,0.0,0.0
pos__A0A6B2EKJ0,1,2,2.0,0.0,0.0,0.0
pos__A0A6B8VD45,1,1,0.0,1.0,0.0,0.0
pos__A0A6B8VJD3,1,1,0.0,1.0,0.0,0.0
pos__A0A6E8VUT9,1,4,0.0,0.0,4.0,0.0
pos__A0A6G0HWJ7,1,1,0.0,0.0,0.0,1.0
pos__A0A6G0IS40,1,2,2.0,0.0,0.0,0.0
pos__A0A6G0ISR6,1,1,0.0,1.0,0.0,0.0
pos__A0A6G0TU93,1,1,0.0,0.0,1.0,0.0
pos__A0A6G0WA07,1,6,6.0,0.0,0.0,0.0
pos__A0A6G0WDS7,1,1,0.0,1.0,0.0,0.0
pos__A0A6G0YXB2,1,6,6.0,0.0,0.0,0.0
pos__A0A6G0Z361,1,3,2.0,0.0,1.0,0.0
pos__A0A6G1BIE6,1,4,0.0,0.0,4.0,0.0
pos__A0A6G1PLL6,1,1,1.0,0.0,0.0,0.0
pos__A0A6G1PLR0,1,2,2.0,0.0,0.0,0.0
pos__A0A6G1PNR0,1,157,143.0,5.0,9.0,0.0
pos__A0A6G1Q3R9,1,90,80.0,3.0,7.0,0.0
pos__A0A6G1RWI4,1,1,1.0,0.0,0.0,0.0
pos__A0A6H5IJ73,1,2,2.0,0.0,0.0,0.0
pos__A0A6H5ILZ5,1,1,0.0,0.0,1.0,0.0
pos__A0A6I8N3H3,1,1,1.0,0.0,0.0,0.0
pos__A0A6I8N834,1,1,0.0,0.0,1.0,0.0
pos__A0A6I8N914,1,1,1.0,0.0,0.0,0.0
pos__A0A6I8N9S9,1,1,1.0,0.0,0.0,0.0
pos__A0A6I8NBF0,1,1,1.0,0.0,0.0,0.0
pos__A0A6I8NN48,1,1,1.0,0.0,0.0,0.0
pos__A0A6I8NUD0,1,1,1.0,0.0,0.0,0.0
pos__A0A6I8NXK1,1,1,0.0,1.0,0.0,0.0
pos__A0A6I8PDX3,1,322,303.0,14.0,4.0,1.0
pos__A0A6I8PFC5,1,1,0.0,1.0,0.0,0.0
pos__A0A6I8PKV1,1,1,1.0,0.0,0.0,0.0
pos__A0A6I8PQJ8,1,2,0.0,0.0,0.0,2.0
pos__A0A6I8RTZ9,1,8,8.0,0.0,0.0,0.0
pos__A0A6I8T312,1,2,1.0,1.0,0.0,0.0
pos__A0A6I8TPU7,1,1,0.0,1.0,0.0,0.0
pos__A0A6I8U5B9,1,3,3.0,0.0,0.0,0.0
pos__A0A6I8U8F9,1,1,1.0,0.0,0.0,0.0
pos__A0A6I8UCE1,1,3,3.0,0.0,0.0,0.0
pos__A0A6I8UCR6,1,3,3.0,0.0,0.0,0.0
pos__A0A6I8UHI5,1,3,0.0,0.0,0.0,3.0
pos__A0A6I8UQZ5,1,20,20.0,0.0,0.0,0.0
pos__A0A6I8V5A6,1,3,0.0,0.0,0.0,3.0
pos__A0A6I8VH41,1,4,0.0,4.0,0.0,0.0
pos__A0A6I9MUB4,1,1,0.0,1.0,0.0,0.0
pos__A0A6I9N7R9,1,1,1.0,0.0,0.0,0.0
pos__A0A6I9NLS7,1,7,7.0,0.0,0.0,0.0
pos__A0A6I9VDM3,1,1,1.0,0.0,0.0,0.0
pos__A0A6I9VW82,1,14,0.0,0.0,14.0,0.0
pos__A0A6I9VZN1,1,1,1.0,0.0,0.0,0.0
pos__A0A6I9WG40,1,1,1.0,0.0,0.0,0.0
pos__A0A6I9WTF7,1,1,1.0,0.0,0.0,0.0
pos__A0A6I9WZU5,1,2,2.0,0.0,0.0,0.0
pos__A0A6I9XN02,1,1,0.0,1.0,0.0,0.0
pos__A0A6I9Y5R9,1,1,0.0,0.0,1.0,0.0
pos__A0A6I9Y5T8,1,1,0.0,1.0,0.0,0.0
pos__A0A6I9YJ26,1,10,8.0,0.0,2.0,0.0
pos__A0A6J0BRD1,1,1,0.0,1.0,0.0,0.0
pos__A0A6J0C2B1,1,1,1.0,0.0,0.0,0.0
pos__A0A6J0C389,1,1,0.0,1.0,0.0,0.0
pos__A0A6J0C390,1,1,1.0,0.0,0.0,0.0
pos__A0A6J0C5R4,1,1,1.0,0.0,0.0,0.0
pos__A0A6J0UMR6,1,1,1.0,0.0,0.0,0.0
pos__A0A6J0V8N2,1,2,2.0,0.0,0.0,0.0
pos__A0A6J1L0X2,1,4,1.0,3.0,0.0,0.0
pos__A0A6J1L2V9,1,7,7.0,0.0,0.0,0.0
pos__A0A6J1L564,1,5,5.0,0.0,0.0,0.0
pos__A0A6J1LGI2,1,1,0.0,1.0,0.0,0.0
pos__A0A6J1LI65,1,1,0.0,1.0,0.0,0.0
pos__A0A6J1LMY7,1,2,2.0,0.0,0.0,0.0
pos__A0A6J1LTB7,1,1,0.0,0.0,1.0,0.0
pos__A0A6J1LTM8,1,22,22.0,0.0,0.0,0.0
pos__A0A6J1M2S1,1,1,1.0,0.0,0.0,0.0
pos__A0A6J1M363,1,4,2.0,2.0,0.0,0.0
pos__A0A6J1M8D0,1,3,0.0,3.0,0.0,0.0
pos__A0A6J1MD09,1,2,0.0,0.0,0.0,2.0
pos__A0A6J1MFQ3,1,1,0.0,0.0,0.0,1.0
pos__A0A6J1MRD7,1,6,0.0,6.0,0.0,0.0
pos__A0A6J1MYL8,1,1,0.0,1.0,0.0,0.0
pos__A0A6J1N7E6,1,2,0.0,2.0,0.0,0.0
pos__A0A6J1NIT6,1,1,1.0,0.0,0.0,0.0
pos__A0A6J1NN77,1,1,0.0,1.0,0.0,0.0
pos__A0A6J1PUH2,1,1,0.0,1.0,0.0,0.0
pos__A0A6J1PZI6,1,2,2.0,0.0,0.0,0.0
pos__A0A6J1Q592,1,1,1.0,0.0,0.0,0.0
pos__A0A6J1QP79,1,1,1.0,0.0,0.0,0.0
pos__A0A6J1S324,1,1,0.0,1.0,0.0,0.0
pos__A0A6J1S3D4,1,1,1.0,0.0,0.0,0.0
pos__A0A6J1SE70,1,1,1.0,0.0,0.0,0.0
pos__A0A6J1TSZ2,1,1,1.0,0.0,0.0,0.0
pos__A0A6J1TVU9,1,15,15.0,0.0,0.0,0.0
pos__A0A6J1W6N2,1,2,1.0,0.0,1.0,0.0
pos__A0A6J1W8N1,1,1,0.0,0.0,0.0,1.0
pos__A0A6J1WFN9,1,1,1.0,0.0,0.0,0.0
pos__A0A6J1WII9,1,1,0.0,1.0,0.0,0.0
pos__A0A6J1WTL2,1,2,2.0,0.0,0.0,0.0
pos__A0A6J1X6P1,1,1,1.0,0.0,0.0,0.0
pos__A0A6J2CFD7,1,36,0.0,34.0,0.0,2.0
pos__A0A6J2HS45,1,8,8.0,0.0,0.0,0.0
pos__A0A6J2JJX0,1,2,2.0,0.0,0.0,0.0
pos__A0A6J2JNM5,1,2,2.0,0.0,0.0,0.0
pos__A0A6J2JYZ9,1,2,0.0,0.0,2.0,0.0
pos__A0A6J2K419,1,2,2.0,0.0,0.0,0.0
pos__A0A6J2K492,1,1,1.0,0.0,0.0,0.0
pos__A0A6J2K907,1,5,0.0,5.0,0.0,0.0
pos__A0A6J2KKS8,1,2,2.0,0.0,0.0,0.0
pos__A0A6J2KQ31,1,2,2.0,0.0,0.0,0.0
pos__A0A6J2LKJ1,1,47,47.0,0.0,0.0,0.0
pos__A0A6J2PJS6,1,2,2.0,0.0,0.0,0.0
pos__A0A6J2STW9,1,1,0.0,0.0,0.0,1.0
pos__A0A6J2T2R7,1,1,1.0,0.0,0.0,0.0
pos__A0A6J2T460,1,1,0.0,1.0,0.0,0.0
pos__A0A6J2TA60,1,1,1.0,0.0,0.0,0.0
pos__A0A6J2TBT8,1,1,1.0,0.0,0.0,0.0
pos__A0A6J2TGQ6,1,1,1.0,0.0,0.0,0.0
pos__A0A6J2TH76,1,1,0.0,1.0,0.0,0.0
pos__A0A6J2THR6,1,1,1.0,0.0,0.0,0.0
pos__A0A6J2TI76,1,1,1.0,0.0,0.0,0.0
pos__A0A6J2TIX2,1,1,0.0,1.0,0.0,0.0
pos__A0A6J2TMC6,1,1,1.0,0.0,0.0,0.0
pos__A0A6J2TMM0,1,2,2.0,0.0,0.0,0.0
pos__A0A6J2TPF4,1,1,1.0,0.0,0.0,0.0
pos__A0A6J2TRL8,1,1,0.0,1.0,0.0,0.0
pos__A0A6J2TZ76,1,1,0.0,1.0,0.0,0.0
pos__A0A6J2U0G6,1,1,0.0,1.0,0.0,0.0
pos__A0A6J2U1P2,1,1,0.0,0.0,0.0,1.0
pos__A0A6J2U1V9,1,1,0.0,1.0,0.0,0.0
pos__A0A6J2U2N6,1,1,0.0,1.0,0.0,0.0
pos__A0A6J2U2V2,1,1,0.0,1.0,0.0,0.0
pos__A0A6J2U437,1,2,2.0,0.0,0.0,0.0
pos__A0A6J2U6J1,1,1,1.0,0.0,0.0,0.0
pos__A0A6J2U6N5,1,1,0.0,1.0,0.0,0.0
pos__A0A6J2U731,1,1,0.0,0.0,0.0,1.0
pos__A0A6J2U8J1,1,1,1.0,0.0,0.0,0.0
pos__A0A6J2U977,1,1,1.0,0.0,0.0,0.0
pos__A0A6J2UD95,1,2,2.0,0.0,0.0,0.0
pos__A0A6J2UDJ8,1,1,0.0,1.0,0.0,0.0
pos__A0A6J2UE25,1,1,0.0,1.0,0.0,0.0
pos__A0A6J2UEY5,1,2,2.0,0.0,0.0,0.0
pos__A0A6J2UF72,1,1,1.0,0.0,0.0,0.0
pos__A0A6J2UG84,1,2,2.0,0.0,0.0,0.0
pos__A0A6J2UGS2,1,1,0.0,1.0,0.0,0.0
pos__A0A6J2UH02,1,1,1.0,0.0,0.0,0.0
pos__A0A6J2UH56,1,1,1.0,0.0,0.0,0.0
pos__A0A6J2UHC1,1,2,0.0,2.0,0.0,0.0
pos__A0A6J2UHM4,1,1,1.0,0.0,0.0,0.0
pos__A0A6J2UJR5,1,1,0.0,0.0,0.0,1.0
pos__A0A6J2UL05,1,1,1.0,0.0,0.0,0.0
pos__A0A6J2V620,1,1,1.0,0.0,0.0,0.0
pos__A0A6J2W3V0,1,1,1.0,0.0,0.0,0.0
pos__A0A6J2W459,1,1,0.0,1.0,0.0,0.0
pos__A0A6J2W7H6,1,1,0.0,1.0,0.0,0.0
pos__A0A6J2W7I7,1,1,0.0,1.0,0.0,0.0
pos__A0A6J2W870,1,1,0.0,0.0,0.0,1.0
pos__A0A6J2W920,1,1,0.0,1.0,0.0,0.0
pos__A0A6J2W9X5,1,1,0.0,1.0,0.0,0.0
pos__A0A6J2WAV3,1,1,0.0,0.0,0.0,1.0
pos__A0A6J2WBX0,1,1,0.0,1.0,0.0,0.0
pos__A0A6J2WNV7,1,9,9.0,0.0,0.0,0.0
pos__A0A6J3BR48,1,1,0.0,1.0,0.0,0.0
pos__A0A6J3C3F6,1,1,0.0,1.0,0.0,0.0
pos__A0A6J3GUR0,1,1,1.0,0.0,0.0,0.0
pos__A0A6J3QD98,1,1,0.0,1.0,0.0,0.0
pos__A0A6J8BP45,1,2,0.0,2.0,0.0,0.0
pos__A0A6M2DSE0,1,1,0.0,0.0,1.0,0.0
pos__A0A6M2DUY1,1,1,1.0,0.0,0.0,0.0
pos__A0A6M2DXR5,1,1,0.0,1.0,0.0,0.0
pos__A0A6M2DY62,1,3,3.0,0.0,0.0,0.0
pos__A0A6M2DZB6,1,1,1.0,0.0,0.0,0.0
pos__A0A6M2DZU6,1,1,1.0,0.0,0.0,0.0
pos__A0A6M2E1M4,1,1,1.0,0.0,0.0,0.0
pos__A0A6P3DSX7,1,2,2.0,0.0,0.0,0.0
pos__A0A6P3FFA6,1,6,5.0,0.0,1.0,0.0
pos__A0A6P3FFC1,1,7,7.0,0.0,0.0,0.0
pos__A0A6P3FFY4,1,1,1.0,0.0,0.0,0.0
pos__A0A6P3FJT4,1,2,2.0,0.0,0.0,0.0
pos__A0A6P3HIU9,1,8,7.0,1.0,0.0,0.0
pos__A0A6P3J9V9,1,9,0.0,9.0,0.0,0.0
pos__A0A6P3V8C7,1,1,1.0,0.0,0.0,0.0
pos__A0A6P3WAM4,1,3,3.0,0.0,0.0,0.0
pos__A0A6P3XIQ1,1,1,1.0,0.0,0.0,0.0
pos__A0A6P3XYI3,1,1,1.0,0.0,0.0,0.0
pos__A0A6P3XYY6,1,1,1.0,0.0,0.0,0.0
pos__A0A6P3Y4E8,1,1,0.0,0.0,0.0,1.0
pos__A0A6P4DZF8,1,1,0.0,0.0,0.0,1.0
pos__A0A6P4E4R1,1,1,1.0,0.0,0.0,0.0
pos__A0A6P4E5R3,1,2,2.0,0.0,0.0,0.0
pos__A0A6P4E769,1,16,16.0,0.0,0.0,0.0
pos__A0A6P4EAA1,1,8,0.0,8.0,0.0,0.0
pos__A0A6P4EDZ4,1,7,2.0,5.0,0.0,0.0
pos__A0A6P4EE42,1,2,0.0,0.0,0.0,2.0
pos__A0A6P4EE46,1,1,0.0,0.0,0.0,1.0
pos__A0A6P4EQB9,1,1,1.0,0.0,0.0,0.0
pos__A0A6P4EQJ9,1,1,0.0,1.0,0.0,0.0
pos__A0A6P4EX27,1,13,0.0,13.0,0.0,0.0
pos__A0A6P4F117,1,1,1.0,0.0,0.0,0.0
pos__A0A6P4FA57,1,1,0.0,0.0,0.0,1.0
pos__A0A6P4FCB7,1,1,0.0,0.0,1.0,0.0
pos__A0A6P4FG79,1,2,0.0,0.0,0.0,2.0
pos__A0A6P4FMF0,1,9,0.0,9.0,0.0,0.0
pos__A0A6P4G0G0,1,1,0.0,0.0,1.0,0.0
pos__A0A6P4HZV5,1,1,0.0,0.0,0.0,1.0
pos__A0A6P4I1T8,1,1,1.0,0.0,0.0,0.0
pos__A0A6P4IFF9,1,1,0.0,0.0,1.0,0.0
pos__A0A6P4IGF5,1,10,10.0,0.0,0.0,0.0
pos__A0A6P4IHL4,1,1,1.0,0.0,0.0,0.0
pos__A0A6P4IHS9,1,1,0.0,1.0,0.0,0.0
pos__A0A6P4IKY7,1,1,1.0,0.0,0.0,0.0
pos__A0A6P4ILT9,1,1,1.0,0.0,0.0,0.0
pos__A0A6P4IMA9,1,10,10.0,0.0,0.0,0.0
pos__A0A6P4IME0,1,1,0.0,1.0,0.0,0.0
pos__A0A6P4IVH8,1,15,14.0,1.0,0.0,0.0
pos__A0A6P4IVX1,1,1,0.0,0.0,1.0,0.0
pos__A0A6P4IVZ6,1,1,0.0,1.0,0.0,0.0
pos__A0A6P4J2P2,1,1,1.0,0.0,0.0,0.0
pos__A0A6P4J3K8,1,1,1.0,0.0,0.0,0.0
pos__A0A6P4JSB0,1,1,0.0,0.0,0.0,1.0
pos__A0A6P4JU81,1,1,0.0,1.0,0.0,0.0
pos__A0A6P6H7S3,1,1,1.0,0.0,0.0,0.0
pos__A0A6P6J3L5,1,2,2.0,0.0,0.0,0.0
pos__A0A6P6J634,1,1,1.0,0.0,0.0,0.0
pos__A0A6P6MY24,1,6,1.0,5.0,0.0,0.0
pos__A0A6P6MZV0,1,1,0.0,1.0,0.0,0.0
pos__A0A6P6NI65,1,5,5.0,0.0,0.0,0.0
pos__A0A6P6PEG0,1,7,6.0,0.0,0.0,1.0
pos__A0A6P6PH18,1,4,4.0,0.0,0.0,0.0
pos__A0A6P7EYP1,1,1,0.0,1.0,0.0,0.0
pos__A0A6P7EZH3,1,1,0.0,0.0,0.0,1.0
pos__A0A6P7F3U3,1,1,0.0,1.0,0.0,0.0
pos__A0A6P7FFH9,1,1,0.0,1.0,0.0,0.0
pos__A0A6P7FFX8,1,1,0.0,1.0,0.0,0.0
pos__A0A6P7FJE5,1,1,0.0,1.0,0.0,0.0
pos__A0A6P7FPT0,1,1,1.0,0.0,0.0,0.0
pos__A0A6P7FWW6,1,1,0.0,0.0,0.0,1.0
pos__A0A6P7H9K0,1,1,1.0,0.0,0.0,0.0
pos__A0A6P7HZ33,1,2,0.0,2.0,0.0,0.0
pos__A0A6P7HZJ2,1,1,0.0,0.0,0.0,1.0
pos__A0A6P7I4E8,1,1,1.0,0.0,0.0,0.0
pos__A0A6P7I7L0,1,2,0.0,2.0,0.0,0.0
pos__A0A6P7I9B3,1,1,1.0,0.0,0.0,0.0
pos__A0A6P7IHA7,1,1,0.0,1.0,0.0,0.0
pos__A0A6P7MB78,1,2,0.0,2.0,0.0,0.0
pos__A0A6P7MDW8,1,1,1.0,0.0,0.0,0.0
pos__A0A6P7MFK8,1,1,1.0,0.0,0.0,0.0
pos__A0A6P8EZC5,1,1,0.0,1.0,0.0,0.0
pos__A0A6P8FBZ9,1,2,2.0,0.0,0.0,0.0
pos__A0A6P8FHL3,1,2,0.0,2.0,0.0,0.0
pos__A0A6P8G533,1,2,2.0,0.0,0.0,0.0
pos__A0A6P8GBA4,1,1,1.0,0.0,0.0,0.0
pos__A0A6P8GP54,1,1,0.0,1.0,0.0,0.0
pos__A0A6P8IAY9,1,1,1.0,0.0,0.0,0.0
pos__A0A6P8J7Y2,1,25,25.0,0.0,0.0,0.0
pos__A0A6P8KKN2,1,9,9.0,0.0,0.0,0.0
pos__A0A6P8N3N3,1,4,4.0,0.0,0.0,0.0
pos__A0A6P8N8U8,1,1,0.0,1.0,0.0,0.0
pos__A0A6P8NLT9,1,5,5.0,0.0,0.0,0.0
pos__A0A6P8UDF8,1,1,0.0,1.0,0.0,0.0
pos__A0A6P8W9K1,1,1,0.0,1.0,0.0,0.0
pos__A0A6P8W9M1,1,2,0.0,2.0,0.0,0.0
pos__A0A6P8WD23,1,1,0.0,1.0,0.0,0.0
pos__A0A6P8WD31,1,1,1.0,0.0,0.0,0.0
pos__A0A6P8WLJ4,1,1,1.0,0.0,0.0,0.0
pos__A0A6P8WRN8,1,1,1.0,0.0,0.0,0.0
pos__A0A6P8WZM6,1,1,0.0,1.0,0.0,0.0
pos__A0A6P8XA50,1,1,1.0,0.0,0.0,0.0
pos__A0A6P8XBV3,1,3,3.0,0.0,0.0,0.0
pos__A0A6P8XC62,1,18,17.0,1.0,0.0,0.0
pos__A0A6P8XIC0,1,1,0.0,1.0,0.0,0.0
pos__A0A6P8Y622,1,6,0.0,6.0,0.0,0.0
pos__A0A6P8YAR8,1,1,0.0,0.0,0.0,1.0
pos__A0A6P8YLD7,1,1,1.0,0.0,0.0,0.0
pos__A0A6P8Z2S3,1,2,2.0,0.0,0.0,0.0
pos__A0A6P8ZPZ4,1,1,1.0,0.0,0.0,0.0
pos__A0A6P9A2J2,1,1,1.0,0.0,0.0,0.0
pos__A0A6P9BK07,1,6,3.0,0.0,3.0,0.0
pos__A0A6P9FKF5,1,6,6.0,0.0,0.0,0.0
pos__A0A6Q2Y4P7,1,2,2.0,0.0,0.0,0.0
pos__A0A6Q2Z8U6,1,1,0.0,0.0,1.0,0.0
pos__A0A6V7LWR8,1,1,1.0,0.0,0.0,0.0
pos__A0A7D9N0H9,1,1,1.0,0.0,0.0,0.0
pos__A0A7E4V2X1,1,2,2.0,0.0,0.0,0.0
pos__A0A7E4VPZ1,1,1,1.0,0.0,0.0,0.0
pos__A0A7E4VYY0,1,1,0.0,1.0,0.0,0.0
pos__A0A7E5VPI3,1,2,2.0,0.0,0.0,0.0
pos__A0A7E5VUG4,1,2,0.0,0.0,2.0,0.0
pos__A0A7E5VWV5,1,6,6.0,0.0,0.0,0.0
pos__A0A7E5W1K4,1,2,2.0,0.0,0.0,0.0
pos__A0A7E5W3Q5,1,3,3.0,0.0,0.0,0.0
pos__A0A7E5W561,1,1,0.0,0.0,0.0,1.0
pos__A0A7E5W917,1,2,0.0,0.0,0.0,2.0
pos__A0A7E5W9N8,1,2,0.0,0.0,0.0,2.0
pos__A0A7E5WEG4,1,6,0.0,6.0,0.0,0.0
pos__A0A7E5WEH1,1,2,2.0,0.0,0.0,0.0
pos__A0A7E5WEH4,1,3,3.0,0.0,0.0,0.0
pos__A0A7E5WFB0,1,2,0.0,0.0,0.0,2.0
pos__A0A7E5WG32,1,1,0.0,1.0,0.0,0.0
pos__A0A7E5WM55,1,2,2.0,0.0,0.0,0.0
pos__A0A7E5WM60,1,2,2.0,0.0,0.0,0.0
pos__A0A7E5WMD8,1,2,0.0,2.0,0.0,0.0
pos__A0A7E5WWP5,1,3,2.0,1.0,0.0,0.0
pos__A0A7F5RGZ5,1,1,0.0,0.0,0.0,1.0
pos__A0A7F8K9K6,1,1,1.0,0.0,0.0,0.0
pos__A0A7F8QCM3,1,1,0.0,0.0,1.0,0.0
pos__A0A7G3AX75,1,1,0.0,1.0,0.0,0.0
pos__A0A7G3AZU5,1,3,1.0,2.0,0.0,0.0
pos__A0A7I8VYE3,1,1,1.0,0.0,0.0,0.0
pos__A0A7J5XQG7,1,2,0.0,2.0,0.0,0.0
pos__A0A7J5XQI9,1,1,0.0,0.0,1.0,0.0
pos__A0A7J5YX35,1,2,1.0,0.0,1.0,0.0
pos__A0A7J5Z5U2,1,1,0.0,1.0,0.0,0.0
pos__A0A7J5ZJY3,1,2,2.0,0.0,0.0,0.0
pos__A0A7J5ZW51,1,1,0.0,1.0,0.0,0.0
pos__A0A7J6AKN1,1,1,0.0,1.0,0.0,0.0
pos__A0A7J6B498,1,2,1.0,1.0,0.0,0.0
pos__A0A7J7EFD4,1,13,13.0,0.0,0.0,0.0
pos__A0A7J7FLK2,1,1,0.0,1.0,0.0,0.0
pos__A0A7J7R1I7,1,2,0.0,0.0,0.0,2.0
pos__A0A7J7R2F9,1,2,0.0,2.0,0.0,0.0
pos__A0A7J7RFJ0,1,1,0.0,0.0,1.0,0.0
pos__A0A7J7RFK2,1,2,0.0,0.0,2.0,0.0
pos__A0A7J7UE36,1,3,3.0,0.0,0.0,0.0
pos__A0A7J7XJC0,1,6,6.0,0.0,0.0,0.0
pos__A0A7J8C8A6,1,25,25.0,0.0,0.0,0.0
pos__A0A7J8G0H2,1,1,1.0,0.0,0.0,0.0
pos__A0A7J8GQ69,1,1,0.0,0.0,1.0,0.0
pos__A0A7J8JFZ5,1,6,0.0,6.0,0.0,0.0
pos__A0A7K4J1V5,1,1,0.0,0.0,0.0,1.0
pos__A0A7K4K605,1,2,2.0,0.0,0.0,0.0
pos__A0A7K4M525,1,50,46.0,2.0,2.0,0.0
pos__A0A7K4X755,1,1,1.0,0.0,0.0,0.0
pos__A0A7K4XA83,1,1,1.0,0.0,0.0,0.0
pos__A0A7K4YMY1,1,1,0.0,0.0,0.0,1.0
pos__A0A7K5AC04,1,1,1.0,0.0,0.0,0.0
pos__A0A7K5D2E6,1,5,0.0,0.0,5.0,0.0
pos__A0A7K5G126,1,1,1.0,0.0,0.0,0.0
pos__A0A7K5UAH1,1,71,68.0,0.0,3.0,0.0
pos__A0A7K6ENP1,1,1,0.0,0.0,1.0,0.0
pos__A0A7K6G8X3,1,1,1.0,0.0,0.0,0.0
pos__A0A7K6ZAI7,1,4,4.0,0.0,0.0,0.0
pos__A0A7K7BFM8,1,2,2.0,0.0,0.0,0.0
pos__A0A7K7S7M1,1,1,1.0,0.0,0.0,0.0
pos__A0A7K7T9S9,1,2,2.0,0.0,0.0,0.0
pos__A0A7K7TLE9,1,92,72.0,11.0,9.0,0.0
pos__A0A7K8VWB8,1,4,4.0,0.0,0.0,0.0
pos__A0A7K8YPI6,1,1,1.0,0.0,0.0,0.0
pos__A0A7K9CK70,1,1,1.0,0.0,0.0,0.0
pos__A0A7K9JMN5,1,1,1.0,0.0,0.0,0.0
pos__A0A7K9VW80,1,3,3.0,0.0,0.0,0.0
pos__A0A7L0EQ16,1,1,1.0,0.0,0.0,0.0
pos__A0A7L0EV30,1,2,2.0,0.0,0.0,0.0
pos__A0A7L0WUW2,1,2,2.0,0.0,0.0,0.0
pos__A0A7L0XDB6,1,3,3.0,0.0,0.0,0.0
pos__A0A7L1AJT8,1,3,0.0,0.0,3.0,0.0
pos__A0A7L1E557,1,3,3.0,0.0,0.0,0.0
pos__A0A7L1N5Z4,1,3,3.0,0.0,0.0,0.0
pos__A0A7L2BFA0,1,1,1.0,0.0,0.0,0.0
pos__A0A7L3AM17,1,1,0.0,1.0,0.0,0.0
pos__A0A7L4BG68,1,6,6.0,0.0,0.0,0.0
pos__A0A7M4FFL9,1,1,1.0,0.0,0.0,0.0
pos__A0A7M5VDU0,1,1,1.0,0.0,0.0,0.0
pos__A0A7M5XA90,1,1,0.0,0.0,1.0,0.0
pos__A0A7M6UDN0,1,1,1.0,0.0,0.0,0.0
pos__A0A7M6UDQ9,1,1,1.0,0.0,0.0,0.0
pos__A0A7M6UDS0,1,2,2.0,0.0,0.0,0.0
pos__A0A7M6UDS4,1,2,2.0,0.0,0.0,0.0
pos__A0A7M6UGH2,1,2,2.0,0.0,0.0,0.0
pos__A0A7M6UGH7,1,1,1.0,0.0,0.0,0.0
pos__A0A7M6UMD5,1,2,2.0,0.0,0.0,0.0
pos__A0A7M6UP97,1,1,1.0,0.0,0.0,0.0
pos__A0A7M6UPA8,1,1,1.0,0.0,0.0,0.0
pos__A0A7M6UPB5,1,1,1.0,0.0,0.0,0.0
pos__A0A7M6US62,1,2,1.0,1.0,0.0,0.0
pos__A0A7M6UV29,1,1,0.0,1.0,0.0,0.0
pos__A0A7M6UWF4,1,2,0.0,2.0,0.0,0.0
pos__A0A7M6UWF7,1,1,1.0,0.0,0.0,0.0
pos__A0A7M6W5N5,1,1,1.0,0.0,0.0,0.0
pos__A0A7M6W5T3,1,2,0.0,0.0,2.0,0.0
pos__A0A7M7G694,1,1,0.0,1.0,0.0,0.0
pos__A0A7M7G8D8,1,1,1.0,0.0,0.0,0.0
pos__A0A7M7GCK5,1,2,2.0,0.0,0.0,0.0
pos__A0A7M7GDG8,1,1,1.0,0.0,0.0,0.0
pos__A0A7M7GGX0,1,1,1.0,0.0,0.0,0.0
pos__A0A7M7GLV0,1,2,2.0,0.0,0.0,0.0
pos__A0A7M7GN45,1,1,0.0,0.0,0.0,1.0
pos__A0A7M7H2P2,1,1,1.0,0.0,0.0,0.0
pos__A0A7M7IJ45,1,2,2.0,0.0,0.0,0.0
pos__A0A7M7ILS4,1,1,1.0,0.0,0.0,0.0
pos__A0A7M7IM18,1,3,3.0,0.0,0.0,0.0
pos__A0A7M7INF0,1,1,1.0,0.0,0.0,0.0
pos__A0A7M7IP43,1,1,0.0,1.0,0.0,0.0
pos__A0A7M7IQW6,1,1,0.0,0.0,0.0,1.0
pos__A0A7M7JQT4,1,2,0.0,0.0,2.0,0.0
pos__A0A7M7KXS2,1,1,1.0,0.0,0.0,0.0
pos__A0A7M7LIY5,1,1,0.0,1.0,0.0,0.0
pos__A0A7M7MMK1,1,3,0.0,0.0,3.0,0.0
pos__A0A7M7PXX5,1,3,0.0,0.0,0.0,3.0
pos__A0A7M7Q064,1,2,2.0,0.0,0.0,0.0
pos__A0A7M7Q805,1,2,2.0,0.0,0.0,0.0
pos__A0A7M7Q8N3,1,1,1.0,0.0,0.0,0.0
pos__A0A7M7QNZ4,1,1,1.0,0.0,0.0,0.0
pos__A0A7M7QQF4,1,4,0.0,4.0,0.0,0.0
pos__A0A7M7QSD8,1,1,1.0,0.0,0.0,0.0
pos__A0A7M7R723,1,2,2.0,0.0,0.0,0.0
pos__A0A7N4NI34,1,5,5.0,0.0,0.0,0.0
pos__A0A7N4PF72,1,1,1.0,0.0,0.0,0.0
pos__A0A7N4PRN7,1,4,4.0,0.0,0.0,0.0
pos__A0A7N5K4W9,1,5,2.0,3.0,0.0,0.0
pos__A0A7N5KQV3,1,7,5.0,2.0,0.0,0.0
pos__A0A7N5P2N2,1,1,0.0,1.0,0.0,0.0
pos__A0A7N6ACK4,1,3,0.0,0.0,0.0,3.0
pos__A0A7N6FLW1,1,5,1.0,4.0,0.0,0.0
pos__A0A7N9AZJ2,1,2,0.0,2.0,0.0,0.0
pos__A0A7N9CNG1,1,1,0.0,0.0,1.0,0.0
pos__A0A7N9CRC1,1,14,7.0,1.0,5.0,1.0
pos__A0A7R5KGV2,1,5,5.0,0.0,0.0,0.0
pos__A0A7R7XAV5,1,1,0.0,0.0,0.0,1.0
pos__A0A7R8UE94,1,1,1.0,0.0,0.0,0.0
pos__A0A7R8UG64,1,1,0.0,0.0,0.0,1.0
pos__A0A7R8UIU8,1,1,1.0,0.0,0.0,0.0
pos__A0A7R8UKJ0,1,1,1.0,0.0,0.0,0.0
pos__A0A7R8UKK3,1,1,1.0,0.0,0.0,0.0
pos__A0A7R8UL33,1,1,1.0,0.0,0.0,0.0
pos__A0A7R8ULQ8,1,1,1.0,0.0,0.0,0.0
pos__A0A7R8UNT0,1,1,1.0,0.0,0.0,0.0
pos__A0A7R8UVW7,1,1,1.0,0.0,0.0,0.0
pos__A0A7R8UXN1,1,1,1.0,0.0,0.0,0.0
pos__A0A7R8UYD1,1,1,1.0,0.0,0.0,0.0
pos__A0A7R8UYH8,1,1,0.0,1.0,0.0,0.0
pos__A0A7R8UYK9,1,1,1.0,0.0,0.0,0.0
pos__A0A7R8UZN7,1,1,0.0,1.0,0.0,0.0
pos__A0A7R8V5I4,1,1,1.0,0.0,0.0,0.0
pos__A0A7R8V5P6,1,1,1.0,0.0,0.0,0.0
pos__A0A7R8VMZ6,1,1,1.0,0.0,0.0,0.0
pos__A0A7R8W3P5,1,1,1.0,0.0,0.0,0.0
pos__A0A7R8WFH2,1,1,0.0,0.0,1.0,0.0
pos__A0A7R8WKE4,1,1,0.0,1.0,0.0,0.0
pos__A0A7R8XK61,1,1,1.0,0.0,0.0,0.0
pos__A0A7R8YM80,1,1,1.0,0.0,0.0,0.0
pos__A0A7R8YPX1,1,1,0.0,1.0,0.0,0.0
pos__A0A7R8YR50,1,1,1.0,0.0,0.0,0.0
pos__A0A7R8YRW4,1,1,1.0,0.0,0.0,0.0
pos__A0A7R8YVE9,1,1,1.0,0.0,0.0,0.0
pos__A0A7R8YXV9,1,1,1.0,0.0,0.0,0.0
pos__A0A7R8YZP2,1,1,0.0,1.0,0.0,0.0
pos__A0A7R9A0C7,1,1,1.0,0.0,0.0,0.0
pos__A0A7R9A9C7,1,1,0.0,0.0,0.0,1.0
pos__A0A7R9A9Y7,1,1,1.0,0.0,0.0,0.0
pos__A0A7R9CDS5,1,1,0.0,0.0,1.0,0.0
pos__A0A7R9EQC5,1,1,1.0,0.0,0.0,0.0
pos__A0A7R9ERR7,1,1,1.0,0.0,0.0,0.0
pos__A0A7R9EWJ5,1,1,1.0,0.0,0.0,0.0
pos__A0A7R9HTV6,1,1,1.0,0.0,0.0,0.0
pos__A0A7R9KCB1,1,1,0.0,0.0,1.0,0.0
pos__A0A7R9KKH5,1,1,1.0,0.0,0.0,0.0
pos__A0A7R9KNW8,1,1,1.0,0.0,0.0,0.0
pos__A0A7R9KPG7,1,1,1.0,0.0,0.0,0.0
pos__A0A7R9KR10,1,1,1.0,0.0,0.0,0.0
pos__A0A7R9KRK1,1,1,1.0,0.0,0.0,0.0
pos__A0A7R9KUU2,1,1,1.0,0.0,0.0,0.0
pos__A0A7R9KZD7,1,1,1.0,0.0,0.0,0.0
pos__A0A7R9L8J1,1,1,0.0,0.0,1.0,0.0
pos__A0A7R9LA71,1,1,1.0,0.0,0.0,0.0
pos__A0A7R9LKZ1,1,2,2.0,0.0,0.0,0.0
pos__A0A7R9LPL4,1,1,1.0,0.0,0.0,0.0
pos__A0A7R9LXB0,1,1,0.0,0.0,1.0,0.0
pos__A0A7R9M1H3,1,1,1.0,0.0,0.0,0.0
pos__A0A7R9M3G4,1,2,2.0,0.0,0.0,0.0
pos__A0A7R9MB27,1,1,0.0,0.0,1.0,0.0
pos__A0A7R9MKQ8,1,1,0.0,1.0,0.0,0.0
pos__A0A7R9PKE5,1,5,5.0,0.0,0.0,0.0
pos__A0A7R9PVS9,1,1,0.0,1.0,0.0,0.0
pos__A0A7R9PVX3,1,1,1.0,0.0,0.0,0.0
pos__A0A7R9PY05,1,1,0.0,1.0,0.0,0.0
pos__A0A7R9QI11,1,1,1.0,0.0,0.0,0.0
pos__A0A7R9QPY8,1,1,1.0,0.0,0.0,0.0
pos__A0A7R9S451,1,1,0.0,1.0,0.0,0.0
pos__A0A7R9SGU1,1,2,1.0,1.0,0.0,0.0
pos__A0A7R9SI01,1,1,0.0,0.0,0.0,1.0
pos__A0A7R9SJ73,1,1,1.0,0.0,0.0,0.0
pos__A0A7S0NEU2,1,1,1.0,0.0,0.0,0.0
pos__A0A7S0UI71,1,1,1.0,0.0,0.0,0.0
pos__A0A7S1EFV4,1,1,0.0,1.0,0.0,0.0
pos__A0A7S1FVH2,1,2,0.0,2.0,0.0,0.0
pos__A0A7S2GRS7,1,1,0.0,1.0,0.0,0.0
pos__A0A7S2KXN8,1,1,1.0,0.0,0.0,0.0
pos__A0A7S2L423,1,1,1.0,0.0,0.0,0.0
pos__A0A7S2N3J2,1,1,0.0,1.0,0.0,0.0
pos__A0A7S4SHG8,1,3,0.0,0.0,3.0,0.0
pos__A0A7T6XSK0,1,2,0.0,0.0,0.0,2.0
pos__A0A7U3PFA9,1,3,3.0,0.0,0.0,0.0
pos__A0A7W7FTY8,1,1,0.0,0.0,1.0,0.0
pos__A0A7W7H2D8,1,1,0.0,1.0,0.0,0.0
pos__A0A7Z0WKR5,1,1,0.0,1.0,0.0,0.0
pos__A0A803J9F5,1,1,1.0,0.0,0.0,0.0
pos__A0A803SM14,1,9,9.0,0.0,0.0,0.0
pos__A0A803SR44,1,1,1.0,0.0,0.0,0.0
pos__A0A803SR56,1,6,6.0,0.0,0.0,0.0
pos__A0A803SXH3,1,1,1.0,0.0,0.0,0.0
pos__A0A803T0T3,1,1,1.0,0.0,0.0,0.0
pos__A0A803T902,1,1,1.0,0.0,0.0,0.0
pos__A0A803TFK3,1,1,0.0,1.0,0.0,0.0
pos__A0A803TJD6,1,1,0.0,0.0,0.0,1.0
pos__A0A803VCL6,1,1,0.0,1.0,0.0,0.0
pos__A0A803VE20,1,1,0.0,1.0,0.0,0.0
pos__A0A803VJE7,1,1,0.0,1.0,0.0,0.0
pos__A0A803VQP0,1,1,0.0,0.0,0.0,1.0
pos__A0A803VR81,1,2,0.0,2.0,0.0,0.0
pos__A0A803YI33,1,1,0.0,1.0,0.0,0.0
pos__A0A811YVD4,1,3,2.0,1.0,0.0,0.0
pos__A0A811ZKF2,1,9,0.0,0.0,0.0,9.0
pos__A0A811ZT17,1,2,0.0,1.0,1.0,0.0
pos__A0A813QUV2,1,2,2.0,0.0,0.0,0.0
pos__A0A814G0A8,1,1,0.0,1.0,0.0,0.0
pos__A0A815N8U7,1,1,1.0,0.0,0.0,0.0
pos__A0A818KZN2,1,4,4.0,0.0,0.0,0.0
pos__A0A819M7Z6,1,1,1.0,0.0,0.0,0.0
pos__A0A819RLA2,1,7,7.0,0.0,0.0,0.0
pos__A0A821M5F1,1,5,4.0,0.0,1.0,0.0
pos__A0A821NM58,1,1,0.0,1.0,0.0,0.0
pos__A0A821P0M1,1,2,2.0,0.0,0.0,0.0
pos__A0A821P2M2,1,2,2.0,0.0,0.0,0.0
pos__A0A821P535,1,2,0.0,0.0,0.0,2.0
pos__A0A821PEN4,1,2,2.0,0.0,0.0,0.0
pos__A0A821PKA2,1,2,2.0,0.0,0.0,0.0
pos__A0A821Q9M2,1,1,1.0,0.0,0.0,0.0
pos__A0A821QKR0,1,2,2.0,0.0,0.0,0.0
pos__A0A821QVU5,1,1,1.0,0.0,0.0,0.0
pos__A0A821R2K1,1,2,2.0,0.0,0.0,0.0
pos__A0A821R2P8,1,2,2.0,0.0,0.0,0.0
pos__A0A821R4N7,1,1,1.0,0.0,0.0,0.0
pos__A0A821R646,1,1,0.0,0.0,1.0,0.0
pos__A0A821R8B5,1,3,3.0,0.0,0.0,0.0
pos__A0A821RDF3,1,5,4.0,0.0,0.0,1.0
pos__A0A821SBU7,1,2,2.0,0.0,0.0,0.0
pos__A0A821SF98,1,2,2.0,0.0,0.0,0.0
pos__A0A821SK75,1,2,2.0,0.0,0.0,0.0
pos__A0A821SV20,1,6,6.0,0.0,0.0,0.0
pos__A0A821SWK6,1,2,2.0,0.0,0.0,0.0
pos__A0A821T1N8,1,1,1.0,0.0,0.0,0.0
pos__A0A821U427,1,8,6.0,1.0,1.0,0.0
pos__A0A821UMK0,1,1,1.0,0.0,0.0,0.0
pos__A0A821VC35,1,2,2.0,0.0,0.0,0.0
pos__A0A821VEH4,1,1,1.0,0.0,0.0,0.0
pos__A0A821WQ17,1,1,1.0,0.0,0.0,0.0
pos__A0A821XGR3,1,4,4.0,0.0,0.0,0.0
pos__A0A821XME5,1,1,1.0,0.0,0.0,0.0
pos__A0A821YL91,1,4,4.0,0.0,0.0,0.0
pos__A0A833Z3S5,1,1,0.0,1.0,0.0,0.0
pos__A0A833ZP25,1,1,0.0,0.0,1.0,0.0
pos__A0A834A050,1,2,0.0,2.0,0.0,0.0
pos__A0A834BZM9,1,7,0.0,7.0,0.0,0.0
pos__A0A834CRL7,1,1,0.0,1.0,0.0,0.0
pos__A0A834DK86,1,9,0.0,7.0,0.0,2.0
pos__A0A834I0W1,1,1,1.0,0.0,0.0,0.0
pos__A0A834I3J9,1,1,1.0,0.0,0.0,0.0
pos__A0A834IKE7,1,1,1.0,0.0,0.0,0.0
pos__A0A834IN97,1,3,3.0,0.0,0.0,0.0
pos__A0A834INV3,1,1,0.0,0.0,0.0,1.0
pos__A0A834IUY8,1,2,2.0,0.0,0.0,0.0
pos__A0A834IZ11,1,5,5.0,0.0,0.0,0.0
pos__A0A834JAX1,1,1,0.0,0.0,0.0,1.0
pos__A0A834JVZ0,1,5,5.0,0.0,0.0,0.0
pos__A0A834K5A5,1,2,2.0,0.0,0.0,0.0
pos__A0A834K8S7,1,3,0.0,3.0,0.0,0.0
pos__A0A834KT60,1,5,5.0,0.0,0.0,0.0
pos__A0A834KYI5,1,1,0.0,0.0,1.0,0.0
pos__A0A834MGK7,1,1,0.0,0.0,1.0,0.0
pos__A0A834MHY5,1,1,0.0,1.0,0.0,0.0
pos__A0A834MIK2,1,1,1.0,0.0,0.0,0.0
pos__A0A834N8Y2,1,4,4.0,0.0,0.0,0.0
pos__A0A834NJQ9,1,2,0.0,0.0,2.0,0.0
pos__A0A834NZC9,1,2,2.0,0.0,0.0,0.0
pos__A0A834P085,1,1,0.0,1.0,0.0,0.0
pos__A0A834P4N2,1,1,1.0,0.0,0.0,0.0
pos__A0A834P4V4,1,4,4.0,0.0,0.0,0.0
pos__A0A834R2L1,1,2,0.0,0.0,0.0,2.0
pos__A0A834UGX0,1,7,7.0,0.0,0.0,0.0
pos__A0A834XW37,1,1,1.0,0.0,0.0,0.0
pos__A0A834XXC4,1,1,0.0,1.0,0.0,0.0
pos__A0A834Y0M1,1,1,1.0,0.0,0.0,0.0
pos__A0A834Y377,1,2,2.0,0.0,0.0,0.0
pos__A0A834Y4T8,1,1,1.0,0.0,0.0,0.0
pos__A0A834Y4V1,1,1,0.0,0.0,1.0,0.0
pos__A0A835CLE6,1,1,1.0,0.0,0.0,0.0
pos__A0A835CTD2,1,3,3.0,0.0,0.0,0.0
pos__A0A835CU03,1,1,0.0,0.0,0.0,1.0
pos__A0A835CVF9,1,1,0.0,1.0,0.0,0.0
pos__A0A835GIZ1,1,14,14.0,0.0,0.0,0.0
pos__A0A835GKS7,1,1,1.0,0.0,0.0,0.0
pos__A0A835GLL5,1,5,5.0,0.0,0.0,0.0
pos__A0A835L044,1,5,0.0,5.0,0.0,0.0
pos__A0A835L2L2,1,1,1.0,0.0,0.0,0.0
pos__A0A835L2V8,1,1,0.0,0.0,0.0,1.0
pos__A0A835ZJU3,1,1,0.0,1.0,0.0,0.0
pos__A0A836FVW0,1,2,0.0,0.0,0.0,2.0
pos__A0A836K0F1,1,1,1.0,0.0,0.0,0.0
pos__A0A839XWW5,1,1,1.0,0.0,0.0,0.0
pos__A0A840IRN1,1,1,0.0,0.0,1.0,0.0
pos__A0A840NJV1,1,1,1.0,0.0,0.0,0.0
pos__A0A851DH59,1,1,1.0,0.0,0.0,0.0
pos__A0A852EWF1,1,82,82.0,0.0,0.0,0.0
pos__A0A852IIQ0,1,2,2.0,0.0,0.0,0.0
pos__A0A852IYG6,1,1,1.0,0.0,0.0,0.0
pos__A0A852N996,1,1,0.0,0.0,1.0,0.0
pos__A0A891XHA9,1,1,1.0,0.0,0.0,0.0
pos__A0A8B6BM27,1,2,2.0,0.0,0.0,0.0
pos__A0A8B6BPA5,1,2,0.0,1.0,0.0,1.0
pos__A0A8B6D8N3,1,3,0.0,3.0,0.0,0.0
pos__A0A8B6E682,1,1,0.0,1.0,0.0,0.0
pos__A0A8B7NYQ9,1,2,2.0,0.0,0.0,0.0
pos__A0A8B7P5M5,1,1,1.0,0.0,0.0,0.0
pos__A0A8B7RSE0,1,1,0.0,1.0,0.0,0.0
pos__A0A8B7UIN4,1,4,4.0,0.0,0.0,0.0
pos__A0A8B7UL75,1,1,1.0,0.0,0.0,0.0
pos__A0A8B8HNW4,1,1,1.0,0.0,0.0,0.0
pos__A0A8B8HPI4,1,1,0.0,0.0,0.0,1.0
pos__A0A8B8IF88,1,2,2.0,0.0,0.0,0.0
pos__A0A8B8RI07,1,29,27.0,2.0,0.0,0.0
pos__A0A8B8TK97,1,2,0.0,2.0,0.0,0.0
pos__A0A8B9BF80,1,41,0.0,0.0,0.0,41.0
pos__A0A8B9BZQ4,1,1,0.0,1.0,0.0,0.0
pos__A0A8B9C4K7,1,2,1.0,0.0,1.0,0.0
pos__A0A8B9CY77,1,1,1.0,0.0,0.0,0.0
pos__A0A8B9EJJ7,1,2,2.0,0.0,0.0,0.0
pos__A0A8B9ESH5,1,2,0.0,2.0,0.0,0.0
pos__A0A8B9G384,1,1,0.0,0.0,1.0,0.0
pos__A0A8B9GMR1,1,5,0.0,0.0,0.0,5.0
pos__A0A8B9H1K3,1,31,30.0,1.0,0.0,0.0
pos__A0A8B9HJR6,1,2,1.0,0.0,1.0,0.0
pos__A0A8B9JK71,1,8,0.0,0.0,0.0,8.0
pos__A0A8B9K5G4,1,1,1.0,0.0,0.0,0.0
pos__A0A8B9LAK7,1,1,0.0,0.0,1.0,0.0
pos__A0A8B9NW95,1,4,4.0,0.0,0.0,0.0
pos__A0A8B9R285,1,2,0.0,1.0,0.0,1.0
pos__A0A8B9SKY6,1,2,0.0,2.0,0.0,0.0
pos__A0A8B9T725,1,1,0.0,0.0,1.0,0.0
pos__A0A8B9TEZ4,1,14,14.0,0.0,0.0,0.0
pos__A0A8B9WGC7,1,2,2.0,0.0,0.0,0.0
pos__A0A8B9WTG6,1,1,0.0,0.0,1.0,0.0
pos__A0A8B9XKV3,1,36,36.0,0.0,0.0,0.0
pos__A0A8C0CLY5,1,1,0.0,0.0,0.0,1.0
pos__A0A8C0D870,1,31,31.0,0.0,0.0,0.0
pos__A0A8C0H4H5,1,1,1.0,0.0,0.0,0.0
pos__A0A8C0I352,1,1,0.0,0.0,1.0,0.0
pos__A0A8C0I7A7,1,1,0.0,1.0,0.0,0.0
pos__A0A8C0ILG8,1,7,6.0,0.0,1.0,0.0
pos__A0A8C0JAE5,1,1,0.0,0.0,0.0,1.0
pos__A0A8C0JCB9,1,1,1.0,0.0,0.0,0.0
pos__A0A8C0L4F1,1,1,0.0,1.0,0.0,0.0
pos__A0A8C0LJG0,1,7,3.0,4.0,0.0,0.0
pos__A0A8C0PU13,1,2,0.0,2.0,0.0,0.0
pos__A0A8C0QEK6,1,1,0.0,1.0,0.0,0.0
pos__A0A8C0VYR0,1,13,11.0,2.0,0.0,0.0
pos__A0A8C0W4Q9,1,15,15.0,0.0,0.0,0.0
pos__A0A8C0WYR3,1,2,0.0,2.0,0.0,0.0
pos__A0A8C0XF84,1,1,0.0,1.0,0.0,0.0
pos__A0A8C0ZXI7,1,2,0.0,0.0,0.0,2.0
pos__A0A8C1A838,1,2,1.0,1.0,0.0,0.0
pos__A0A8C1B0X7,1,3,2.0,1.0,0.0,0.0
pos__A0A8C1BPH5,1,445,425.0,19.0,0.0,1.0
pos__A0A8C1CFS8,1,2,2.0,0.0,0.0,0.0
pos__A0A8C1H8Z4,1,62,53.0,9.0,0.0,0.0
pos__A0A8C1JLK2,1,1,0.0,1.0,0.0,0.0
pos__A0A8C1K529,1,2,0.0,0.0,2.0,0.0
pos__A0A8C1KW84,1,1,0.0,1.0,0.0,0.0
pos__A0A8C1QED7,1,1,0.0,0.0,1.0,0.0
pos__A0A8C1QWG7,1,31,30.0,0.0,1.0,0.0
pos__A0A8C1REC6,1,1,1.0,0.0,0.0,0.0
pos__A0A8C1T7R2,1,2,1.0,0.0,1.0,0.0
pos__A0A8C1V332,1,4,0.0,4.0,0.0,0.0
pos__A0A8C1WJP3,1,43,34.0,2.0,5.0,2.0
pos__A0A8C1X6Z1,1,3,0.0,3.0,0.0,0.0
pos__A0A8C1XAH1,1,4,0.0,4.0,0.0,0.0
pos__A0A8C1XH30,1,45,5.0,39.0,0.0,1.0
pos__A0A8C2A9V8,1,6,0.0,0.0,0.0,6.0
pos__A0A8C2FE20,1,2,0.0,0.0,2.0,0.0
pos__A0A8C2HMQ8,1,1,0.0,0.0,1.0,0.0
pos__A0A8C2IWG3,1,2,2.0,0.0,0.0,0.0
pos__A0A8C2JZN8,1,11,0.0,9.0,0.0,2.0
pos__A0A8C2M979,1,7,7.0,0.0,0.0,0.0
pos__A0A8C2MKZ5,1,2,0.0,0.0,2.0,0.0
pos__A0A8C2NQ18,1,8,0.0,8.0,0.0,0.0
pos__A0A8C2P822,1,5,4.0,0.0,1.0,0.0
pos__A0A8C2PEV8,1,52,51.0,1.0,0.0,0.0
pos__A0A8C2Q4W5,1,44,43.0,0.0,1.0,0.0
pos__A0A8C2SXD9,1,8,7.0,0.0,1.0,0.0
pos__A0A8C2T1E0,1,275,264.0,8.0,3.0,0.0
pos__A0A8C2UVU3,1,1,1.0,0.0,0.0,0.0
pos__A0A8C2W2M2,1,1,1.0,0.0,0.0,0.0
pos__A0A8C2WAD8,1,1,1.0,0.0,0.0,0.0
pos__A0A8C2WDE0,1,2,1.0,1.0,0.0,0.0
pos__A0A8C2WSA6,1,1,0.0,1.0,0.0,0.0
pos__A0A8C2YIS4,1,1,0.0,0.0,1.0,0.0
pos__A0A8C3A7L9,1,5,3.0,0.0,2.0,0.0
pos__A0A8C3BIU7,1,1,0.0,1.0,0.0,0.0
pos__A0A8C3C5N1,1,4,4.0,0.0,0.0,0.0
pos__A0A8C3D9L8,1,3,2.0,0.0,1.0,0.0
pos__A0A8C3E8X7,1,32,30.0,2.0,0.0,0.0
pos__A0A8C3GWC2,1,24,0.0,0.0,24.0,0.0
pos__A0A8C3HIT7,1,3,2.0,0.0,1.0,0.0
pos__A0A8C3HM83,1,23,21.0,0.0,2.0,0.0
pos__A0A8C3IBU5,1,2,2.0,0.0,0.0,0.0
pos__A0A8C3IV09,1,5,5.0,0.0,0.0,0.0
pos__A0A8C3KJT1,1,2,2.0,0.0,0.0,0.0
pos__A0A8C3ND56,1,13,1.0,0.0,11.0,1.0
pos__A0A8C3PF22,1,10,9.0,0.0,1.0,0.0
pos__A0A8C3QWX8,1,1,0.0,1.0,0.0,0.0
pos__A0A8C3SRL0,1,1,1.0,0.0,0.0,0.0
pos__A0A8C3T9F8,1,14,8.0,4.0,1.0,1.0
pos__A0A8C3UMM4,1,1,1.0,0.0,0.0,0.0
pos__A0A8C3UNU0,1,1,1.0,0.0,0.0,0.0
pos__A0A8C3UYA5,1,1,0.0,1.0,0.0,0.0
pos__A0A8C3V2C6,1,1,0.0,0.0,1.0,0.0
pos__A0A8C3VRY8,1,1,1.0,0.0,0.0,0.0
pos__A0A8C3YNC3,1,4,2.0,0.0,2.0,0.0
pos__A0A8C4DCY2,1,1,0.0,0.0,0.0,1.0
pos__A0A8C4FAL0,1,1,0.0,1.0,0.0,0.0
pos__A0A8C4LHZ1,1,12,0.0,12.0,0.0,0.0
pos__A0A8C4LVS2,1,3,3.0,0.0,0.0,0.0
pos__A0A8C4M6Y2,1,1,0.0,1.0,0.0,0.0
pos__A0A8C4MU66,1,47,43.0,4.0,0.0,0.0
pos__A0A8C4PL82,1,62,57.0,2.0,3.0,0.0
pos__A0A8C4PNQ9,1,42,40.0,2.0,0.0,0.0
pos__A0A8C4PUS7,1,1,0.0,0.0,0.0,1.0
pos__A0A8C4RIC7,1,1,1.0,0.0,0.0,0.0
pos__A0A8C4RNE4,1,1,0.0,0.0,0.0,1.0
pos__A0A8C4RNS9,1,1,0.0,1.0,0.0,0.0
pos__A0A8C4RP10,1,1,1.0,0.0,0.0,0.0
pos__A0A8C4RQH8,1,1,1.0,0.0,0.0,0.0
pos__A0A8C4RQX4,1,6,5.0,1.0,0.0,0.0
pos__A0A8C4RRT6,1,1,1.0,0.0,0.0,0.0
pos__A0A8C4RS16,1,3,3.0,0.0,0.0,0.0
pos__A0A8C4RS33,1,1,1.0,0.0,0.0,0.0
pos__A0A8C4RS53,1,2,1.0,1.0,0.0,0.0
pos__A0A8C4RS79,1,3,2.0,1.0,0.0,0.0
pos__A0A8C4RS88,1,1,1.0,0.0,0.0,0.0
pos__A0A8C4RTE9,1,1,1.0,0.0,0.0,0.0
pos__A0A8C4S520,1,6,5.0,0.0,1.0,0.0
pos__A0A8C4S5K3,1,4,4.0,0.0,0.0,0.0
pos__A0A8C4T3A9,1,1,1.0,0.0,0.0,0.0
pos__A0A8C4T4Z3,1,1,0.0,1.0,0.0,0.0
pos__A0A8C4T6C8,1,1,1.0,0.0,0.0,0.0
pos__A0A8C4T7K5,1,6,2.0,3.0,0.0,1.0
pos__A0A8C4T7P6,1,1,1.0,0.0,0.0,0.0
pos__A0A8C4T867,1,3,3.0,0.0,0.0,0.0
pos__A0A8C4T901,1,1,1.0,0.0,0.0,0.0
pos__A0A8C4T9R3,1,1,0.0,1.0,0.0,0.0
pos__A0A8C4TB87,1,1,1.0,0.0,0.0,0.0
pos__A0A8C4TBE3,1,1,1.0,0.0,0.0,0.0
pos__A0A8C4TE00,1,2,2.0,0.0,0.0,0.0
pos__A0A8C4TEG2,1,3,2.0,0.0,1.0,0.0
pos__A0A8C4TFS6,1,1,1.0,0.0,0.0,0.0
pos__A0A8C4TG88,1,1,0.0,1.0,0.0,0.0
pos__A0A8C4TGA0,1,1,0.0,1.0,0.0,0.0
pos__A0A8C4TGA1,1,1,1.0,0.0,0.0,0.0
pos__A0A8C4TGC8,1,1,1.0,0.0,0.0,0.0
pos__A0A8C4TJ89,1,1,0.0,0.0,0.0,1.0
pos__A0A8C4TTG2,1,1,1.0,0.0,0.0,0.0
pos__A0A8C4X6M7,1,4,1.0,3.0,0.0,0.0
pos__A0A8C4XC88,1,4,0.0,4.0,0.0,0.0
pos__A0A8C4XFF2,1,5,0.0,5.0,0.0,0.0
pos__A0A8C4YJA8,1,1,0.0,0.0,1.0,0.0
pos__A0A8C4YND5,1,1,1.0,0.0,0.0,0.0
pos__A0A8C4Z398,1,2,1.0,0.0,1.0,0.0
pos__A0A8C5AUJ7,1,15,11.0,2.0,2.0,0.0
pos__A0A8C5B9U5,1,6,6.0,0.0,0.0,0.0
pos__A0A8C5BAI5,1,1,0.0,0.0,1.0,0.0
pos__A0A8C5C1A9,1,2,1.0,0.0,1.0,0.0
pos__A0A8C5CIW6,1,7,2.0,5.0,0.0,0.0
pos__A0A8C5D6J1,1,3,0.0,3.0,0.0,0.0
pos__A0A8C5DI93,1,57,53.0,0.0,4.0,0.0
pos__A0A8C5E6G8,1,1,1.0,0.0,0.0,0.0
pos__A0A8C5GIF6,1,1,1.0,0.0,0.0,0.0
pos__A0A8C5H1C8,1,4,3.0,1.0,0.0,0.0
pos__A0A8C5HTN2,1,2,1.0,0.0,1.0,0.0
pos__A0A8C5HTZ2,1,1,1.0,0.0,0.0,0.0
pos__A0A8C5I6T3,1,41,6.0,0.0,35.0,0.0
pos__A0A8C5IKU0,1,5,3.0,0.0,2.0,0.0
pos__A0A8C5KTJ7,1,1,1.0,0.0,0.0,0.0
pos__A0A8C5L932,1,1,0.0,1.0,0.0,0.0
pos__A0A8C5LS44,1,21,21.0,0.0,0.0,0.0
pos__A0A8C5LXD5,1,1,0.0,1.0,0.0,0.0
pos__A0A8C5LY46,1,2,2.0,0.0,0.0,0.0
pos__A0A8C5MN43,1,1,1.0,0.0,0.0,0.0
pos__A0A8C5NZ78,1,1,1.0,0.0,0.0,0.0
pos__A0A8C5Q285,1,1,0.0,1.0,0.0,0.0
pos__A0A8C5QK39,1,10,10.0,0.0,0.0,0.0
pos__A0A8C5QUB1,1,1,1.0,0.0,0.0,0.0
pos__A0A8C5RIL7,1,1,0.0,0.0,1.0,0.0
pos__A0A8C5S6P3,1,1,0.0,1.0,0.0,0.0
pos__A0A8C5S8U1,1,1,0.0,0.0,1.0,0.0
pos__A0A8C5SBJ9,1,1,0.0,0.0,0.0,1.0
pos__A0A8C5SKN0,1,8,8.0,0.0,0.0,0.0
pos__A0A8C5SR04,1,2,2.0,0.0,0.0,0.0
pos__A0A8C5U7R7,1,1,0.0,0.0,1.0,0.0
pos__A0A8C5WMJ7,1,2,0.0,0.0,2.0,0.0
pos__A0A8C5WRK5,1,2,0.0,0.0,2.0,0.0
pos__A0A8C5WSE8,1,1,1.0,0.0,0.0,0.0
pos__A0A8C5X0R5,1,1,0.0,1.0,0.0,0.0
pos__A0A8C5XJQ0,1,1,0.0,1.0,0.0,0.0
pos__A0A8C5Y9L0,1,22,21.0,1.0,0.0,0.0
pos__A0A8C5YE36,1,1,0.0,1.0,0.0,0.0
pos__A0A8C5ZE11,1,1,0.0,0.0,1.0,0.0
pos__A0A8C5ZF06,1,1,0.0,1.0,0.0,0.0
pos__A0A8C6CDW8,1,1,0.0,0.0,0.0,1.0
pos__A0A8C6CZT6,1,8,3.0,0.0,5.0,0.0
pos__A0A8C6DE97,1,27,25.0,2.0,0.0,0.0
pos__A0A8C6E9Q1,1,24,22.0,2.0,0.0,0.0
pos__A0A8C6EJ76,1,3,1.0,2.0,0.0,0.0
pos__A0A8C6EJI3,1,23,22.0,1.0,0.0,0.0
pos__A0A8C6ERU8,1,1,0.0,0.0,0.0,1.0
pos__A0A8C6KJY4,1,2,0.0,0.0,1.0,1.0
pos__A0A8C6KZZ1,1,1,0.0,1.0,0.0,0.0
pos__A0A8C6L567,1,48,42.0,2.0,4.0,0.0
pos__A0A8C6LI29,1,6,6.0,0.0,0.0,0.0
pos__A0A8C6M207,1,2,2.0,0.0,0.0,0.0
pos__A0A8C6M5S2,1,201,192.0,3.0,6.0,0.0
pos__A0A8C6MBE3,1,5,5.0,0.0,0.0,0.0
pos__A0A8C6MZ02,1,1,0.0,1.0,0.0,0.0
pos__A0A8C6Q0C5,1,1,1.0,0.0,0.0,0.0
pos__A0A8C6QBI1,1,1,0.0,1.0,0.0,0.0
pos__A0A8C6R4N3,1,1,0.0,1.0,0.0,0.0
pos__A0A8C6SBW4,1,7,6.0,0.0,1.0,0.0
pos__A0A8C6T0E7,1,2,0.0,2.0,0.0,0.0
pos__A0A8C6T3Q6,1,1,0.0,1.0,0.0,0.0
pos__A0A8C6TEC9,1,3,2.0,1.0,0.0,0.0
pos__A0A8C6TTV1,1,1,1.0,0.0,0.0,0.0
pos__A0A8C6TZ25,1,1,1.0,0.0,0.0,0.0
pos__A0A8C6U4N5,1,3,3.0,0.0,0.0,0.0
pos__A0A8C6UYP4,1,1,1.0,0.0,0.0,0.0
pos__A0A8C6UYS6,1,2,0.0,0.0,0.0,2.0
pos__A0A8C6V0Y5,1,1,0.0,0.0,1.0,0.0
pos__A0A8C6VKZ6,1,3,3.0,0.0,0.0,0.0
pos__A0A8C6VMX9,1,6,6.0,0.0,0.0,0.0
pos__A0A8C6VQ72,1,3,2.0,0.0,1.0,0.0
pos__A0A8C6VU60,1,3,2.0,0.0,1.0,0.0
pos__A0A8C6VYV6,1,2,0.0,2.0,0.0,0.0
pos__A0A8C6WKW6,1,1,0.0,1.0,0.0,0.0
pos__A0A8C6WKY3,1,3,3.0,0.0,0.0,0.0
pos__A0A8C6WQ00,1,1,1.0,0.0,0.0,0.0
pos__A0A8C6WY96,1,1,0.0,0.0,0.0,1.0
pos__A0A8C6XK33,1,1,1.0,0.0,0.0,0.0
pos__A0A8C6Y2W8,1,1,0.0,1.0,0.0,0.0
pos__A0A8C6Y7N2,1,3,3.0,0.0,0.0,0.0
pos__A0A8C6Z5L5,1,1,0.0,1.0,0.0,0.0
pos__A0A8C7AB42,1,2,0.0,2.0,0.0,0.0
pos__A0A8C7C850,1,11,1.0,10.0,0.0,0.0
pos__A0A8C7CH37,1,13,12.0,1.0,0.0,0.0
pos__A0A8C7CR24,1,8,7.0,1.0,0.0,0.0
pos__A0A8C7D521,1,13,11.0,2.0,0.0,0.0
pos__A0A8C7DTG5,1,11,9.0,0.0,2.0,0.0
pos__A0A8C7E051,1,1,0.0,0.0,1.0,0.0
pos__A0A8C7E116,1,32,27.0,0.0,5.0,0.0
pos__A0A8C7E463,1,2,0.0,0.0,2.0,0.0
pos__A0A8C7E6U9,1,5,3.0,0.0,2.0,0.0
pos__A0A8C7E897,1,23,17.0,6.0,0.0,0.0
pos__A0A8C7EHZ9,1,3,3.0,0.0,0.0,0.0
pos__A0A8C7EVQ7,1,1,0.0,0.0,1.0,0.0
pos__A0A8C7EZH5,1,1,1.0,0.0,0.0,0.0
pos__A0A8C7FSH6,1,32,29.0,2.0,1.0,0.0
pos__A0A8C7QBC0,1,13,0.0,13.0,0.0,0.0
pos__A0A8C7QEQ5,1,10,6.0,1.0,1.0,2.0
pos__A0A8C7SDU7,1,1,0.0,0.0,1.0,0.0
pos__A0A8C7SRW6,1,1,0.0,1.0,0.0,0.0
pos__A0A8C7VCJ8,1,4,0.0,4.0,0.0,0.0
pos__A0A8C8A6Z2,1,2,0.0,0.0,2.0,0.0
pos__A0A8C8DSQ0,1,3,1.0,2.0,0.0,0.0
pos__A0A8C8HCT2,1,4,0.0,0.0,0.0,4.0
pos__A0A8C8M9F4,1,3,2.0,1.0,0.0,0.0
pos__A0A8C8RXE7,1,1,0.0,0.0,1.0,0.0
pos__A0A8C8SCW0,1,2,0.0,2.0,0.0,0.0
pos__A0A8C8W4S1,1,4,0.0,4.0,0.0,0.0
pos__A0A8C9A8B8,1,2,2.0,0.0,0.0,0.0
pos__A0A8C9CFY1,1,3,0.0,0.0,3.0,0.0
pos__A0A8C9CIN3,1,5,0.0,5.0,0.0,0.0
pos__A0A8C9DLG3,1,2,2.0,0.0,0.0,0.0
pos__A0A8C9EXZ2,1,2,1.0,0.0,1.0,0.0
pos__A0A8C9GPU4,1,2,0.0,2.0,0.0,0.0
pos__A0A8C9IJA6,1,16,16.0,0.0,0.0,0.0
pos__A0A8C9K1U3,1,9,0.0,4.0,0.0,5.0
pos__A0A8C9KP18,1,3,0.0,0.0,3.0,0.0
pos__A0A8C9LJK9,1,1,0.0,1.0,0.0,0.0
pos__A0A8C9MQJ8,1,6,5.0,0.0,1.0,0.0
pos__A0A8C9MRB5,1,1,0.0,0.0,1.0,0.0
pos__A0A8C9NNL5,1,148,148.0,0.0,0.0,0.0
pos__A0A8C9QWK2,1,6,5.0,0.0,1.0,0.0
pos__A0A8C9QZ42,1,1,0.0,1.0,0.0,0.0
pos__A0A8C9RG24,1,1,0.0,0.0,1.0,0.0
pos__A0A8C9S919,1,6,4.0,2.0,0.0,0.0
pos__A0A8C9SA98,1,14,3.0,0.0,11.0,0.0
pos__A0A8C9SER1,1,2,1.0,0.0,1.0,0.0
pos__A0A8C9UYX0,1,1,1.0,0.0,0.0,0.0
pos__A0A8C9V734,1,1,1.0,0.0,0.0,0.0
pos__A0A8C9VFZ6,1,11,9.0,0.0,2.0,0.0
pos__A0A8C9VW00,1,3,3.0,0.0,0.0,0.0
pos__A0A8C9XBL0,1,4,4.0,0.0,0.0,0.0
pos__A0A8C9Z200,1,9,7.0,2.0,0.0,0.0
pos__A0A8C9ZXE8,1,3,0.0,3.0,0.0,0.0
pos__A0A8D0A116,1,88,0.0,0.0,66.0,22.0
pos__A0A8D0B1K7,1,1,0.0,1.0,0.0,0.0
pos__A0A8D0B8W5,1,1,0.0,0.0,0.0,1.0
pos__A0A8D0BBK1,1,1,1.0,0.0,0.0,0.0
pos__A0A8D0BDH5,1,2,0.0,0.0,2.0,0.0
pos__A0A8D0BGL4,1,2,2.0,0.0,0.0,0.0
pos__A0A8D0BIM0,1,2,2.0,0.0,0.0,0.0
pos__A0A8D0CKH5,1,32,31.0,0.0,1.0,0.0
pos__A0A8D0D468,1,5,0.0,5.0,0.0,0.0
pos__A0A8D0DN01,1,1,1.0,0.0,0.0,0.0
pos__A0A8D0DQM8,1,1,1.0,0.0,0.0,0.0
pos__A0A8D0E0A3,1,2,2.0,0.0,0.0,0.0
pos__A0A8D0E0F3,1,1,1.0,0.0,0.0,0.0
pos__A0A8D0FAE8,1,1,0.0,1.0,0.0,0.0
pos__A0A8D0GIG1,1,2,0.0,1.0,0.0,1.0
pos__A0A8D0GJW9,1,1,1.0,0.0,0.0,0.0
pos__A0A8D0GK93,1,1,1.0,0.0,0.0,0.0
pos__A0A8D0HC60,1,1,1.0,0.0,0.0,0.0
pos__A0A8D0HG24,1,1,0.0,0.0,1.0,0.0
pos__A0A8D0KZ09,1,1,0.0,0.0,0.0,1.0
pos__A0A8D0L4H1,1,1,1.0,0.0,0.0,0.0
pos__A0A8D0L7F1,1,2,2.0,0.0,0.0,0.0
pos__A0A8D0LAV9,1,1,1.0,0.0,0.0,0.0
pos__A0A8D0W4S5,1,2,0.0,2.0,0.0,0.0
pos__A0A8D1YYA6,1,1,1.0,0.0,0.0,0.0
pos__A0A8D2AUT9,1,1,0.0,1.0,0.0,0.0
pos__A0A8D2B4M1,1,1,1.0,0.0,0.0,0.0
pos__A0A8D2BBH2,1,7,5.0,0.0,2.0,0.0
pos__A0A8D2D6T9,1,34,23.0,9.0,0.0,2.0
pos__A0A8D2G1A0,1,3,0.0,3.0,0.0,0.0
pos__A0A8D2GHU8,1,10,0.0,0.0,9.0,1.0
pos__A0A8D2ILR4,1,1,1.0,0.0,0.0,0.0
pos__A0A8D2IPE7,1,1,1.0,0.0,0.0,0.0
pos__A0A8D2IQJ6,1,1,1.0,0.0,0.0,0.0
pos__A0A8D2ISN0,1,2,2.0,0.0,0.0,0.0
pos__A0A8D2IUT9,1,2,2.0,0.0,0.0,0.0
pos__A0A8D2J701,1,3,1.0,0.0,2.0,0.0
pos__A0A8D2KTI1,1,2,1.0,0.0,1.0,0.0
pos__A0A8D2KX46,1,8,8.0,0.0,0.0,0.0
pos__A0A8D2L0I2,1,1,0.0,1.0,0.0,0.0
pos__A0A8D2L1Z1,1,10,9.0,0.0,1.0,0.0
pos__A0A8D2L2U8,1,1,0.0,0.0,1.0,0.0
pos__A0A8D2L9J8,1,13,13.0,0.0,0.0,0.0
pos__A0A8D2LCV6,1,1,1.0,0.0,0.0,0.0
pos__A0A8D2LJG6,1,1,1.0,0.0,0.0,0.0
pos__A0A8D2LNC9,1,4,4.0,0.0,0.0,0.0
pos__A0A8D2LZW5,1,1,1.0,0.0,0.0,0.0
pos__A0A8D2Q082,1,1,1.0,0.0,0.0,0.0
pos__A0A8D2Q0C6,1,1,1.0,0.0,0.0,0.0
pos__A0A8D2Q974,1,4,4.0,0.0,0.0,0.0
pos__A0A8D2QEN2,1,1,1.0,0.0,0.0,0.0
pos__A0A8D2ZKP5,1,4,2.0,2.0,0.0,0.0
pos__A0A8D3BFG6,1,1,0.0,0.0,1.0,0.0
pos__A0A8D3BI22,1,1,0.0,1.0,0.0,0.0
pos__A0A8D8A3C6,1,5,5.0,0.0,0.0,0.0
pos__A0A8D8A738,1,5,5.0,0.0,0.0,0.0
pos__A0A8D8AB03,1,3,3.0,0.0,0.0,0.0
pos__A0A8D8AQ41,1,1,0.0,1.0,0.0,0.0
pos__A0A8D8AYU0,1,1,0.0,1.0,0.0,0.0
pos__A0A8D8B092,1,1,0.0,1.0,0.0,0.0
pos__A0A8D8B317,1,1,1.0,0.0,0.0,0.0
pos__A0A8D8DEQ8,1,6,6.0,0.0,0.0,0.0
pos__A0A8D8EWY8,1,1,0.0,1.0,0.0,0.0
pos__A0A8D8F1W1,1,1,0.0,1.0,0.0,0.0
pos__A0A8D8F575,1,1,0.0,1.0,0.0,0.0
pos__A0A8D8F6S5,1,1,0.0,1.0,0.0,0.0
pos__A0A8D8FAR2,1,8,8.0,0.0,0.0,0.0
pos__A0A8D8FXI8,1,1,0.0,1.0,0.0,0.0
pos__A0A8D8H2P2,1,5,0.0,0.0,5.0,0.0
pos__A0A8D8HDK5,1,1,1.0,0.0,0.0,0.0
pos__A0A8D8J271,1,8,8.0,0.0,0.0,0.0
pos__A0A8D8K1S8,1,3,2.0,1.0,0.0,0.0
pos__A0A8D8K237,1,9,9.0,0.0,0.0,0.0
pos__A0A8D8KHG4,1,4,4.0,0.0,0.0,0.0
pos__A0A8D8KZ33,1,7,7.0,0.0,0.0,0.0
pos__A0A8D8MQF7,1,14,14.0,0.0,0.0,0.0
pos__A0A8D8NM27,1,30,17.0,13.0,0.0,0.0
pos__A0A8F2D9B2,1,2,0.0,2.0,0.0,0.0
pos__A0A8H7NJ33,1,1,1.0,0.0,0.0,0.0
pos__A0A8I3NK04,1,10,10.0,0.0,0.0,0.0
pos__A0A8I3NV42,1,1,0.0,0.0,0.0,1.0
pos__A0A8I3NXG0,1,3,2.0,0.0,1.0,0.0
pos__A0A8I3PQP7,1,2,0.0,2.0,0.0,0.0
pos__A0A8I3X920,1,80,75.0,3.0,2.0,0.0
pos__A0A8I4A5G5,1,22,22.0,0.0,0.0,0.0
pos__A0A8I5MXH0,1,46,0.0,0.0,0.0,46.0
pos__A0A8I5NFY4,1,14,0.0,14.0,0.0,0.0
pos__A0A8I5XFF7,1,38,38.0,0.0,0.0,0.0
pos__A0A8I6AGX9,1,23,22.0,0.0,1.0,0.0
pos__A0A8I6AKT9,1,85,77.0,4.0,4.0,0.0
pos__A0A8I6RKX3,1,3,3.0,0.0,0.0,0.0
pos__A0A8I6RLX7,1,1,1.0,0.0,0.0,0.0
pos__A0A8I6RN27,1,2,2.0,0.0,0.0,0.0
pos__A0A8I6RSP8,1,1,0.0,0.0,0.0,1.0
pos__A0A8I6RX43,1,1,1.0,0.0,0.0,0.0
pos__A0A8I6SBN5,1,1,0.0,0.0,0.0,1.0
pos__A0A8I6SDV4,1,1,0.0,0.0,1.0,0.0
pos__A0A8I6SV07,1,1,1.0,0.0,0.0,0.0
pos__A0A8I6TJP3,1,1,1.0,0.0,0.0,0.0
pos__A0A8J0Q0V9,1,1,1.0,0.0,0.0,0.0
pos__A0A8J1J1S4,1,1,0.0,0.0,1.0,0.0
pos__A0A8J1LA89,1,4,1.0,3.0,0.0,0.0
pos__A0A8J1LCA5,1,1,1.0,0.0,0.0,0.0
pos__A0A8J2HHV7,1,1,0.0,0.0,0.0,1.0
pos__A0A8J2HMJ7,1,1,1.0,0.0,0.0,0.0
pos__A0A8J2HRC4,1,2,2.0,0.0,0.0,0.0
pos__A0A8J2QI85,1,1,0.0,1.0,0.0,0.0
pos__A0A8J2QLB4,1,9,7.0,2.0,0.0,0.0
pos__A0A8J2QUC3,1,5,5.0,0.0,0.0,0.0
pos__A0A8J2R000,1,1,0.0,1.0,0.0,0.0
pos__A0A8J2R145,1,2,2.0,0.0,0.0,0.0
pos__A0A8J2R3C1,1,1,1.0,0.0,0.0,0.0
pos__A0A8J2R451,1,1,1.0,0.0,0.0,0.0
pos__A0A8J2R5H5,1,2,2.0,0.0,0.0,0.0
pos__A0A8J2R698,1,2,1.0,1.0,0.0,0.0
pos__A0A8J2R773,1,2,0.0,0.0,0.0,2.0
pos__A0A8J2RAX7,1,5,0.0,5.0,0.0,0.0
pos__A0A8J2RD17,1,1,1.0,0.0,0.0,0.0
pos__A0A8J2REU0,1,1,1.0,0.0,0.0,0.0
pos__A0A8J2RF74,1,1,1.0,0.0,0.0,0.0
pos__A0A8J2RMF6,1,1,0.0,1.0,0.0,0.0
pos__A0A8J2RMN3,1,1,0.0,0.0,0.0,1.0
pos__A0A8J2S1H4,1,1,1.0,0.0,0.0,0.0
pos__A0A8J2VTN2,1,3,3.0,0.0,0.0,0.0
pos__A0A8J2VUL6,1,4,4.0,0.0,0.0,0.0
pos__A0A8J2VWK6,1,2,0.0,2.0,0.0,0.0
pos__A0A8J2W0Q2,1,1,1.0,0.0,0.0,0.0
pos__A0A8J2W0R5,1,1,0.0,1.0,0.0,0.0
pos__A0A8J2WCY5,1,5,5.0,0.0,0.0,0.0
pos__A0A8J2WNF1,1,1,1.0,0.0,0.0,0.0
pos__A0A8J3C7S5,1,1,0.0,0.0,0.0,1.0
pos__A0A8J4X3B6,1,3,0.0,3.0,0.0,0.0
pos__A0A8J4XD48,1,2,1.0,1.0,0.0,0.0
pos__A0A8J5MUV5,1,1,0.0,0.0,0.0,1.0
pos__A0A8J5MY13,1,1,1.0,0.0,0.0,0.0
pos__A0A8J5TG11,1,1,0.0,1.0,0.0,0.0
pos__A0A8J5TLJ4,1,1,1.0,0.0,0.0,0.0
pos__A0A8J6BFT5,1,1,0.0,0.0,1.0,0.0
pos__A0A8J6HC31,1,1,1.0,0.0,0.0,0.0
pos__A0A8J6HQ34,1,2,0.0,0.0,2.0,0.0
pos__A0A8J6HSG8,1,1,1.0,0.0,0.0,0.0
pos__A0A8J6HU19,1,1,1.0,0.0,0.0,0.0
pos__A0A8J6KK63,1,2,0.0,0.0,2.0,0.0
pos__A0A8J6KXY6,1,11,11.0,0.0,0.0,0.0
pos__A0A8J6LM53,1,1,0.0,1.0,0.0,0.0
pos__A0A8J7NWK0,1,8,6.0,1.0,1.0,0.0
pos__A0A8J7P3A7,1,1,0.0,1.0,0.0,0.0
pos__A0A8J7T8B4,1,3,2.0,1.0,0.0,0.0
pos__A0A8J9UCV1,1,1,0.0,0.0,0.0,1.0
pos__A0A8J9UDH7,1,1,0.0,1.0,0.0,0.0
pos__A0A8J9UNT8,1,1,1.0,0.0,0.0,0.0
pos__A0A8J9UXH9,1,3,0.0,3.0,0.0,0.0
pos__A0A8J9UZ31,1,1,1.0,0.0,0.0,0.0
pos__A0A8J9UZV2,1,1,0.0,1.0,0.0,0.0
pos__A0A8J9V420,1,1,1.0,0.0,0.0,0.0
pos__A0A8J9VJJ4,1,1,0.0,0.0,0.0,1.0
pos__A0A8J9VN20,1,1,0.0,1.0,0.0,0.0
pos__A0A8J9VZP4,1,1,1.0,0.0,0.0,0.0
pos__A0A8J9W501,1,1,0.0,1.0,0.0,0.0
pos__A0A8J9Y8V7,1,1,1.0,0.0,0.0,0.0
pos__A0A8J9YFL6,1,1,0.0,1.0,0.0,0.0
pos__A0A8J9YGH0,1,1,0.0,1.0,0.0,0.0
pos__A0A8J9YHV7,1,1,0.0,1.0,0.0,0.0
pos__A0A8J9YN54,1,1,0.0,0.0,0.0,1.0
pos__A0A8J9Z367,1,2,2.0,0.0,0.0,0.0
pos__A0A8K0C6M4,1,1,1.0,0.0,0.0,0.0
pos__A0A8K0C6Q9,1,1,0.0,1.0,0.0,0.0
pos__A0A8K0C6R3,1,3,3.0,0.0,0.0,0.0
pos__A0A8K0C809,1,1,1.0,0.0,0.0,0.0
pos__A0A8K0C9F5,1,3,2.0,1.0,0.0,0.0
pos__A0A8K0C9R4,1,1,1.0,0.0,0.0,0.0
pos__A0A8K0CAM5,1,2,0.0,1.0,0.0,1.0
pos__A0A8K0CAP7,1,1,0.0,1.0,0.0,0.0
pos__A0A8K0CAQ0,1,1,1.0,0.0,0.0,0.0
pos__A0A8K0CCE8,1,1,1.0,0.0,0.0,0.0
pos__A0A8K0CEG5,1,1,0.0,1.0,0.0,0.0
pos__A0A8K0CG10,1,1,0.0,1.0,0.0,0.0
pos__A0A8K0CQM6,1,1,0.0,1.0,0.0,0.0
pos__A0A8K0CR37,1,2,2.0,0.0,0.0,0.0
pos__A0A8K0CRQ0,1,1,1.0,0.0,0.0,0.0
pos__A0A8K0CSC0,1,1,1.0,0.0,0.0,0.0
pos__A0A8K0CX92,1,1,0.0,1.0,0.0,0.0
pos__A0A8K0D025,1,1,1.0,0.0,0.0,0.0
pos__A0A8K0D067,1,1,1.0,0.0,0.0,0.0
pos__A0A8K0D7R6,1,1,0.0,0.0,0.0,1.0
pos__A0A8K0DCH0,1,1,0.0,1.0,0.0,0.0
pos__A0A8K0DCQ9,1,1,0.0,1.0,0.0,0.0
pos__A0A8K0DEL0,1,1,0.0,1.0,0.0,0.0
pos__A0A8K0DGD0,1,1,1.0,0.0,0.0,0.0
pos__A0A8K0DI14,1,1,1.0,0.0,0.0,0.0
pos__A0A8K0DIN0,1,1,1.0,0.0,0.0,0.0
pos__A0A8K0DME7,1,1,0.0,0.0,1.0,0.0
pos__A0A8K0FWL9,1,1,1.0,0.0,0.0,0.0
pos__A0A8K0FYT9,1,1,0.0,0.0,0.0,1.0
pos__A0A8K0G130,1,1,0.0,0.0,0.0,1.0
pos__A0A8K0G1U6,1,1,1.0,0.0,0.0,0.0
pos__A0A8K0G324,1,1,0.0,0.0,1.0,0.0
pos__A0A8K0G5H7,1,1,1.0,0.0,0.0,0.0
pos__A0A8K0G8Q6,1,1,0.0,0.0,1.0,0.0
pos__A0A8K0G9W9,1,1,0.0,1.0,0.0,0.0
pos__A0A8K0GC61,1,1,1.0,0.0,0.0,0.0
pos__A0A8K0GET5,1,1,0.0,1.0,0.0,0.0
pos__A0A8K0GFM7,1,1,0.0,1.0,0.0,0.0
pos__A0A8K0GGD5,1,1,0.0,1.0,0.0,0.0
pos__A0A8K0GHN7,1,1,0.0,1.0,0.0,0.0
pos__A0A8K0GJX3,1,1,0.0,0.0,0.0,1.0
pos__A0A8K0GKS5,1,1,1.0,0.0,0.0,0.0
pos__A0A8K0GMP3,1,1,1.0,0.0,0.0,0.0
pos__A0A8K0GMS0,1,1,1.0,0.0,0.0,0.0
pos__A0A8K0JT88,1,1,0.0,0.0,0.0,1.0
pos__A0A8K0JUS5,1,1,0.0,1.0,0.0,0.0
pos__A0A8K0KKP4,1,1,1.0,0.0,0.0,0.0
pos__A0A8K0NWH0,1,1,0.0,0.0,0.0,1.0
pos__A0A8K0P491,1,1,1.0,0.0,0.0,0.0
pos__A0A8K0P661,1,1,1.0,0.0,0.0,0.0
pos__A0A8K0P6A3,1,1,1.0,0.0,0.0,0.0
pos__A0A8M1PUX6,1,1,0.0,0.0,0.0,1.0
pos__A0A8M6YV09,1,1,0.0,1.0,0.0,0.0
pos__A0A8M9P5M1,1,26,25.0,1.0,0.0,0.0
pos__A0A8M9PQ42,1,4,0.0,0.0,0.0,4.0
pos__A0A8N5ENQ9,1,4,3.0,0.0,1.0,0.0
pos__A0A8P0TBS2,1,47,43.0,4.0,0.0,0.0
pos__A0A8R1WER4,1,2,0.0,2.0,0.0,0.0
pos__A0A8R1WIQ0,1,1,0.0,1.0,0.0,0.0
pos__A0A8R1WLD5,1,1,1.0,0.0,0.0,0.0
pos__A0A8R1WP90,1,1,0.0,0.0,1.0,0.0
pos__A0A8R2AAP5,1,1,0.0,1.0,0.0,0.0
pos__A0A8R2AFU8,1,1,1.0,0.0,0.0,0.0
pos__A0A8R2AI78,1,1,1.0,0.0,0.0,0.0
pos__A0A8R2AJH1,1,2,2.0,0.0,0.0,0.0
pos__A0A8R2AQQ4,1,1,0.0,1.0,0.0,0.0
pos__A0A8R2AW13,1,1,1.0,0.0,0.0,0.0
pos__A0A8R2B2A7,1,1,0.0,1.0,0.0,0.0
pos__A0A8R2C812,1,2,2.0,0.0,0.0,0.0
pos__A0A8R2C8B0,1,1,1.0,0.0,0.0,0.0
pos__A0A8R2CAC3,1,1,1.0,0.0,0.0,0.0
pos__A0A8R2D2N2,1,1,1.0,0.0,0.0,0.0
pos__A0A8R2HMN3,1,4,4.0,0.0,0.0,0.0
pos__A0A8R2HN02,1,1,1.0,0.0,0.0,0.0
pos__A0A8R2HN13,1,1,0.0,1.0,0.0,0.0
pos__A0A8R2HPZ9,1,2,2.0,0.0,0.0,0.0
pos__A0A8R2NRR4,1,1,0.0,1.0,0.0,0.0
pos__A0A8R2R2Z6,1,3,0.0,3.0,0.0,0.0
pos__A0A8R2R5H1,1,1,0.0,0.0,0.0,1.0
pos__A0A8R2R5M4,1,1,0.0,1.0,0.0,0.0
pos__A0A8S0YLS5,1,2,2.0,0.0,0.0,0.0
pos__A0A8S0YUU6,1,1,1.0,0.0,0.0,0.0
pos__A0A8S0YY41,1,1,0.0,1.0,0.0,0.0
pos__A0A8S0Z0G4,1,1,1.0,0.0,0.0,0.0
pos__A0A8S0Z5P6,1,1,1.0,0.0,0.0,0.0
pos__A0A8S0Z6I5,1,1,0.0,1.0,0.0,0.0
pos__A0A8S0ZBL0,1,1,0.0,1.0,0.0,0.0
pos__A0A8S0ZD54,1,1,0.0,1.0,0.0,0.0
pos__A0A8S0ZE88,1,2,0.0,2.0,0.0,0.0
pos__A0A8S0ZK56,1,2,2.0,0.0,0.0,0.0
pos__A0A8S0ZQR7,1,2,0.0,0.0,0.0,2.0
pos__A0A8S0ZUR5,1,2,2.0,0.0,0.0,0.0
pos__A0A8S1A814,1,2,2.0,0.0,0.0,0.0
pos__A0A8S1ACM5,1,1,0.0,1.0,0.0,0.0
pos__A0A8S1AEX0,1,1,1.0,0.0,0.0,0.0
pos__A0A8S1AFD6,1,1,0.0,1.0,0.0,0.0
pos__A0A8S1AHW1,1,1,1.0,0.0,0.0,0.0
pos__A0A8S1AIC1,1,2,2.0,0.0,0.0,0.0
pos__A0A8S1AKC1,1,2,0.0,0.0,0.0,2.0
pos__A0A8S1AKP2,1,1,1.0,0.0,0.0,0.0
pos__A0A8S1ALM4,1,2,0.0,2.0,0.0,0.0
pos__A0A8S1AQV9,1,1,1.0,0.0,0.0,0.0
pos__A0A8S1AVG7,1,1,0.0,1.0,0.0,0.0
pos__A0A8S1AW41,1,2,2.0,0.0,0.0,0.0
pos__A0A8S1B092,1,1,0.0,1.0,0.0,0.0
pos__A0A8S1B8M3,1,3,0.0,3.0,0.0,0.0
pos__A0A8S1BCT2,1,1,1.0,0.0,0.0,0.0
pos__A0A8S1C2L1,1,1,1.0,0.0,0.0,0.0
pos__A0A8S1C905,1,1,1.0,0.0,0.0,0.0
pos__A0A8S1C9W6,1,2,2.0,0.0,0.0,0.0
pos__A0A8S1CD17,1,1,1.0,0.0,0.0,0.0
pos__A0A8S1CDK5,1,1,1.0,0.0,0.0,0.0
pos__A0A8S1CS81,1,1,1.0,0.0,0.0,0.0
pos__A0A8S1D1I7,1,1,1.0,0.0,0.0,0.0
pos__A0A8S1D4D5,1,1,1.0,0.0,0.0,0.0
pos__A0A8S1D6G2,1,1,1.0,0.0,0.0,0.0
pos__A0A8S1D6Y8,1,1,1.0,0.0,0.0,0.0
pos__A0A8S1DBG3,1,1,1.0,0.0,0.0,0.0
pos__A0A8S1DBH8,1,2,2.0,0.0,0.0,0.0
pos__A0A8S1DC03,1,1,1.0,0.0,0.0,0.0
pos__A0A8S1DCV0,1,1,0.0,0.0,0.0,1.0
pos__A0A8S1DDE1,1,1,0.0,1.0,0.0,0.0
pos__A0A8S1DFI0,1,1,1.0,0.0,0.0,0.0
pos__A0A8S1DFX2,1,1,1.0,0.0,0.0,0.0
pos__A0A8S1DIV1,1,1,1.0,0.0,0.0,0.0
pos__A0A8S1DJH9,1,1,0.0,1.0,0.0,0.0
pos__A0A8S1DSX6,1,2,2.0,0.0,0.0,0.0
pos__A0A8S1E0L6,1,1,1.0,0.0,0.0,0.0
pos__A0A8S1E6C7,1,1,0.0,1.0,0.0,0.0
pos__A0A8S1J8D2,1,1,0.0,0.0,0.0,1.0
pos__A0A8S3ZNI5,1,1,0.0,0.0,1.0,0.0
pos__A0A8S4AAH2,1,1,1.0,0.0,0.0,0.0
pos__A0A8S4AEJ3,1,1,0.0,1.0,0.0,0.0
pos__A0A8S4BYK6,1,1,1.0,0.0,0.0,0.0
pos__A0A8S4DE78,1,1,1.0,0.0,0.0,0.0
pos__A0A8S4DJZ9,1,1,1.0,0.0,0.0,0.0
pos__A0A8S4DRX5,1,1,0.0,1.0,0.0,0.0
pos__A0A8S4DXV3,1,1,1.0,0.0,0.0,0.0
pos__A0A8S4EEA5,1,1,1.0,0.0,0.0,0.0
pos__A0A8S4EL80,1,1,1.0,0.0,0.0,0.0
pos__A0A8S4EN52,1,1,0.0,1.0,0.0,0.0
pos__A0A8S4ENU6,1,1,0.0,1.0,0.0,0.0
pos__A0A8S4ENV6,1,1,1.0,0.0,0.0,0.0
pos__A0A8S4FK47,1,5,0.0,5.0,0.0,0.0
pos__A0A8S4FKZ2,1,2,2.0,0.0,0.0,0.0
pos__A0A8S4FPU2,1,1,0.0,1.0,0.0,0.0
pos__A0A8S4FXH7,1,1,0.0,0.0,0.0,1.0
pos__A0A8S4G1L9,1,1,0.0,0.0,1.0,0.0
pos__A0A8S4G3H0,1,1,1.0,0.0,0.0,0.0
pos__A0A8S4G6V1,1,1,1.0,0.0,0.0,0.0
pos__A0A8S4G721,1,1,0.0,1.0,0.0,0.0
pos__A0A8S4G812,1,1,1.0,0.0,0.0,0.0
pos__A0A8S4G8F9,1,2,1.0,0.0,1.0,0.0
pos__A0A8S4G9H6,1,1,1.0,0.0,0.0,0.0
pos__A0A8S4GAA6,1,2,2.0,0.0,0.0,0.0
pos__A0A8S4QTS7,1,1,1.0,0.0,0.0,0.0
pos__A0A8S4R062,1,1,0.0,0.0,0.0,1.0
pos__A0A8S4R0Z3,1,1,1.0,0.0,0.0,0.0
pos__A0A8S4R4V9,1,1,1.0,0.0,0.0,0.0
pos__A0A8S4REH1,1,1,1.0,0.0,0.0,0.0
pos__A0A8S4RJ20,1,1,0.0,1.0,0.0,0.0
pos__A0A8S4RML6,1,1,0.0,1.0,0.0,0.0
pos__A0A8S4RW14,1,1,1.0,0.0,0.0,0.0
pos__A0A8S4S115,1,1,1.0,0.0,0.0,0.0
pos__A0A8S4S4F9,1,1,1.0,0.0,0.0,0.0
pos__A0A8S4S8F2,1,2,2.0,0.0,0.0,0.0
pos__A0A8S4S8I8,1,1,0.0,1.0,0.0,0.0
pos__A0A8S4SE06,1,1,0.0,1.0,0.0,0.0
pos__A0A8S4SEN1,1,1,0.0,1.0,0.0,0.0
pos__A0A8S4SI01,1,1,1.0,0.0,0.0,0.0
pos__A0A8S4SIJ9,1,1,1.0,0.0,0.0,0.0
pos__A0A8S4SL30,1,1,1.0,0.0,0.0,0.0
pos__A0A8S4SN60,1,1,1.0,0.0,0.0,0.0
pos__A0A8S4SNQ6,1,1,1.0,0.0,0.0,0.0
pos__A0A8S4SPN4,1,1,0.0,0.0,0.0,1.0
pos__A0A8S4SQG5,1,1,0.0,1.0,0.0,0.0
pos__A0A8S4SR46,1,1,1.0,0.0,0.0,0.0
pos__A0A8S9XM42,1,1,1.0,0.0,0.0,0.0
pos__A0A8S9Y219,1,2,2.0,0.0,0.0,0.0
pos__A0A8T0FFF0,1,1,0.0,1.0,0.0,0.0
pos__A0A8T0FNQ2,1,1,0.0,1.0,0.0,0.0
pos__A0A8T0XXP6,1,2,0.0,2.0,0.0,0.0
pos__A0A8T1KYK6,1,4,0.0,0.0,0.0,4.0
pos__A0A8T1T5U7,1,7,7.0,0.0,0.0,0.0
pos__A0A8T2IED6,1,1,1.0,0.0,0.0,0.0
pos__A0A8T2J0M0,1,3,2.0,1.0,0.0,0.0
pos__A0A8T2L6L2,1,2,0.0,2.0,0.0,0.0
pos__A0A8T2L700,1,3,3.0,0.0,0.0,0.0
pos__A0A8T2L9Q3,1,1,0.0,1.0,0.0,0.0
pos__A0A8T2M6I9,1,1,0.0,1.0,0.0,0.0
pos__A0A8T2P3S9,1,1,1.0,0.0,0.0,0.0
pos__A0A8T2PEI5,1,2,1.0,1.0,0.0,0.0
pos__A0A8T2PHH4,1,1,0.0,1.0,0.0,0.0
pos__A0A8T3CFG1,1,2,0.0,2.0,0.0,0.0
pos__A0A8T3CRM9,1,1,0.0,0.0,0.0,1.0
pos__A0A8T3D7W6,1,1,0.0,1.0,0.0,0.0
pos__A0A8T3DVW5,1,1,1.0,0.0,0.0,0.0
pos__A0A8T3DXG1,1,1,1.0,0.0,0.0,0.0
pos__A0A8T3E4J3,1,1,1.0,0.0,0.0,0.0
pos__A0A8U0W8V3,1,3,0.0,3.0,0.0,0.0
pos__A0A8U0WA33,1,1,0.0,1.0,0.0,0.0
pos__A0A8U0WDR6,1,3,0.0,3.0,0.0,0.0
pos__A0A8U0WE44,1,2,0.0,2.0,0.0,0.0
pos__A0A8U0WKJ7,1,3,0.0,0.0,3.0,0.0
pos__A0A8U1F359,1,2,2.0,0.0,0.0,0.0
pos__A0A8V0X3Y4,1,2,0.0,0.0,2.0,0.0
pos__A0A8V0X6F2,1,3,3.0,0.0,0.0,0.0
pos__A0A8V0YJL4,1,3,3.0,0.0,0.0,0.0
pos__A0A8V5H5F9,1,4,3.0,1.0,0.0,0.0
pos__A0A8W7K9K8,1,1,0.0,0.0,0.0,1.0
pos__A0A8W7M2P0,1,5,3.0,0.0,2.0,0.0
pos__A0A8W7MU66,1,3,2.0,0.0,1.0,0.0
pos__A0A8W7P1Z2,1,17,17.0,0.0,0.0,0.0
pos__A0A8W7P4B7,1,3,3.0,0.0,0.0,0.0
pos__A0A8W7P7P9,1,1,0.0,1.0,0.0,0.0
pos__A0A8W7P8I4,1,3,3.0,0.0,0.0,0.0
pos__A0A8W7PB06,1,8,8.0,0.0,0.0,0.0
pos__A0A8W7PI11,1,1,0.0,1.0,0.0,0.0
pos__A0A8W7PMJ0,1,2,0.0,2.0,0.0,0.0
pos__A0A8W7PP65,1,18,4.0,14.0,0.0,0.0
pos__A0A8W7PSB7,1,11,11.0,0.0,0.0,0.0
pos__A0A8W8LHQ2,1,1,1.0,0.0,0.0,0.0
pos__A0A8X6GE43,1,3,3.0,0.0,0.0,0.0
pos__A0A8X6H121,1,1,1.0,0.0,0.0,0.0
pos__A0A8X6IS50,1,1,0.0,1.0,0.0,0.0
pos__A0A8X6JII7,1,1,0.0,0.0,1.0,0.0
pos__A0A8X6VM56,1,1,0.0,0.0,1.0,0.0
pos__A0A8X7CI75,1,1,1.0,0.0,0.0,0.0
pos__A0A8X7CTT5,1,1,1.0,0.0,0.0,0.0
pos__A0A8X7X7F7,1,3,2.0,1.0,0.0,0.0
pos__A0A8X7XC21,1,1,0.0,0.0,1.0,0.0
pos__A0A8X7XEM8,1,1,0.0,0.0,1.0,0.0
pos__A0A8X7XPK7,1,10,10.0,0.0,0.0,0.0
pos__A0A8X8BHQ5,1,1,1.0,0.0,0.0,0.0
pos__A0A8X8BRW2,1,1,1.0,0.0,0.0,0.0
pos__A0A903TNM3,1,1,1.0,0.0,0.0,0.0
pos__A0A903UCP7,1,1,0.0,1.0,0.0,0.0
pos__A0A903UZ22,1,1,0.0,1.0,0.0,0.0
pos__A0A903VJU1,1,1,1.0,0.0,0.0,0.0
pos__A0A903VK20,1,1,1.0,0.0,0.0,0.0
pos__A0A903Z006,1,1,1.0,0.0,0.0,0.0
pos__A0A903Z095,1,1,1.0,0.0,0.0,0.0
pos__A0A904MUJ8,1,1,0.0,0.0,0.0,1.0
pos__A0A913X0X9,1,1,1.0,0.0,0.0,0.0
pos__A0A914BII7,1,1,0.0,0.0,0.0,1.0
pos__A0A914BTU6,1,1,0.0,1.0,0.0,0.0
pos__A0A914DUG9,1,2,2.0,0.0,0.0,0.0
pos__A0A914P810,1,2,2.0,0.0,0.0,0.0
pos__A0A914UIZ9,1,1,0.0,0.0,1.0,0.0
pos__A0A914V6H3,1,1,1.0,0.0,0.0,0.0
pos__A0A914YEC0,1,2,2.0,0.0,0.0,0.0
pos__A0A914Z8Y3,1,1,1.0,0.0,0.0,0.0
pos__A0A918L7S0,1,1,0.0,0.0,0.0,1.0
pos__A0A919NLQ7,1,1,0.0,1.0,0.0,0.0
pos__A0A921S8E2,1,1,0.0,0.0,1.0,0.0
pos__A0A921S8E3,1,1,0.0,0.0,0.0,1.0
pos__A0A921YL77,1,1,1.0,0.0,0.0,0.0
pos__A0A921YN98,1,1,1.0,0.0,0.0,0.0
pos__A0A921YP74,1,1,1.0,0.0,0.0,0.0
pos__A0A921YRQ1,1,1,1.0,0.0,0.0,0.0
pos__A0A921YXD5,1,1,1.0,0.0,0.0,0.0
pos__A0A921Z2Z3,1,1,0.0,1.0,0.0,0.0
pos__A0A921Z324,1,1,1.0,0.0,0.0,0.0
pos__A0A921Z330,1,2,2.0,0.0,0.0,0.0
pos__A0A921Z6C5,1,1,0.0,1.0,0.0,0.0
pos__A0A921ZFF5,1,1,1.0,0.0,0.0,0.0
pos__A0A921ZHH1,1,1,0.0,1.0,0.0,0.0
pos__A0A921ZHI1,1,3,3.0,0.0,0.0,0.0
pos__A0A921ZI20,1,1,0.0,1.0,0.0,0.0
pos__A0A921ZIM8,1,1,1.0,0.0,0.0,0.0
pos__A0A921ZIP0,1,1,1.0,0.0,0.0,0.0
pos__A0A921ZJC8,1,1,0.0,1.0,0.0,0.0
pos__A0A921ZKD3,1,3,3.0,0.0,0.0,0.0
pos__A0A921ZLZ2,1,1,0.0,1.0,0.0,0.0
pos__A0A921ZRU2,1,1,1.0,0.0,0.0,0.0
pos__A0A921ZSS3,1,1,0.0,1.0,0.0,0.0
pos__A0A921ZWM4,1,1,1.0,0.0,0.0,0.0
pos__A0A922CDM4,1,1,1.0,0.0,0.0,0.0
pos__A0A922CDQ4,1,2,2.0,0.0,0.0,0.0
pos__A0A922CGC2,1,1,0.0,1.0,0.0,0.0
pos__A0A922CLA7,1,1,0.0,1.0,0.0,0.0
pos__A0A922CU04,1,2,0.0,2.0,0.0,0.0
pos__A0A922CU24,1,2,0.0,2.0,0.0,0.0
pos__A0A922CW10,1,1,0.0,1.0,0.0,0.0
pos__A0A922CW20,1,6,6.0,0.0,0.0,0.0
pos__A0A922D1M5,1,1,1.0,0.0,0.0,0.0
pos__A0A922HWI9,1,2,0.0,0.0,2.0,0.0
pos__A0A922M1Q8,1,3,0.0,3.0,0.0,0.0
pos__A0A922M2F6,1,1,1.0,0.0,0.0,0.0
pos__A0A922M328,1,1,0.0,0.0,0.0,1.0
pos__A0A922MC01,1,1,1.0,0.0,0.0,0.0
pos__A0A922MHU0,1,1,1.0,0.0,0.0,0.0
pos__A0A922MKK5,1,2,2.0,0.0,0.0,0.0
pos__A0A922MRA9,1,1,0.0,1.0,0.0,0.0
pos__A0A922MWI6,1,2,2.0,0.0,0.0,0.0
pos__A0A922MWJ7,1,1,1.0,0.0,0.0,0.0
pos__A0A922MXE5,1,56,47.0,8.0,0.0,1.0
pos__A0A922MXF4,1,2,2.0,0.0,0.0,0.0
pos__A0A922MXG1,1,2,2.0,0.0,0.0,0.0
pos__A0A922MY31,1,1,1.0,0.0,0.0,0.0
pos__A0A922MY75,1,1,1.0,0.0,0.0,0.0
pos__A0A922S8K7,1,6,0.0,6.0,0.0,0.0
pos__A0A922SPH4,1,2,2.0,0.0,0.0,0.0
pos__A0A934V7N9,1,1,0.0,0.0,1.0,0.0
pos__A0A974D236,1,1,1.0,0.0,0.0,0.0
pos__A0A974HD62,1,1,1.0,0.0,0.0,0.0
pos__A0A976FHM0,1,1,0.0,0.0,0.0,1.0
pos__A0A976FQD5,1,1,0.0,0.0,0.0,1.0
pos__A0A976FR46,1,1,1.0,0.0,0.0,0.0
pos__A0A976II41,1,1,0.0,0.0,0.0,1.0
pos__A0A976NZQ0,1,3,0.0,0.0,0.0,3.0
pos__A0A979FWF3,1,1,1.0,0.0,0.0,0.0
pos__A0A9B0BWC6,1,6,6.0,0.0,0.0,0.0
pos__A0A9C5YZR3,1,3,3.0,0.0,0.0,0.0
pos__A0A9C5ZKE7,1,1,0.0,1.0,0.0,0.0
pos__A0A9C5ZNS9,1,1,0.0,1.0,0.0,0.0
pos__A0A9C6T0L5,1,6,5.0,1.0,0.0,0.0
pos__A0A9C6T5D4,1,1,0.0,0.0,0.0,1.0
pos__A0A9C6T6U7,1,2,2.0,0.0,0.0,0.0
pos__A0A9C6T867,1,1,0.0,1.0,0.0,0.0
pos__A0A9D2XBA1,1,1,0.0,0.0,0.0,1.0
pos__A0A9D3LSV0,1,1,1.0,0.0,0.0,0.0
pos__A0A9D3MBM7,1,1,0.0,1.0,0.0,0.0
pos__A0A9D3PH28,1,1,0.0,1.0,0.0,0.0
pos__A0A9D3PMU0,1,1,0.0,1.0,0.0,0.0
pos__A0A9D3QEP6,1,1,0.0,1.0,0.0,0.0
pos__A0A9D3QF30,1,1,1.0,0.0,0.0,0.0
pos__A0A9D3QGW3,1,1,1.0,0.0,0.0,0.0
pos__A0A9D3QGX1,1,1,1.0,0.0,0.0,0.0
pos__A0A9D3T1F9,1,1,1.0,0.0,0.0,0.0
pos__A0A9D4PAH6,1,1,0.0,1.0,0.0,0.0
pos__A0A9D4PKU7,1,1,1.0,0.0,0.0,0.0
pos__A0A9D4PQS7,1,2,0.0,0.0,0.0,2.0
pos__A0A9J6BCB5,1,2,2.0,0.0,0.0,0.0
pos__A0A9J6BCQ7,1,1,1.0,0.0,0.0,0.0
pos__A0A9J6BE58,1,1,1.0,0.0,0.0,0.0
pos__A0A9J6BE75,1,1,1.0,0.0,0.0,0.0
pos__A0A9J6BFN0,1,1,1.0,0.0,0.0,0.0
pos__A0A9J6BG56,1,1,1.0,0.0,0.0,0.0
pos__A0A9J6BIU3,1,1,0.0,0.0,1.0,0.0
pos__A0A9J6BIY1,1,1,0.0,1.0,0.0,0.0
pos__A0A9J6BJJ5,1,1,1.0,0.0,0.0,0.0
pos__A0A9J6BKC4,1,1,0.0,0.0,1.0,0.0
pos__A0A9J6BMT0,1,2,2.0,0.0,0.0,0.0
pos__A0A9J6BSV3,1,1,0.0,1.0,0.0,0.0
pos__A0A9J6BWX1,1,1,1.0,0.0,0.0,0.0
pos__A0A9J6BXK9,1,1,0.0,1.0,0.0,0.0
pos__A0A9J6BYF7,1,1,1.0,0.0,0.0,0.0
pos__A0A9J6BZG7,1,1,1.0,0.0,0.0,0.0
pos__A0A9J6BZS7,1,1,1.0,0.0,0.0,0.0
pos__A0A9J6C2Y6,1,1,0.0,0.0,1.0,0.0
pos__A0A9J6C721,1,1,1.0,0.0,0.0,0.0
pos__A0A9J6CBN7,1,1,1.0,0.0,0.0,0.0
pos__A0A9J6CD96,1,1,0.0,0.0,1.0,0.0
pos__A0A9J6CDH3,1,2,1.0,1.0,0.0,0.0
pos__A0A9J6CDR6,1,2,2.0,0.0,0.0,0.0
pos__A0A9J6CEC7,1,1,1.0,0.0,0.0,0.0
pos__A0A9J6CHS7,1,1,1.0,0.0,0.0,0.0
pos__A0A9J6CK13,1,1,1.0,0.0,0.0,0.0
pos__A0A9J6CR11,1,1,0.0,1.0,0.0,0.0
pos__A0A9J6CRS6,1,1,1.0,0.0,0.0,0.0
pos__A0A9J6DLJ2,1,1,0.0,0.0,0.0,1.0
pos__A0A9J6DQ06,1,1,0.0,1.0,0.0,0.0
pos__A0A9J6EE16,1,1,1.0,0.0,0.0,0.0
pos__A0A9J6FQU0,1,1,1.0,0.0,0.0,0.0
pos__A0A9J6G3M4,1,1,1.0,0.0,0.0,0.0
pos__A0A9J6G7G6,1,1,0.0,0.0,1.0,0.0
pos__A0A9J6GL01,1,5,5.0,0.0,0.0,0.0
pos__A0A9J6GS99,1,1,1.0,0.0,0.0,0.0
pos__A0A9J6H3X3,1,1,0.0,0.0,1.0,0.0
pos__A0A9J7CHU3,1,3,3.0,0.0,0.0,0.0
pos__A0A9J7CXJ7,1,1,1.0,0.0,0.0,0.0
pos__A0A9J7DR32,1,3,0.0,0.0,0.0,3.0
pos__A0A9J7E4B0,1,2,0.0,0.0,0.0,2.0
pos__A0A9J7E5M8,1,2,2.0,0.0,0.0,0.0
pos__A0A9J7E6A4,1,2,2.0,0.0,0.0,0.0
pos__A0A9J7E9Y2,1,2,2.0,0.0,0.0,0.0
pos__A0A9J7EEE8,1,6,0.0,6.0,0.0,0.0
pos__A0A9J7EG08,1,2,0.0,2.0,0.0,0.0
pos__A0A9J7EHB3,1,4,0.0,0.0,0.0,4.0
pos__A0A9J7ELV4,1,2,0.0,2.0,0.0,0.0
pos__A0A9J7EU68,1,15,15.0,0.0,0.0,0.0
pos__A0A9J7EUU2,1,2,2.0,0.0,0.0,0.0
pos__A0A9J7IKG8,1,1,0.0,1.0,0.0,0.0
pos__A0A9J7X9H1,1,307,277.0,22.0,6.0,2.0
pos__A0A9J7XBA8,1,47,39.0,6.0,0.0,2.0
pos__A0A9J8CG82,1,2,2.0,0.0,0.0,0.0
pos__A0A9L0IBM6,1,1,1.0,0.0,0.0,0.0
pos__A0A9L0KLW7,1,74,71.0,3.0,0.0,0.0
pos__A0A9L0R602,1,78,76.0,1.0,1.0,0.0
pos__A0A9L0RUB5,1,1,1.0,0.0,0.0,0.0
pos__A0A9L0RZZ3,1,1,1.0,0.0,0.0,0.0
pos__A0A9L0S4G4,1,30,16.0,14.0,0.0,0.0
pos__A0A9L0SZK2,1,1,1.0,0.0,0.0,0.0
pos__A0A9L0TLD5,1,1,1.0,0.0,0.0,0.0
pos__A0A9N7U968,1,1,0.0,1.0,0.0,0.0
pos__A0A9N7UVZ0,1,1,0.0,1.0,0.0,0.0
pos__A0A9N7YFQ7,1,1,1.0,0.0,0.0,0.0
pos__A0A9N7YIU6,1,2,2.0,0.0,0.0,0.0
pos__A0A9N7YRK7,1,1,1.0,0.0,0.0,0.0
pos__A0A9N8KPN8,1,2,0.0,2.0,0.0,0.0
pos__A0A9N8KS65,1,15,15.0,0.0,0.0,0.0
pos__A0A9N8KVC9,1,1,1.0,0.0,0.0,0.0
pos__A0A9N8KW21,1,2,0.0,0.0,0.0,2.0
pos__A0A9N8KWW1,1,1,1.0,0.0,0.0,0.0
pos__A0A9N8KZH5,1,2,2.0,0.0,0.0,0.0
pos__A0A9N8PXY4,1,2,1.0,1.0,0.0,0.0
pos__A0A9N8PZB4,1,9,9.0,0.0,0.0,0.0
pos__A0A9N8Q2Z0,1,1,0.0,0.0,0.0,1.0
pos__A0A9N9MKT6,1,1,1.0,0.0,0.0,0.0
pos__A0A9N9MYB1,1,1,1.0,0.0,0.0,0.0
pos__A0A9N9QM71,1,1,1.0,0.0,0.0,0.0
pos__A0A9N9QNG1,1,1,1.0,0.0,0.0,0.0
pos__A0A9N9R0E6,1,21,21.0,0.0,0.0,0.0
pos__A0A9N9R2F0,1,1,1.0,0.0,0.0,0.0
pos__A0A9N9R9T6,1,1,0.0,1.0,0.0,0.0
pos__A0A9N9RBN0,1,1,0.0,0.0,1.0,0.0
pos__A0A9N9RGR3,1,2,0.0,2.0,0.0,0.0
pos__A0A9N9RHC9,1,1,0.0,1.0,0.0,0.0
pos__A0A9N9RJV4,1,1,1.0,0.0,0.0,0.0
pos__A0A9N9RK73,1,1,1.0,0.0,0.0,0.0
pos__A0A9N9RKX2,1,1,0.0,1.0,0.0,0.0
pos__A0A9N9RL07,1,1,0.0,0.0,0.0,1.0
pos__A0A9N9RLB8,1,1,0.0,0.0,1.0,0.0
pos__A0A9N9RLN4,1,1,1.0,0.0,0.0,0.0
pos__A0A9N9RPP6,1,1,0.0,0.0,0.0,1.0
pos__A0A9N9RQI7,1,1,1.0,0.0,0.0,0.0
pos__A0A9N9RQT6,1,1,1.0,0.0,0.0,0.0
pos__A0A9N9RT32,1,1,0.0,0.0,1.0,0.0
pos__A0A9N9RT50,1,1,1.0,0.0,0.0,0.0
pos__A0A9N9RTZ2,1,1,1.0,0.0,0.0,0.0
pos__A0A9N9RV49,1,1,0.0,1.0,0.0,0.0
pos__A0A9N9RV78,1,1,1.0,0.0,0.0,0.0
pos__A0A9N9RY48,1,1,1.0,0.0,0.0,0.0
pos__A0A9N9S0N9,1,1,1.0,0.0,0.0,0.0
pos__A0A9N9S0T2,1,1,0.0,1.0,0.0,0.0
pos__A0A9N9S625,1,2,2.0,0.0,0.0,0.0
pos__A0A9N9S637,1,1,0.0,1.0,0.0,0.0
pos__A0A9N9S655,1,1,1.0,0.0,0.0,0.0
pos__A0A9N9S687,1,2,0.0,2.0,0.0,0.0
pos__A0A9N9S6I6,1,1,0.0,1.0,0.0,0.0
pos__A0A9N9S7B5,1,1,0.0,0.0,1.0,0.0
pos__A0A9N9S9R8,1,1,1.0,0.0,0.0,0.0
pos__A0A9N9SAA9,1,1,0.0,0.0,1.0,0.0
pos__A0A9N9SBJ5,1,1,1.0,0.0,0.0,0.0
pos__A0A9N9SM52,1,1,1.0,0.0,0.0,0.0
pos__A0A9N9SN53,1,1,0.0,0.0,0.0,1.0
pos__A0A9N9SNS6,1,1,1.0,0.0,0.0,0.0
pos__A0A9N9SRQ8,1,1,1.0,0.0,0.0,0.0
pos__A0A9N9T2N5,1,1,1.0,0.0,0.0,0.0
pos__A0A9N9T6T8,1,1,0.0,1.0,0.0,0.0
pos__A0A9N9T874,1,2,2.0,0.0,0.0,0.0
pos__A0A9N9TN79,1,1,1.0,0.0,0.0,0.0
pos__A0A9N9TQ92,1,2,0.0,2.0,0.0,0.0
pos__A0A9N9WBP6,1,2,2.0,0.0,0.0,0.0
pos__A0A9N9WBS4,1,1,1.0,0.0,0.0,0.0
pos__A0A9N9WDC4,1,2,2.0,0.0,0.0,0.0
pos__A0A9N9WIA2,1,2,0.0,0.0,2.0,0.0
pos__A0A9N9WK56,1,1,0.0,0.0,0.0,1.0
pos__A0A9N9WKK2,1,1,0.0,0.0,0.0,1.0
pos__A0A9N9WMV2,1,1,1.0,0.0,0.0,0.0
pos__A0A9N9WS65,1,1,0.0,0.0,0.0,1.0
pos__A0A9N9WXN4,1,1,1.0,0.0,0.0,0.0
pos__A0A9N9WZI8,1,1,1.0,0.0,0.0,0.0
pos__A0A9N9X511,1,1,1.0,0.0,0.0,0.0
pos__A0A9N9X812,1,1,1.0,0.0,0.0,0.0
pos__A0A9N9XN34,1,1,1.0,0.0,0.0,0.0
pos__A0A9N9Y4V1,1,1,1.0,0.0,0.0,0.0
pos__A0A9N9ZLR7,1,4,4.0,0.0,0.0,0.0
pos__A0A9P0A512,1,1,0.0,0.0,1.0,0.0
pos__A0A9P0AM12,1,1,0.0,1.0,0.0,0.0
pos__A0A9P0BQJ8,1,2,2.0,0.0,0.0,0.0
pos__A0A9P0BSN1,1,1,1.0,0.0,0.0,0.0
pos__A0A9P0BSP9,1,1,0.0,1.0,0.0,0.0
pos__A0A9P0BV47,1,2,2.0,0.0,0.0,0.0
pos__A0A9P0BWC2,1,1,1.0,0.0,0.0,0.0
pos__A0A9P0C0E1,1,1,1.0,0.0,0.0,0.0
pos__A0A9P0C0J3,1,1,1.0,0.0,0.0,0.0
pos__A0A9P0C0R4,1,2,2.0,0.0,0.0,0.0
pos__A0A9P0C2Q6,1,1,1.0,0.0,0.0,0.0
pos__A0A9P0C378,1,1,0.0,0.0,0.0,1.0
pos__A0A9P0C4J5,1,1,0.0,0.0,0.0,1.0
pos__A0A9P0C7B0,1,5,5.0,0.0,0.0,0.0
pos__A0A9P0CA69,1,1,0.0,0.0,0.0,1.0
pos__A0A9P0D4W0,1,1,1.0,0.0,0.0,0.0
pos__A0A9P0D968,1,1,1.0,0.0,0.0,0.0
pos__A0A9P0DCB0,1,1,0.0,1.0,0.0,0.0
pos__A0A9P0DCU9,1,1,0.0,1.0,0.0,0.0
pos__A0A9P0DH88,1,1,1.0,0.0,0.0,0.0
pos__A0A9P0DHQ8,1,1,1.0,0.0,0.0,0.0
pos__A0A9P0DIT0,1,1,1.0,0.0,0.0,0.0
pos__A0A9P0DKU0,1,1,1.0,0.0,0.0,0.0
pos__A0A9P0DTL4,1,1,1.0,0.0,0.0,0.0
pos__A0A9P0DWX5,1,1,1.0,0.0,0.0,0.0
pos__A0A9P0E3U0,1,1,0.0,1.0,0.0,0.0
pos__A0A9P0E4B0,1,1,0.0,1.0,0.0,0.0
pos__A0A9P0E6E0,1,1,1.0,0.0,0.0,0.0
pos__A0A9P0FDV8,1,1,1.0,0.0,0.0,0.0
pos__A0A9P0FWA3,1,1,0.0,1.0,0.0,0.0
pos__A0A9P0FWG1,1,1,0.0,0.0,0.0,1.0
pos__A0A9P0FX80,1,2,2.0,0.0,0.0,0.0
pos__A0A9P0FZ55,1,1,0.0,1.0,0.0,0.0
pos__A0A9P0G044,1,3,3.0,0.0,0.0,0.0
pos__A0A9P0GD56,1,1,1.0,0.0,0.0,0.0
pos__A0A9P0GHZ3,1,1,0.0,0.0,0.0,1.0
pos__A0A9P0GNC0,1,1,0.0,0.0,0.0,1.0
pos__A0A9P0GU67,1,1,1.0,0.0,0.0,0.0
pos__A0A9P0H0T8,1,1,0.0,0.0,1.0,0.0
pos__A0A9P0H2P0,1,1,1.0,0.0,0.0,0.0
pos__A0A9P0HAC3,1,1,1.0,0.0,0.0,0.0
pos__A0A9P0HC26,1,1,1.0,0.0,0.0,0.0
pos__A0A9P0HEP6,1,1,1.0,0.0,0.0,0.0
pos__A0A9P0HEW2,1,1,0.0,0.0,1.0,0.0
pos__A0A9P0HF71,1,1,1.0,0.0,0.0,0.0
pos__A0A9P0HFL5,1,1,1.0,0.0,0.0,0.0
pos__A0A9P0HFN1,1,2,2.0,0.0,0.0,0.0
pos__A0A9P0HJ08,1,1,1.0,0.0,0.0,0.0
pos__A0A9P0HYI2,1,4,0.0,0.0,4.0,0.0
pos__A0A9P0HYT4,1,1,1.0,0.0,0.0,0.0
pos__A0A9P0ID87,1,3,0.0,3.0,0.0,0.0
pos__A0A9P0IDH9,1,2,0.0,0.0,0.0,2.0
pos__A0A9P0II35,1,23,22.0,1.0,0.0,0.0
pos__A0A9P0IV64,1,1,1.0,0.0,0.0,0.0
pos__A0A9P0J305,1,1,0.0,1.0,0.0,0.0
pos__A0A9P0J4N2,1,1,0.0,1.0,0.0,0.0
pos__A0A9P0J599,1,1,1.0,0.0,0.0,0.0
pos__A0A9P0JL77,1,1,0.0,1.0,0.0,0.0
pos__A0A9P0JVK2,1,1,0.0,0.0,0.0,1.0
pos__A0A9P0K324,1,1,1.0,0.0,0.0,0.0
pos__A0A9P0KNT9,1,1,0.0,1.0,0.0,0.0
pos__A0A9P0KVP9,1,1,1.0,0.0,0.0,0.0
pos__A0A9P0KZC1,1,1,1.0,0.0,0.0,0.0
pos__A0A9P0LML7,1,1,0.0,1.0,0.0,0.0
pos__A0A9P0LXA2,1,2,0.0,0.0,2.0,0.0
pos__A0A9P0M4W8,1,1,0.0,0.0,0.0,1.0
pos__A0A9P0MQG5,1,1,1.0,0.0,0.0,0.0
pos__A0A9P0MWT7,1,1,1.0,0.0,0.0,0.0
pos__A0A9P0MZB8,1,5,5.0,0.0,0.0,0.0
pos__A0A9P0MZD9,1,5,5.0,0.0,0.0,0.0
pos__A0A9P0MZJ3,1,5,5.0,0.0,0.0,0.0
pos__A0A9P0N1W7,1,5,5.0,0.0,0.0,0.0
pos__A0A9P0N4E0,1,2,0.0,0.0,0.0,2.0
pos__A0A9P0NKF4,1,1,1.0,0.0,0.0,0.0
pos__A0A9P0NWX4,1,1,1.0,0.0,0.0,0.0
pos__A0A9P0P4B0,1,1,0.0,0.0,0.0,1.0
pos__A0A9P0PAA3,1,2,0.0,2.0,0.0,0.0
pos__A0A9P0PFB7,1,1,0.0,1.0,0.0,0.0
pos__A0A9P0PGR0,1,1,0.0,1.0,0.0,0.0
pos__A0A9P0PT75,1,2,2.0,0.0,0.0,0.0
pos__A0A9P0PU10,1,2,2.0,0.0,0.0,0.0
pos__A0A9P0STH8,1,2,0.0,0.0,0.0,2.0
pos__A0A9P0SUP5,1,2,0.0,0.0,0.0,2.0
pos__A0A9P0SVE5,1,2,0.0,0.0,0.0,2.0
pos__A0A9P0SZA1,1,2,2.0,0.0,0.0,0.0
pos__A0A9P0T4B6,1,2,2.0,0.0,0.0,0.0
pos__A0A9P0TBB8,1,2,0.0,0.0,0.0,2.0
pos__A0A9P0TMR0,1,1,1.0,0.0,0.0,0.0
pos__A0A9P0TMR1,1,1,0.0,0.0,1.0,0.0
pos__A0A9P0TN68,1,1,0.0,0.0,0.0,1.0
pos__A0A9P0TNQ9,1,1,0.0,1.0,0.0,0.0
pos__A0A9P0TP64,1,2,2.0,0.0,0.0,0.0
pos__A0A9P0TPX3,1,1,1.0,0.0,0.0,0.0
pos__A0A9P0TQ36,1,1,1.0,0.0,0.0,0.0
pos__A0A9P0TSV3,1,1,0.0,1.0,0.0,0.0
pos__A0A9P0TTM3,1,2,2.0,0.0,0.0,0.0
pos__A0A9P0TTV1,1,3,3.0,0.0,0.0,0.0
pos__A0A9P0TTW0,1,1,1.0,0.0,0.0,0.0
pos__A0A9P0X4A3,1,1,1.0,0.0,0.0,0.0
pos__A0A9P0X5I2,1,1,0.0,1.0,0.0,0.0
pos__A0A9P0X9F9,1,1,0.0,0.0,0.0,1.0
pos__A0A9P0XBA0,1,5,5.0,0.0,0.0,0.0
pos__A0A9P0XCU0,1,1,0.0,1.0,0.0,0.0
pos__A0A9P0XDZ1,1,2,2.0,0.0,0.0,0.0
pos__A0A9P0XED7,1,2,2.0,0.0,0.0,0.0
pos__A0A9P0XFF3,1,1,1.0,0.0,0.0,0.0
pos__A0A9P0XG80,1,2,2.0,0.0,0.0,0.0
pos__A0A9P0XHJ4,1,2,2.0,0.0,0.0,0.0
pos__A0A9P0XI67,1,1,0.0,1.0,0.0,0.0
pos__A0A9P9YG48,1,1,1.0,0.0,0.0,0.0
pos__A0A9P9YK80,1,1,0.0,0.0,1.0,0.0
pos__A0A9P9YKN0,1,1,0.0,1.0,0.0,0.0
pos__A0A9P9YKW5,1,11,11.0,0.0,0.0,0.0
pos__A0A9P9YNF9,1,12,2.0,0.0,10.0,0.0
pos__A0A9P9YQ82,1,5,0.0,0.0,5.0,0.0
pos__A0A9P9YSR4,1,12,0.0,0.0,12.0,0.0
pos__A0A9P9YTX3,1,5,5.0,0.0,0.0,0.0
pos__A0A9Q0BKZ7,1,1,1.0,0.0,0.0,0.0
pos__A0A9Q0BM00,1,1,0.0,1.0,0.0,0.0
pos__A0A9Q0BMZ8,1,4,0.0,4.0,0.0,0.0
pos__A0A9Q0BN06,1,1,1.0,0.0,0.0,0.0
pos__A0A9Q0BQG2,1,4,0.0,4.0,0.0,0.0
pos__A0A9Q0BQJ9,1,1,0.0,0.0,0.0,1.0
pos__A0A9Q0BSI7,1,1,0.0,1.0,0.0,0.0
pos__A0A9Q0BUU5,1,23,23.0,0.0,0.0,0.0
pos__A0A9Q0BVQ3,1,3,3.0,0.0,0.0,0.0
pos__A0A9Q0BW05,1,1,1.0,0.0,0.0,0.0
pos__A0A9Q0EG53,1,1,0.0,1.0,0.0,0.0
pos__A0A9Q0I4U0,1,1,0.0,1.0,0.0,0.0
pos__A0A9Q0M0S1,1,1,0.0,0.0,0.0,1.0
pos__A0A9Q0M2B9,1,1,0.0,1.0,0.0,0.0
pos__A0A9Q0M4R6,1,1,0.0,1.0,0.0,0.0
pos__A0A9Q0MCW2,1,1,1.0,0.0,0.0,0.0
pos__A0A9Q0MG83,1,1,0.0,1.0,0.0,0.0
pos__A0A9Q0MGF2,1,1,1.0,0.0,0.0,0.0
pos__A0A9Q0ML40,1,1,1.0,0.0,0.0,0.0
pos__A0A9Q0ML43,1,1,0.0,1.0,0.0,0.0
pos__A0A9Q0MLU2,1,3,0.0,0.0,3.0,0.0
pos__A0A9Q0MM77,1,1,1.0,0.0,0.0,0.0
pos__A0A9Q0MNG0,1,1,1.0,0.0,0.0,0.0
pos__A0A9Q0MWJ2,1,1,1.0,0.0,0.0,0.0
pos__A0A9Q0MXG6,1,1,1.0,0.0,0.0,0.0
pos__A0A9Q0N4P6,1,1,0.0,0.0,1.0,0.0
pos__A0A9Q0NH01,1,2,0.0,0.0,2.0,0.0
pos__A0A9Q0RQ37,1,1,1.0,0.0,0.0,0.0
pos__A0A9Q0RV00,1,1,0.0,0.0,1.0,0.0
pos__A0A9Q0RV20,1,1,1.0,0.0,0.0,0.0
pos__A0A9Q0X6A3,1,2,2.0,0.0,0.0,0.0
pos__A0A9Q0XAX7,1,1,1.0,0.0,0.0,0.0
pos__A0A9Q0XBY8,1,1,1.0,0.0,0.0,0.0
pos__A0A9Q0XGI4,1,1,1.0,0.0,0.0,0.0
pos__A0A9Q0XKY4,1,1,1.0,0.0,0.0,0.0
pos__A0A9Q0XLP4,1,1,1.0,0.0,0.0,0.0
pos__A0A9Q0XLZ9,1,1,1.0,0.0,0.0,0.0
pos__A0A9Q1AV02,1,1,1.0,0.0,0.0,0.0
pos__A0A9Q1CY79,1,1,1.0,0.0,0.0,0.0
pos__A0A9Q1D532,1,1,1.0,0.0,0.0,0.0
pos__A0A9Q1DHQ5,1,2,0.0,0.0,0.0,2.0
pos__A0A9Q1DQX2,1,1,0.0,1.0,0.0,0.0
pos__A0A9Q1DR34,1,1,0.0,1.0,0.0,0.0
pos__A0A9Q1DRQ5,1,2,2.0,0.0,0.0,0.0
pos__A0A9Q1F7C4,1,3,3.0,0.0,0.0,0.0
pos__A0A9Q1G336,1,2,2.0,0.0,0.0,0.0
pos__A0A9Q1GET3,1,2,0.0,2.0,0.0,0.0
pos__A0A9Q1GGF3,1,1,0.0,0.0,1.0,0.0
pos__A0A9Q1IHN0,1,1,0.0,0.0,0.0,1.0
pos__A0A9R0D5M7,1,6,6.0,0.0,0.0,0.0
pos__A0A9R0DCR4,1,1,0.0,1.0,0.0,0.0
pos__A0A9R0DD26,1,3,3.0,0.0,0.0,0.0
pos__A0A9R0DFH8,1,1,0.0,1.0,0.0,0.0
pos__A0A9R0DMR8,1,8,0.0,8.0,0.0,0.0
pos__A0A9R0DNP7,1,2,2.0,0.0,0.0,0.0
pos__A0A9R0DUW9,1,1,0.0,0.0,0.0,1.0
pos__A0A9R0DZ41,1,7,0.0,7.0,0.0,0.0
pos__A0A9R0DZ48,1,2,0.0,0.0,0.0,2.0
pos__A0A9R0E3M6,1,2,0.0,2.0,0.0,0.0
pos__A0A9R0ENU8,1,11,9.0,2.0,0.0,0.0
pos__A0A9R0EP65,1,2,0.0,2.0,0.0,0.0
pos__A0A9R0EPB7,1,1,0.0,1.0,0.0,0.0
pos__A0A9R0ESV3,1,6,0.0,6.0,0.0,0.0
pos__A0A9R0EUU3,1,2,0.0,0.0,0.0,2.0
pos__A0A9R0EV24,1,4,3.0,1.0,0.0,0.0
pos__A0A9R0EZI2,1,1,0.0,0.0,0.0,1.0
pos__A0A9R0EZX5,1,21,21.0,0.0,0.0,0.0
pos__A0A9R1SU45,1,1,1.0,0.0,0.0,0.0
pos__A0A9R1TE90,1,1,1.0,0.0,0.0,0.0
pos__A0A9V1GKM4,1,1,1.0,0.0,0.0,0.0
pos__A0A9W2XTB5,1,1,0.0,0.0,0.0,1.0
pos__A0A9W2XU67,1,102,83.0,3.0,15.0,1.0
pos__A0A9W3A1C7,1,1,1.0,0.0,0.0,0.0
pos__A0A9W3B0E6,1,1,0.0,1.0,0.0,0.0
pos__A0A9W3F800,1,2,2.0,0.0,0.0,0.0
pos__A0A9W3H2I0,1,2,0.0,0.0,2.0,0.0
pos__A0A9W7T6D2,1,1,1.0,0.0,0.0,0.0
pos__A0A9W7T7D8,1,1,0.0,1.0,0.0,0.0
pos__A0A9W7TCV7,1,4,3.0,0.0,1.0,0.0
pos__A0A9W7TQS6,1,2,2.0,0.0,0.0,0.0
pos__A0A9W7TQZ8,1,4,4.0,0.0,0.0,0.0
pos__A0A9W7WU27,1,1,0.0,0.0,0.0,1.0
pos__A0A9W7WUA2,1,2,0.0,1.0,0.0,1.0
pos__A0A9W8C6H9,1,1,0.0,0.0,0.0,1.0
pos__A0A9W8GR95,1,2,0.0,2.0,0.0,0.0
pos__A0A9W9YLN5,1,1,0.0,0.0,1.0,0.0
pos__A0A9W9ZHZ8,1,1,0.0,0.0,1.0,0.0
pos__A0A9X0ADX4,1,1,1.0,0.0,0.0,0.0
pos__A0A9X0DAY3,1,1,0.0,1.0,0.0,0.0
pos__A0A9X3IYJ7,1,1,0.0,1.0,0.0,0.0
pos__A0A9X4H170,1,2,0.0,0.0,0.0,2.0
pos__A0A9X8H8P8,1,4,3.0,0.0,1.0,0.0
pos__A0A9X9LQV0,1,251,225.0,25.0,1.0,0.0
pos__A0A9X9M1E8,1,2,0.0,2.0,0.0,0.0
pos__A0A9Y2JKM7,1,1,0.0,1.0,0.0,0.0
pos__A0A9Y3S1R6,1,5,1.0,2.0,2.0,0.0
pos__A0A9Y3VWZ8,1,2,0.0,0.0,0.0,2.0
pos__A0A9Y4K048,1,3,0.0,0.0,0.0,3.0
pos__A0A9Y4K7A6,1,2,1.0,1.0,0.0,0.0
pos__A0A9Y4NHM2,1,16,16.0,0.0,0.0,0.0
pos__A0A9Y4NJV9,1,6,4.0,2.0,0.0,0.0
pos__A0AA35KSA9,1,3,2.0,0.0,1.0,0.0
pos__A0AA35QFH9,1,6,6.0,0.0,0.0,0.0
pos__A0AA36GW26,1,3,3.0,0.0,0.0,0.0
pos__A0AA36MJE2,1,1,0.0,1.0,0.0,0.0
pos__A0AA38HYB2,1,1,1.0,0.0,0.0,0.0
pos__A0AA38I267,1,1,1.0,0.0,0.0,0.0
pos__A0AA38I2D3,1,1,1.0,0.0,0.0,0.0
pos__A0AA38I590,1,1,0.0,1.0,0.0,0.0
pos__A0AA38IA81,1,1,0.0,1.0,0.0,0.0
pos__A0AA38IAP1,1,2,2.0,0.0,0.0,0.0
pos__A0AA38ID51,1,1,1.0,0.0,0.0,0.0
pos__A0AA38ID84,1,2,0.0,2.0,0.0,0.0
pos__A0AA38IEM9,1,2,2.0,0.0,0.0,0.0
pos__A0AA38IFI7,1,1,1.0,0.0,0.0,0.0
pos__A0AA38ILS6,1,1,1.0,0.0,0.0,0.0
pos__A0AA38IM34,1,1,1.0,0.0,0.0,0.0
pos__A0AA38IMH9,1,1,1.0,0.0,0.0,0.0
pos__A0AA38IRD0,1,1,1.0,0.0,0.0,0.0
pos__A0AA38IRG1,1,1,0.0,0.0,0.0,1.0
pos__A0AA38ISB8,1,1,0.0,1.0,0.0,0.0
pos__A0AA38IUZ1,1,1,1.0,0.0,0.0,0.0
pos__A0AA38IWP8,1,1,1.0,0.0,0.0,0.0
pos__A0AA38M4M3,1,1,1.0,0.0,0.0,0.0
pos__A0AA38M4Y1,1,2,2.0,0.0,0.0,0.0
pos__A0AA38MAB7,1,1,1.0,0.0,0.0,0.0
pos__A0AA38ME30,1,1,1.0,0.0,0.0,0.0
pos__A0AA38MEA3,1,3,3.0,0.0,0.0,0.0
pos__A0AA38MEF6,1,3,1.0,1.0,1.0,0.0
pos__A0AA38MQ72,1,1,1.0,0.0,0.0,0.0
pos__A0AA39C7G3,1,1,1.0,0.0,0.0,0.0
pos__A0AA39C7H5,1,2,2.0,0.0,0.0,0.0
pos__A0AA39CAT6,1,2,2.0,0.0,0.0,0.0
pos__A0AA39F1Z3,1,3,0.0,0.0,3.0,0.0
pos__A0AA39FAM4,1,2,0.0,2.0,0.0,0.0
pos__A0AA39FCV0,1,1,0.0,0.0,1.0,0.0
pos__A0AA39FHD2,1,1,0.0,0.0,0.0,1.0
pos__A0AA39FR93,1,1,1.0,0.0,0.0,0.0
pos__A0AA39FYB4,1,2,2.0,0.0,0.0,0.0
pos__A0AA39FYK7,1,1,1.0,0.0,0.0,0.0
pos__A0AA39FZ45,1,1,1.0,0.0,0.0,0.0
pos__A0AA39G534,1,1,1.0,0.0,0.0,0.0
pos__A0AA39H904,1,1,1.0,0.0,0.0,0.0
pos__A0AA39ISH7,1,1,1.0,0.0,0.0,0.0
pos__A0AA39KV42,1,2,2.0,0.0,0.0,0.0
pos__A0AA39LDR2,1,1,1.0,0.0,0.0,0.0
pos__A0AA39LLW2,1,1,0.0,1.0,0.0,0.0
pos__A0AA39LXJ6,1,1,0.0,1.0,0.0,0.0
pos__A0AA39M3A1,1,1,0.0,1.0,0.0,0.0
pos__A0AA40G4V2,1,4,0.0,0.0,4.0,0.0
pos__A0AA40HET3,1,1,0.0,1.0,0.0,0.0
pos__A0AA40HEY0,1,2,2.0,0.0,0.0,0.0
pos__A0AA40KJJ7,1,6,5.0,1.0,0.0,0.0
pos__A0AA40KN43,1,1,0.0,1.0,0.0,0.0
pos__A0AA41MBZ6,1,8,0.0,0.0,8.0,0.0
pos__A0AA41MDU2,1,1,0.0,1.0,0.0,0.0
pos__A0AA41N2A5,1,1,0.0,0.0,1.0,0.0
pos__A0AA47M1N6,1,1,0.0,1.0,0.0,0.0
pos__A0AA47NSA6,1,1,1.0,0.0,0.0,0.0
pos__A0AA47P4T6,1,1,0.0,0.0,0.0,1.0
pos__A0AA85C4E9,1,1,1.0,0.0,0.0,0.0
pos__A0AA88HE41,1,1,1.0,0.0,0.0,0.0
pos__A0AA88IS31,1,1,1.0,0.0,0.0,0.0
pos__A0AA88LJU2,1,1,1.0,0.0,0.0,0.0
pos__A0AA88LZG2,1,2,0.0,2.0,0.0,0.0
pos__A0AA88MWG0,1,1,1.0,0.0,0.0,0.0
pos__A0AA88MWV0,1,1,0.0,0.0,0.0,1.0
pos__A0AA88N2R2,1,1,0.0,0.0,0.0,1.0
pos__A0AA88PBA8,1,1,1.0,0.0,0.0,0.0
pos__A0AA88PU26,1,41,38.0,1.0,2.0,0.0
pos__A0AA88QI56,1,4,0.0,0.0,0.0,4.0
pos__A0AA88TB11,1,1,0.0,1.0,0.0,0.0
pos__A0AA88TJD6,1,3,3.0,0.0,0.0,0.0
pos__A0AA88TQD1,1,1,0.0,1.0,0.0,0.0
pos__A0AA88TS57,1,1,1.0,0.0,0.0,0.0
pos__A0AA97KDD5,1,1,1.0,0.0,0.0,0.0
pos__A0AA97KG80,1,1,0.0,0.0,0.0,1.0
pos__A0AAA9TK48,1,37,30.0,2.0,5.0,0.0
pos__A0AAD1R6D6,1,3,3.0,0.0,0.0,0.0
pos__A0AAD4CXZ3,1,1,0.0,0.0,0.0,1.0
pos__A0AAD4JS63,1,11,11.0,0.0,0.0,0.0
pos__A0AAD4JSY6,1,2,0.0,2.0,0.0,0.0
pos__A0AAD4JUQ9,1,1,0.0,0.0,0.0,1.0
pos__A0AAD4JUR5,1,1,0.0,1.0,0.0,0.0
pos__A0AAD4JVE3,1,2,2.0,0.0,0.0,0.0
pos__A0AAD4JW12,1,19,0.0,0.0,17.0,2.0
pos__A0AAD4JW31,1,1,1.0,0.0,0.0,0.0
pos__A0AAD4JXU7,1,14,14.0,0.0,0.0,0.0
pos__A0AAD4KB58,1,2,0.0,1.0,0.0,1.0
pos__A0AAD4KC46,1,2,0.0,2.0,0.0,0.0
pos__A0AAD4PKT4,1,2,2.0,0.0,0.0,0.0
pos__A0AAD4PST9,1,5,0.0,5.0,0.0,0.0
pos__A0AAD4U6T2,1,1,0.0,0.0,0.0,1.0
pos__A0AAD5KQ52,1,1,0.0,1.0,0.0,0.0
pos__A0AAD5KQQ3,1,1,1.0,0.0,0.0,0.0
pos__A0AAD5KRT3,1,2,2.0,0.0,0.0,0.0
pos__A0AAD5LAD3,1,2,2.0,0.0,0.0,0.0
pos__A0AAD5LKF4,1,1,1.0,0.0,0.0,0.0
pos__A0AAD5Q1M3,1,2,0.0,0.0,2.0,0.0
pos__A0AAD6AF39,1,1,0.0,0.0,1.0,0.0
pos__A0AAD7RFW9,1,1,0.0,1.0,0.0,0.0
pos__A0AAD7RGA8,1,1,1.0,0.0,0.0,0.0
pos__A0AAD7RP61,1,1,1.0,0.0,0.0,0.0
pos__A0AAD7T3Z7,1,1,1.0,0.0,0.0,0.0
pos__A0AAD7TCH6,1,2,0.0,0.0,0.0,2.0
pos__A0AAD7Y945,1,1,0.0,0.0,0.0,1.0
pos__A0AAD7YAX6,1,1,0.0,0.0,0.0,1.0
pos__A0AAD7YCK5,1,1,0.0,0.0,0.0,1.0
pos__A0AAD7YFR8,1,1,1.0,0.0,0.0,0.0
pos__A0AAD7YLF5,1,1,1.0,0.0,0.0,0.0
pos__A0AAD7YLH1,1,1,1.0,0.0,0.0,0.0
pos__A0AAD7YLX1,1,1,1.0,0.0,0.0,0.0
pos__A0AAD7YMS0,1,1,0.0,1.0,0.0,0.0
pos__A0AAD7YN57,1,2,2.0,0.0,0.0,0.0
pos__A0AAD7YQK1,1,1,0.0,1.0,0.0,0.0
pos__A0AAD7Z1W6,1,1,0.0,1.0,0.0,0.0
pos__A0AAD7Z3C2,1,1,0.0,1.0,0.0,0.0
pos__A0AAD7ZHQ4,1,1,1.0,0.0,0.0,0.0
pos__A0AAD7ZTF8,1,1,0.0,0.0,1.0,0.0
pos__A0AAD7ZXI1,1,1,0.0,0.0,0.0,1.0
pos__A0AAD8AHF0,1,1,0.0,0.0,1.0,0.0
pos__A0AAD8CEU8,1,2,2.0,0.0,0.0,0.0
pos__A0AAD8CJ63,1,2,2.0,0.0,0.0,0.0
pos__A0AAD8D3A7,1,2,2.0,0.0,0.0,0.0
pos__A0AAD8DKY1,1,1,0.0,0.0,0.0,1.0
pos__A0AAD8DLQ6,1,1,1.0,0.0,0.0,0.0
pos__A0AAD8DLT8,1,1,0.0,0.0,0.0,1.0
pos__A0AAD8DMT9,1,2,0.0,0.0,0.0,2.0
pos__A0AAD8DN72,1,17,0.0,0.0,0.0,17.0
pos__A0AAD8DTM9,1,8,8.0,0.0,0.0,0.0
pos__A0AAD8DTP8,1,1,1.0,0.0,0.0,0.0
pos__A0AAD8E3K1,1,1,1.0,0.0,0.0,0.0
pos__A0AAD8EI15,1,1,1.0,0.0,0.0,0.0
pos__A0AAD8EMZ8,1,1,0.0,1.0,0.0,0.0
pos__A0AAD8ET52,1,1,0.0,0.0,1.0,0.0
pos__A0AAD8FP80,1,5,0.0,0.0,5.0,0.0
pos__A0AAD8FU23,1,1,1.0,0.0,0.0,0.0
pos__A0AAD8G913,1,3,3.0,0.0,0.0,0.0
pos__A0AAD8LS95,1,1,1.0,0.0,0.0,0.0
pos__A0AAD8LUZ2,1,1,1.0,0.0,0.0,0.0
pos__A0AAD8LVG0,1,1,1.0,0.0,0.0,0.0
pos__A0AAD8ZHX0,1,307,293.0,4.0,4.0,6.0
pos__A0AAD8ZHZ8,1,1,0.0,0.0,0.0,1.0
pos__A0AAD8ZQT8,1,3,3.0,0.0,0.0,0.0
pos__A0AAD9BPF4,1,1,0.0,1.0,0.0,0.0
pos__A0AAD9C9X0,1,1,1.0,0.0,0.0,0.0
pos__A0AAD9DM47,1,5,0.0,0.0,5.0,0.0
pos__A0AAD9DTV5,1,2,2.0,0.0,0.0,0.0
pos__A0AAD9FCX1,1,7,0.0,7.0,0.0,0.0
pos__A0AAD9RDY4,1,1,1.0,0.0,0.0,0.0
pos__A0AAD9REW1,1,1,1.0,0.0,0.0,0.0
pos__A0AAD9RPX9,1,1,1.0,0.0,0.0,0.0
pos__A0AAD9RRZ2,1,1,1.0,0.0,0.0,0.0
pos__A0AAD9RT16,1,1,1.0,0.0,0.0,0.0
pos__A0AAD9RVB9,1,1,1.0,0.0,0.0,0.0
pos__A0AAD9RW63,1,1,1.0,0.0,0.0,0.0
pos__A0AAD9VKC9,1,1,1.0,0.0,0.0,0.0
pos__A0AAD9VML6,1,2,2.0,0.0,0.0,0.0
pos__A0AAD9VRP3,1,1,1.0,0.0,0.0,0.0
pos__A0AAE0UNP3,1,1,0.0,0.0,1.0,0.0
pos__A0AAE0VQ14,1,3,3.0,0.0,0.0,0.0
pos__A0AAE1FI41,1,2,0.0,0.0,0.0,2.0
pos__A0AAE1FR51,1,1,0.0,0.0,0.0,1.0
pos__A0AAE1HID4,1,1,0.0,0.0,1.0,0.0
pos__A0AAE1PH59,1,1,1.0,0.0,0.0,0.0
pos__A0AAE1UEX6,1,2,0.0,0.0,2.0,0.0
pos__A0AAE9AY09,1,1,0.0,1.0,0.0,0.0
pos__A0AAG5CQL6,1,1,1.0,0.0,0.0,0.0
pos__A0AAG5CTV8,1,1,1.0,0.0,0.0,0.0
pos__A0AAG5CU24,1,4,4.0,0.0,0.0,0.0
pos__A0AAG5D3S3,1,2,0.0,2.0,0.0,0.0
pos__A0AAG5D4Y6,1,7,5.0,0.0,2.0,0.0
pos__A0AAG5D5H3,1,1,1.0,0.0,0.0,0.0
pos__A0AAG5DBE1,1,1,0.0,1.0,0.0,0.0
pos__A0AAG5DL86,1,1,0.0,0.0,0.0,1.0
pos__A0AAG5DT13,1,1,1.0,0.0,0.0,0.0
pos__A0AAG5DTV7,1,1,1.0,0.0,0.0,0.0
pos__A0AAJ0FTL4,1,1,0.0,0.0,1.0,0.0
pos__A0AAJ0FVF6,1,1,1.0,0.0,0.0,0.0
pos__A0AAJ6QW46,1,1,1.0,0.0,0.0,0.0
pos__A0AAJ6VLL7,1,1,1.0,0.0,0.0,0.0
pos__A0AAJ6YH27,1,1,1.0,0.0,0.0,0.0
pos__A0AAJ6YNV3,1,1,1.0,0.0,0.0,0.0
pos__A0AAJ6YWM9,1,1,1.0,0.0,0.0,0.0
pos__A0AAJ6Z738,1,4,4.0,0.0,0.0,0.0
pos__A0AAJ6ZE77,1,1,1.0,0.0,0.0,0.0
pos__A0AAJ6ZL51,1,2,2.0,0.0,0.0,0.0
pos__A0AAJ6ZMZ1,1,5,3.0,2.0,0.0,0.0
pos__A0AAJ6ZN19,1,2,2.0,0.0,0.0,0.0
pos__A0AAJ7CAI3,1,1,1.0,0.0,0.0,0.0
pos__A0AAJ7CDZ5,1,1,0.0,0.0,1.0,0.0
pos__A0AAJ7CEF1,1,1,0.0,0.0,0.0,1.0
pos__A0AAJ7CEG5,1,1,1.0,0.0,0.0,0.0
pos__A0AAJ7CEQ8,1,1,0.0,0.0,0.0,1.0
pos__A0AAJ7DYT1,1,1,1.0,0.0,0.0,0.0
pos__A0AAJ7E2C4,1,1,0.0,1.0,0.0,0.0
pos__A0AAJ7E5X2,1,1,1.0,0.0,0.0,0.0
pos__A0AAJ7E7B6,1,1,0.0,0.0,0.0,1.0
pos__A0AAJ7E9J0,1,1,0.0,1.0,0.0,0.0
pos__A0AAJ7E9R5,1,3,0.0,3.0,0.0,0.0
pos__A0AAJ7EFW0,1,2,2.0,0.0,0.0,0.0
pos__A0AAJ7EIR4,1,5,5.0,0.0,0.0,0.0
pos__A0AAJ7FEQ6,1,1,0.0,1.0,0.0,0.0
pos__A0AAJ7FPU6,1,1,1.0,0.0,0.0,0.0
pos__A0AAJ7FPV0,1,1,0.0,1.0,0.0,0.0
pos__A0AAJ7J9K6,1,1,0.0,1.0,0.0,0.0
pos__A0AAJ7J9L6,1,2,2.0,0.0,0.0,0.0
pos__A0AAJ7LHJ4,1,3,0.0,3.0,0.0,0.0
pos__A0AAJ7Q4B6,1,47,29.0,11.0,6.0,1.0
pos__A0AAJ7R8M3,1,1,1.0,0.0,0.0,0.0
pos__A0AAJ7RKH2,1,1,1.0,0.0,0.0,0.0
pos__A0AAJ7TUL4,1,1,1.0,0.0,0.0,0.0
pos__A0AAJ7U6F4,1,1,1.0,0.0,0.0,0.0
pos__A0AAJ7UCQ5,1,12,10.0,2.0,0.0,0.0
pos__A0AAJ7UEF7,1,1,1.0,0.0,0.0,0.0
pos__A0AAJ7WBW7,1,1,1.0,0.0,0.0,0.0
pos__A0AAJ8BIH4,1,1,1.0,0.0,0.0,0.0
pos__A0AAN5CZE0,1,3,3.0,0.0,0.0,0.0
pos__A0AAN7N6F7,1,1,0.0,0.0,1.0,0.0
pos__A0AAN7NVC5,1,1,1.0,0.0,0.0,0.0
pos__A0AAN7NYL9,1,1,1.0,0.0,0.0,0.0
pos__A0AAN7NYR4,1,2,2.0,0.0,0.0,0.0
pos__A0AAN7NYW7,1,1,1.0,0.0,0.0,0.0
pos__A0AAN7P118,1,1,1.0,0.0,0.0,0.0
pos__A0AAN7P2N0,1,2,2.0,0.0,0.0,0.0
pos__A0AAN7P7Q2,1,1,0.0,0.0,0.0,1.0
pos__A0AAN7P827,1,1,1.0,0.0,0.0,0.0
pos__A0AAN7P8U5,1,1,0.0,0.0,0.0,1.0
pos__A0AAN7PBN2,1,1,1.0,0.0,0.0,0.0
pos__A0AAN7PL90,1,1,1.0,0.0,0.0,0.0
pos__A0AAN7PP94,1,2,1.0,1.0,0.0,0.0
pos__A0AAN7PPC4,1,1,1.0,0.0,0.0,0.0
pos__A0AAN7PRP8,1,1,1.0,0.0,0.0,0.0
pos__A0AAN7PYG7,1,1,1.0,0.0,0.0,0.0
pos__A0AAN7Q1V5,1,1,1.0,0.0,0.0,0.0
pos__A0AAN7Q8X7,1,1,0.0,1.0,0.0,0.0
pos__A0AAN7QJU3,1,1,1.0,0.0,0.0,0.0
pos__A0AAN7S694,1,1,1.0,0.0,0.0,0.0
pos__A0AAN7SBG3,1,1,1.0,0.0,0.0,0.0
pos__A0AAN7SBT2,1,1,1.0,0.0,0.0,0.0
pos__A0AAN7SBY3,1,1,1.0,0.0,0.0,0.0
pos__A0AAN7SCG7,1,1,1.0,0.0,0.0,0.0
pos__A0AAN7SPA3,1,1,1.0,0.0,0.0,0.0
pos__A0AAN7UV26,1,1,0.0,1.0,0.0,0.0
pos__A0AAN7VBN3,1,1,1.0,0.0,0.0,0.0
pos__A0AAN7VID2,1,1,0.0,0.0,0.0,1.0
pos__A0AAN7VN06,1,1,0.0,1.0,0.0,0.0
pos__A0AAN7X0C3,1,1,0.0,1.0,0.0,0.0
pos__A0AAN7X7I9,1,1,0.0,1.0,0.0,0.0
pos__A0AAN7XK73,1,1,1.0,0.0,0.0,0.0
pos__A0AAN7ZAN8,1,1,1.0,0.0,0.0,0.0
pos__A0AAN7ZH21,1,1,1.0,0.0,0.0,0.0
pos__A0AAN8CS27,1,1,0.0,0.0,1.0,0.0
pos__A0AAN8E374,1,1,0.0,1.0,0.0,0.0
pos__A0AAN8KA78,1,9,9.0,0.0,0.0,0.0
pos__A0AAN8KXW7,1,8,0.0,0.0,0.0,8.0
pos__A0AAN8MH31,1,1,1.0,0.0,0.0,0.0
pos__A0AAN8NZL7,1,1,0.0,0.0,0.0,1.0
pos__A0AAN8P177,1,1,0.0,0.0,1.0,0.0
pos__A0AAN8P7Q5,1,1,1.0,0.0,0.0,0.0
pos__A0AAN8PFF2,1,1,1.0,0.0,0.0,0.0
pos__A0AAN8SD35,1,1,1.0,0.0,0.0,0.0
pos__A0AAN9A4H0,1,1,1.0,0.0,0.0,0.0
pos__A0AAN9D5Y5,1,2,2.0,0.0,0.0,0.0
pos__A0AAN9GZL0,1,2,2.0,0.0,0.0,0.0
pos__A0AAN9TP83,1,1,1.0,0.0,0.0,0.0
pos__A0AAN9TRT4,1,2,0.0,2.0,0.0,0.0
pos__A0AAN9VLJ8,1,1,0.0,0.0,1.0,0.0
pos__A0AAN9W295,1,1,1.0,0.0,0.0,0.0
pos__A0AAP4BQN2,1,2,0.0,0.0,0.0,2.0
pos__A0AAP4BSG9,1,1,0.0,0.0,1.0,0.0
pos__A0AAP4F4P3,1,2,0.0,0.0,0.0,2.0
pos__A0AAQ4DC20,1,2,1.0,1.0,0.0,0.0
pos__A0AAQ4DG73,1,1,0.0,0.0,0.0,1.0
pos__A0AAQ4DG74,1,1,0.0,1.0,0.0,0.0
pos__A0AAQ4DG75,1,3,0.0,1.0,0.0,2.0
pos__A0AAQ4ECP6,1,3,1.0,0.0,2.0,0.0
pos__A0AAQ4EET4,1,1,1.0,0.0,0.0,0.0
pos__A0AAQ4EUR4,1,1,0.0,1.0,0.0,0.0
pos__A0AAQ6IH91,1,2,2.0,0.0,0.0,0.0
pos__A0AAR2IMR6,1,2,0.0,2.0,0.0,0.0
pos__A0AAR2ITP7,1,2,0.0,2.0,0.0,0.0
pos__A0AAR2K8J8,1,1,0.0,0.0,0.0,1.0
pos__A0AAR2KUC0,1,2,0.0,0.0,0.0,2.0
pos__A0AAR2LGF6,1,1,1.0,0.0,0.0,0.0
pos__A0AAU9FIW4,1,1,0.0,1.0,0.0,0.0
pos__A0AAU9FLT9,1,1,0.0,0.0,0.0,1.0
pos__A0AAU9FM76,1,4,0.0,4.0,0.0,0.0
pos__A0AAU9FQ21,1,2,0.0,0.0,2.0,0.0
pos__A0AAU9FUN9,1,2,2.0,0.0,0.0,0.0
pos__A0AAU9G2D6,1,2,0.0,0.0,0.0,2.0
pos__A0AAU9KLN4,1,2,0.0,0.0,0.0,2.0
pos__A0AAU9LIZ9,1,7,0.0,0.0,0.0,7.0
pos__A0AAU9T8G0,1,2,2.0,0.0,0.0,0.0
pos__A0AAU9THJ9,1,2,2.0,0.0,0.0,0.0
pos__A0AAU9TI58,1,1,0.0,0.0,0.0,1.0
pos__A0AAU9TJ39,1,2,2.0,0.0,0.0,0.0
pos__A0AAU9TJA6,1,1,0.0,0.0,1.0,0.0
pos__A0AAU9TKD8,1,1,1.0,0.0,0.0,0.0
pos__A0AAU9TN70,1,1,1.0,0.0,0.0,0.0
pos__A0AAU9TSB4,1,1,1.0,0.0,0.0,0.0
pos__A0AAU9TTI9,1,1,1.0,0.0,0.0,0.0
pos__A0AAU9TUX6,1,3,3.0,0.0,0.0,0.0
pos__A0AAU9TVX4,1,2,2.0,0.0,0.0,0.0
pos__A0AAU9TW64,1,2,2.0,0.0,0.0,0.0
pos__A0AAU9TWW0,1,1,1.0,0.0,0.0,0.0
pos__A0AAU9TXC5,1,3,0.0,3.0,0.0,0.0
pos__A0AAU9TZB3,1,1,1.0,0.0,0.0,0.0
pos__A0AAU9U627,1,1,0.0,0.0,1.0,0.0
pos__A0AAU9U6G7,1,1,1.0,0.0,0.0,0.0
pos__A0AAU9U6V1,1,5,5.0,0.0,0.0,0.0
pos__A0AAU9U781,1,2,2.0,0.0,0.0,0.0
pos__A0AAU9U821,1,2,0.0,0.0,2.0,0.0
pos__A0AAU9U9I7,1,1,0.0,0.0,0.0,1.0
pos__A0AAU9U9K6,1,1,0.0,1.0,0.0,0.0
pos__A0AAU9UBB6,1,1,0.0,0.0,0.0,1.0
pos__A0AAU9UD30,1,1,1.0,0.0,0.0,0.0
pos__A0AAU9UE42,1,2,2.0,0.0,0.0,0.0
pos__A0AAU9UJV0,1,1,0.0,1.0,0.0,0.0
pos__A0AAU9UMV1,1,1,1.0,0.0,0.0,0.0
pos__A0AAU9UQV8,1,3,0.0,0.0,1.0,2.0
pos__A0AAU9UR88,1,1,1.0,0.0,0.0,0.0
pos__A0AAU9USR0,1,1,1.0,0.0,0.0,0.0
pos__A0AAU9USV3,1,1,0.0,1.0,0.0,0.0
pos__A0AAU9UWB4,1,1,0.0,0.0,1.0,0.0
pos__A0AAU9UX59,1,2,0.0,1.0,0.0,1.0
pos__A0AAU9UX81,1,2,0.0,2.0,0.0,0.0
pos__A0AAU9UYR9,1,2,0.0,2.0,0.0,0.0
pos__A0AAU9V0B7,1,1,0.0,1.0,0.0,0.0
pos__A0AAV0T7P2,1,1,0.0,0.0,0.0,1.0
pos__A0AAV0T9X2,1,4,0.0,4.0,0.0,0.0
pos__A0AAV0TD02,1,1,0.0,0.0,0.0,1.0
pos__A0AAV0UHX2,1,18,18.0,0.0,0.0,0.0
pos__A0AAV0WBA6,1,1,1.0,0.0,0.0,0.0
pos__A0AAV1FFU8,1,2,0.0,2.0,0.0,0.0
pos__A0AAV1FH10,1,1,1.0,0.0,0.0,0.0
pos__A0AAV1HBX4,1,143,133.0,8.0,2.0,0.0
pos__A0AAV1HIR7,1,1,0.0,0.0,1.0,0.0
pos__A0AAV1IT05,1,1,0.0,0.0,0.0,1.0
pos__A0AAV1IVT1,1,1,1.0,0.0,0.0,0.0
pos__A0AAV1IW97,1,1,1.0,0.0,0.0,0.0
pos__A0AAV1IX56,1,1,0.0,1.0,0.0,0.0
pos__A0AAV1IX94,1,3,1.0,2.0,0.0,0.0
pos__A0AAV1IXX4,1,1,1.0,0.0,0.0,0.0
pos__A0AAV1IZR6,1,1,0.0,1.0,0.0,0.0
pos__A0AAV1J0C2,1,1,1.0,0.0,0.0,0.0
pos__A0AAV1J1M3,1,3,0.0,3.0,0.0,0.0
pos__A0AAV1J3L7,1,1,0.0,1.0,0.0,0.0
pos__A0AAV1J3W1,1,1,1.0,0.0,0.0,0.0
pos__A0AAV1J408,1,1,1.0,0.0,0.0,0.0
pos__A0AAV1J7P0,1,1,1.0,0.0,0.0,0.0
pos__A0AAV1J9C6,1,1,0.0,1.0,0.0,0.0
pos__A0AAV1JB04,1,1,0.0,0.0,1.0,0.0
pos__A0AAV1JB72,1,2,2.0,0.0,0.0,0.0
pos__A0AAV1JC22,1,1,1.0,0.0,0.0,0.0
pos__A0AAV1JCI7,1,9,0.0,9.0,0.0,0.0
pos__A0AAV1JE59,1,1,0.0,0.0,0.0,1.0
pos__A0AAV1JF80,1,1,1.0,0.0,0.0,0.0
pos__A0AAV1JF91,1,1,1.0,0.0,0.0,0.0
pos__A0AAV1JFA5,1,2,2.0,0.0,0.0,0.0
pos__A0AAV1JFQ5,1,1,0.0,1.0,0.0,0.0
pos__A0AAV1JFR9,1,1,1.0,0.0,0.0,0.0
pos__A0AAV1JGU4,1,1,1.0,0.0,0.0,0.0
pos__A0AAV1JGV3,1,1,1.0,0.0,0.0,0.0
pos__A0AAV1JGX1,1,1,1.0,0.0,0.0,0.0
pos__A0AAV1JHT8,1,1,1.0,0.0,0.0,0.0
pos__A0AAV1JHX0,1,4,4.0,0.0,0.0,0.0
pos__A0AAV1JI78,1,1,1.0,0.0,0.0,0.0
pos__A0AAV1JID0,1,1,0.0,0.0,0.0,1.0
pos__A0AAV1JJC4,1,1,1.0,0.0,0.0,0.0
pos__A0AAV1JJL5,1,4,2.0,2.0,0.0,0.0
pos__A0AAV1JM90,1,1,1.0,0.0,0.0,0.0
pos__A0AAV1JNQ3,1,1,1.0,0.0,0.0,0.0
pos__A0AAV1JPX7,1,1,0.0,0.0,0.0,1.0
pos__A0AAV1JQY4,1,1,1.0,0.0,0.0,0.0
pos__A0AAV1JSW2,1,1,1.0,0.0,0.0,0.0
pos__A0AAV1JTD8,1,1,1.0,0.0,0.0,0.0
pos__A0AAV1JUJ2,1,1,1.0,0.0,0.0,0.0
pos__A0AAV1JV55,1,2,0.0,2.0,0.0,0.0
pos__A0AAV1K1X0,1,1,0.0,1.0,0.0,0.0
pos__A0AAV1K6J2,1,3,0.0,3.0,0.0,0.0
pos__A0AAV1KHB4,1,1,1.0,0.0,0.0,0.0
pos__A0AAV1KI56,1,1,0.0,1.0,0.0,0.0
pos__A0AAV1KIJ4,1,1,1.0,0.0,0.0,0.0
pos__A0AAV1KIK6,1,1,1.0,0.0,0.0,0.0
pos__A0AAV1KJ43,1,5,3.0,2.0,0.0,0.0
pos__A0AAV1KJ85,1,2,2.0,0.0,0.0,0.0
pos__A0AAV1KK26,1,2,2.0,0.0,0.0,0.0
pos__A0AAV1KKK5,1,1,1.0,0.0,0.0,0.0
pos__A0AAV1KKR5,1,1,1.0,0.0,0.0,0.0
pos__A0AAV1KKX7,1,1,0.0,1.0,0.0,0.0
pos__A0AAV1KLA7,1,2,2.0,0.0,0.0,0.0
pos__A0AAV1KLT4,1,4,4.0,0.0,0.0,0.0
pos__A0AAV1L3N7,1,1,1.0,0.0,0.0,0.0
pos__A0AAV1LEC8,1,1,0.0,0.0,0.0,1.0
pos__A0AAV1LI56,1,1,0.0,0.0,0.0,1.0
pos__A0AAV1LIL2,1,5,1.0,4.0,0.0,0.0
pos__A0AAV1LJV4,1,2,0.0,0.0,0.0,2.0
pos__A0AAV1M3R3,1,2,2.0,0.0,0.0,0.0
pos__A0AAV1M5G6,1,2,0.0,2.0,0.0,0.0
pos__A0AAV1M5X0,1,2,2.0,0.0,0.0,0.0
pos__A0AAV1M7J1,1,12,12.0,0.0,0.0,0.0
pos__A0AAV1M8A6,1,1,0.0,1.0,0.0,0.0
pos__A0AAV1M8T7,1,1,0.0,1.0,0.0,0.0
pos__A0AAV1N6Q8,1,2,2.0,0.0,0.0,0.0
pos__A0AAV1PUA9,1,6,6.0,0.0,0.0,0.0
pos__A0AAV1QBJ6,1,2,0.0,0.0,0.0,2.0
pos__A0AAV1TTT1,1,2,0.0,0.0,0.0,2.0
pos__A0AAV1UT46,1,1,0.0,1.0,0.0,0.0
pos__A0AAV1V5Z7,1,1,0.0,0.0,1.0,0.0
pos__A0AAV1Z796,1,4,4.0,0.0,0.0,0.0
pos__A0AAV2AU34,1,1,1.0,0.0,0.0,0.0
pos__A0AAV2I1D0,1,1,1.0,0.0,0.0,0.0
pos__A0AAV2KMS4,1,1,0.0,0.0,1.0,0.0
pos__A0AAV2KXA4,1,1,1.0,0.0,0.0,0.0
pos__A0AAV2KXP5,1,1,0.0,1.0,0.0,0.0
pos__A0AAV2L0F6,1,5,0.0,5.0,0.0,0.0
pos__A0AAV2LZC7,1,2,2.0,0.0,0.0,0.0
pos__A0AAV2N3Q3,1,4,4.0,0.0,0.0,0.0
pos__A0AAV2NTX5,1,2,2.0,0.0,0.0,0.0
pos__A0AAV2NV38,1,2,2.0,0.0,0.0,0.0
pos__A0AAV2NW90,1,2,0.0,0.0,0.0,2.0
pos__A0AAV2NX75,1,6,6.0,0.0,0.0,0.0
pos__A0AAV2NXX5,1,1,1.0,0.0,0.0,0.0
pos__A0AAV2NYX2,1,1,1.0,0.0,0.0,0.0
pos__A0AAV2P6T6,1,1,0.0,1.0,0.0,0.0
pos__A0AAV2R6L2,1,1,1.0,0.0,0.0,0.0
pos__A0AAV2R8T9,1,1,0.0,1.0,0.0,0.0
pos__A0AAV2RPN2,1,1,0.0,0.0,1.0,0.0
pos__A0AAV2RS77,1,1,1.0,0.0,0.0,0.0
pos__A0AAV2RUB2,1,1,1.0,0.0,0.0,0.0
pos__A0AAV2SFK5,1,2,2.0,0.0,0.0,0.0
pos__A0AAV2ZR63,1,3,3.0,0.0,0.0,0.0
pos__A0AAV2ZS12,1,1,1.0,0.0,0.0,0.0
pos__A0AAV4CAV9,1,1,1.0,0.0,0.0,0.0
pos__A0AAV4MXV3,1,2,2.0,0.0,0.0,0.0
pos__A0AAV4N6L7,1,1,1.0,0.0,0.0,0.0
pos__A0AAV4NMG0,1,1,1.0,0.0,0.0,0.0
pos__A0AAV4T2I7,1,3,0.0,3.0,0.0,0.0
pos__A0AAV4UEA4,1,1,1.0,0.0,0.0,0.0
pos__A0AAV6G995,1,1,0.0,0.0,0.0,1.0
pos__A0AAV6GC26,1,56,48.0,3.0,5.0,0.0
pos__A0AAV6GDU9,1,1,0.0,1.0,0.0,0.0
pos__A0AAV6GKU1,1,1,1.0,0.0,0.0,0.0
pos__A0AAV6GQE7,1,2,0.0,2.0,0.0,0.0
pos__A0AAV6H506,1,1,1.0,0.0,0.0,0.0
pos__A0AAV6H695,1,1,0.0,1.0,0.0,0.0
pos__A0AAV6H6B5,1,2,0.0,2.0,0.0,0.0
pos__A0AAV6H7B5,1,1,1.0,0.0,0.0,0.0
pos__A0AAV6TR28,1,1,1.0,0.0,0.0,0.0
pos__A0AAV6ZI65,1,1,1.0,0.0,0.0,0.0
pos__A0AAV7BBI8,1,6,5.0,1.0,0.0,0.0
pos__A0AAV7BVD0,1,1,1.0,0.0,0.0,0.0
pos__A0AAV7CMQ8,1,3,3.0,0.0,0.0,0.0
pos__A0AAV7DCA6,1,4,4.0,0.0,0.0,0.0
pos__A0AAV7HSQ8,1,3,0.0,0.0,0.0,3.0
pos__A0AAV7I6T1,1,2,2.0,0.0,0.0,0.0
pos__A0AAV7I6X6,1,1,0.0,1.0,0.0,0.0
pos__A0AAV7I7L2,1,1,1.0,0.0,0.0,0.0
pos__A0AAV7I8P2,1,1,0.0,0.0,1.0,0.0
pos__A0AAV7INI2,1,1,1.0,0.0,0.0,0.0
pos__A0AAV7IPS2,1,1,1.0,0.0,0.0,0.0
pos__A0AAV7IXT9,1,1,1.0,0.0,0.0,0.0
pos__A0AAV7IZX2,1,1,1.0,0.0,0.0,0.0
pos__A0AAV7J1G5,1,1,1.0,0.0,0.0,0.0
pos__A0AAV7J2U1,1,1,1.0,0.0,0.0,0.0
pos__A0AAV7J9K8,1,1,0.0,1.0,0.0,0.0
pos__A0AAV7L711,1,1,0.0,0.0,0.0,1.0
pos__A0AAV7M8I5,1,2,2.0,0.0,0.0,0.0
pos__A0AAV7QAL8,1,2,0.0,0.0,0.0,2.0
pos__A0AAV7QSU5,1,1,1.0,0.0,0.0,0.0
pos__A0AAV7RIF4,1,2,0.0,2.0,0.0,0.0
pos__A0AAV7X3R3,1,1,0.0,0.0,0.0,1.0
pos__A0AAV7XA73,1,1,1.0,0.0,0.0,0.0
pos__A0AAV7XBN6,1,1,1.0,0.0,0.0,0.0
pos__A0AAV7XC25,1,1,1.0,0.0,0.0,0.0
pos__A0AAV7XJ91,1,1,1.0,0.0,0.0,0.0
pos__A0AAV7XWQ8,1,1,1.0,0.0,0.0,0.0
pos__A0AAV8VQ21,1,1,1.0,0.0,0.0,0.0
pos__A0AAV8VQD9,1,1,1.0,0.0,0.0,0.0
pos__A0AAV8VQK7,1,1,0.0,1.0,0.0,0.0
pos__A0AAV8VRR4,1,1,1.0,0.0,0.0,0.0
pos__A0AAV8VV39,1,1,0.0,0.0,0.0,1.0
pos__A0AAV8VVB6,1,1,0.0,0.0,0.0,1.0
pos__A0AAV8VVE0,1,1,0.0,0.0,0.0,1.0
pos__A0AAV8W6W6,1,1,1.0,0.0,0.0,0.0
pos__A0AAV8W7L3,1,1,1.0,0.0,0.0,0.0
pos__A0AAV8WDI2,1,1,1.0,0.0,0.0,0.0
pos__A0AAV8WFB0,1,1,1.0,0.0,0.0,0.0
pos__A0AAV8WX49,1,1,1.0,0.0,0.0,0.0
pos__A0AAV8X7H1,1,1,1.0,0.0,0.0,0.0
pos__A0AAV8XLW0,1,1,0.0,0.0,1.0,0.0
pos__A0AAV8XRJ6,1,1,0.0,1.0,0.0,0.0
pos__A0AAV8XTI1,1,1,1.0,0.0,0.0,0.0
pos__A0AAV8XZX6,1,2,1.0,0.0,1.0,0.0
pos__A0AAV8YRV3,1,1,1.0,0.0,0.0,0.0
pos__A0AAV8YUM2,1,1,1.0,0.0,0.0,0.0
pos__A0AAV8YUR5,1,1,1.0,0.0,0.0,0.0
pos__A0AAV8YUR6,1,2,0.0,2.0,0.0,0.0
pos__A0AAV8YW59,1,1,0.0,0.0,0.0,1.0
pos__A0AAV8YW67,1,3,0.0,0.0,3.0,0.0
pos__A0AAV8YYU0,1,1,0.0,0.0,1.0,0.0
pos__A0AAV8Z2U8,1,1,1.0,0.0,0.0,0.0
pos__A0AAV8ZBK6,1,1,1.0,0.0,0.0,0.0
pos__A0AAW0H8Z4,1,4,0.0,2.0,0.0,2.0
pos__A0AAW0HCK8,1,1,0.0,1.0,0.0,0.0
pos__A0AAW0JSK8,1,7,6.0,0.0,1.0,0.0
pos__A0AAW0MDI0,1,1,0.0,1.0,0.0,0.0
pos__A0AAW0MXK4,1,1,0.0,0.0,1.0,0.0
pos__A0AAW0NNI0,1,1,1.0,0.0,0.0,0.0
pos__A0AAW0P7G5,1,1,0.0,1.0,0.0,0.0
pos__A0AAW0Q1D6,1,1,0.0,1.0,0.0,0.0
pos__A0AAW0S482,1,2,2.0,0.0,0.0,0.0
pos__A0AAW0SD60,1,1,0.0,1.0,0.0,0.0
pos__A0AAW0U933,1,1,0.0,0.0,1.0,0.0
pos__A0AAW0UEF3,1,1,0.0,0.0,0.0,1.0
pos__A0AAW0UV15,1,1,0.0,1.0,0.0,0.0
pos__A0AAW0VTN9,1,1,0.0,0.0,1.0,0.0
pos__A0AAW0XEG4,1,1,1.0,0.0,0.0,0.0
pos__A0AAW0XTF4,1,1,0.0,0.0,0.0,1.0
pos__A0AAW0XWV9,1,1,0.0,1.0,0.0,0.0
pos__A0AAW0ZEH9,1,5,5.0,0.0,0.0,0.0
pos__A0AAW0ZLR3,1,2,2.0,0.0,0.0,0.0
pos__A0AAW0ZVN4,1,2,2.0,0.0,0.0,0.0
pos__A0AAW1AAW0,1,3,0.0,0.0,0.0,3.0
pos__A0AAW1AFX3,1,1,1.0,0.0,0.0,0.0
pos__A0AAW1ALK7,1,7,7.0,0.0,0.0,0.0
pos__A0AAW1AYM7,1,1,0.0,1.0,0.0,0.0
pos__A0AAW1B633,1,1,0.0,0.0,1.0,0.0
pos__A0AAW1B639,1,1,1.0,0.0,0.0,0.0
pos__A0AAW1C405,1,5,5.0,0.0,0.0,0.0
pos__A0AAW1CQ45,1,2,2.0,0.0,0.0,0.0
pos__A0AAW1D1F9,1,1,1.0,0.0,0.0,0.0
pos__A0AAW1D4Q1,1,1,1.0,0.0,0.0,0.0
pos__A0AAW1D5N4,1,1,1.0,0.0,0.0,0.0
pos__A0AAW1DJG6,1,1,1.0,0.0,0.0,0.0
pos__A0AAW1E9D9,1,1,1.0,0.0,0.0,0.0
pos__A0AAW1EA98,1,4,0.0,2.0,0.0,2.0
pos__A0AAW1EAG0,1,1,1.0,0.0,0.0,0.0
pos__A0AAW1FLS6,1,1,0.0,0.0,0.0,1.0
pos__A0AAW1JAQ9,1,1,0.0,0.0,1.0,0.0
pos__A0AAW1LSQ7,1,1,0.0,1.0,0.0,0.0
pos__A0AAW1MKJ0,1,1,1.0,0.0,0.0,0.0
pos__A0AAW1TJL6,1,1,1.0,0.0,0.0,0.0
pos__A0AAW1TLZ0,1,1,1.0,0.0,0.0,0.0
pos__A0AAW1TM14,1,1,1.0,0.0,0.0,0.0
pos__A0AAW1TS30,1,1,0.0,1.0,0.0,0.0
pos__A0AAW1TW35,1,1,1.0,0.0,0.0,0.0
pos__A0AAW1UF26,1,1,0.0,1.0,0.0,0.0
pos__A0AAW1UFR7,1,1,0.0,1.0,0.0,0.0
pos__A0AAW1UJ37,1,1,0.0,1.0,0.0,0.0
pos__A0AAW1UJX6,1,1,0.0,1.0,0.0,0.0
pos__A0AAW1UPL3,1,1,1.0,0.0,0.0,0.0
pos__A0AAW1V9K8,1,1,1.0,0.0,0.0,0.0
pos__A0AAW1ZM23,1,1,1.0,0.0,0.0,0.0
pos__A0AAW2ABF6,1,11,1.0,10.0,0.0,0.0
pos__A0AAW2EEJ9,1,2,2.0,0.0,0.0,0.0
pos__A0AAW2EW50,1,1,0.0,1.0,0.0,0.0
pos__A0AAW2F1P3,1,1,1.0,0.0,0.0,0.0
pos__A0AAW2F5E5,1,1,1.0,0.0,0.0,0.0
pos__A0AAW2F5Z3,1,2,2.0,0.0,0.0,0.0
pos__A0AAW2FYP1,1,2,2.0,0.0,0.0,0.0
pos__A0AAW2G822,1,2,0.0,0.0,2.0,0.0
pos__A0AAW2G9Q6,1,6,2.0,0.0,4.0,0.0
pos__A0AAW2GAZ5,1,1,1.0,0.0,0.0,0.0
pos__A0AAW2GD33,1,1,1.0,0.0,0.0,0.0
pos__A0AAW2GI17,1,2,2.0,0.0,0.0,0.0
pos__A0AAW2HCL0,1,1,0.0,0.0,0.0,1.0
pos__A0AAW2HI88,1,1,1.0,0.0,0.0,0.0
pos__A0AAW2HZ24,1,1,1.0,0.0,0.0,0.0
pos__A0AAW2I5D5,1,2,2.0,0.0,0.0,0.0
pos__A0AAX6RME0,1,351,302.0,30.0,8.0,11.0
pos__A0AAX6RRZ7,1,2,2.0,0.0,0.0,0.0
pos__A0AAX7FDT9,1,2,0.0,2.0,0.0,0.0
pos__A0AAY4A3I9,1,1,0.0,0.0,1.0,0.0
pos__A0AAY4A4U8,1,1,0.0,0.0,0.0,1.0
pos__A0AAY4A9C2,1,5,1.0,0.0,1.0,3.0
pos__A0AAY4AJ19,1,7,0.0,0.0,7.0,0.0
pos__A0AAY4ALS7,1,1,0.0,1.0,0.0,0.0
pos__A0AAY4AN71,1,1,0.0,0.0,0.0,1.0
pos__A0AAY4BKS5,1,3,0.0,0.0,0.0,3.0
pos__A0AAY4BWQ4,1,1,0.0,0.0,0.0,1.0
pos__A0AAY4C9P8,1,1,1.0,0.0,0.0,0.0
pos__A0AAY4CD70,1,1,0.0,1.0,0.0,0.0
pos__A0AAY4CF47,1,7,6.0,0.0,1.0,0.0
pos__A0AAY4DAI5,1,2,2.0,0.0,0.0,0.0
pos__A0AAY4DMQ7,1,4,0.0,4.0,0.0,0.0
pos__A0AAY4EQP4,1,1,1.0,0.0,0.0,0.0
pos__A0AAY4EZZ3,1,1,1.0,0.0,0.0,0.0
pos__A0AAY5ECS3,1,1,0.0,0.0,1.0,0.0
pos__A0AAY5EW23,1,5,0.0,0.0,5.0,0.0
pos__A0AAY5EXZ3,1,1,0.0,0.0,0.0,1.0
pos__A0AAY5F3Q6,1,1,0.0,0.0,1.0,0.0
pos__A0AAY5KUC9,1,2,2.0,0.0,0.0,0.0
pos__A0AAZ1WV12,1,1,0.0,1.0,0.0,0.0
pos__A0AAZ1X0H2,1,3,0.0,0.0,0.0,3.0
pos__A0AAZ3NM71,1,1,0.0,0.0,0.0,1.0
pos__A0AAZ3Q082,1,1,0.0,1.0,0.0,0.0
pos__A0AAZ3R8C3,1,2,0.0,0.0,0.0,2.0
pos__A0AAZ3SRY0,1,86,84.0,2.0,0.0,0.0
pos__A0AB32TL37,1,6,6.0,0.0,0.0,0.0
pos__A0AB33KC19,1,10,0.0,0.0,0.0,10.0
pos__A0AB38ZEG1,1,1,1.0,0.0,0.0,0.0
pos__A0AB39YXJ3,1,1,0.0,1.0,0.0,0.0
pos__A0AB39YXZ5,1,7,0.0,7.0,0.0,0.0
pos__A0AB39YYA1,1,10,0.0,10.0,0.0,0.0
pos__A0AB39Z559,1,2,2.0,0.0,0.0,0.0
pos__A0AB39ZAF9,1,1,0.0,1.0,0.0,0.0
pos__A0AB39ZCD8,1,1,0.0,0.0,0.0,1.0
pos__A0AB39ZEF9,1,1,1.0,0.0,0.0,0.0
pos__A0AB39ZEI4,1,1,1.0,0.0,0.0,0.0
pos__A0AB39ZF35,1,1,0.0,0.0,0.0,1.0
pos__A0AB39ZF92,1,1,0.0,0.0,0.0,1.0
pos__A0AB39ZIX8,1,23,0.0,23.0,0.0,0.0
pos__A0AB39ZW68,1,2,0.0,0.0,0.0,2.0
pos__A0AB39ZWR6,1,1,1.0,0.0,0.0,0.0
pos__A0AB40D907,1,1,0.0,1.0,0.0,0.0
pos__A0AB40DLV1,1,3,2.0,1.0,0.0,0.0
pos__A0ABC9WKW9,1,23,0.0,23.0,0.0,0.0
pos__A0ABD0LE81,1,1,1.0,0.0,0.0,0.0
pos__A0ABD0MT80,1,2,0.0,2.0,0.0,0.0
pos__A0ABD0Q9M5,1,1,0.0,0.0,1.0,0.0
pos__A0ABD0S0X1,1,1,0.0,0.0,1.0,0.0
pos__A0ABD0S633,1,1,0.0,0.0,0.0,1.0
pos__A0ABD0S7X5,1,1,1.0,0.0,0.0,0.0
pos__A0ABD0S9P8,1,1,0.0,0.0,0.0,1.0
pos__A0ABD0S9Q8,1,1,0.0,0.0,0.0,1.0
pos__A0ABD0S9S3,1,3,0.0,0.0,0.0,3.0
pos__A0ABD0SBY3,1,1,0.0,1.0,0.0,0.0
pos__A0ABD0SEQ9,1,1,0.0,0.0,1.0,0.0
pos__A0ABD0SM29,1,1,1.0,0.0,0.0,0.0
pos__A0ABD0SQM3,1,3,0.0,3.0,0.0,0.0
pos__A0ABD0SSS5,1,12,12.0,0.0,0.0,0.0
pos__A0ABD0SSU2,1,1,0.0,0.0,0.0,1.0
pos__A0ABD0STM6,1,4,4.0,0.0,0.0,0.0
pos__A0ABD0STM9,1,2,2.0,0.0,0.0,0.0
pos__A0ABD0STP7,1,2,2.0,0.0,0.0,0.0
pos__A0ABD0STV8,1,1,1.0,0.0,0.0,0.0
pos__A0ABD0STV9,1,1,1.0,0.0,0.0,0.0
pos__A0ABD0SU46,1,1,1.0,0.0,0.0,0.0
pos__A0ABD0SUD4,1,1,1.0,0.0,0.0,0.0
pos__A0ABD0T1W4,1,1,0.0,0.0,0.0,1.0
pos__A0ABD0T2E1,1,1,1.0,0.0,0.0,0.0
pos__A0ABD0T2V5,1,1,1.0,0.0,0.0,0.0
pos__A0ABD0T5K0,1,1,1.0,0.0,0.0,0.0
pos__A0ABD0T9G4,1,1,1.0,0.0,0.0,0.0
pos__A0ABD0TJC8,1,1,0.0,1.0,0.0,0.0
pos__A0ABD0TJC9,1,1,0.0,1.0,0.0,0.0
pos__A0ABD0TK03,1,1,1.0,0.0,0.0,0.0
pos__A0ABD0TLC4,1,1,0.0,1.0,0.0,0.0
pos__A0ABD0TNE7,1,3,0.0,3.0,0.0,0.0
pos__A0ABD0TNG1,1,1,1.0,0.0,0.0,0.0
pos__A0ABD0TNK2,1,1,0.0,0.0,0.0,1.0
pos__A0ABD0TNX5,1,1,0.0,0.0,0.0,1.0
pos__A0ABD0TNX9,1,3,3.0,0.0,0.0,0.0
pos__A0ABD0WS27,1,1,1.0,0.0,0.0,0.0
pos__A0ABD0WST9,1,2,2.0,0.0,0.0,0.0
pos__A0ABD0WT54,1,1,0.0,0.0,1.0,0.0
pos__A0ABD0X2S6,1,1,0.0,0.0,0.0,1.0
pos__A0ABD0XBE4,1,1,1.0,0.0,0.0,0.0
pos__A0ABD0XR63,1,2,2.0,0.0,0.0,0.0
pos__A0ABD0YB92,1,1,1.0,0.0,0.0,0.0
pos__A0ABD1CIT8,1,11,11.0,0.0,0.0,0.0
pos__A0ABD1CJ57,1,4,4.0,0.0,0.0,0.0
pos__A0ABD1CNP6,1,1,0.0,0.0,1.0,0.0
pos__A0ABD1CW48,1,1,1.0,0.0,0.0,0.0
pos__A0ABD1D275,1,1,1.0,0.0,0.0,0.0
pos__A0ABD1D3B4,1,1,0.0,0.0,0.0,1.0
pos__A0ABD1D3P1,1,1,1.0,0.0,0.0,0.0
pos__A0ABD1D4M7,1,3,3.0,0.0,0.0,0.0
pos__A0ABD1D750,1,1,0.0,1.0,0.0,0.0
pos__A0ABD1D7A6,1,1,0.0,1.0,0.0,0.0
pos__A0ABD1D7V6,1,1,0.0,0.0,0.0,1.0
pos__A0ABD1DCJ1,1,2,0.0,2.0,0.0,0.0
pos__A0ABD1DEF4,1,2,0.0,0.0,0.0,2.0
pos__A0ABD1DEJ9,1,1,1.0,0.0,0.0,0.0
pos__A0ABD1DEX8,1,1,1.0,0.0,0.0,0.0
pos__A0ABD1DF94,1,1,1.0,0.0,0.0,0.0
pos__A0ABD1DH22,1,1,1.0,0.0,0.0,0.0
pos__A0ABD1DHX2,1,3,3.0,0.0,0.0,0.0
pos__A0ABD1DI39,1,2,2.0,0.0,0.0,0.0
pos__A0ABD1DI56,1,2,2.0,0.0,0.0,0.0
pos__A0ABD1DIX6,1,4,4.0,0.0,0.0,0.0
pos__A0ABD1DJQ5,1,2,0.0,0.0,0.0,2.0
pos__A0ABD1DN25,1,2,2.0,0.0,0.0,0.0
pos__A0ABD1DNG6,1,1,1.0,0.0,0.0,0.0
pos__A0ABD1DS38,1,2,0.0,0.0,0.0,2.0
pos__A0ABD1DT86,1,1,0.0,1.0,0.0,0.0
pos__A0ABD1E803,1,1,0.0,0.0,0.0,1.0
pos__A0ABD1EK17,1,1,1.0,0.0,0.0,0.0
pos__A0ABD1EKV5,1,1,1.0,0.0,0.0,0.0
pos__A0ABD1ELZ6,1,1,1.0,0.0,0.0,0.0
pos__A0ABD1EV48,1,1,1.0,0.0,0.0,0.0
pos__A0ABD1F5E2,1,1,1.0,0.0,0.0,0.0
pos__A0ABD1IP70,1,1,0.0,1.0,0.0,0.0
pos__A0ABD1JLU4,1,2,0.0,0.0,0.0,2.0
pos__A0ABD1JWA6,1,1,1.0,0.0,0.0,0.0
pos__A0ABD1KVL3,1,2,2.0,0.0,0.0,0.0
pos__A0ABD1KYM4,1,1,1.0,0.0,0.0,0.0
pos__A0ABD1ZZD5,1,2,0.0,0.0,0.0,2.0
pos__A0ABD2A0Z9,1,6,6.0,0.0,0.0,0.0
pos__A0ABD2AZ57,1,5,5.0,0.0,0.0,0.0
pos__A0ABD2CJ93,1,5,0.0,0.0,0.0,5.0
pos__A0ABD2GS77,1,1,0.0,0.0,1.0,0.0
pos__A0ABD2HIF6,1,1,0.0,1.0,0.0,0.0
pos__A0ABD2MW06,1,1,1.0,0.0,0.0,0.0
pos__A0ABD2MWP8,1,1,1.0,0.0,0.0,0.0
pos__A0ABD2ND96,1,1,0.0,1.0,0.0,0.0
pos__A0ABD2NK94,1,1,1.0,0.0,0.0,0.0
pos__A0ABD2NML0,1,1,1.0,0.0,0.0,0.0
pos__A0ABD2P1R8,1,1,1.0,0.0,0.0,0.0
pos__A0ABD2P961,1,1,0.0,0.0,0.0,1.0
pos__A0ABD2VSX9,1,1,1.0,0.0,0.0,0.0
pos__A0ABD2VSZ3,1,1,1.0,0.0,0.0,0.0
pos__A0ABD2VT02,1,1,1.0,0.0,0.0,0.0
pos__A0ABD2VT24,1,1,1.0,0.0,0.0,0.0
pos__A0ABD2VTI2,1,1,0.0,0.0,1.0,0.0
pos__A0ABD2VVK2,1,1,1.0,0.0,0.0,0.0
pos__A0ABD2VWQ1,1,1,1.0,0.0,0.0,0.0
pos__A0ABD2VWW3,1,1,1.0,0.0,0.0,0.0
pos__A0ABD2VWY4,1,1,0.0,1.0,0.0,0.0
pos__A0ABD2VX23,1,21,21.0,0.0,0.0,0.0
pos__A0ABD2VYP8,1,1,1.0,0.0,0.0,0.0
pos__A0ABD2W3H3,1,3,3.0,0.0,0.0,0.0
pos__A0ABD2W5L7,1,1,0.0,1.0,0.0,0.0
pos__A0ABD2W6E8,1,1,1.0,0.0,0.0,0.0
pos__A0ABD2WAT0,1,3,3.0,0.0,0.0,0.0
pos__A0ABD2WFT2,1,1,0.0,1.0,0.0,0.0
pos__A0ABD2WJ43,1,1,1.0,0.0,0.0,0.0
pos__A0ABD2WJT5,1,2,2.0,0.0,0.0,0.0
pos__A0ABD2WS49,1,2,1.0,1.0,0.0,0.0
pos__A0ABD2WUZ2,1,1,1.0,0.0,0.0,0.0
pos__A0ABD2WVL7,1,1,1.0,0.0,0.0,0.0
pos__A0ABD2X7B7,1,1,1.0,0.0,0.0,0.0
pos__A0ABD2X9Q4,1,1,1.0,0.0,0.0,0.0
pos__A0ABD2XMH2,1,1,1.0,0.0,0.0,0.0
pos__A0ABD2XRE7,1,1,1.0,0.0,0.0,0.0
pos__A0ABD3FDT6,1,1,1.0,0.0,0.0,0.0
pos__A0ABD3NRB6,1,1,1.0,0.0,0.0,0.0
pos__A0ABD3PLC7,1,1,1.0,0.0,0.0,0.0
pos__A0ABD3X567,1,5,5.0,0.0,0.0,0.0
pos__A0ABD7MVQ2,1,3,0.0,0.0,0.0,3.0
pos__A0ABM1DI40,1,1,1.0,0.0,0.0,0.0
pos__A0ABM1LZZ0,1,1,0.0,1.0,0.0,0.0
pos__A0ABM1NLE6,1,1,0.0,1.0,0.0,0.0
pos__A0ABM1P615,1,5,5.0,0.0,0.0,0.0
pos__A0ABM1PDI1,1,3,3.0,0.0,0.0,0.0
pos__A0ABM1PT78,1,4,0.0,4.0,0.0,0.0
pos__A0ABM1PT87,1,5,0.0,5.0,0.0,0.0
pos__A0ABM1XKC7,1,1,0.0,0.0,0.0,1.0
pos__A0ABM1XXN4,1,2,0.0,2.0,0.0,0.0
pos__A0ABM1Y8S0,1,5,5.0,0.0,0.0,0.0
pos__A0ABM1YJN8,1,1,0.0,0.0,1.0,0.0
pos__A0ABM1YKK5,1,6,6.0,0.0,0.0,0.0
pos__A0ABM1YY52,1,3,0.0,3.0,0.0,0.0
pos__A0ABM1Z0J0,1,2,2.0,0.0,0.0,0.0
pos__A0ABM1ZLW5,1,3,3.0,0.0,0.0,0.0
pos__A0ABM1ZX79,1,2,2.0,0.0,0.0,0.0
pos__A0ABM2FAN0,1,1,0.0,1.0,0.0,0.0
pos__A0ABM3C5L2,1,1,0.0,0.0,0.0,1.0
pos__A0ABM3V135,1,3,3.0,0.0,0.0,0.0
pos__A0ABM3VPC1,1,1,1.0,0.0,0.0,0.0
pos__A0ABM3VPR3,1,1,1.0,0.0,0.0,0.0
pos__A0ABM4AR42,1,7,0.0,7.0,0.0,0.0
pos__A0ABM4AR48,1,1,0.0,1.0,0.0,0.0
pos__A0ABM4GKC8,1,1,0.0,1.0,0.0,0.0
pos__A0ABM4GRC5,1,1,1.0,0.0,0.0,0.0
pos__A0ABM5J475,1,1,1.0,0.0,0.0,0.0
pos__A0ABM5J5D7,1,9,0.0,0.0,9.0,0.0
pos__A0ABN8L4S6,1,3,0.0,3.0,0.0,0.0
pos__A0ABN9MMQ7,1,1,1.0,0.0,0.0,0.0
pos__A0ABP0A4T6,1,1,0.0,1.0,0.0,0.0
pos__A0ABP1RUS8,1,1,0.0,1.0,0.0,0.0
pos__A0ABQ7PXV1,1,2,0.0,2.0,0.0,0.0
pos__A0ABS5YL15,1,3,0.0,3.0,0.0,0.0
pos__A0ABS7W289,1,1,0.0,0.0,1.0,0.0
pos__A0ABT6DDL7,1,1,0.0,1.0,0.0,0.0
pos__A0ABV0Y708,1,2,2.0,0.0,0.0,0.0
pos__A0ABW9P255,1,2,2.0,0.0,0.0,0.0
pos__A0NFQ3,1,6,4.0,1.0,1.0,0.0
pos__A1KXI1,1,1,1.0,0.0,0.0,0.0
pos__A1ZA41,1,1,0.0,0.0,0.0,1.0
pos__A3KPY8,1,3,0.0,0.0,3.0,0.0
pos__A4QD57,1,2,0.0,0.0,0.0,2.0
pos__A4QPC5,1,39,36.0,2.0,1.0,0.0
pos__A4X8W3,1,1,0.0,0.0,0.0,1.0
pos__A5CG73,1,4,4.0,0.0,0.0,0.0
pos__A6KTL9,1,1,0.0,0.0,1.0,0.0
pos__A6NIE9,1,7,7.0,0.0,0.0,0.0
pos__A7DYV6,1,22,22.0,0.0,0.0,0.0
pos__A7RGS8,1,1,1.0,0.0,0.0,0.0
pos__A7RMG1,1,1,1.0,0.0,0.0,0.0
pos__A7RYF8,1,2,2.0,0.0,0.0,0.0
pos__A7S0L7,1,1,1.0,0.0,0.0,0.0
pos__A7S8P7,1,1,0.0,1.0,0.0,0.0
pos__A7SBN1,1,1,0.0,0.0,1.0,0.0
pos__A7SDB3,1,1,1.0,0.0,0.0,0.0
pos__A7UNU4,1,1,0.0,0.0,0.0,1.0
pos__A7UNU8,1,1,1.0,0.0,0.0,0.0
pos__A7UTT8,1,3,3.0,0.0,0.0,0.0
pos__A8CW72,1,1,0.0,1.0,0.0,0.0
pos__A8DYG0,1,1,1.0,0.0,0.0,0.0
pos__A8JRF0,1,1,0.0,0.0,0.0,1.0
pos__A9UN47,1,5,5.0,0.0,0.0,0.0
pos__B0LM11,1,6,6.0,0.0,0.0,0.0
pos__B0LM16,1,14,14.0,0.0,0.0,0.0
pos__B0LM23,1,1,1.0,0.0,0.0,0.0
pos__B0LM33,1,8,8.0,0.0,0.0,0.0
pos__B0W174,1,4,1.0,3.0,0.0,0.0
pos__B0W774,1,2,2.0,0.0,0.0,0.0
pos__B0W9A8,1,1,1.0,0.0,0.0,0.0
pos__B0WAK4,1,3,3.0,0.0,0.0,0.0
pos__B0WBU2,1,3,3.0,0.0,0.0,0.0
pos__B0WBW0,1,9,8.0,1.0,0.0,0.0
pos__B0WE93,1,1,1.0,0.0,0.0,0.0
pos__B0WG95,1,1,0.0,1.0,0.0,0.0
pos__B0WIS2,1,3,0.0,0.0,3.0,0.0
pos__B0WIS3,1,2,2.0,0.0,0.0,0.0
pos__B0WR96,1,2,2.0,0.0,0.0,0.0
pos__B0WSD7,1,7,0.0,7.0,0.0,0.0
pos__B0WTJ1,1,1,0.0,1.0,0.0,0.0
pos__B0WUK3,1,3,3.0,0.0,0.0,0.0
pos__B0WW48,1,2,2.0,0.0,0.0,0.0
pos__B0X377,1,1,0.0,1.0,0.0,0.0
pos__B0X666,1,1,1.0,0.0,0.0,0.0
pos__B0XCB9,1,1,1.0,0.0,0.0,0.0
pos__B0XGL9,1,8,8.0,0.0,0.0,0.0
pos__B0XGV4,1,1,0.0,1.0,0.0,0.0
pos__B0XHR9,1,1,0.0,1.0,0.0,0.0
pos__B0XKM8,1,1,1.0,0.0,0.0,0.0
pos__B0ZBN2,1,3,3.0,0.0,0.0,0.0
pos__B0ZBN4,1,1,0.0,0.0,0.0,1.0
pos__B0ZBN5,1,1,1.0,0.0,0.0,0.0
pos__B0ZBN6,1,1,1.0,0.0,0.0,0.0
pos__B1AC88,1,4,0.0,0.0,0.0,4.0
pos__B2FVT3,1,1,1.0,0.0,0.0,0.0
pos__B3LYV0,1,1,1.0,0.0,0.0,0.0
pos__B3LZL1,1,1,1.0,0.0,0.0,0.0
pos__B3M1T6,1,2,0.0,0.0,0.0,2.0
pos__B3M1T9,1,1,1.0,0.0,0.0,0.0
pos__B3M1U0,1,2,2.0,0.0,0.0,0.0
pos__B3M4K2,1,3,3.0,0.0,0.0,0.0
pos__B3M5T8,1,1,0.0,1.0,0.0,0.0
pos__B3M604,1,5,0.0,0.0,5.0,0.0
pos__B3M605,1,1,0.0,0.0,1.0,0.0
pos__B3M641,1,13,13.0,0.0,0.0,0.0
pos__B3M643,1,1,0.0,0.0,1.0,0.0
pos__B3M645,1,5,5.0,0.0,0.0,0.0
pos__B3M646,1,1,1.0,0.0,0.0,0.0
pos__B3M647,1,1,1.0,0.0,0.0,0.0
pos__B3M6V5,1,1,0.0,1.0,0.0,0.0
pos__B3M6V6,1,1,0.0,1.0,0.0,0.0
pos__B3M6V7,1,1,0.0,1.0,0.0,0.0
pos__B3M7Q8,1,1,0.0,0.0,0.0,1.0
pos__B3M903,1,1,1.0,0.0,0.0,0.0
pos__B3MA34,1,1,0.0,1.0,0.0,0.0
pos__B3MAM9,1,2,1.0,1.0,0.0,0.0
pos__B3MAN1,1,1,1.0,0.0,0.0,0.0
pos__B3MC36,1,15,0.0,15.0,0.0,0.0
pos__B3MCG4,1,1,0.0,1.0,0.0,0.0
pos__B3MF18,1,1,0.0,0.0,0.0,1.0
pos__B3MF20,1,1,0.0,0.0,0.0,1.0
pos__B3MF96,1,11,0.0,0.0,0.0,11.0
pos__B3MF97,1,13,11.0,1.0,1.0,0.0
pos__B3MFR7,1,1,0.0,1.0,0.0,0.0
pos__B3MGY3,1,1,1.0,0.0,0.0,0.0
pos__B3MH01,1,1,1.0,0.0,0.0,0.0
pos__B3MHK1,1,1,1.0,0.0,0.0,0.0
pos__B3MJ95,1,1,0.0,1.0,0.0,0.0
pos__B3MJ96,1,1,1.0,0.0,0.0,0.0
pos__B3MJ97,1,1,1.0,0.0,0.0,0.0
pos__B3MPK3,1,1,0.0,0.0,0.0,1.0
pos__B3MPK5,1,1,1.0,0.0,0.0,0.0
pos__B3MUJ3,1,1,1.0,0.0,0.0,0.0
pos__B3MWA2,1,1,0.0,1.0,0.0,0.0
pos__B3MWA4,1,2,0.0,2.0,0.0,0.0
pos__B3MY85,1,1,0.0,0.0,1.0,0.0
pos__B3N0K1,1,1,0.0,1.0,0.0,0.0
pos__B3N2L0,1,1,0.0,1.0,0.0,0.0
pos__B3N5L2,1,1,0.0,1.0,0.0,0.0
pos__B3N7P1,1,3,3.0,0.0,0.0,0.0
pos__B3N9I4,1,9,9.0,0.0,0.0,0.0
pos__B3N9I6,1,1,0.0,1.0,0.0,0.0
pos__B3N9T3,1,1,1.0,0.0,0.0,0.0
pos__B3NCC0,1,1,1.0,0.0,0.0,0.0
pos__B3NCK1,1,5,5.0,0.0,0.0,0.0
pos__B3NMW8,1,1,1.0,0.0,0.0,0.0
pos__B3NMX2,1,1,1.0,0.0,0.0,0.0
pos__B3NQ98,1,2,0.0,0.0,0.0,2.0
pos__B3NSZ4,1,1,1.0,0.0,0.0,0.0
pos__B3RNH0,1,1,1.0,0.0,0.0,0.0
pos__B3RWR9,1,1,0.0,1.0,0.0,0.0
pos__B3S1L4,1,2,2.0,0.0,0.0,0.0
pos__B3S5K1,1,1,1.0,0.0,0.0,0.0
pos__B4G942,1,1,0.0,1.0,0.0,0.0
pos__B4GCV6,1,2,2.0,0.0,0.0,0.0
pos__B4GHA0,1,1,0.0,1.0,0.0,0.0
pos__B4GI62,1,4,4.0,0.0,0.0,0.0
pos__B4GNR0,1,2,0.0,2.0,0.0,0.0
pos__B4GTI7,1,1,1.0,0.0,0.0,0.0
pos__B4GVM0,1,1,0.0,1.0,0.0,0.0
pos__B4HLY4,1,2,0.0,2.0,0.0,0.0
pos__B4HZF7,1,9,0.0,9.0,0.0,0.0
pos__B4I9H7,1,1,0.0,1.0,0.0,0.0
pos__B4IX51,1,2,2.0,0.0,0.0,0.0
pos__B4IX54,1,7,0.0,7.0,0.0,0.0
pos__B4IY96,1,1,0.0,0.0,0.0,1.0
pos__B4J147,1,1,0.0,0.0,0.0,1.0
pos__B4J279,1,1,1.0,0.0,0.0,0.0
pos__B4J419,1,1,0.0,0.0,0.0,1.0
pos__B4J4R5,1,1,0.0,0.0,0.0,1.0
pos__B4J5Q9,1,1,0.0,1.0,0.0,0.0
pos__B4JBA6,1,1,1.0,0.0,0.0,0.0
pos__B4JFC8,1,1,1.0,0.0,0.0,0.0
pos__B4JIV2,1,2,0.0,2.0,0.0,0.0
pos__B4JIV3,1,1,0.0,0.0,0.0,1.0
pos__B4JIV4,1,1,0.0,1.0,0.0,0.0
pos__B4JQZ7,1,2,2.0,0.0,0.0,0.0
pos__B4JUM8,1,1,1.0,0.0,0.0,0.0
pos__B4JVG2,1,1,1.0,0.0,0.0,0.0
pos__B4JVV4,1,2,0.0,2.0,0.0,0.0
pos__B4JVW1,1,1,1.0,0.0,0.0,0.0
pos__B4JY85,1,8,8.0,0.0,0.0,0.0
pos__B4K7W5,1,1,1.0,0.0,0.0,0.0
pos__B4K8Q4,1,1,0.0,1.0,0.0,0.0
pos__B4KA07,1,5,5.0,0.0,0.0,0.0
pos__B4KBT6,1,1,1.0,0.0,0.0,0.0
pos__B4KBT9,1,1,0.0,0.0,1.0,0.0
pos__B4KCZ0,1,1,0.0,0.0,1.0,0.0
pos__B4KF13,1,5,5.0,0.0,0.0,0.0
pos__B4KL22,1,6,6.0,0.0,0.0,0.0
pos__B4KM21,1,3,3.0,0.0,0.0,0.0
pos__B4KM23,1,1,1.0,0.0,0.0,0.0
pos__B4KM64,1,1,0.0,1.0,0.0,0.0
pos__B4KPB3,1,3,0.0,3.0,0.0,0.0
pos__B4KTX2,1,3,3.0,0.0,0.0,0.0
pos__B4KTX5,1,4,0.0,0.0,0.0,4.0
pos__B4KUQ3,1,1,1.0,0.0,0.0,0.0
pos__B4KVU1,1,1,1.0,0.0,0.0,0.0
pos__B4KVU3,1,3,3.0,0.0,0.0,0.0
pos__B4KWQ1,1,1,0.0,1.0,0.0,0.0
pos__B4KXH6,1,2,2.0,0.0,0.0,0.0
pos__B4KZJ9,1,1,1.0,0.0,0.0,0.0
pos__B4KZK0,1,1,1.0,0.0,0.0,0.0
pos__B4L9F0,1,1,0.0,1.0,0.0,0.0
pos__B4LB72,1,1,0.0,1.0,0.0,0.0
pos__B4LE61,1,2,2.0,0.0,0.0,0.0
pos__B4LEZ9,1,1,1.0,0.0,0.0,0.0
pos__B4LFU9,1,1,1.0,0.0,0.0,0.0
pos__B4LHE0,1,1,0.0,1.0,0.0,0.0
pos__B4LHK7,1,1,0.0,0.0,0.0,1.0
pos__B4LHR2,1,1,0.0,0.0,0.0,1.0
pos__B4LHR4,1,1,1.0,0.0,0.0,0.0
pos__B4LIU6,1,1,0.0,1.0,0.0,0.0
pos__B4LIU7,1,1,0.0,0.0,0.0,1.0
pos__B4LK27,1,1,1.0,0.0,0.0,0.0
pos__B4LK29,1,1,0.0,0.0,0.0,1.0
pos__B4LK30,1,1,1.0,0.0,0.0,0.0
pos__B4LLV2,1,1,1.0,0.0,0.0,0.0
pos__B4LM19,1,1,0.0,0.0,0.0,1.0
pos__B4LNM5,1,1,0.0,1.0,0.0,0.0
pos__B4LQ53,1,1,1.0,0.0,0.0,0.0
pos__B4LUQ8,1,4,4.0,0.0,0.0,0.0
pos__B4LUW0,1,6,6.0,0.0,0.0,0.0
pos__B4LUZ8,1,8,8.0,0.0,0.0,0.0
pos__B4LYK9,1,1,0.0,0.0,1.0,0.0
pos__B4LYL0,1,1,1.0,0.0,0.0,0.0
pos__B4LZH5,1,1,0.0,0.0,1.0,0.0
pos__B4M3Q6,1,8,0.0,8.0,0.0,0.0
pos__B4M665,1,4,0.0,4.0,0.0,0.0
pos__B4M667,1,2,2.0,0.0,0.0,0.0
pos__B4M671,1,9,9.0,0.0,0.0,0.0
pos__B4MAW9,1,4,4.0,0.0,0.0,0.0
pos__B4MB26,1,5,5.0,0.0,0.0,0.0
pos__B4MIW8,1,1,1.0,0.0,0.0,0.0
pos__B4MKE6,1,2,2.0,0.0,0.0,0.0
pos__B4MLM3,1,4,4.0,0.0,0.0,0.0
pos__B4MLN8,1,11,6.0,0.0,5.0,0.0
pos__B4MLP3,1,6,6.0,0.0,0.0,0.0
pos__B4MLP7,1,1,1.0,0.0,0.0,0.0
pos__B4MLP9,1,7,7.0,0.0,0.0,0.0
pos__B4MLQ2,1,1,1.0,0.0,0.0,0.0
pos__B4MLU2,1,1,1.0,0.0,0.0,0.0
pos__B4MLU3,1,1,0.0,0.0,1.0,0.0
pos__B4MMS9,1,2,2.0,0.0,0.0,0.0
pos__B4MMT1,1,1,1.0,0.0,0.0,0.0
pos__B4MP38,1,1,0.0,0.0,0.0,1.0
pos__B4MP40,1,2,2.0,0.0,0.0,0.0
pos__B4MP43,1,4,4.0,0.0,0.0,0.0
pos__B4MP49,1,1,1.0,0.0,0.0,0.0
pos__B4MQA8,1,1,0.0,0.0,0.0,1.0
pos__B4MSA8,1,1,1.0,0.0,0.0,0.0
pos__B4MTQ7,1,1,1.0,0.0,0.0,0.0
pos__B4MV74,1,17,17.0,0.0,0.0,0.0
pos__B4MYH0,1,1,0.0,1.0,0.0,0.0
pos__B4N3C4,1,3,3.0,0.0,0.0,0.0
pos__B4N3P8,1,7,7.0,0.0,0.0,0.0
pos__B4N3Q0,1,3,3.0,0.0,0.0,0.0
pos__B4N3Q1,1,1,0.0,1.0,0.0,0.0
pos__B4N3V8,1,1,0.0,1.0,0.0,0.0
pos__B4N4S5,1,1,0.0,1.0,0.0,0.0
pos__B4N6E5,1,4,4.0,0.0,0.0,0.0
pos__B4N8X6,1,2,2.0,0.0,0.0,0.0
pos__B4N8Y8,1,3,3.0,0.0,0.0,0.0
pos__B4N9J0,1,1,0.0,1.0,0.0,0.0
pos__B4N9K8,1,5,5.0,0.0,0.0,0.0
pos__B4N9K9,1,1,1.0,0.0,0.0,0.0
pos__B4N9L1,1,1,1.0,0.0,0.0,0.0
pos__B4N9L3,1,1,0.0,0.0,0.0,1.0
pos__B4N9L4,1,1,0.0,0.0,0.0,1.0
pos__B4NAL2,1,1,1.0,0.0,0.0,0.0
pos__B4ND67,1,1,0.0,1.0,0.0,0.0
pos__B4NDT1,1,9,0.0,0.0,0.0,9.0
pos__B4NDT2,1,1,0.0,1.0,0.0,0.0
pos__B4NDT4,1,1,0.0,1.0,0.0,0.0
pos__B4NER5,1,1,1.0,0.0,0.0,0.0
pos__B4NF92,1,1,1.0,0.0,0.0,0.0
pos__B4NF96,1,1,1.0,0.0,0.0,0.0
pos__B4NFI2,1,1,1.0,0.0,0.0,0.0
pos__B4NQ01,1,21,21.0,0.0,0.0,0.0
pos__B4NSD8,1,15,12.0,2.0,1.0,0.0
pos__B4NUM5,1,1,0.0,0.0,1.0,0.0
pos__B4NW46,1,1,0.0,0.0,0.0,1.0
pos__B4NY79,1,2,0.0,0.0,0.0,2.0
pos__B4P0K0,1,1,1.0,0.0,0.0,0.0
pos__B4P0V8,1,4,0.0,4.0,0.0,0.0
pos__B4P0V9,1,1,0.0,1.0,0.0,0.0
pos__B4P4H8,1,12,12.0,0.0,0.0,0.0
pos__B4P5S9,1,1,0.0,1.0,0.0,0.0
pos__B4P662,1,3,0.0,3.0,0.0,0.0
pos__B4P6I8,1,25,24.0,0.0,1.0,0.0
pos__B4P798,1,1,0.0,1.0,0.0,0.0
pos__B4P7A0,1,1,0.0,0.0,0.0,1.0
pos__B4P7A1,1,3,3.0,0.0,0.0,0.0
pos__B4P7A3,1,3,3.0,0.0,0.0,0.0
pos__B4P8X9,1,3,2.0,0.0,1.0,0.0
pos__B4P8Y0,1,1,1.0,0.0,0.0,0.0
pos__B4P8Y1,1,3,2.0,1.0,0.0,0.0
pos__B4P8Y4,1,1,1.0,0.0,0.0,0.0
pos__B4P8Y5,1,1,1.0,0.0,0.0,0.0
pos__B4P913,1,3,0.0,0.0,0.0,3.0
pos__B4PA53,1,2,2.0,0.0,0.0,0.0
pos__B4PEF4,1,4,0.0,0.0,0.0,4.0
pos__B4PHP2,1,1,0.0,0.0,0.0,1.0
pos__B4PM71,1,4,4.0,0.0,0.0,0.0
pos__B4PMH6,1,14,13.0,1.0,0.0,0.0
pos__B4PRM7,1,1,0.0,1.0,0.0,0.0
pos__B4PY52,1,4,4.0,0.0,0.0,0.0
pos__B4PZD8,1,1,1.0,0.0,0.0,0.0
pos__B4PZX7,1,1,0.0,1.0,0.0,0.0
pos__B4Q1T9,1,11,0.0,0.0,0.0,11.0
pos__B4QMR1,1,4,0.0,0.0,0.0,4.0
pos__B5AKB2,1,3,3.0,0.0,0.0,0.0
pos__B5DTT4,1,16,16.0,0.0,0.0,0.0
pos__B5XGY9,1,2,2.0,0.0,0.0,0.0
pos__B6D1Q7,1,1,0.0,1.0,0.0,0.0
pos__B7P540,1,2,2.0,0.0,0.0,0.0
pos__B7PAU0,1,1,0.0,1.0,0.0,0.0
pos__B7PDD5,1,1,0.0,0.0,0.0,1.0
pos__B7PF42,1,1,0.0,1.0,0.0,0.0
pos__B7QB06,1,1,1.0,0.0,0.0,0.0
pos__B7X9Z8,1,1,1.0,0.0,0.0,0.0
pos__B7Z091,1,9,0.0,9.0,0.0,0.0
pos__B9EQZ1,1,15,0.0,15.0,0.0,0.0
pos__B9X253,1,1,1.0,0.0,0.0,0.0
pos__C1BZH5,1,1,0.0,1.0,0.0,0.0
pos__C1C450,1,1,1.0,0.0,0.0,0.0
pos__C1IBY0,1,1,0.0,1.0,0.0,0.0
pos__C1JCD3,1,1,0.0,1.0,0.0,0.0
pos__C1JE15,1,1,0.0,1.0,0.0,0.0
pos__C3KHI3,1,1,0.0,0.0,0.0,1.0
pos__C3KJU3,1,1,1.0,0.0,0.0,0.0
pos__C3KJU6,1,1,1.0,0.0,0.0,0.0
pos__C3W4P7,1,1,1.0,0.0,0.0,0.0
pos__C3Y021,1,1,1.0,0.0,0.0,0.0
pos__C3ZRZ4,1,1,1.0,0.0,0.0,0.0
pos__C5WLM7,1,1,1.0,0.0,0.0,0.0
pos__C6ZDB5,1,1,0.0,1.0,0.0,0.0
pos__C9W8H2,1,1,1.0,0.0,0.0,0.0
pos__C9W8H9,1,1,1.0,0.0,0.0,0.0
pos__D0R8R1,1,1,1.0,0.0,0.0,0.0
pos__D0R8R6,1,1,1.0,0.0,0.0,0.0
pos__D0V536,1,1,1.0,0.0,0.0,0.0
pos__D2A5Q7,1,1,1.0,0.0,0.0,0.0
pos__D2I3L0,1,109,97.0,7.0,5.0,0.0
pos__D3DMU6,1,18,18.0,0.0,0.0,0.0
pos__D3DMW5,1,18,18.0,0.0,0.0,0.0
pos__D3PHU3,1,1,1.0,0.0,0.0,0.0
pos__D3PW08,1,1,0.0,1.0,0.0,0.0
pos__D3TKP4,1,1,0.0,1.0,0.0,0.0
pos__D3ZD22,1,2,2.0,0.0,0.0,0.0
pos__D6QUQ4,1,1,0.0,1.0,0.0,0.0
pos__D6WBS7,1,1,0.0,1.0,0.0,0.0
pos__D6WDH8,1,1,1.0,0.0,0.0,0.0
pos__D8MIA3,1,7,7.0,0.0,0.0,0.0
pos__D9HQ22,1,1,1.0,0.0,0.0,0.0
pos__D9HQ40,1,11,11.0,0.0,0.0,0.0
pos__D9HQ41,1,2,2.0,0.0,0.0,0.0
pos__D9N0C8,1,1,0.0,0.0,0.0,1.0
pos__E1B7C7,1,57,53.0,2.0,2.0,0.0
pos__E1ZYQ5,1,3,0.0,0.0,0.0,3.0
pos__E2AY09,1,1,1.0,0.0,0.0,0.0
pos__E2B8J7,1,1,1.0,0.0,0.0,0.0
pos__E2BS70,1,1,1.0,0.0,0.0,0.0
pos__E2BZ94,1,3,3.0,0.0,0.0,0.0
pos__E2C0U9,1,1,1.0,0.0,0.0,0.0
pos__E2C0V1,1,1,1.0,0.0,0.0,0.0
pos__E2C9W5,1,1,1.0,0.0,0.0,0.0
pos__E2C9W6,1,1,1.0,0.0,0.0,0.0
pos__E4WU68,1,1,1.0,0.0,0.0,0.0
pos__E4X884,1,1,0.0,0.0,1.0,0.0
pos__E4XQF6,1,2,2.0,0.0,0.0,0.0
pos__E4Y226,1,1,0.0,0.0,1.0,0.0
pos__E5L9Q7,1,1,0.0,1.0,0.0,0.0
pos__E7CCH2,1,1,1.0,0.0,0.0,0.0
pos__E7D011,1,16,4.0,12.0,0.0,0.0
pos__E7D012,1,1,1.0,0.0,0.0,0.0
pos__E9FTM4,1,1,1.0,0.0,0.0,0.0
pos__E9FZX6,1,2,0.0,2.0,0.0,0.0
pos__E9GB32,1,2,2.0,0.0,0.0,0.0
pos__E9GC03,1,1,0.0,1.0,0.0,0.0
pos__E9GC04,1,1,1.0,0.0,0.0,0.0
pos__E9GE64,1,1,1.0,0.0,0.0,0.0
pos__E9GE76,1,1,0.0,0.0,0.0,1.0
pos__E9GED4,1,1,0.0,1.0,0.0,0.0
pos__E9GJ40,1,1,1.0,0.0,0.0,0.0
pos__E9GQZ9,1,1,1.0,0.0,0.0,0.0
pos__E9GTS4,1,1,0.0,0.0,1.0,0.0
pos__E9GVV9,1,1,1.0,0.0,0.0,0.0
pos__E9H908,1,1,0.0,0.0,1.0,0.0
pos__E9HAS5,1,1,0.0,0.0,0.0,1.0
pos__E9HNA4,1,1,1.0,0.0,0.0,0.0
pos__E9I849,1,1,0.0,1.0,0.0,0.0
pos__E9QD93,1,5,0.0,5.0,0.0,0.0
pos__F1C762,1,1,0.0,0.0,1.0,0.0
pos__F1MGE8,1,1,0.0,1.0,0.0,0.0
pos__F1N4G1,1,1,1.0,0.0,0.0,0.0
pos__F1QII6,1,1,1.0,0.0,0.0,0.0
pos__F1QS72,1,1,0.0,0.0,0.0,1.0
pos__F1SGS2,1,1,0.0,1.0,0.0,0.0
pos__F4MI41,1,1,1.0,0.0,0.0,0.0
pos__F4WBT1,1,2,2.0,0.0,0.0,0.0
pos__F4WBT2,1,1,0.0,0.0,0.0,1.0
pos__F4WKX7,1,1,1.0,0.0,0.0,0.0
pos__F6PMW7,1,3,3.0,0.0,0.0,0.0
pos__F6RN27,1,1,1.0,0.0,0.0,0.0
pos__F6W9V1,1,1,0.0,1.0,0.0,0.0
pos__F6WME4,1,1,1.0,0.0,0.0,0.0
pos__F6XK34,1,3,0.0,2.0,0.0,1.0
pos__F7B2A5,1,83,83.0,0.0,0.0,0.0
pos__F7C5M9,1,1,0.0,0.0,1.0,0.0
pos__F7C6H1,1,1,0.0,0.0,1.0,0.0
pos__F7F2L3,1,1,1.0,0.0,0.0,0.0
pos__F7FNG0,1,7,7.0,0.0,0.0,0.0
pos__G1KR50,1,1,1.0,0.0,0.0,0.0
pos__G1KTN0,1,1,1.0,0.0,0.0,0.0
pos__G1PFB8,1,1,1.0,0.0,0.0,0.0
pos__G1Q0Z6,1,2,1.0,1.0,0.0,0.0
pos__G1QDP3,1,3,3.0,0.0,0.0,0.0
pos__G1QFW6,1,2,0.0,0.0,1.0,1.0
pos__G1SPK1,1,1,1.0,0.0,0.0,0.0
pos__G1T384,1,1,1.0,0.0,0.0,0.0
pos__G1U3I4,1,1,0.0,1.0,0.0,0.0
pos__G3NPC5,1,2,0.0,0.0,0.0,2.0
pos__G3P0N7,1,24,24.0,0.0,0.0,0.0
pos__G3PHM8,1,1,0.0,0.0,0.0,1.0
pos__G3PHP8,1,4,0.0,3.0,0.0,1.0
pos__G3PI01,1,1,1.0,0.0,0.0,0.0
pos__G3PI05,1,2,2.0,0.0,0.0,0.0
pos__G3SVY6,1,1,0.0,1.0,0.0,0.0
pos__G3TAR8,1,1,0.0,1.0,0.0,0.0
pos__G3V8J3,1,5,4.0,1.0,0.0,0.0
pos__G3VA53,1,8,7.0,1.0,0.0,0.0
pos__G3VAT3,1,3,2.0,0.0,1.0,0.0
pos__G3VFF6,1,1,0.0,0.0,0.0,1.0
pos__G3VMR8,1,2,2.0,0.0,0.0,0.0
pos__G3VPY3,1,2,0.0,0.0,0.0,2.0
pos__G3VQC9,1,2,0.0,2.0,0.0,0.0
pos__G4YJG3,1,1,1.0,0.0,0.0,0.0
pos__G4YJH3,1,1,1.0,0.0,0.0,0.0
pos__G5AE35,1,2,0.0,0.0,0.0,2.0
pos__G5B2F4,1,1,0.0,0.0,1.0,0.0
pos__G5E365,1,1,0.0,0.0,1.0,0.0
pos__G7MH36,1,1,1.0,0.0,0.0,0.0
pos__G9D469,1,2,0.0,2.0,0.0,0.0
pos__G9F9K6,1,1,0.0,0.0,1.0,0.0
pos__G9MZZ8,1,1,1.0,0.0,0.0,0.0
pos__H0VLD3,1,4,3.0,1.0,0.0,0.0
pos__H0VUR5,1,5,5.0,0.0,0.0,0.0
pos__H0VYI3,1,2,0.0,2.0,0.0,0.0
pos__H0VZE1,1,1,0.0,0.0,1.0,0.0
pos__H0W9I4,1,2,2.0,0.0,0.0,0.0
pos__H0WC09,1,1,1.0,0.0,0.0,0.0
pos__H0WDU6,1,1,0.0,1.0,0.0,0.0
pos__H0WX91,1,1,0.0,1.0,0.0,0.0
pos__H0X534,1,1,0.0,1.0,0.0,0.0
pos__H0XJL5,1,1,0.0,1.0,0.0,0.0
pos__H0YW55,1,4,1.0,3.0,0.0,0.0
pos__H1A7B2,1,2,0.0,0.0,2.0,0.0
pos__H2D0L4,1,3,3.0,0.0,0.0,0.0
pos__H2L8P8,1,1,1.0,0.0,0.0,0.0
pos__H2LHK5,1,1,0.0,1.0,0.0,0.0
pos__H2LXT2,1,1,1.0,0.0,0.0,0.0
pos__H2ZQP0,1,3,0.0,3.0,0.0,0.0
pos__H2ZS91,1,1,0.0,0.0,0.0,1.0
pos__H3A791,1,1,0.0,1.0,0.0,0.0
pos__H3AFF0,1,1,1.0,0.0,0.0,0.0
pos__H3AJM6,1,2,0.0,2.0,0.0,0.0
pos__H3AV43,1,1,1.0,0.0,0.0,0.0
pos__H3BY80,1,1,0.0,1.0,0.0,0.0
pos__H3CMH7,1,1,1.0,0.0,0.0,0.0
pos__H3DEU3,1,1,1.0,0.0,0.0,0.0
pos__H3DNA7,1,1,0.0,1.0,0.0,0.0
pos__H3GRH9,1,3,3.0,0.0,0.0,0.0
pos__H3GRK2,1,1,1.0,0.0,0.0,0.0
pos__H9G5K5,1,2,1.0,0.0,1.0,0.0
pos__H9GAC6,1,3,3.0,0.0,0.0,0.0
pos__H9GC50,1,1,1.0,0.0,0.0,0.0
pos__H9GPC2,1,3,3.0,0.0,0.0,0.0
pos__H9GPR9,1,1,0.0,1.0,0.0,0.0
pos__H9H0B2,1,5,5.0,0.0,0.0,0.0
pos__I3J2F5,1,7,7.0,0.0,0.0,0.0
pos__I3J2G4,1,7,7.0,0.0,0.0,0.0
pos__I3J2G6,1,20,17.0,3.0,0.0,0.0
pos__I3K8N6,1,4,2.0,2.0,0.0,0.0
pos__I3KJS7,1,1,0.0,1.0,0.0,0.0
pos__I3KK11,1,3,3.0,0.0,0.0,0.0
pos__I3L7Z2,1,1,0.0,1.0,0.0,0.0
pos__I3MWU7,1,130,113.0,4.0,9.0,4.0
pos__I3UII6,1,1,1.0,0.0,0.0,0.0
pos__I3UIJ0,1,1,1.0,0.0,0.0,0.0
pos__I6TMW8,1,5,3.0,2.0,0.0,0.0
pos__I6TMX9,1,1,1.0,0.0,0.0,0.0
pos__I6TRT9,1,1,0.0,0.0,0.0,1.0
pos__I6TRU2,1,1,0.0,0.0,0.0,1.0
pos__I6TRU9,1,1,1.0,0.0,0.0,0.0
pos__I7E449,1,2,2.0,0.0,0.0,0.0
pos__J3JVF8,1,1,1.0,0.0,0.0,0.0
pos__J3JVK5,1,1,1.0,0.0,0.0,0.0
pos__J7MF51,1,1,1.0,0.0,0.0,0.0
pos__K0JUQ7,1,1,1.0,0.0,0.0,0.0
pos__K0K7C3,1,1,1.0,0.0,0.0,0.0
pos__K0TQY6,1,1,0.0,1.0,0.0,0.0
pos__K3WIR9,1,1,1.0,0.0,0.0,0.0
pos__K4R1F9,1,9,9.0,0.0,0.0,0.0
pos__K7FB59,1,1,0.0,1.0,0.0,0.0
pos__K7FEE6,1,1,0.0,1.0,0.0,0.0
pos__K9J7U7,1,1,0.0,0.0,0.0,1.0
pos__L5JTH0,1,4,3.0,0.0,1.0,0.0
pos__L5LF59,1,1,0.0,0.0,1.0,0.0
pos__L5LQE7,1,1,0.0,1.0,0.0,0.0
pos__L7N1U1,1,3,3.0,0.0,0.0,0.0
pos__M0QRN6,1,1,1.0,0.0,0.0,0.0
pos__M0QRU2,1,3,2.0,1.0,0.0,0.0
pos__M0R4Y2,1,1,0.0,1.0,0.0,0.0
pos__M0RBY1,1,1,0.0,0.0,1.0,0.0
pos__M3XIN5,1,1,1.0,0.0,0.0,0.0
pos__M3XRN6,1,1,0.0,1.0,0.0,0.0
pos__M3ZG05,1,4,2.0,0.0,2.0,0.0
pos__M3ZM04,1,1,1.0,0.0,0.0,0.0
pos__M4BNK7,1,1,0.0,1.0,0.0,0.0
pos__M9MS20,1,3,3.0,0.0,0.0,0.0
pos__M9NDV6,1,2,0.0,2.0,0.0,0.0
pos__N4WZY0,1,1,1.0,0.0,0.0,0.0
pos__N6T9R2,1,1,1.0,0.0,0.0,0.0
pos__N6TIJ5,1,1,1.0,0.0,0.0,0.0
pos__N6TM40,1,2,2.0,0.0,0.0,0.0
pos__N6UDT5,1,1,0.0,0.0,1.0,0.0
pos__O18438,1,5,5.0,0.0,0.0,0.0
pos__O18440,1,5,5.0,0.0,0.0,0.0
pos__O18655,1,1,1.0,0.0,0.0,0.0
pos__O35164,1,2,2.0,0.0,0.0,0.0
pos__O44332,1,1,1.0,0.0,0.0,0.0
pos__O62598,1,3,3.0,0.0,0.0,0.0
pos__O97100,1,1,1.0,0.0,0.0,0.0
pos__O97398,1,1,1.0,0.0,0.0,0.0
pos__O97399,1,1,0.0,1.0,0.0,0.0
pos__P00764,1,1,1.0,0.0,0.0,0.0
pos__P00765,1,1,1.0,0.0,0.0,0.0
pos__P05620,1,11,5.0,6.0,0.0,0.0
pos__P08246,1,13,13.0,0.0,0.0,0.0
pos__P08882,1,2,1.0,1.0,0.0,0.0
pos__P08897,1,2,2.0,0.0,0.0,0.0
pos__P09650,1,7,6.0,1.0,0.0,0.0
pos__P0CG03,1,4,2.0,0.0,2.0,0.0
pos__P0DJE9,1,1,1.0,0.0,0.0,0.0
pos__P0DJF6,1,11,10.0,0.0,1.0,0.0
pos__P11032,1,2,1.0,1.0,0.0,0.0
pos__P11033,1,4,4.0,0.0,0.0,0.0
pos__P12546,1,1,0.0,1.0,0.0,0.0
pos__P12788,1,2,2.0,0.0,0.0,0.0
pos__P15119,1,1,1.0,0.0,0.0,0.0
pos__P16295,1,17,1.0,0.0,16.0,0.0
pos__P18965,1,2,2.0,0.0,0.0,0.0
pos__P20718,1,1,1.0,0.0,0.0,0.0
pos__P23605,1,2,2.0,0.0,0.0,0.0
pos__P24664,1,1,1.0,0.0,0.0,0.0
pos__P26324,1,1,0.0,0.0,0.0,1.0
pos__P35003,1,1,1.0,0.0,0.0,0.0
pos__P35030,1,73,50.0,18.0,2.0,3.0
pos__P35036,1,32,32.0,0.0,0.0,0.0
pos__P35039,1,15,0.0,15.0,0.0,0.0
pos__P35048,1,1,1.0,0.0,0.0,0.0
pos__P35049,1,1,1.0,0.0,0.0,0.0
pos__P35587,1,1,1.0,0.0,0.0,0.0
pos__P35588,1,1,1.0,0.0,0.0,0.0
pos__P39675,1,3,3.0,0.0,0.0,0.0
pos__P43685,1,1,1.0,0.0,0.0,0.0
pos__P49276,1,1,1.0,0.0,0.0,0.0
pos__P80420,1,2,2.0,0.0,0.0,0.0
pos__P81824,1,1,1.0,0.0,0.0,0.0
pos__P83298,1,1,1.0,0.0,0.0,0.0
pos__P85202,1,2,0.0,2.0,0.0,0.0
pos__Q00871,1,8,8.0,0.0,0.0,0.0
pos__Q01136,1,1,1.0,0.0,0.0,0.0
pos__Q06606,1,3,3.0,0.0,0.0,0.0
pos__Q07943,1,1,1.0,0.0,0.0,0.0
pos__Q09GK1,1,1,1.0,0.0,0.0,0.0
pos__Q0IF81,1,1,1.0,0.0,0.0,0.0
pos__Q14B24,1,3,0.0,3.0,0.0,0.0
pos__Q14B25,1,1,1.0,0.0,0.0,0.0
pos__Q16YE4,1,1,1.0,0.0,0.0,0.0
pos__Q16ZR1,1,3,0.0,0.0,0.0,3.0
pos__Q17004,1,1,0.0,1.0,0.0,0.0
pos__Q27083,1,1,1.0,0.0,0.0,0.0
pos__Q2VWB9,1,1,1.0,0.0,0.0,0.0
pos__Q4L1L5,1,1,1.0,0.0,0.0,0.0
pos__Q4RFF8,1,1,1.0,0.0,0.0,0.0
pos__Q4V653,1,3,0.0,3.0,0.0,0.0
pos__Q4V675,1,6,6.0,0.0,0.0,0.0
pos__Q4V679,1,5,0.0,0.0,0.0,5.0
pos__Q54179,1,1,1.0,0.0,0.0,0.0
pos__Q5FBW2,1,2,2.0,0.0,0.0,0.0
pos__Q5IRX0,1,1,1.0,0.0,0.0,0.0
pos__Q5IS29,1,3,3.0,0.0,0.0,0.0
pos__Q5IY38,1,2,2.0,0.0,0.0,0.0
pos__Q5M8S2,1,2,0.0,2.0,0.0,0.0
pos__Q5M910,1,2,0.0,2.0,0.0,0.0
pos__Q5QBG0,1,1,1.0,0.0,0.0,0.0
pos__Q5QBG3,1,1,1.0,0.0,0.0,0.0
pos__Q5QBG5,1,1,0.0,1.0,0.0,0.0
pos__Q5TNT2,1,8,0.0,8.0,0.0,0.0
pos__Q6DHC9,1,1,0.0,0.0,0.0,1.0
pos__Q6DIW2,1,1,1.0,0.0,0.0,0.0
pos__Q6H321,1,4,4.0,0.0,0.0,0.0
pos__Q6P326,1,2,2.0,0.0,0.0,0.0
pos__Q71QI5,1,26,25.0,1.0,0.0,0.0
pos__Q76B45,1,1,1.0,0.0,0.0,0.0
pos__Q7K2L4,1,3,3.0,0.0,0.0,0.0
pos__Q7KT71,1,1,0.0,0.0,0.0,1.0
pos__Q7KT83,1,2,0.0,1.0,0.0,1.0
pos__Q7KVM7,1,1,0.0,0.0,0.0,1.0
pos__Q7KVM8,1,2,1.0,1.0,0.0,0.0
pos__Q7M4I3,1,1,1.0,0.0,0.0,0.0
pos__Q7PPZ8,1,5,0.0,0.0,5.0,0.0
pos__Q7Q153,1,15,14.0,0.0,1.0,0.0
pos__Q7Q9K1,1,5,2.0,1.0,1.0,1.0
pos__Q7QC37,1,6,0.0,6.0,0.0,0.0
pos__Q7RTY9,1,1,1.0,0.0,0.0,0.0
pos__Q7SYF1,1,1,1.0,0.0,0.0,0.0
pos__Q7T0T6,1,2,2.0,0.0,0.0,0.0
pos__Q7Z0G1,1,2,1.0,1.0,0.0,0.0
pos__Q7Z0G2,1,1,1.0,0.0,0.0,0.0
pos__Q7Z0G4,1,1,1.0,0.0,0.0,0.0
pos__Q7Z269,1,1,0.0,1.0,0.0,0.0
pos__Q80UR4,1,4,0.0,4.0,0.0,0.0
pos__Q86P28,1,14,14.0,0.0,0.0,0.0
pos__Q8IN51,1,1,0.0,1.0,0.0,0.0
pos__Q8INA0,1,3,0.0,0.0,0.0,3.0
pos__Q8IQ51,1,8,0.0,8.0,0.0,0.0
pos__Q8IRK5,1,1,1.0,0.0,0.0,0.0
pos__Q8IRK6,1,1,0.0,0.0,1.0,0.0
pos__Q8IRR3,1,1,0.0,0.0,1.0,0.0
pos__Q8K4I7,1,3,0.0,3.0,0.0,0.0
pos__Q8MTU7,1,4,4.0,0.0,0.0,0.0
pos__Q8QG86,1,3,1.0,1.0,0.0,1.0
pos__Q8T429,1,4,0.0,4.0,0.0,0.0
pos__Q91004,1,1,1.0,0.0,0.0,0.0
pos__Q920S1,1,1,1.0,0.0,0.0,0.0
pos__Q924N9,1,1,1.0,0.0,0.0,0.0
pos__Q99M20,1,1,0.0,1.0,0.0,0.0
pos__Q99MS4,1,2,2.0,0.0,0.0,0.0
pos__Q9BMQ7,1,1,1.0,0.0,0.0,0.0
pos__Q9D9G7,1,4,0.0,4.0,0.0,0.0
pos__Q9I8W9,1,2,0.0,0.0,0.0,2.0
pos__Q9JM71,1,14,12.0,2.0,0.0,0.0
pos__Q9QUL7,1,1,0.0,1.0,0.0,0.0
pos__Q9QYZ9,1,2,2.0,0.0,0.0,0.0
pos__Q9TXD8,1,1,0.0,1.0,0.0,0.0
pos__Q9UBX7,1,8,8.0,0.0,0.0,0.0
pos__Q9V3J7,1,1,0.0,0.0,0.0,1.0
pos__Q9VAQ2,1,3,3.0,0.0,0.0,0.0
pos__Q9VAQ3,1,3,3.0,0.0,0.0,0.0
pos__Q9VAQ4,1,1,1.0,0.0,0.0,0.0
pos__Q9VAX6,1,2,0.0,2.0,0.0,0.0
pos__Q9VGA5,1,1,0.0,1.0,0.0,0.0
pos__Q9VGB9,1,12,12.0,0.0,0.0,0.0
pos__Q9VP95,1,4,0.0,4.0,0.0,0.0
pos__Q9VQA4,1,7,0.0,0.0,0.0,7.0
pos__Q9VRS3,1,5,5.0,0.0,0.0,0.0
pos__Q9VRS5,1,2,2.0,0.0,0.0,0.0
pos__Q9VT24,1,10,10.0,0.0,0.0,0.0
pos__Q9VWD8,1,2,1.0,1.0,0.0,0.0
pos__Q9VXC8,1,5,0.0,0.0,0.0,5.0
pos__Q9VXP8,1,2,2.0,0.0,0.0,0.0
pos__Q9XT70,1,1,0.0,1.0,0.0,0.0
pos__Q9XY10,1,1,1.0,0.0,0.0,0.0
pos__Q9XY52,1,1,1.0,0.0,0.0,0.0
pos__Q9Y6M0,1,1,1.0,0.0,0.0,0.0
pos__R4GC80,1,1,0.0,1.0,0.0,0.0
pos__S4RAL6,1,1,1.0,0.0,0.0,0.0
pos__S4RXT8,1,6,4.0,2.0,0.0,0.0
pos__T0QQG2,1,3,3.0,0.0,0.0,0.0
pos__T1DEE8,1,224,115.0,64.0,23.0,22.0
pos__T1DJF4,1,2,2.0,0.0,0.0,0.0
pos__T1EG34,1,2,1.0,1.0,0.0,0.0
pos__T1EG55,1,1,0.0,0.0,0.0,1.0
pos__T1EJ18,1,1,0.0,1.0,0.0,0.0
pos__T1EMA5,1,1,1.0,0.0,0.0,0.0
pos__T1ENU6,1,1,1.0,0.0,0.0,0.0
pos__T1FN18,1,1,0.0,0.0,0.0,1.0
pos__T1GA21,1,1,0.0,0.0,1.0,0.0
pos__T1GBI7,1,1,0.0,0.0,0.0,1.0
pos__T1GBP0,1,1,1.0,0.0,0.0,0.0
pos__T1GE17,1,1,1.0,0.0,0.0,0.0
pos__T1GF99,1,1,1.0,0.0,0.0,0.0
pos__T1GIM6,1,2,2.0,0.0,0.0,0.0
pos__T1GR22,1,1,1.0,0.0,0.0,0.0
pos__T1GRG6,1,1,0.0,0.0,1.0,0.0
pos__T1GUJ8,1,1,1.0,0.0,0.0,0.0
pos__T1GW84,1,1,1.0,0.0,0.0,0.0
pos__T1HPU0,1,1,0.0,0.0,0.0,1.0
pos__T1IVS7,1,1,0.0,0.0,1.0,0.0
pos__T1IZI7,1,1,1.0,0.0,0.0,0.0
pos__T1J0D6,1,1,1.0,0.0,0.0,0.0
pos__T1JRG3,1,1,0.0,1.0,0.0,0.0
pos__T1JRG4,1,1,1.0,0.0,0.0,0.0
pos__T1JRG5,1,3,0.0,3.0,0.0,0.0
pos__T1JUP1,1,1,1.0,0.0,0.0,0.0
pos__T1JYB8,1,1,1.0,0.0,0.0,0.0
pos__T1K1Z0,1,1,1.0,0.0,0.0,0.0
pos__T1K8Z7,1,1,0.0,1.0,0.0,0.0
pos__T1KAC3,1,1,1.0,0.0,0.0,0.0
pos__T1KRU4,1,1,1.0,0.0,0.0,0.0
pos__T1L3B1,1,1,0.0,0.0,0.0,1.0
pos__T1L3B9,1,2,0.0,1.0,0.0,1.0
pos__T1L3H6,1,5,0.0,0.0,0.0,5.0
pos__T1L3H7,1,1,0.0,0.0,0.0,1.0
pos__T1L3I2,1,1,0.0,0.0,0.0,1.0
pos__T1L3S8,1,1,1.0,0.0,0.0,0.0
pos__T1L4Y0,1,1,1.0,0.0,0.0,0.0
pos__T1L584,1,1,1.0,0.0,0.0,0.0
pos__T1L6B0,1,3,0.0,0.0,3.0,0.0
pos__T1QDI0,1,5,5.0,0.0,0.0,0.0
pos__T2HS20,1,1,1.0,0.0,0.0,0.0
pos__U4UB78,1,2,2.0,0.0,0.0,0.0
pos__U5ET82,1,1,1.0,0.0,0.0,0.0
pos__U5EZ49,1,2,2.0,0.0,0.0,0.0
pos__U5EZJ4,1,1,1.0,0.0,0.0,0.0
pos__U6D1Z8,1,1,0.0,1.0,0.0,0.0
pos__V4AU46,1,1,0.0,1.0,0.0,0.0
pos__V5HUZ1,1,2,2.0,0.0,0.0,0.0
pos__V5I3H7,1,1,0.0,0.0,1.0,0.0
pos__V9F0G4,1,10,8.0,2.0,0.0,0.0
pos__V9FAM0,1,8,0.0,0.0,0.0,8.0
pos__V9FN47,1,5,0.0,0.0,0.0,5.0
pos__V9LL27,1,1,1.0,0.0,0.0,0.0
pos__W2GF69,1,2,0.0,2.0,0.0,0.0
pos__W2ZTA1,1,5,0.0,0.0,0.0,5.0
pos__W4FFL8,1,6,0.0,0.0,0.0,6.0
pos__W5J844,1,4,4.0,0.0,0.0,0.0
pos__W5JIK0,1,1,0.0,0.0,0.0,1.0
pos__W5M1R7,1,1,0.0,0.0,1.0,0.0
pos__W5M9F9,1,1,0.0,0.0,1.0,0.0
pos__W5MA55,1,2,2.0,0.0,0.0,0.0
pos__W5MAB5,1,1,0.0,0.0,0.0,1.0
pos__W5MCC9,1,1,0.0,1.0,0.0,0.0
pos__W5MDB6,1,1,0.0,1.0,0.0,0.0
pos__W5MDL9,1,1,1.0,0.0,0.0,0.0
pos__W5MJS2,1,2,0.0,0.0,0.0,2.0
pos__W5MJT8,1,4,0.0,0.0,0.0,4.0
pos__W5U5Y0,1,1,1.0,0.0,0.0,0.0
pos__W5W9U1,1,1,1.0,0.0,0.0,0.0
pos__W5WQZ3,1,1,1.0,0.0,0.0,0.0
pos__W8B8X5,1,1,1.0,0.0,0.0,0.0
pos__W8CD96,1,1,0.0,1.0,0.0,0.0
pos__W9GG38,1,1,0.0,1.0,0.0,0.0
