Q7UZJ9	Q7UZJ9
Q7UZJ9	Q317X8
Q7UZJ9	A2BZ50
Q9L9F2	Q9L9F2
Q96E11	Q96E11
P57324	P57324
C6C0A2	C6C0A2
B8FFL4	B8FFL4
Q9UYV8	Q9UYV8
A6VPG7	A6VPG7
Q9YGT6	Q9YGT6
P0A1A9	P0A1A9
P0A1A9	P09030
Q9FMC8	Q9FMC8
Q38ZL9	Q38ZL9
P32787	P32787
P92514	P92514
P92514	P15953
Q39263	Q39263
P51405	P51405
Q9BUB7	Q9BUB7
P58315	P58315
P9WGI3	P9WGI3
P00553	P00553
F4JIK2	F4JIK2
F4JIK2	Q9SUB4
Q504M8	Q504M8
Q504M8	Q9ULW5
Q504M8	P51156
Q504M8	Q29RR0
Q504M8	Q9JKM7
Q504M8	Q96AX2
P0DSE1	P0DSE1
Q8WXX5	Q8WXX5
Q8WXX5	Q91WN1
Q8VIL3	Q8VIL3
Q8VIL3	Q9CQU5
P46770	P46770
A0A0M4FTF3	A0A0M4FTF3
Q03GM6	Q03GM6
Q700E3	Q700E3
C0HMD9	C0HMD9
Q0KFE7	Q0KFE7
Q0KFE7	Q8Y2L2
Q9C9E3	Q9C9E3
B6F0W8	B6F0W8
Q9SYX1	Q9SYX1
Q9SYX1	Q6NKS4
Q6ZUJ4	Q6ZUJ4
Q8NEB5	Q8NEB5
Q8NEB5	Q3UMZ3
Q11CK7	Q11CK7
Q11CK7	A8HYT7
Q11CK7	A7IHN9
Q11CK7	A6UEK3
Q11CK7	Q92TB3
Q11CK7	B0UHR5
Q11CK7	Q8YE37
Q11CK7	B0CJI6
Q11CK7	A6WX52
Q11CK7	B3Q951
Q11CK7	A3PI62
Q11CK7	A8LHX5
Q11CK7	B9KPC8
Q11CK7	B0T798
Q11CK7	B8GW15
Q11CK7	P26721
Q11CK7	Q2RNA7
Q11CK7	B8EM84
Q11CK7	O30724
Q11CK7	Q2VYJ0
Q11CK7	Q89WM4
Q11CK7	B6JCG5
P07630	P07630
P40261	P40261
P40261	O55239
P40261	Q06AV1
A1AW70	A1AW70
G5EGC9	G5EGC9
A4SJ61	A4SJ61
Q8IJD4	Q8IJD4
I6WZG6	I6WZG6
C9K1M8	C9K1M8
C9K1M8	C9K1M9
B5YKP5	B5YKP5
Q14002	Q14002
E3PRJ4	E3PRJ4
C4L3U2	C4L3U2
H0VVW3	H0VVW3
G5EF15	G5EF15
Q6MQH6	Q6MQH6
Q5VNN5	Q5VNN5
U3H042	U3H042
Q9W3R7	Q9W3R7
Q5WT02	Q5WT02
P07772	P07772
Q9YJQ8	Q9YJQ8
Q9C5Q2	Q9C5Q2
Q05016	Q05016
Q55900	Q55900
Q99N03	Q99N03
P07821	P07821
Q9FH40	Q9FH40
P21698	P21698
Q9ERB0	Q9ERB0
Q9ERB0	Q9Z2P6
Q9ERB0	Q5R5K4
Q9ERB0	Q0II86
Q9ERB0	O95721
E0SLH6	E0SLH6
E0SLH6	C6DI71
E0SLH6	C6C4V4
Q9Z205	Q9Z205
Q9Z205	O14593
A0QJ19	A0QJ19
A0QJ19	Q8FP74
A0QJ19	Q4JV20
A0QJ19	A4QF30
A0QJ19	A1T784
A0QJ19	P9WHK5
A0QJ19	O69913
B1KKN8	B1KKN8
B1KKN8	Q084R8
Q9KV27	Q9KV27
Q9KV27	Q8DD17
Q9KV27	Q87KQ7
Q9KV27	B7VM66
P56891	P56891
P56891	Q8UH67
A8L766	A8L766
A8L766	Q2JEN8
A8L766	Q6A759
A8L766	Q6AEK9
P31168	P31168
Q682V0	Q682V0
Q05592	Q05592
Q9BRQ4	Q9BRQ4
A7TJ85	A7TJ85
P28495	P28495
B4QVX4	B4QVX4
B4QVX4	Q9VH58
Q5L9P9	Q5L9P9
C0Z4Q5	C0Z4Q5
C0Z4Q5	Q5L051
Q6AKW8	Q6AKW8
Q9Y272	Q9Y272
Q9Y272	Q9JKF8
Q9Y272	O35626
B9KBS2	B9KBS2
P28822	P28822
Q06058	Q06058
Q8GWL1	Q8GWL1
Q55CC2	Q55CC2
Q9FWX6	Q9FWX6
Q75CF5	Q75CF5
Q8GW64	Q8GW64
D2S6E2	D2S6E2
Q90314	Q90314
Q90314	Q09108
Q9H3N1	Q9H3N1
Q9H3N1	Q0Z7W6
Q9H3N1	Q8VBT0
Q04599	Q04599
O34610	O34610
P9WJC3	P9WJC3
Q9MZE0	Q9MZE0
Q9MZE0	Q07021
Q9MZE0	O35796
Q9MZE0	O35658
Q9MZE0	Q3T0B6
Q3KPK4	Q3KPK4
Q3KPK4	Q6GLC7
O23403	O23403
Q8I415	Q8I415
Q62447	Q62447
Q62447	P39947
Q62447	P24863
Q62447	Q3ZCK5
Q62447	P25008
P17410	P17410
Q4J8E7	Q4J8E7
Q4J8E7	Q970U6
Q04720	Q04720
O13848	O13848
B3WEY4	B3WEY4
B3WEY4	Q038F9
P49675	P49675
P49675	P70114
P49675	P51557
P49675	P97826
P49675	Q28918
P46118	P46118
C9WJD0	C9WJD0
A3M294	A3M294
A3M294	Q6F855
Q96MP8	Q96MP8
Q96MP8	Q8BJK1
Q96MP8	B1WC97
Q7V4M4	Q7V4M4
Q7V4M4	A5GI92
Q92637	Q92637
Q9XUV0	Q9XUV0
Q9Z034	Q9Z034
Q9Z034	Q9WIK0
Q7UQZ8	Q7UQZ8
Q9SPK4	Q9SPK4
Q7V7W0	Q7V7W0
Q7V7W0	A5GLH7
Q19291	Q19291
Q391N3	Q391N3
Q391N3	Q0B4Z6
P43688	P43688
Q58DP0	Q58DP0
Q58DP0	O43709
Q58DP0	Q9CY21
P09064	P09064
P46541	P46541
Q9HJ93	Q9HJ93
Q7AKQ5	Q7AKQ5
Q7AKQ5	Q828I8
Q6AUF3	Q6AUF3
Q6AUF3	O64700
Q6AUF3	E0ZS47
Q5TD97	Q5TD97
Q5TD97	Q9WTX7
A1VS34	A1VS34
A1VS34	A1TLC4
P37679	P37679
A8ZSE7	A8ZSE7
Q21190	Q21190
Q3UUD2	Q3UUD2
Q3UUD2	O43610
F4IMQ0	F4IMQ0
D2Q4H5	D2Q4H5
D2Q4H5	A1SK14
C0QYU9	C0QYU9
Q19420	Q19420
Q54818	Q54818
Q54818	Q55214
Q749Y8	Q749Y8
Q749Y8	Q39XB6
Q749Y8	B9LZG4
Q749Y8	B3E441
P80873	P80873
Q81TU1	Q81TU1
P07582	P07582
C0HKR2	C0HKR2
Q9HLV9	Q9HLV9
Q96912	Q96912
E7FDB3	E7FDB3
Q84WK4	Q84WK4
P09007	P09007
P24936	P24936
O31857	O31857
Q8VY90	Q8VY90
Q58656	Q58656
Q2QR54	Q2QR54
Q84MC1	Q84MC1
Q84MC1	Q8GY54
Q9SE42	Q9SE42
Q98RC0	Q98RC0
Q5AX00	Q5AX00
Q1CG96	Q1CG96
P86210	P86210
Q93VH6	Q93VH6
P29878	P29878
P29878	P14573
Q9FNQ5	Q9FNQ5
P29369	P29369
Q0SGZ1	Q0SGZ1
Q0SGZ1	Q6NFU5
Q0SGZ1	Q4JWV3
Q0SGZ1	Q73XM9
Q5W5W9	Q5W5W9
O47870	O47870
P80305	P80305
P39615	P39615
P80894	P80894
B3R075	B3R075
Q742K7	Q742K7
Q742K7	A3Q628
Q66I61	Q66I61
Q66I61	Q8VDP2
Q66I61	Q9H5V9
Q66I61	Q3T197
P10255	P10255
Q75GY0	Q75GY0
B3QPB3	B3QPB3
B3QPB3	A1BHS4
B3PI90	B3PI90
Q9USS0	Q9USS0
B8GYT0	B8GYT0
Q8BXA6	Q8BXA6
P16679	P16679
A2R6G8	A2R6G8
Q87C06	Q87C06
Q87C06	Q4USF7
Q9FUS9	Q9FUS9
Q9FUS9	Q9FUS8
Q83E35	Q83E35
P9WGM7	P9WGM7
Q8L8W5	Q8L8W5
Q9H7E9	Q9H7E9
Q9FKW3	Q9FKW3
Q93W22	Q93W22
Q93W22	Q93VT9
Q93W22	Q08770
P04768	P04768
Q6K461	Q6K461
Q6K461	Q9ZVN4
P53224	P53224
P53224	Q06144
A8QZJ5	A8QZJ5
B0K8K4	B0K8K4
Q92I65	Q92I65
P06773	P06773
Q2P692	Q2P692
Q2P692	Q8PIC3
Q2P692	Q8P709
Q2P692	B2FRW1
Q2P692	Q87DP7
Q2P692	Q3BQW1
Q17F11	Q17F11
B8ZHC9	B8ZHC9
B8ZHC9	Q8BVN7
C0Z7W5	C0Z7W5
P42245	P42245
Q9LU39	Q9LU39
Q96H78	Q96H78
Q96H78	Q8BGF9
Q2JQS1	Q2JQS1
Q6QA33	Q6QA33
Q90888	Q90888
Q90888	Q90370
A1AVG1	A1AVG1
Q97E93	Q97E93
Q8NH51	Q8NH51
Q8NH51	Q8NH50
Q54TE7	Q54TE7
Q9KK62	Q9KK62
Q3JND0	Q3JND0
Q9NYW3	Q9NYW3
B1AS42	B1AS42
B1AS42	Q6IPT4
Q8NH02	Q8NH02
Q11DS0	Q11DS0
Q11DS0	Q1MAE9
Q11DS0	B5ZU74
Q11DS0	Q92L99
Q2KVG4	Q2KVG4
Q2KVG4	Q7W4B6
F4I241	F4I241
Q8R537	Q8R537
Q8R537	P97865
Q8K9H9	Q8K9H9
B2SR15	B2SR15
B2SR15	B2I6R7
B2SR15	B0RW82
Q8PC63	Q8PC63
Q72IA9	Q72IA9
Q72IA9	Q5SHZ3
Q8NGJ1	Q8NGJ1
A4F7X3	A4F7X3
F1LU71	F1LU71
F1LU71	Q9JLZ3
Q2IUR8	Q2IUR8
Q2IUR8	B6JB74
Q2IUR8	B3QCV7
C1FMZ1	C1FMZ1
C1FMZ1	C3KVF0
B0TGC2	B0TGC2
Q93V93	Q93V93
O74467	O74467
B5DE31	B5DE31
Q8VGD6	Q8VGD6
Q8VGD6	Q96R30
Q8VGD6	Q8NHB1
A9KEA1	A9KEA1
A9KEA1	A9NBY3
Q9CAN1	Q9CAN1
Q9UWR6	Q9UWR6
Q91664	Q91664
P25586	P25586
Q92F68	Q92F68
Q92F68	Q83YI7
Q92F68	Q48793
Q92F68	Q8EU34
Q92F68	Q9KGJ5
Q92F68	O33924
Q92F68	Q81J97
Q92F68	P14193
A4T340	A4T340
A4T340	A5TZP0
Q96P16	Q96P16
Q96P16	Q5ZM30
Q820W3	Q820W3
Q820W3	B6J017
Q8Y9L8	Q8Y9L8
P0C604	P0C604
P0C604	Q8NH83
Q3A503	Q3A503
O14241	O14241
Q8TF65	Q8TF65
Q8TF65	Q9Z2H7
V6F235	V6F235
Q9LSI7	Q9LSI7
G5EGK8	G5EGK8
G5EGK8	P11493
G5EGK8	P67775
G5EGK8	Q0DBD3
G5EGK8	Q10BT5
G5EGK8	Q9XZE5
G5EGK8	P63330
G5EGK8	P23635
G5EGK8	Q0E2S4
G5EGK8	P48463
G5EGK8	O04951
G5EGK8	P62714
G5EGK8	P23696
G5EGK8	Q07098
G5EGK8	Q07099
G5EGK8	Q0P594
G5EGK8	P11611
G5EGK8	O04860
G5EGK8	P48578
G5EGK8	Q07100
O05797	O05797
Q9GZM6	Q9GZM6
Q9GZM6	Q8WZ84
P38885	P38885
Q5R328	Q5R328
Q9HXE4	Q9HXE4
K7WQ45	K7WQ45
K7WQ45	C1K5M2
K7WQ45	B8XA40
A0A381HAP5	A0A381HAP5
Q9BXE9	Q9BXE9
O53423	O53423
Q493B6	Q493B6
Q493B6	Q8D2H6
A0AAD6J5F2	A0AAD6J5F2
Q8VEZ0	Q8VEZ0
Q8VEZ0	Q8VG42
Q8VEZ0	Q8VGI5
Q8VEZ0	Q8WZ94
Q8VEZ0	Q8VGI6
Q8VEZ0	Q8VG44
Q8VEZ0	Q8VG06
Q8VEZ0	Q8VGI4
Q8VEZ0	Q8VG43
Q8VEZ0	Q8VFC9
Q12746	Q12746
Q9Y5P1	Q9Y5P1
Q10G40	Q10G40
Q0V9K2	Q0V9K2
Q0V9K2	Q2TAP9
Q8VFX2	Q8VFX2
Q8VFX2	A6NL26
Q4FL33	Q4FL33
Q6M0K7	Q6M0K7
Q6M0K7	Q57834
B3EIU4	B3EIU4
Q7NQ65	Q7NQ65
Q15UF1	Q15UF1
P86928	P86928
P86928	Q80ZA0
P86928	O88310
P86928	Q8WWA0
O14626	O14626
O14626	Q8BG55
O14626	Q3ZBK9
P9WPX5	P9WPX5
P9WPX5	Q9X7E6
Q96DB5	Q96DB5
Q96DB5	Q9DCV4
Q96DB5	Q4G069
P0C8N5	P0C8N5
Q6P3L6	Q6P3L6
Q0UXN8	Q0UXN8
Q9NWW5	Q9NWW5
Q8NGE8	Q8NGE8
Q8NGE8	Q8NGI4
Q8NGE8	Q8NGI6
P0A4E2	P0A4E2
P16833	P16833
Q9RPX0	Q9RPX0
A7HNE8	A7HNE8
D0ZSY7	D0ZSY7
D0ZSY7	P0AFX9
A0A0N9HQ36	A0A0N9HQ36
Q98I52	Q98I52
P08026	P08026
P08026	Q9FBI2
Q8ZQ16	Q8ZQ16
Q8ZQ16	Q8X8J3
Q9YHZ5	Q9YHZ5
Q19203	Q19203
Q9CR42	Q9CR42
Q9CR42	Q3ZBX7
Q9CR42	Q8R560
Q9CR42	Q9TU71
Q9M9W3	Q9M9W3
Q9M9W3	P48482
Q9M9W3	P48485
Q9M9W3	P30366
Q9M9W3	P32598
Q9M9W3	Q05547
Q9M9W3	P12982
Q5UXH1	Q5UXH1
Q2LVE4	Q2LVE4
Q02604	Q02604
Q7SXB5	Q7SXB5
P60393	P60393
Q9Z204	Q9Z204
Q9Z204	P19600
Q9Z204	O60812
Q9Z204	B2RXH8
Q9Z204	G3V9R8
Q9Z204	P07910
Q89822	Q89822
Q93246	Q93246
Q2QDE9	Q2QDE9
Q2QDE9	P49184
Q2QDE9	Q2QDF1
B8D8U8	B8D8U8
B8D8U8	Q8K9Z4
P39325	P39325
Q8LEE7	Q8LEE7
Q8LEE7	Q40578
Q15612	Q15612
P15703	P15703
P23882	P23882
P23882	Q8ZLM6
A6NNS2	A6NNS2
A6NNS2	Q1RMJ5
A6NNS2	Q8CHS7
A6NNS2	D3ZGP9
P17260	P17260
B4F6K2	B4F6K2
B4F6K2	Q28333
B4F6K2	Q3B7M2
B4F6K2	Q4R6C1
B4F6K2	Q16775
B4F6K2	Q6P963
B4F6K2	Q5ZI23
B4F6K2	O35952
B4F6K2	Q99KB8
Q92820	Q92820
Q92820	A7YWG4
Q5F8F5	Q5F8F5
Q5F8F5	A1KTZ4
Q5F8F5	Q9JUF0
C4M4T9	C4M4T9
Q4L709	Q4L709
Q4L709	Q6G8Q5
Q4L709	Q2YTB9
Q4L709	B9DNE1
Q4L709	A8Z2J1
Q4L709	P64340
P11695	P11695
Q6ES52	Q6ES52
Q4A898	Q4A898
Q4A898	Q4AA71
P0A4T6	P0A4T6
B8ZPG7	B8ZPG7
B8ZPG7	Q8DUE5
B8ZPG7	A4VU96
B8ZPG7	B2IPH2
B8ZPG7	B9DS79
Q7MT83	Q7MT83
A5N4S5	A5N4S5
A5N4S5	A4IJL4
A5N4S5	A7GJ45
A5N4S5	B2TIK4
A5N4S5	A4J139
A5N4S5	C0ZIK7
Q81TU9	Q81TU9
A5IU64	A5IU64
A5IU64	Q49YU2
A5IU64	B9DMT6
A5IU64	Q6GFF9
Q11098	Q11098
Q7ZW16	Q7ZW16
Q7ZW16	Q8BH75
Q7ZW16	Q9H4P4
Q4V3E0	Q4V3E0
Q9MAA2	Q9MAA2
Q62GA9	Q62GA9
A4R1J6	A4R1J6
A4R1J6	B2B5Q3
A4R1J6	E3QBC5
B3EI94	B3EI94
Q7JXF7	Q7JXF7
Q475R5	Q475R5
Q7MNK7	Q7MNK7
Q7ZV68	Q7ZV68
Q22663	Q22663
Q7ZT46	Q7ZT46
O13619	O13619
A6H7B0	A6H7B0
Q97E97	Q97E97
Q8H1D2	Q8H1D2
P25560	P25560
A0A024RBG1	A0A024RBG1
A0A024RBG1	Q9NZJ9
P43145	P43145
Q9CAH0	Q9CAH0
Q8UW74	Q8UW74
Q9I2E9	Q9I2E9
A4SG33	A4SG33
Q89YZ2	Q89YZ2
Q38V72	Q38V72
P9WGH7	P9WGH7
A1R1M6	A1R1M6
Q8LDV3	Q8LDV3
P05740	P05740
Q93MD2	Q93MD2
Q8IUR0	Q8IUR0
Q9ZV51	Q9ZV51
Q87DU8	Q87DU8
P61225	P61225
P37298	P37298
P07479	P07479
Q9M0B9	Q9M0B9
Q9UU91	Q9UU91
P0AB06	P0AB06
Q0IDJ2	Q0IDJ2
Q0UHC0	Q0UHC0
X1WGV5	X1WGV5
Q9NQ92	Q9NQ92
Q8VYI9	Q8VYI9
Q89ZC3	Q89ZC3
P41955	P41955
A0R5K4	A0R5K4
O70326	O70326
A0L4W0	A0L4W0
P24687	P24687
P75925	P75925
Q0J7V9	Q0J7V9
Q61658	Q61658
B9MPK0	B9MPK0
Q9D5B7	Q9D5B7
G5EEM1	G5EEM1
Q9F722	Q9F722
O75223	O75223
Q03096	Q03096
B8GEG7	B8GEG7
Q27022	Q27022
Q2YQZ3	Q2YQZ3
Q8DRP8	Q8DRP8
A5N6S3	A5N6S3
Q9BIW5	Q9BIW5
O31851	O31851
Q8K4C5	Q8K4C5
Q2QQ32	Q2QQ32
A7MH33	A7MH33
A7MH33	A1JLF1
A7MH33	B5XNU9
A7MH33	B1JGL0
A7MH33	Q668Z7
A6TFN2	A6TFN2
A6TFN2	B5XTG2
A6TFN2	A1JHW9
A6TFN2	A7FCT1
A6TFN2	P0C093
A6TFN2	A8ARM8
C5DHW0	C5DHW0
Q8K2Q0	Q8K2Q0
Q75K24	Q75K24
Q97FZ9	Q97FZ9
Q9C666	Q9C666
P21291	P21291
P21291	Q16527
P21291	P47875
P21291	P97314
P21291	Q62908
Q921E2	Q921E2
Q5EGY4	Q5EGY4
Q5EGY4	Q7ZUN8
O34899	O34899
Q51948	Q51948
P68593	P68593
P61026	P61026
P61026	P22127
Q2YPD2	Q2YPD2
P39694	P39694
Q6D4W0	Q6D4W0
Q15040	Q15040
Q216N4	Q216N4
P26441	P26441
A0RMP5	A0RMP5
Q8K9G7	Q8K9G7
P69161	P69161
Q5R5S7	Q5R5S7
B8DDL2	B8DDL2
Q9ZQR8	Q9ZQR8
Q0BMC8	Q0BMC8
Q0BMC8	Q5NFU6
P25223	P25223
P25223	Q0GBY2
Q7UGM3	Q7UGM3
P9WGM3	P9WGM3
A1K598	A1K598
Q99766	Q99766
Q99766	Q9CRA7
Q59295	Q59295
B2JCN7	B2JCN7
B2JCN7	B1YN54
B2JCN7	B1JYQ1
Q7SIC0	Q7SIC0
Q96CE8	Q96CE8
Q54BN0	Q54BN0
Q8RC29	Q8RC29
Q8RC29	B0KBM4
A4SUY5	A4SUY5
A4SUY5	B1Y7N0
A4SUY5	P44373
Q75DE4	Q75DE4
Q55E68	Q55E68
Q9FLB1	Q9FLB1
P28891	P28891
Q1MK43	Q1MK43
A8LJU6	A8LJU6
Q2FK58	Q2FK58
Q2FK58	A7WXK6
Q5JJI4	Q5JJI4
Q5JJI4	A2WYG9
Q43386	Q43386
Q9USJ6	Q9USJ6
P34901	P34901
P18868	P18868
P25451	P25451
O94655	O94655
P22124	P22124
P22124	P11234
Q60590	Q60590
Q60590	Q63805
Q60590	P02764
P60497	P60497
Q3J6Q3	Q3J6Q3
P26186	P26186
Q5MZ57	Q5MZ57
Q5MZ57	Q46LZ9
Q5MZ57	Q31CC9
Q5MZ57	A5GRL5
Q5MZ57	Q3ALH7
O15499	O15499
Q5SSG5	Q5SSG5
Q54K74	Q54K74
Q85WX8	Q85WX8
Q85WX8	P41638
Q85WX8	O20278
Q85WX8	Q68S04
Q85WX8	O20230
Q85WX8	O19986
Q85WX8	O20215
Q85WX8	O20213
Q85WX8	O20291
Q85WX8	A4QLA8
Q85WX8	P13788
Q85WX8	P0C488
Q85WX8	A4QL21
Q85WX8	A4GYR2
Q85WX8	A1E9S6
Q85WX8	Q09X15
Q85WX8	A1EA10
Q85WX8	Q0G9W0
Q85WX8	A1E9J3
Q85WX8	A4QLJ6
A3QBM4	A3QBM4
A3QBM4	A8FS65
A3QBM4	Q0HSD6
Q73K74	Q73K74
Q60948	Q60948
Q60948	Q14582
P05748	P05748
P05748	P54780
Q5BJ83	Q5BJ83
P32557	P32557
P10771	P10771
Q91875	Q91875
P26583	P26583
P26583	P26584
P26583	O54879
P26583	Q32L31
A6L046	A6L046
A6L046	A6LHT2
A6L046	Q5LIL2
Q3ZJ39	Q3ZJ39
Q6AYM4	Q6AYM4
Q55FU9	Q55FU9
Q9HYR9	Q9HYR9
Q0DX67	Q0DX67
O73763	O73763
A1SNG8	A1SNG8
Q67P59	Q67P59
Q06104	Q06104
A0A2I1BSZ6	A0A2I1BSZ6
Q1LRP7	Q1LRP7
Q12375	Q12375
Q7VFP9	Q7VFP9
Q833Y3	Q833Y3
Q83IR6	Q83IR6
Q83IR6	Q8ZKL1
Q83IR6	Q8Z1V3
Q83IR6	Q8FB47
Q83IR6	P32684
Q83IR6	Q8X4L9
P68905	P68905
P68905	P0A4S1
P68905	P0CZ59
P47178	P47178
Q5HS71	Q5HS71
Q9RQP7	Q9RQP7
Q0A6K4	Q0A6K4
A1SLU7	A1SLU7
Q9H1R2	Q9H1R2
Q6LZC7	Q6LZC7
Q9FEG2	Q9FEG2
Q9FEG2	Q402F4
O94319	O94319
A0A0D1DWQ2	A0A0D1DWQ2
Q9M2X3	Q9M2X3
Q9C8L4	Q9C8L4
O42772	O42772
O42772	P21801
O42772	Q6FWS8
O42772	P21911
O42772	Q9YHT2
O42772	Q9CQA3
O42772	Q3B8J8
O42772	A5PL98
O42772	Q007T0
O42772	B0BM36
O42772	Q3T189
O42772	P21912
O42772	P21913
O42772	Q75CI4
Q1QE99	Q1QE99
Q1QE99	A5WCB3
O34530	O34530
O34530	A7Z4J8
Q97QJ3	Q97QJ3
P13726	P13726
Q24ZJ1	Q24ZJ1
Q6LP62	Q6LP62
Q6LP62	A7N5Q6
B8I0Q8	B8I0Q8
Q7V9Z9	Q7V9Z9
Q7V9Z9	Q7U4D9
O45102	O45102
P37306	P37306
Q9M0J3	Q9M0J3
Q2RI72	Q2RI72
Q8IZ81	Q8IZ81
Q9M2W2	Q9M2W2
G3YG17	G3YG17
O34661	O34661
Q60932	Q60932
Q60932	P81004
Q60932	P45879
Q60932	Q9MZ16
Q60932	Q9Z2L0
Q60932	P21796
Q60932	P81155
Q60932	Q60930
Q60932	P68002
Q60932	P82013
Q60932	P86223
Q60932	P45880
Q60932	Q9MZ15
Q60932	P68003
Q02VE3	Q02VE3
I6Y204	I6Y204
Q5N8G1	Q5N8G1
Q8KBH8	Q8KBH8
Q6GKB5	Q6GKB5
Q6GKB5	Q49ZN6
P26321	P26321
P38765	P38765
Q6F9N8	Q6F9N8
Q03PY6	Q03PY6
Q08325	Q08325
Q4WAY4	Q4WAY4
B0K2C2	B0K2C2
Q8BX35	Q8BX35
Q8BX35	Q9HAV5
A0A8X6EH27	A0A8X6EH27
B7J2L5	B7J2L5
B7J2L5	B5RMK6
B7J2L5	Q660L0
B7J2L5	B5RQ02
P32805	P32805
Q6DBQ1	Q6DBQ1
B4F1G5	B4F1G5
B4F1G5	B2K7N4
B4F1G5	A7MJZ6
B4F1G5	Q0HTK5
B4F1G5	A8AJS4
B4F1G5	Q7MIX2
B4F1G5	B2VBD1
B4F1G5	Q0HH99
B4F1G5	A0KJD4
B4F1G5	Q12L99
B4F1G5	Q87RB8
B4F1G5	A9KWH5
B4F1G5	C5B8V3
B4F1G5	P24186
B4F1G5	B7NL23
B4F1G5	A4SNM0
B4F1G5	B7L7F6
B4F1G5	B5QUV5
B4F1G5	P51696
B4F1G5	B5BCZ5
B4F1G5	A6T5R4
B4F1G5	A4W7J0
B4F1G5	Q6D2E6
B4F1G5	A8FTH7
B4F1G5	Q324Y6
B4F1G5	Q6LNV7
B7KG76	B7KG76
B7KG76	P08925
B7KG76	P0A3S1
B7KG76	P26250
B7KG76	B8HWE3
B7KG76	P33178
B7KG76	P26254
B7KG76	Q13C78
B7KG76	P06117
B7KG76	P17303
B7KG76	A3PLS9
B7KG76	P0CY95
B7KG76	P00462
B7KG76	P26251
B7KG76	Q98AP7
B7KG76	P22921
B7KG76	P26252
B7KG76	A0L6X0
B7KG76	P15335
B7KG76	A4VJ70
B7KG76	P00458
B7KG76	P00459
B7KG76	P26248
B7KG76	P06118
B7KUL9	B7KUL9
B7KUL9	B1ZIP6
Q9H825	Q9H825
Q9H825	A2AUU0
P40167	P40167
P25310	P25310
Q9FHM7	Q9FHM7
P51719	P51719
A1APR8	A1APR8
A5D2Q5	A5D2Q5
O60141	O60141
Q12219	Q12219
Q9A1H9	Q9A1H9
Q9A1H9	P0DF42
Q9A1H9	Q8DVW1
Q99219	Q99219
Q99219	Q12173
B7VPF1	B7VPF1
Q9PN99	Q9PN99
P24327	P24327
Q5SJ85	Q5SJ85
Q5SJ85	Q72JK8
Q4X066	Q4X066
Q4X066	Q5B8T4
Q654B3	Q654B3
P52847	P52847
P52847	Q3T0Y3
P52847	Q95JD5
P52847	O43704
P52847	Q9QWG7
P52682	P52682
P52682	P52663
Q7N6K3	Q7N6K3
Q9FJV7	Q9FJV7
A8QGZ7	A8QGZ7
O50580	O50580
A0KR69	A0KR69
A0KR69	A9KUB0
A0KR69	Q0HP98
Q3T160	Q3T160
Q3T160	P06748
Q3T160	P13084
Q3T160	Q61937
A0LR93	A0LR93
Q1MLB6	Q1MLB6
Q1MLB6	Q8UHU0
Q1MLB6	Q93E15
Q2RXH9	Q2RXH9
B2SDS9	B2SDS9
B0UU81	B0UU81
B0UU81	B3H159
Q1WV73	Q1WV73
B8I363	B8I363
B8I363	B0TZ17
B8I363	Q5NHE6
B8I363	A7GH18
Q0AI27	Q0AI27
Q6AAD7	Q6AAD7
P21272	P21272
P21272	P28033
P32573	P32573
B3H2F9	B3H2F9
Q9JPU9	Q9JPU9
Q9JPU9	Q9JXW7
O31606	O31606
P32602	P32602
Q3JRV4	Q3JRV4
Q5XG99	Q5XG99
Q67ET3	Q67ET3
Q67ET3	Q7M721
B1HS82	B1HS82
B1HS82	C5D363
P15461	P15461
P37965	P37965
Q9CF61	Q9CF61
A0AHS0	A0AHS0
Q9S789	Q9S789
Q2RWY4	Q2RWY4
Q01RY8	Q01RY8
A6Q3B2	A6Q3B2
P14300	P14300
Q18GB5	Q18GB5
P52844	P52844
O33434	O33434
Q9VAI1	Q9VAI1
Q2KID0	Q2KID0
Q2KID0	Q8VBV3
Q2KID0	Q13868
P70190	P70190
P70190	Q9WUV6
P70190	Q96KX2
P70190	Q4R7M8
O74918	O74918
Q5YS09	Q5YS09
P01895	P01895
P01895	P01896
Q8R164	Q8R164
Q8R164	Q86WA6
O29513	O29513
P32675	P32675
Q60099	Q60099
P48932	P48932
Q3B3P4	Q3B3P4
Q9SL43	Q9SL43
O46203	O46203
Q99325	Q99325
P71079	P71079
P17482	P17482
P17482	P20615
P17482	Q9PWM2
B6YS18	B6YS18
P33736	P33736
P15714	P15714
Q3ITB6	Q3ITB6
Q3ITB6	B0R870
B4SH93	B4SH93
P33234	P33234
Q8DCG0	Q8DCG0
Q0BMQ8	Q0BMQ8
A8IQL3	A8IQL3
A8IQL3	A7IKI9
Q9FN11	Q9FN11
Q9FN11	Q9SN23
Q9P2Z0	Q9P2Z0
B2GC51	B2GC51
Q944M5	Q944M5
Q9VTZ6	Q9VTZ6
Q59LC9	Q59LC9
Q7WLL3	Q7WLL3
K7NTD0	K7NTD0
P26918	P26918
Q0C1B9	Q0C1B9
Q9LRJ9	Q9LRJ9
Q30ZK7	Q30ZK7
Q30ZK7	B8DJT5
Q9W0G6	Q9W0G6
A1JKA9	A1JKA9
P75736	P75736
Q9W0I5	Q9W0I5
Q9LZJ6	Q9LZJ6
A0R2D4	A0R2D4
A0R2D4	P9WGG7
Q3SN27	Q3SN27
Q3SN27	B6JJP6
Q3SN27	Q2J2C4
Q3SN27	P60352
Q8NB15	Q8NB15
Q8NB15	Q6P0X2
Q2T1H5	Q2T1H5
Q2T1H5	B9MEZ2
Q2T1H5	C5CWV9
Q2T1H5	Q0BBK5
Q2T1H5	A1TTW5
Q2T1H5	Q3JWH7
Q2T1H5	B1JZ61
Q2T1H5	Q476J7
Q2T1H5	B1Y3R5
Q2T1H5	Q5P7N4
Q2T1H5	Q7VS43
P95765	P95765
P95765	O68579
Q9SB68	Q9SB68
A1BFE5	A1BFE5
Q322K2	Q322K2
Q23125	Q23125
B7HKR9	B7HKR9
B7HKR9	C1ENE7
B7HKR9	A9VR03
B7HKR9	A7GR71
O46914	O46914
B1ZDL3	B1ZDL3
B1ZDL3	B1M537
Q15619	Q15619
P18915	P18915
P18915	P08060
Q9VLD6	Q9VLD6
B9DGI8	B9DGI8
A5EV96	A5EV96
A5D143	A5D143
Q9UUG1	Q9UUG1
A7HVY9	A7HVY9
A6NF89	A6NF89
A6NF89	A6NIJ9
A6NF89	A6NL08
A6NF89	Q9NZP0
A6NF89	A6NJZ3
A6NF89	A6NCV1
A6NF89	A6NM76
Q7ZT11	Q7ZT11
Q8NGJ0	Q8NGJ0
P26260	P26260
P26260	P34740
P26260	P47951
P26260	P18827
P26260	P18828
Q9FKA4	Q9FKA4
Q8NHA6	Q8NHA6
Q8NG95	Q8NG95
Q6ICW6	Q6ICW6
P9WK87	P9WK87
P0C035	P0C035
O64471	O64471
O42366	O42366
O31646	O31646
Q0SP77	Q0SP77
C1C8G7	C1C8G7
C1C8G7	C1CSJ6
Q28NP2	Q28NP2
Q46666	Q46666
Q03G75	Q03G75
Q12192	Q12192
B0CE23	B0CE23
Q6PFJ1	Q6PFJ1
A0A286YEU6	A0A286YEU6
P45743	P45743
Q99190	Q99190
A6VYL7	A6VYL7
Q60891	Q60891
Q04689	Q04689
Q25QU7	Q25QU7
Q7RTR8	Q7RTR8
Q7RTR8	Q646B8
Q9M8S7	Q9M8S7
P0A2V4	P0A2V4
Q0TQ59	Q0TQ59
Q0TQ59	Q8XK59
Q9P795	Q9P795
P80187	P80187
A5IBW2	A5IBW2
A5IBW2	Q5ZVG8
A9M8M2	A9M8M2
B3EYM8	B3EYM8
B3EYM8	Q93HT9
Q8NGK5	Q8NGK5
P22841	P22841
Q8AXV5	Q8AXV5
Q8SRP3	Q8SRP3
P14065	P14065
Q8BTH6	Q8BTH6
Q8BTH6	Q9NQ03
Q63072	Q63072
Q63072	Q64277
Q63072	Q10588
Q9M2Y9	Q9M2Y9
P0AEW9	P0AEW9
P30759	P30759
P24069	P24069
B2UB85	B2UB85
B2UB85	A1K5I5
B2UB85	Q8XWE1
B2UB85	A5W880
B2UB85	Q129C6
B2UB85	A1TQ96
B2UB85	C1D6J0
B2UB85	B2T6M4
B2UB85	A1V117
B2UB85	A0K9X1
Q59589	Q59589
P87064	P87064
Q28318	Q28318
Q28318	Q8HXS1
Q28318	Q6UC74
Q28318	P01239
Q28318	P01240
Q28318	P46403
Q28318	P01238
Q28318	P55151
Q28318	P01236
Q07801	Q07801
A9N514	A9N514
A9N514	A7ZV69
A9N514	Q3YUF0
A9N514	A1AJA3
A9N514	Q5PJ61
A9N514	P39306
A9N514	P0C1B9
A9N514	B7LLY0
P45113	P45113
P45113	A5UCP4
P38082	P38082
P40259	P40259
Q1CTN3	Q1CTN3
Q1CTN3	Q17XR6
Q40966	Q40966
Q40966	O80325
P09497	P09497
P09497	P08082
P09497	P04975
P09497	Q6IRU5
Q9UX10	Q9UX10
Q9CR02	Q9CR02
P29355	P29355
Q0BPF6	Q0BPF6
P34560	P34560
P67877	P67877
P67877	P35666
P49254	P49254
P49254	P02741
A0A348HAX8	A0A348HAX8
Q11JM4	Q11JM4
Q11JM4	A5VQL0
Q11JM4	Q8G0L4
Q12334	Q12334
Q9S772	Q9S772
O82794	O82794
Q21693	Q21693
O34310	O34310
Q5PB25	Q5PB25
Q5PB36	Q5PB36
P10949	P10949
P10949	P20337
P10949	Q94986
P10949	P10948
P10949	Q63942
P10949	P11023
P10949	P25228
P10949	P63011
P10949	P62823
D0NJ41	D0NJ41
D0NJ41	Q6PQG3
Q5GRJ9	Q5GRJ9
P46912	P46912
Q57DR5	Q57DR5
Q57DR5	Q98NN0
Q57DR5	Q8G180
Q57DR5	Q6G336
Q57DR5	Q2K7X5
Q53R12	Q53R12
P29875	P29875
Q6BSH2	Q6BSH2
Q9LJB7	Q9LJB7
Q60364	Q60364
Q9VLM7	Q9VLM7
Q92047	Q92047
Q92047	P15246
Q92047	P22062
Q92047	P80895
Q92047	P23506
Q92047	P22061
Q9H867	Q9H867
P01237	P01237
P01237	P06879
P01237	Q9QZL1
Q7V1S5	Q7V1S5
Q7V1S5	Q31B97
P34461	P34461
P79728	P79728
P79728	P52804
P79728	P97605
P79728	O08543
P33483	P33483
P33483	P30928
P33483	P30927
Q8BKT2	Q8BKT2
Q5R231	Q5R231
Q5R231	D2YZQ3
Q5R231	P0DL56
Q743F9	Q743F9
Q743F9	Q4JXF1
Q743F9	P65903
Q743F9	O05756
B7GHM4	B7GHM4
Q9UTL6	Q9UTL6
Q6ESF0	Q6ESF0
Q1HE58	Q1HE58
Q1HE58	P51159
Q02AK4	Q02AK4
Q97D55	Q97D55
P0A4L7	P0A4L7
Q0IIP8	Q0IIP8
A2SLF7	A2SLF7
P33507	P33507
P33507	Q7IV45
P33507	P00850
A6WE21	A6WE21
Q9NQZ6	Q9NQZ6
P70280	P70280
P70280	Q9JHW5
P70280	P51809
P70280	Q5ZL74
G2X4G0	G2X4G0
Q7TV89	Q7TV89
Q9VPT5	Q9VPT5
Q8VYN2	Q8VYN2
Q5M2P2	Q5M2P2
P29372	P29372
P59336	P59336
P59336	P0A3G2
Q51559	Q51559
P38786	P38786
P24055	P24055
P39800	P39800
P0ABQ2	P0ABQ2
B4SCC0	B4SCC0
B4SCC0	Q8KB10
B0TVX5	B0TVX5
B0TVX5	Q0BK01
B0TVX5	A0Q4A6
B0TVX5	A4J053
P26644	P26644
B0C142	B0C142
P0DXZ3	P0DXZ3
Q57083	Q57083
Q8U2E4	Q8U2E4
Q1Q8B2	Q1Q8B2
P49788	P49788
Q8PC64	Q8PC64
Q8PC64	Q3BX03
Q6MAQ1	Q6MAQ1
B9KGA1	B9KGA1
Q1PF16	Q1PF16
Q97GH8	Q97GH8
A2BZ20	A2BZ20
Q9FV02	Q9FV02
Q6ARK0	Q6ARK0
Q9SKT4	Q9SKT4
Q9LY00	Q9LY00
P9WJ61	P9WJ61
Q2LTA1	Q2LTA1
Q9ZU90	Q9ZU90
Q46M57	Q46M57
P74836	P74836
Q69KJ0	Q69KJ0
P08306	P08306
Q3A2G8	Q3A2G8
O27355	O27355
Q8BNX1	Q8BNX1
P46983	P46983
O22025	O22025
Q7CRB2	Q7CRB2
Q85G85	Q85G85
Q09851	Q09851
G4VGI0	G4VGI0
Q6TLF6	Q6TLF6
Q7NJE8	Q7NJE8
Q8S8M5	Q8S8M5
O57337	O57337
O57337	Q90VV1
O57337	Q6PBD4
O57337	Q90Z12
Q5N052	Q5N052
Q09232	Q09232
P0C646	P0C646
Q9SIU8	Q9SIU8
Q9SIU8	Q93YW5
Q46XB7	Q46XB7
Q9U1W2	Q9U1W2
Q60B13	Q60B13
A7N0R3	A7N0R3
Q48296	Q48296
E9QDC5	E9QDC5
A0RUY7	A0RUY7
B6JCQ7	B6JCQ7
B6JCQ7	Q3SWN3
B6JCQ7	A5E887
B6JCQ7	Q2J2I0
B6JCQ7	Q89WC9
B6JCQ7	B3Q620
B6JCQ7	Q6NDM1
B6JCQ7	A4YJG9
Q9SE95	Q9SE95
P50592	P50592
Q6P135	Q6P135
Q6AFJ3	Q6AFJ3
Q07473	Q07473
Q07473	Q9XF88
Q07473	Q9S7W1
Q7U3X9	Q7U3X9
B4S5J5	B4S5J5
B4S5J5	A1BE04
B4S5J5	B3EH29
B4S5J5	Q8KC06
B4S5J5	B3QM33
B4S5J5	A4SG05
D3YZZ2	D3YZZ2
D3YZZ2	H3BV60
Q08I43	Q08I43
Q9Y9E3	Q9Y9E3
W6KHH6	W6KHH6
Q7W182	Q7W182
P42583	P42583
P42583	Q90788
Q6C7U8	Q6C7U8
Q6C7U8	O74456
P16611	P16611
P16611	P17936
P16611	P20959
P16611	P47878
P16611	P15473
Q9WZC2	Q9WZC2
Q9WZC2	B9KAY3
Q9WZC2	A5IJD3
O35403	O35403
Q9Y399	Q9Y399
Q9Y399	P82923
Q9Y399	Q924T2
Q9M268	Q9M268
P13378	P13378
P13378	P23463
E3VWI8	E3VWI8
E3VWI8	E3VWK4
G5EE96	G5EE96
Q9SJL7	Q9SJL7
Q6FQI6	Q6FQI6
O33771	O33771
K1KYT0	K1KYT0
P0C7I6	P0C7I6
Q8PYS1	Q8PYS1
Q7VMJ6	Q7VMJ6
P28811	P28811
A1R163	A1R163
P40742	P40742
P0A8S1	P0A8S1
Q7MK48	Q7MK48
Q6CA86	Q6CA86
Q9VJK8	Q9VJK8
O64399	O64399
Q9P0N9	Q9P0N9
Q9P0N9	Q5E9C4
Q9P0N9	Q9D0K0
Q7VXZ8	Q7VXZ8
Q5HLT3	Q5HLT3
Q5HLT3	Q4L8H4
Q01563	Q01563
A0JXT5	A0JXT5
P0AER5	P0AER5
Q0VPK3	Q0VPK3
Q9PM40	Q9PM40
Q9PM40	Q5HSF8
Q6ALS3	Q6ALS3
Q94230	Q94230
Q7UEW6	Q7UEW6
Q8EN78	Q8EN78
P38523	P38523
O29808	O29808
Q2NB98	Q2NB98
I6Y1Q2	I6Y1Q2
P32960	P32960
Q833Y8	Q833Y8
A0A2Z5Z9X0	A0A2Z5Z9X0
P13698	P13698
Q5R106	Q5R106
D3ZTX0	D3ZTX0
D3ZTX0	Q9Y3B3
Q9NPB3	Q9NPB3
Q9NPB3	Q9JLK4
Q9YDP0	Q9YDP0
A6Q1H0	A6Q1H0
Q9D563	Q9D563
P16410	P16410
P16410	P09793
P40555	P40555
B8DPG3	B8DPG3
Q9XH32	Q9XH32
Q04178	Q04178
P39144	P39144
Q6FS81	Q6FS81
C9JDP6	C9JDP6
Q7VRX3	Q7VRX3
Q3SI20	Q3SI20
Q0ACJ4	Q0ACJ4
Q9ZFA4	Q9ZFA4
O26232	O26232
P54369	P54369
P0DXF6	P0DXF6
P49763	P49763
C4K0Q4	C4K0Q4
Q9FMA9	Q9FMA9
Q9FMA9	Q9FMA8
Q9FMA9	Q9FMB0
Q3ABV0	Q3ABV0
Q5FJJ7	Q5FJJ7
Q5FJJ7	Q74IP8
Q2JB35	Q2JB35
Q2W450	Q2W450
Q81UB2	Q81UB2
Q8R7X4	Q8R7X4
Q8R7X4	B0KCM0
Q183R7	Q183R7
A5EVH6	A5EVH6
P46846	P46846
Q84WM9	Q84WM9
Q84WM9	P29545
Q9FLQ3	Q9FLQ3
B8FMP4	B8FMP4
B8FMP4	A8ZTL5
P39707	P39707
Q5Z6B6	Q5Z6B6
Q0A6F1	Q0A6F1
Q0A6F1	A1WYT0
Q0A6F1	Q9I5R7
Q0A6F1	Q2S990
Q0A6F1	Q4ZML7
Q0A6F1	Q48NP3
Q9BXI9	Q9BXI9
Q9JHW0	Q9JHW0
Q9JHW0	Q99436
Q9JHW0	Q2TBP0
Q9JHW0	P70195
Q9BUJ0	Q9BUJ0
Q9BUJ0	Q922Q6
P97361	P97361
P97361	Q8K4I4
P38878	P38878
Q475Q1	Q475Q1
A5PJG7	A5PJG7
A5PJG7	P53701
A5PJG7	P53702
Q9S726	Q9S726
Q04868	Q04868
B8CW79	B8CW79
Q6AAE4	Q6AAE4
Q1QMP7	Q1QMP7
Q1QMP7	Q135K5
Q1QMP7	Q2IXB0
Q1QMP7	B3Q9V6
Q1QMP7	Q89MZ4
Q8NGA4	Q8NGA4
Q5WCX5	Q5WCX5
P54470	P54470
P46604	P46604
P46604	P46603
P27134	P27134
Q0P8U5	Q0P8U5
Q1LV46	Q1LV46
B8G7I8	B8G7I8
B8G7I8	A9WDL9
B8G7I8	A5UUL2
A1AV04	A1AV04
Q1LJ86	Q1LJ86
Q1LJ86	Q145E8
Q1LJ86	B2UBN8
Q1LJ86	A3MN95
Q12XX5	Q12XX5
Q4FV61	Q4FV61
Q4FV61	B0VKA4
Q4FV61	B8GQT0
Q4FV61	A5CVZ0
Q4FV61	A6UYJ0
Q4FV61	C1DI61
Q4FV61	B7V3W7
O44252	O44252
P22676	P22676
P22676	Q08331
P22676	Q3ZBY3
P22676	P47728
P9WIN3	P9WIN3
P42777	P42777
A1KAA6	A1KAA6
P0AFA9	P0AFA9
Q05584	Q05584
Q83GH4	Q83GH4
Q0JD85	Q0JD85
Q30S81	Q30S81
Q0VCT9	Q0VCT9
Q0VCT9	Q99967
Q0VCT9	O35740
Q9SK55	Q9SK55
Q55D54	Q55D54
Q55D54	Q55D52
P12881	P12881
O31266	O31266
Q8N5I3	Q8N5I3
Q8N5I3	Q2TUM3
Q036L2	Q036L2
Q93WV5	Q93WV5
P36144	P36144
P0C132	P0C132
Q8LAL0	Q8LAL0
Q99848	Q99848
Q99848	Q9D903
P18579	P18579
P18579	A8FCY2
P18579	A7Z4E6
P50739	P50739
Q945M9	Q945M9
P57760	P57760
P57760	O75716
P57760	O88697
Q8H1G0	Q8H1G0
Q8H1G0	Q8GXL7
P46338	P46338
A6H7A0	A6H7A0
A6H7A0	B0BMW8
Q83MZ2	Q83MZ2
Q0RB94	Q0RB94
A0A178VEK7	A0A178VEK7
Q6GM78	Q6GM78
Q6PN98	Q6PN98
Q6PN98	G5EGP8
Q15078	Q15078
Q15078	Q28199
Q15078	Q4KYY2
Q15078	P61809
P26645	P26645
P26645	P30009
Q8NH49	Q8NH49
Q10LI8	Q10LI8
Q9M8J5	Q9M8J5
Q8K0V2	Q8K0V2
Q8K0V2	Q5E9V1
Q8K0V2	Q5R9G1
Q8K0V2	Q8IWE4
Q8K0V2	Q4V8B2
Q8K0V2	A4IHK8
Q8K0V2	Q6DFA1
Q04929	Q04929
Q04929	P87378
Q04929	Q64010
Q04929	P46108
Q04929	Q63768
P16913	P16913
P16913	O57252
P16913	P33800
P16913	P20505
B8NBI2	B8NBI2
B8NBI2	A2QZI3
B8NBI2	Q75P26
B8NBI2	Q96W96
B8NBI2	Q5B037
B8NBI2	Q92194
P10962	P10962
P0CJ44	P0CJ44
E4RUV9	E4RUV9
Q48HJ1	Q48HJ1
Q8INX3	Q8INX3
B1JK79	B1JK79
B1JK79	Q8X9Y6
B1JK79	P07862
B1JK79	Q8FL63
B1JK79	Q8ZRU1
A6NCS4	A6NCS4
A5EEC6	A5EEC6
A5EEC6	A4YPQ3
A5EEC6	Q89S79
Q6ME16	Q6ME16
Q6ADP2	Q6ADP2
Q8RWD7	Q8RWD7
P34453	P34453
A9CH28	A9CH28
B5EAK5	B5EAK5
O94722	O94722
Q5W7C1	Q5W7C1
Q5W7C1	Q9ZUT3
C5D729	C5D729
Q2VZ00	Q2VZ00
Q61470	Q61470
Q61470	P11049
Q61470	P31053
Q0BAY6	Q0BAY6
Q0BAY6	Q63YH7
Q6P0E8	Q6P0E8
Q01ZU0	Q01ZU0
P76234	P76234
B1MW96	B1MW96
Q6ISU1	Q6ISU1
Q97CA5	Q97CA5
P53072	P53072
Q6KZG0	Q6KZG0
Q9ZNT1	Q9ZNT1
C5CBK0	C5CBK0
A1WJ68	A1WJ68
Q9JJZ6	Q9JJZ6
Q9JJZ6	Q9Y2Y9
Q58767	Q58767
Q82BS5	Q82BS5
Q82BS5	Q47RM6
A9BDY5	A9BDY5
A3DDV6	A3DDV6
A4J247	A4J247
Q6MI74	Q6MI74
Q24UZ7	Q24UZ7
Q9GN97	Q9GN97
Q2YB83	Q2YB83
Q2YRJ0	Q2YRJ0
O68106	O68106
Q9SYY4	Q9SYY4
Q10E49	Q10E49
Q7U1J9	Q7U1J9
Q7U1J9	P9WPB7
Q7U1J9	P9WPB6
Q7U1J9	Q79FX6
Q7U1J9	P9WPB3
Q8KLH5	Q8KLH5
Q06990	Q06990
Q06990	P26436
Q930T2	Q930T2
Q3IK98	Q3IK98
Q8EUJ1	Q8EUJ1
O29666	O29666
Q90456	Q90456
Q1D1I1	Q1D1I1
Q9BXK1	Q9BXK1
Q9BXK1	P58334
P0ACL9	P0ACL9
Q8A0U2	Q8A0U2
Q8A0U2	Q5L923
Q8A0U2	A6LFF0
Q8A0U2	Q7MWI7
G5EEY6	G5EEY6
B2V5A9	B2V5A9
Q6KH80	Q6KH80
Q9S7S2	Q9S7S2
Q9KL34	Q9KL34
P34150	P34150
Q86UV7	Q86UV7
Q86UV7	Q86UV6
Q9GZU8	Q9GZU8
Q9GZU8	Q91WE2
O17212	O17212
Q3A2I0	Q3A2I0
Q73P71	Q73P71
Q8U1Q1	Q8U1Q1
Q8U1Q1	O58669
Q1QUJ4	Q1QUJ4
Q5MNH9	Q5MNH9
B4SQT8	B4SQT8
B4SQT8	Q9PGJ7
B4SQT8	B0U1W3
B4SQT8	Q8P7T0
P34345	P34345
P15879	P15879
P33296	P33296
A6LDI7	A6LDI7
A6LDI7	Q64RT2
A7ZB70	A7ZB70
Q92BB9	Q92BB9
Q92BB9	Q71Z78
Q9ASS6	Q9ASS6
P24008	P24008
P24008	Q68FF9
Q46EH4	Q46EH4
P25554	P25554
Q852U6	Q852U6
Q3ICD4	Q3ICD4
P0AET8	P0AET8
A3DBH0	A3DBH0
B8DUB2	B8DUB2
P40303	P40303
Q9Y1B2	Q9Y1B2
A8MYP8	A8MYP8
B2JF31	B2JF31
Q36258	Q36258
Q9PBI4	Q9PBI4
Q8TWR1	Q8TWR1
P94420	P94420
Q7XUD0	Q7XUD0
O95231	O95231
Q5H390	Q5H390
Q7XUW3	Q7XUW3
B9E675	B9E675
Q6TA25	Q6TA25
Q6TA25	Q9NVK5
Q9DC71	Q9DC71
Q9DC71	Q5XI37
Q0A7L4	Q0A7L4
Q0A7L4	A1WWY6
Q93V74	Q93V74
Q9FM84	Q9FM84
Q6PII5	Q6PII5
Q9NZQ7	Q9NZQ7
Q8A0B5	Q8A0B5
P40917	P40917
Q6CXN0	Q6CXN0
Q9JUU9	Q9JUU9
Q9JUU9	Q9JZR4
Q9JUU9	A9M4C8
Q42805	Q42805
P16030	P16030
P0DXD5	P0DXD5
Q8RGM1	Q8RGM1
Q94A57	Q94A57
Q94A57	Q8LAJ7
Q9GZZ7	Q9GZZ7
Q9FJ82	Q9FJ82
Q00246	Q00246
P53941	P53941
Q8THJ9	Q8THJ9
Q8THJ9	Q8PXJ8
O74350	O74350
Q821L3	Q821L3
Q821L3	Q256C9
C7P8V7	C7P8V7
Q8IX29	Q8IX29
P03338	P03338
Q59168	Q59168
Q9M4G3	Q9M4G3
Q9M4G3	Q9C920
Q9FY94	Q9FY94
O62259	O62259
C5D8S1	C5D8S1
Q2N7E1	Q2N7E1
H2KYW5	H2KYW5
P22610	P22610
P22610	Q9ZEL6
Q9CZJ0	Q9CZJ0
Q9CZJ0	B1WBP0
Q9CZJ0	Q15777
Q9I4K0	Q9I4K0
Q9I4K0	B7UX51
Q9I4K0	Q02IV5
Q5T0T0	Q5T0T0
Q5T0T0	Q5XH39
Q5T0T0	Q28IK8
Q5T0T0	Q0VD59
Q5T0T0	Q9DBD2
Q5T0T0	Q6NZQ8
Q5T0T0	Q8TCQ1
P0CH91	P0CH91
B7J6C4	B7J6C4
V6F510	V6F510
Q9EX73	Q9EX73
Q8ZXM4	Q8ZXM4
O49196	O49196
F1QGD2	F1QGD2
Q6DBR4	Q6DBR4
Q9JKU0	Q9JKU0
Q9JKU0	P59529
Q16762	Q16762
Q16762	P24329
Q16762	P52196
Q16762	P46635
Q16762	P00586
Q16762	P25324
P77768	P77768
B2UVU9	B2UVU9
B2UVU9	Q17V54
A6V1N9	A6V1N9
A6V1N9	Q4KC81
Q5E639	Q5E639
Q5E639	Q7MLS7
B3QA91	B3QA91
B3QA91	Q21D98
B3QA91	Q13DA7
B3QA91	Q2J3Z0
B3QA91	A4YK09
B3QA91	Q89WX9
P94403	P94403
C3M9C2	C3M9C2
C3M9C2	Q2KA84
C3M9C2	Q11HG9
C3M9C2	Q984S7
C3M9C2	A6X265
C3M9C2	B0CL06
C3M9C2	A5VPL7
C3M9C2	Q57E58
C3M9C2	A1US65
C3M9C2	Q6G052
Q8KDH2	Q8KDH2
O42358	O42358
A1U2D4	A1U2D4
Q9LTH4	Q9LTH4
Q0VD86	Q0VD86
P27806	P27806
Q06615	Q06615
Q9FH37	Q9FH37
Q84RQ7	Q84RQ7
Q9Y948	Q9Y948
P31079	P31079
Q9VEJ0	Q9VEJ0
O57374	O57374
D3UWV6	D3UWV6
D3UWV6	Q59544
D3UWV6	B4ET41
A0LG38	A0LG38
B8F4B1	B8F4B1
B8F4B1	A3MZ07
Q6GB27	Q6GB27
Q6GB27	A6TZT3
Q6GB27	A6QFB2
Q6GB27	Q6GII7
O80683	O80683
Q73WM7	Q73WM7
Q73WM7	P9WGG3
Q1CLU1	Q1CLU1
Q1CLU1	C5BAP4
Q1CLU1	A8ALC9
Q1CLU1	B1JK17
Q1CLU1	A7MGS5
Q1CLU1	P0AF12
Q1CLU1	B5F8S1
Q1CLU1	A4W6Q6
Q1CLU1	B4SUY9
Q1CLU1	C0Q5S0
Q1CLU1	Q7N841
Q1CLU1	B5Y1L0
Q1CLU1	P60216
Q9QYN5	Q9QYN5
Q9QYN5	O95999
Q9QYN5	Q9Z0H7
P80184	P80184
A5WAE0	A5WAE0
A5WAE0	B0KN61
A5WAE0	Q1IGD6
Q12084	Q12084
B6JWE5	B6JWE5
A7GMW0	A7GMW0
A7GMW0	C3L9N6
A7GMW0	B7JG06
A7GMW0	Q73B76
A7GMW0	B7HHH6
C0R4E0	C0R4E0
P0C5B2	P0C5B2
A0A0N8YGA2	A0A0N8YGA2
Q94051	Q94051
Q4QIU7	Q4QIU7
Q6GQI8	Q6GQI8
Q2S567	Q2S567
Q55933	Q55933
P39543	P39543
A2YVR7	A2YVR7
A2YVR7	O23708
A2YVR7	Q8L4A7
Q608M7	Q608M7
Q8VSP9	Q8VSP9
B8HN58	B8HN58
Q834E3	Q834E3
P04447	P04447
P04447	Q06797
B2RVW2	B2RVW2
B2RVW2	A0PK11
Q12282	Q12282
B1YEE3	B1YEE3
A2AKM2	A2AKM2
A2AKM2	Q0P5C7
A2AKM2	Q5VWC8
A0JXB5	A0JXB5
A0JXB5	A1R728
B2JKP8	B2JKP8
B2JKP8	A1V4B2
B2JKP8	B4E852
B2JKP8	B1YPI1
B2JKP8	A0K724
B2JKP8	Q0BFR5
Q8BGP5	Q8BGP5
Q8BGP5	O75204
Q01980	Q01980
Q96EH3	Q96EH3
Q96EH3	Q9CWV0
Q12N55	Q12N55
Q55CV0	Q55CV0
O29722	O29722
Q27003	Q27003
B9M3E3	B9M3E3
B9M3E3	B3E3D2
B9M3E3	A5G3S1
Q9JJL0	Q9JJL0
Q2GCI6	Q2GCI6
P38516	P38516
P50864	P50864
A6T2A4	A6T2A4
A6T2A4	A4G8N2
P00437	P00437
Q86Z23	Q86Z23
Q86Z23	Q4ZJM9
B8E954	B8E954
B8E954	B0TQ11
B8E954	A9L4G0
B8E954	A8FUH7
B8E954	B1KIC1
B8E954	A1RIX6
B8E954	A8H5L2
B2HM76	B2HM76
B2HM76	P9WPG7
A0JZ68	A0JZ68
A0JZ68	A1SNK1
A0JZ68	B1VEX2
A0JZ68	P9WH33
A0JZ68	C1B029
A0JZ68	C5C0H4
Q6LT10	Q6LT10
Q8K445	Q8K445
Q8K445	P58418
Q8K445	Q8CJ58
A8F8I4	A8F8I4
O66747	O66747
A4D998	A4D998
P53615	P53615
Q8NHR7	Q8NHR7
B5ZS20	B5ZS20
A2A7V7	A2A7V7
A2A7V7	Q7TSN2
P54617	P54617
Q5VXU3	Q5VXU3
Q5HA74	Q5HA74
Q5HA74	Q2GFE4
Q9JJW1	Q9JJW1
Q9JJW1	O60636
Q5QVB3	Q5QVB3
C3Z1P5	C3Z1P5
Q4L6V0	Q4L6V0
Q4L6V0	Q6G8W9
P04476	P04476
A3PTW9	A3PTW9
A3PTW9	A1UAB4
Q9YGK5	Q9YGK5
Q9YGK5	Q9YGK4
O05516	O05516
Q7NFI7	Q7NFI7
Q9LS99	Q9LS99
P41976	P41976
P41976	Q8HXP6
Q11TS0	Q11TS0
A7ZEZ4	A7ZEZ4
Q95W85	Q95W85
Q95W85	Q95W86
A1S3Y1	A1S3Y1
A1S3Y1	A3D1V6
A1S3Y1	A6WKQ7
A1S3Y1	Q8EH81
A1S3Y1	B0TIV7
A1S3Y1	A8H1C7
Q003J2	Q003J2
Q87LN9	Q87LN9
Q87LN9	B7VK79
Q87LN9	Q9KPB2
P04907	P04907
O35256	O35256
Q60969	Q60969
Q60969	Q8WUJ0
Q86VG3	Q86VG3
Q9USP6	Q9USP6
O94618	O94618
Q8ZZZ0	Q8ZZZ0
Q9JKL9	Q9JKL9
Q3T0Y9	Q3T0Y9
Q30TE4	Q30TE4
O34475	O34475
Q4ZMV1	Q4ZMV1
Q4ZMV1	A0KCV5
Q8R3J5	Q8R3J5
Q8R3J5	B3STU3
B8GHM9	B8GHM9
B8GHM9	A7I6L7
Q84J70	Q84J70
Q925S4	Q925S4
P9WGN1	P9WGN1
P53722	P53722
P53722	C8ZFP7
B0S794	B0S794
P0CH63	P0CH63
Q96LL9	Q96LL9
P56155	P56155
Q18612	Q18612
Q9DC70	Q9DC70
Q9DC70	P42026
Q9DC70	B2FNX8
Q9DC70	Q5GXT2
Q9DC70	B2SVL8
Q9DC70	A8XFG2
P00473	P00473
B1HTW4	B1HTW4
Q9LMK7	Q9LMK7
A3UNN4	A3UNN4
Q7Q6D6	Q7Q6D6
A6UQ18	A6UQ18
A6UQ18	A6VGW0
A6UQ18	A4FWE5
Q8TLB1	Q8TLB1
O13725	O13725
Q7VAP8	Q7VAP8
O32232	O32232
Q46KV4	Q46KV4
Q46KV4	A9BAK7
Q46KV4	A3PD39
Q46KV4	Q0IAV3
Q46KV4	A5GLP6
Q46KV4	Q7VC41
Q6AP39	Q6AP39
P49874	P49874
P49874	Q8IWL1
P49874	P12842
P49874	Q8IWL2
P49874	P50403
P49874	Q9TUC5
P49874	P06908
P49874	Q6RXL1
P49874	P35242
P49874	P08427
P54537	P54537
A1WMW1	A1WMW1
Q84JZ6	Q84JZ6
Q5U9S1	Q5U9S1
P63177	P63177
O57738	O57738
Q495A1	Q495A1
Q3THF9	Q3THF9
Q3THF9	Q9H8M1
P22769	P22769
P22769	Q24178
P35001	P35001
P35001	Q98987
Q1J2A2	Q1J2A2
P31955	P31955
P31955	P24338
P36680	P36680
A0RVQ7	A0RVQ7
Q4JL76	Q4JL76
Q9LDY5	Q9LDY5
P28759	P28759
Q96DR5	Q96DR5
Q9U3L0	Q9U3L0
P0AER3	P0AER3
O22018	O22018
Q1LZE2	Q1LZE2
Q1LZE2	Q9BSD3
O28597	O28597
Q99750	Q99750
Q9SRN1	Q9SRN1
O80338	O80338
Q7XMI0	Q7XMI0
Q02105	Q02105
Q02105	P31722
Q02105	P02747
Q6GHK4	Q6GHK4
Q6GHK4	Q5HPW0
Q9P6J2	Q9P6J2
A8MIX7	A8MIX7
O34677	O34677
Q28PI5	Q28PI5
Q28PI5	A4WUH9
Q28PI5	P59005
Q28PI5	Q3J2X5
Q28PI5	Q166F6
Q885X7	Q885X7
A0A0U5GIU9	A0A0U5GIU9
Q9FYF7	Q9FYF7
P52498	P52498
P55339	P55339
P17518	P17518
P45211	P45211
P43957	P43957
G5EFY5	G5EFY5
Q5E2E6	Q5E2E6
Q63WL5	Q63WL5
P33135	P33135
Q9LN94	Q9LN94
Q9LN94	Q9LQ07
P48309	P48309
P48309	P16139
Q6FSU0	Q6FSU0
G9FRD7	G9FRD7
A0A2R6PN00	A0A2R6PN00
P53271	P53271
L0E4F8	L0E4F8
Q8T0Z3	Q8T0Z3
Q8L7W7	Q8L7W7
P40552	P40552
A0A481WNM5	A0A481WNM5
Q28386	Q28386
Q94EY1	Q94EY1
P07876	P07876
I3L3R5	I3L3R5
B0USP1	B0USP1
B0USP1	A6VQ16
P75851	P75851
O94651	O94651
Q7CIB7	Q7CIB7
Q7CIB7	P76290
Q7CIB7	Q7CQC4
Q9CQ07	Q9CQ07
Q9CQ07	Q8N456
P06182	P06182
C0H4V6	C0H4V6
A1JQJ2	A1JQJ2
Q08398	Q08398
Q8PWT1	Q8PWT1
O31752	O31752
P75895	P75895
F1QCP6	F1QCP6
Q7MAP8	Q7MAP8
A3PL91	A3PL91
A9EXF3	A9EXF3
Q9USM4	Q9USM4
D4GGR2	D4GGR2
P04094	P04094
P04094	Q28409
P04094	P50175
P04094	P47969
P04094	P22005
P04094	P01211
P04094	P01210
P10333	P10333
O02115	O02115
Q5WGQ4	Q5WGQ4
Q0JBF0	Q0JBF0
Q0JBF0	Q6H668
A1AZF2	A1AZF2
R9UTQ8	R9UTQ8
Q8BGX2	Q8BGX2
Q8BGX2	Q9BSF4
A4WU04	A4WU04
A4WU04	Q5LQ08
B9KXN9	B9KXN9
Q5E0Q5	Q5E0Q5
Q5E0Q5	B7VS66
Q5E0Q5	Q87JW7
P01212	P01212
Q9ZVD2	Q9ZVD2
O35885	O35885
O35885	P19360
O35885	Q2EGB9
C4QYK0	C4QYK0
C4QYK0	C5DDM1
C4QYK0	A7TEU3
C4QYK0	P46654
C4QYK0	P32905
C4QYK0	A7TIJ7
C4QYK0	C5DX17
C4QYK0	O42817
C4QYK0	A5DGG9
C4QYK0	Q6BW39
C4QYK0	Q96VK7
Q1QD10	Q1QD10
P62464	P62464
O34897	O34897
Q9Z132	Q9Z132
Q9Z132	Q2MKA7
Q12NB8	Q12NB8
Q12NB8	B0TS89
Q12NB8	B1KHI0
Q12NB8	A1RJR5
Q12NB8	A8FUV3
Q12NB8	B8CNW1
Q12NB8	Q0HJ08
Q12NB8	Q8EEE1
Q96320	Q96320
Q2JJF6	Q2JJF6
A4X642	A4X642
Q9K7F0	Q9K7F0
O32083	O32083
Q3ZZN3	Q3ZZN3
Q3ZZN3	A5FRZ5
Q66LM5	Q66LM5
Q55G31	Q55G31
A9BGS3	A9BGS3
Q8VH31	Q8VH31
Q7Z6A9	Q7Z6A9
A6LB99	A6LB99
Q6Z784	Q6Z784
A2BZ72	A2BZ72
A2BZ72	A3PFH4
A2BZ72	Q7UZI0
Q92Q99	Q92Q99
Q92Q99	B2S5Y4
Q92Q99	Q8YHF1
Q92Q99	A9M5E6
Q92Q99	Q11HU7
Q92Q99	Q98MZ6
Q88N27	Q88N27
Q88N27	Q9HUU1
Q88N27	A6VCY0
P46921	P46921
Q2FVE9	Q2FVE9
B5EHY0	B5EHY0
B5EHY0	Q74FE9
Q8A2S4	Q8A2S4
Q8GW17	Q8GW17
P55818	P55818
B8J3G9	B8J3G9
P26174	P26174
Q02760	Q02760
Q65P77	Q65P77
Q65P77	P40735
B0X2G0	B0X2G0
B0X2G0	Q7QD36
B0X2G0	Q9VN50
B0X2G0	B4PUG5
B0X2G0	B4LZ60
B0X2G0	B4NJR8
B0X2G0	B4JGX4
Q54D13	Q54D13
B3DVI7	B3DVI7
Q9YUD3	Q9YUD3
P70321	P70321
P70321	Q92826
Q2RRL3	Q2RRL3
Q2RRL3	Q2G348
P46601	P46601
P46601	P46600
Q9ZVF6	Q9ZVF6
Q9A716	Q9A716
A0A1T4LJ54	A0A1T4LJ54
P15496	P15496
A1BQQ5	A1BQQ5
P0ACI0	P0ACI0
O43543	O43543
O43543	Q9CX47
A1K3G8	A1K3G8
B0TBP5	B0TBP5
Q8VHQ4	Q8VHQ4
Q8VHQ4	Q8WXH6
Q8VHQ4	Q12829
Q8VHQ4	Q8VHP8
Q8VHQ4	Q96S21
Q8VHQ4	P0C0E4
C1F127	C1F127
A7I277	A7I277
P0A6P1	P0A6P1
P53561	P53561
Q9VDE4	Q9VDE4
Q8EV81	Q8EV81
Q3B2S6	Q3B2S6
P39315	P39315
A8EWX7	A8EWX7
Q2LY16	Q2LY16
Q82JE3	Q82JE3
A0A1L8HBI7	A0A1L8HBI7
P25971	P25971
P25971	A8FD20
Q9H0Z9	Q9H0Z9
Q9H0Z9	Q62176
Q9H0Z9	Q6GQD3
Q9H0Z9	Q6P8A7
Q9H0Z9	Q9I8B3
P74061	P74061
B0R753	B0R753
Q03246	Q03246
Q5VRJ8	Q5VRJ8
Q91ZX1	Q91ZX1
Q1WTX2	Q1WTX2
Q129C4	Q129C4
Q129C4	A1WSJ3
Q129C4	A9BWH9
Q129C4	A2SGY5
Q129C4	B9MI78
Q129C4	B1Y250
Q54XE6	Q54XE6
Q9SLC3	Q9SLC3
Q32L35	Q32L35
Q7NTU0	Q7NTU0
D0NP20	D0NP20
C0ZKC5	C0ZKC5
B6IPE0	B6IPE0
S5DQS6	S5DQS6
Q9UMR7	Q9UMR7
Q8EEH9	Q8EEH9
C7Z9X4	C7Z9X4
Q8ZPS6	Q8ZPS6
Q54TI6	Q54TI6
O74414	O74414
Q63471	Q63471
Q2QQA3	Q2QQA3
Q5FMJ3	Q5FMJ3
Q8VY52	Q8VY52
Q2WGJ8	Q2WGJ8
Q9XW15	Q9XW15
Q97IA4	Q97IA4
Q8H0X6	Q8H0X6
C6E5P6	C6E5P6
C6E5P6	Q3V8C9
C6E5P6	A5G535
P55822	P55822
O97943	O97943
O27106	O27106
O31459	O31459
Q9ERU3	Q9ERU3
Q9ERU3	Q9ERU2
Q87R20	Q87R20
O34946	O34946
P19075	P19075
P19075	Q8R3G9
Q9QZB1	Q9QZB1
Q9QZB1	Q9PWA1
P0A823	P0A823
P60643	P60643
P69929	P69929
Q6AFJ4	Q6AFJ4
Q69P94	Q69P94
Q9LET0	Q9LET0
Q6FJ04	Q6FJ04
Q6FJ04	P33201
Q7NI44	Q7NI44
A0LMM5	A0LMM5
Q9AB70	Q9AB70
Q5VUJ9	Q5VUJ9
A1UTA5	A1UTA5
A1UTA5	Q7NZ95
A1UTA5	Q134B1
A1UTA5	Q92NQ5
A1UTA5	Q211X8
A1UTA5	A4VGL9
A1UTA5	Q1ME82
A1UTA5	Q9JT57
A1UTA5	A6UB24
A1UTA5	A5VRE7
A1UTA5	Q57CA9
A1UTA5	Q8PP46
A1UTA5	B9JXQ5
A1UTA5	A1KVB3
A1UTA5	Q5F732
A1UTA5	B7V2Q5
A1UTA5	A6WZV4
A1UTA5	Q3SQ36
A1UTA5	Q1QJT8
O23166	O23166
A4YA61	A4YA61
A4YA61	Q8EIG9
A4YA61	Q07XZ8
A4YA61	B0TTI2
A4YA61	A1S3M7
A4YA61	A3QHQ1
A4YA61	Q12JC6
A4YA61	Q0HMB1
O10687	O10687
O10687	O09495
O10687	P69350
O10687	Q65706
O10687	P22261
O10687	O10686
O10687	O10684
O10687	P62648
O10687	O10683
E7FHU4	E7FHU4
B7HPN7	B7HPN7
B7HPN7	Q6HDI5
B7HPN7	Q730J7
B7HPN7	A0RIV4
B7HPN7	C3P929
B7HPN7	B7IYJ1
B7HPN7	A7GT32
B7HPN7	A9VHW5
Q99KJ5	Q99KJ5
P51493	P51493
P51493	P48090
P51493	P01584
P51493	P79182
P51493	P46648
P51493	P14628
B0U6Z8	B0U6Z8
B0U6Z8	B2SL06
B0U6Z8	B2IAF0
B0U6Z8	Q9X4I6
B0U6Z8	B2FKK7
B0U6Z8	Q8PQ44
Q8H7T4	Q8H7T4
Q8H7T4	Q40638
P78794	P78794
A4FY69	A4FY69
A4FY69	Q6LZ92
C1CQI2	C1CQI2
C1CQI2	B1IAN9
C1CQI2	C1CJG8
C1CQI2	B5E320
C1CQI2	B8ZN14
Q8WXF0	Q8WXF0
Q6UX52	Q6UX52
Q5DZU8	Q5DZU8
P03520	P03520
P03520	Q8B0H8
P03520	P04880
Q7VR99	Q7VR99
Q7XA78	Q7XA78
D2CLZ9	D2CLZ9
P68515	P68515
P68515	Q9PW56
P68515	Q6LEM5
P68515	P01021
Q8BV13	Q8BV13
Q8BV13	Q2KI56
Q8BV13	Q9H9Q2
P27139	P27139
P27139	P00918
P27139	P00919
P27139	P00922
P27139	P00921
P27139	P00920
Q07154	Q07154
Q07154	P58738
Q07154	Q7XCG7
Q07154	B8PYF3
B3H615	B3H615
Q8RU31	Q8RU31
A5D9A7	A5D9A7
A5D9A7	Q8NBI2
A5D9A7	Q6P1H1
A5D9A7	Q5U2W7
P07601	P07601
Q84K90	Q84K90
Q01464	Q01464
C3LLT4	C3LLT4
Q9WY65	Q9WY65
Q8FCM9	Q8FCM9
Q8FCM9	Q83J77
Q8FCM9	P33594
Q8FCM9	Q32AQ1
A0A5B8YVD7	A0A5B8YVD7
Q1Q835	Q1Q835
Q1Q835	Q21NH5
Q1Q835	Q2SMB2
Q1Q835	A5WHT5
Q1Q835	A4VRV9
Q1Q835	B7IBD7
Q9NUN7	Q9NUN7
Q9NUN7	Q9D099
Q98NJ1	Q98NJ1
P25435	P25435
P25435	Q9TST2
P25435	Q08DT3
P25435	Q06AV0
P25435	P20783
P25435	P25433
P25435	P20181
P25435	P18280
Q9HH76	Q9HH76
Q45338	Q45338
Q45338	O88005
Q8PP25	Q8PP25
Q8PP25	Q4UR39
Q8PP25	Q3BX82
Q8PP25	Q2NZI4
Q8TCT1	Q8TCT1
Q8TCT1	Q8R2H9
Q336R9	Q336R9
Q336R9	Q7XUP7
Q5LS19	Q5LS19
Q5LS19	Q166A0
Q8DNY1	Q8DNY1
A4IFN5	A4IFN5
A4IFN5	B2LYG4
A4IFN5	P59266
A4IFN5	Q8N6M3
B3EIC2	B3EIC2
P21338	P21338
Q6EH52	Q6EH52
Q6EH52	Q95270
Q6EH52	P40246
Q6EH52	P40245
Q6EH52	P67991
Q6EH52	P40255
Q6EH52	Q95176
Q6EH52	P67988
Q6EH52	Q95174
Q6EH52	P61761
Q6EH52	P40248
Q6EH52	P51446
Q6EH52	P40249
Q6EH52	Q68G95
Q6EH52	P40247
Q6EH52	P40243
Q6EH52	P67986
Q6EH52	P40256
Q6EH52	P23907
Q6EH52	P04156
Q6EH52	P67997
Q6EH52	P52113
Q6EH52	Q95M08
Q6EH52	P61768
Q6EH52	P40257
Q6EH52	P40251
Q6EH52	Q7JK02
Q6EH52	P40252
Q6EH52	P40242
Q6EH52	P40258
Q6EH52	Q5UJG3
Q6EH52	Q5UJH8
Q6EH52	P10279
Q6EH52	Q5UJG1
Q6EH52	Q5UJG7
Q6EH52	Q60506
Q6EH52	P04273
Q6EH52	Q9Z0T3
Q6EH52	P13852
Q6EH52	Q60468
Q6EH52	P04925
Q6EH52	P47852
Q6EH52	O46501
Q6EH52	P79141
Q6EH52	O18754
Q6EH52	P52114
Q6EH52	B0FYL5
Q6EH52	P49927
Q6EH52	P40244
Q6EH52	Q95211
Q6EH52	P51780
Q8LFU0	Q8LFU0
P49716	P49716
P49716	Q00322
P49716	Q03484
P49716	O02756
P99026	P99026
P99026	P28024
P99026	Q3T108
P99026	P34067
P99026	P28070
P16114	P16114
P40915	P40915
G5ECG0	G5ECG0
C5E2G4	C5E2G4
Q3IFN6	Q3IFN6
C6A459	C6A459
B8GWN0	B8GWN0
Q1AU02	Q1AU02
Q3A1U6	Q3A1U6
Q3A1U6	A5GD90
Q4UXY5	Q4UXY5
Q9BEG9	Q9BEG9
Q9BEG9	Q90X67
Q9BEG9	O14543
Q9BEG9	Q68AM8
Q9BEG9	O88583
Q9BEG9	O35718
Q6L6X6	Q6L6X6
Q9I2F1	Q9I2F1
Q9P6N2	Q9P6N2
Q2JW45	Q2JW45
A7ZA58	A7ZA58
A7ZA58	P39594
Q4J8R2	Q4J8R2
Q9FX64	Q9FX64
Q75KE5	Q75KE5
P42871	P42871
P42871	P69992
O82286	O82286
P0AF01	P0AF01
Q68J44	Q68J44
Q68J44	P0C593
Q68J44	Q8BK84
Q68J44	P0C595
Q68J44	P0C592
Q68J44	P0C594
P24472	P24472
C6A1I4	C6A1I4
J9VQB3	J9VQB3
P78055	P78055
P78055	P32669
P49332	P49332
Q5AD34	Q5AD34
Q54YS6	Q54YS6
P35759	P35759
P35759	P86686
Q9VRN3	Q9VRN3
Q0W6M2	Q0W6M2
Q9LXD8	Q9LXD8
O05858	O05858
B2RZC4	B2RZC4
Q57DG4	Q57DG4
Q57DG4	Q8YGY5
Q1LT90	Q1LT90
Q12PE3	Q12PE3
Q12PE3	A4Y5U2
Q8C8M1	Q8C8M1
Q8C8M1	Q9NP50
A9GXK1	A9GXK1
O42646	O42646
Q23862	Q23862
Q84JV2	Q84JV2
A4G433	A4G433
Q9FJ93	Q9FJ93
C9Y1J4	C9Y1J4
Q142T1	Q142T1
P83958	P83958
D5LGE0	D5LGE0
O95848	O95848
O95848	Q9D142
P21866	P21866
O22160	O22160
P42177	P42177
P57383	P57383
P80356	P80356
P68402	P68402
P68402	O35264
Q2NF29	Q2NF29
Q47XB5	Q47XB5
A3QF19	A3QF19
Q84LK7	Q84LK7
Q9RW24	Q9RW24
Q9D9X8	Q9D9X8
Q70II3	Q70II3
Q14129	Q14129
Q81SX6	Q81SX6
Q81SX6	P38493
Q5SJE8	Q5SJE8
Q7VRE4	Q7VRE4
A6NFD8	A6NFD8
A6NFD8	Q7TS99
Q2G1T7	Q2G1T7
Q9V412	Q9V412
Q87DL5	Q87DL5
P13483	P13483
Q6BII9	Q6BII9
Q67KP1	Q67KP1
Q2YDI9	Q2YDI9
Q2YDI9	Q9XT73
Q2YDI9	Q5R8J7
Q2YDI9	Q8N4E7
Q2YDI9	Q9D5H4
Q2YDI9	P19132
Q2YDI9	Q95MP7
Q2YDI9	O46414
A7H439	A7H439
A7H439	Q5HUY2
P81371	P81371
P81371	P86893
C5BC46	C5BC46
Q9VWB1	Q9VWB1
Q9H853	Q9H853
O13903	O13903
Q8RWA2	Q8RWA2
Q8TCD6	Q8TCD6
Q39T82	Q39T82
Q9FIX5	Q9FIX5
Q9DD20	Q9DD20
Q9DD20	Q562C4
Q9DD20	Q6UX53
Q1CSH3	Q1CSH3
Q99L20	Q99L20
Q99L20	P30711
Q99L20	Q2NL00
Q99L20	Q64471
Q99L20	Q01579
Q9FHZ3	Q9FHZ3
O74883	O74883
Q06686	Q06686
Q99N07	Q99N07
Q99N07	Q99N09
Q9UTM0	Q9UTM0
Q5MK24	Q5MK24
Q6KIN6	Q6KIN6
O70401	O70401
O70401	O43657
P38987	P38987
P04390	P04390
Q8L8T7	Q8L8T7
Q8NEG0	Q8NEG0
Q7V6D4	Q7V6D4
Q1LVI2	Q1LVI2
A4SRB6	A4SRB6
P35159	P35159
Q9D4J1	Q9D4J1
Q9D4J1	Q9BUP0
Q9PWL5	Q9PWL5
Q9C9H1	Q9C9H1
Q9P6M1	Q9P6M1
Q0IGM7	Q0IGM7
P46016	P46016
Q255G3	Q255G3
B1HMV0	B1HMV0
Q22795	Q22795
O94436	O94436
P0AFS3	P0AFS3
Q73GK9	Q73GK9
Q6ZMJ4	Q6ZMJ4
Q6ZMJ4	Q4KM46
Q6ZMJ4	Q8R1R4
Q6ZMJ4	A6QL48
Q2KJ29	Q2KJ29
Q2KJ29	Q3KNV8
Q2KJ29	Q8BTQ0
A0A1D6F5N5	A0A1D6F5N5
P09290	P09290
P34348	P34348
P15829	P15829
P15829	Q89868
O60573	O60573
O60573	Q8BMB3
Q88EQ6	Q88EQ6
Q9KP71	Q9KP71
Q67PB5	Q67PB5
P0A2M9	P0A2M9
Q72H00	Q72H00
A3MUU3	A3MUU3
A3MUU3	Q8ZTX5
A3MUU3	A1RRN9
Q03941	Q03941
Q2M1V0	Q2M1V0
Q9ZQ12	Q9ZQ12
Q97R83	Q97R83
Q97R83	A2RG31
Q97R83	A4VW04
Q97R83	Q3K010
Q97R83	Q5M5N0
Q97R83	Q03M16
Q97R83	Q1WUG5
Q9C7C3	Q9C7C3
Q9C7C3	Q9FG30
Q8EEA9	Q8EEA9
O75192	O75192
O75192	Q9Z211
O75192	O70597
Q4K8C3	Q4K8C3
O80917	O80917
Q9FM10	Q9FM10
Q10154	Q10154
Q8XHV5	Q8XHV5
D2WKD9	D2WKD9
Q9XWR6	Q9XWR6
A5CVF7	A5CVF7
Q9LIN3	Q9LIN3
P0DUW6	P0DUW6
Q6AXV9	Q6AXV9
Q6AXV9	Q8K2Q2
Q6AXV9	Q9H4Y5
D4AK45	D4AK45
Q2NCT7	Q2NCT7
Q0BNT7	Q0BNT7
Q54NE6	Q54NE6
Q54NE6	B3QVL0
Q54NE6	B3EFK8
Q54NE6	Q3B5J2
Q54NE6	Q3AU60
Q54NE6	Q8KFC8
Q54NE6	B3QPN8
A5CVV1	A5CVV1
A5CVV1	A1AXG6
Q5JD03	Q5JD03
Q5D144	Q5D144
Q5D144	Q0II87
O74790	O74790
Q3T040	Q3T040
Q3T040	Q9Y2R9
Q3T040	Q5I0K8
Q3T040	Q80X85
Q67UX6	Q67UX6
C4XGU0	C4XGU0
Q9X0I6	Q9X0I6
Q9X0I6	B9K9K8
B2V6U1	B2V6U1
Q9FK96	Q9FK96
Q9FK96	O80493
P29163	P29163
C6E497	C6E497
C6E497	Q39VY5
Q4V8K3	Q4V8K3
Q4V8K3	Q3UX61
Q4V8K3	Q9BSU3
Q4V8K3	Q2KI14
Q4V8K3	Q9QY36
Q4V8K3	P41227
O31614	O31614
Q03520	Q03520
Q99JT6	Q99JT6
Q99JT6	Q96CP7
Q99JT6	Q5U2T1
P73826	P73826
Q8DYQ7	Q8DYQ7
Q8DYQ7	Q3K093
A0A0K2H9D8	A0A0K2H9D8
O75871	O75871
C4K2W2	C4K2W2
C4K2W2	Q4UJT2
C4K2W2	A8GQ80
C4K2W2	Q1RKH3
C4K2W2	B0BVL0
A0R2N3	A0R2N3
P0AC02	P0AC02
P08081	P08081
P08081	P04973
P08081	P09496
P08081	O08585
P0CM15	P0CM15
P97309	P97309
Q94A32	Q94A32
A3Q1R8	A3Q1R8
A3Q1R8	A1UIA4
Q43161	Q43161
P0CE11	P0CE11
A6Q6L9	A6Q6L9
Q55FF3	Q55FF3
Q803L0	Q803L0
Q9SF21	Q9SF21
A5PJP1	A5PJP1
A5PJP1	Q5U5M8
P07596	P07596
Q54P40	Q54P40
Q5GRZ4	Q5GRZ4
Q9LE73	Q9LE73
Q64152	Q64152
P29002	P29002
Q493U3	Q493U3
Q96252	Q96252
Q54ES8	Q54ES8
C0HM67	C0HM67
Q383Q5	Q383Q5
Q5BJV9	Q5BJV9
Q5BJV9	Q96HA8
Q5BJV9	Q3T0D3
Q874R1	Q874R1
Q9BWT6	Q9BWT6
Q6F7A7	Q6F7A7
Q2CEE2	Q2CEE2
Q2RXG7	Q2RXG7
P10083	P10083
Q5FHH0	Q5FHH0
Q5R861	Q5R861
P20764	P20764
A3PIG5	A3PIG5
B7JBX0	B7JBX0
O93566	O93566
Q8E0A8	Q8E0A8
Q6D606	Q6D606
P59490	P59490
Q9DD03	Q9DD03
O88513	O88513
P08749	P08749
Q9I9N6	Q9I9N6
Q54P63	Q54P63
Q11183	Q11183
Q5HT90	Q5HT90
Q21154	Q21154
Q8EBY7	Q8EBY7
A7SE05	A7SE05
P41236	P41236
P41236	Q6NXS1
B1MY28	B1MY28
P08899	P08899
Q2SIP7	Q2SIP7
Q2SIP7	A6V3A1
Q2SIP7	A4XSP7
Q2SIP7	A8GAC3
Q2SIP7	Q87MB0
Q2SIP7	Q75R60
B6IVK5	B6IVK5
Q9LPU9	Q9LPU9
A1W4I7	A1W4I7
A1W4I7	A1VKF6
Q87UC3	Q87UC3
Q7W5H7	Q7W5H7
P0A9D2	P0A9D2
O81126	O81126
Q8XVK2	Q8XVK2
Q59057	Q59057
Q9ZPX0	Q9ZPX0
Q9JHL0	Q9JHL0
F6HS55	F6HS55
F6HS55	Q7XDP2
Q8NDX9	Q8NDX9
A9VHP8	A9VHP8
A9VHP8	A7GPY2
O60074	O60074
Q6DBA5	Q6DBA5
P71426	P71426
Q93K97	Q93K97
O88182	O88182
O88182	O89101
Q9XS49	Q9XS49
Q9XS49	O35485
Q9XS49	P49766
Q5R1Q1	Q5R1Q1
Q9Y0X6	Q9Y0X6
B4SZJ1	B4SZJ1
B4SZJ1	B5QX59
B4SZJ1	Q8Z899
B4SZJ1	B4TC42
P07943	P07943
P07943	P16116
P07943	P45376
P07943	P80276
L0TCG5	L0TCG5
Q91VE6	Q91VE6
Q91VE6	Q5RJM0
Q6GAU3	Q6GAU3
Q6GAU3	Q5HQI2
Q6GAU3	Q49WB6
Q6GAU3	A7X0K2
Q6GAU3	Q4L4Z3
Q8NGC8	Q8NGC8
O23077	O23077
Q8NGS4	Q8NGS4
Q8NGN0	Q8NGN0
Q96IQ9	Q96IQ9
Q96IQ9	Q9DCK4
Q00582	Q00582
Q9QYI8	Q9QYI8
Q9QYI8	Q7Z6W7
Q9N126	Q9N126
Q9N126	Q9NYR8
Q91727	Q91727
Q91727	P35426
Q91727	Q32KY4
Q91727	P79432
Q91727	P11802
Q91727	P30285
Q78JN3	Q78JN3
Q91VD1	Q91VD1
Q9EP64	Q9EP64
Q9EP64	Q9H2S6
Q9EP64	Q9ESC2
P23577	P23577
Q8WVY7	Q8WVY7
Q8WVY7	Q5ZJJ8
Q8WVY7	Q641F1
Q8WVY7	Q6DI37
Q8WVY7	Q28EX9
O74184	O74184
Q8NGX9	Q8NGX9
Q8NGL7	Q8NGL7
Q63CN1	Q63CN1
Q63CN1	Q816G3
Q63CN1	P62048
Q63CN1	Q6HC14
Q5U1X7	Q5U1X7
Q5U1X7	Q99K24
Q5U1X7	Q5E960
A2AUQ7	A2AUQ7
Q9SIE0	Q9SIE0
Q8TLB2	Q8TLB2
Q8EPD6	Q8EPD6
Q8EPD6	Q65G82
Q8EPD6	Q5WEF6
Q8EPD6	A8FG55
Q8EPD6	O34529
Q8EPD6	A7Z7K6
Q8EPD6	Q9K843
Q8EPD6	B7HRN9
Q8EPD6	Q5KWB1
Q8EPD6	B7GGT1
Q8EPD6	A7GTP4
Q8EPD6	P00512
P31311	P31311
P31311	P31258
P46640	P46640
Q9VTF9	Q9VTF9
Q8DKF1	Q8DKF1
P38785	P38785
P59622	P59622
P59622	Q60898
P59622	Q13239
A6NFN3	A6NFN3
Q8RXV3	Q8RXV3
Q8RXV3	Q7XR06
O89107	O89107
O89107	Q13609
O89107	O55070
Q5AZB4	Q5AZB4
Q5AZB4	Q0CY37
Q5AZB4	Q2UFN3
Q5AZB4	Q4X0B5
Q5AZB4	A1DHW1
Q5AZB4	Q1DWN4
Q5AZB4	A1C7E9
Q5AZB4	A6R2K7
Q5AZB4	Q0UEY4
Q5AZB4	A2QCV4
P38637	P38637
Q8NGL3	Q8NGL3
Q8NGL3	Q8NGL1
O34966	O34966
Q9GZ14	Q9GZ14
Q8DLA9	Q8DLA9
P06567	P06567
P45142	P45142
Q0BPU7	Q0BPU7
A4UHT7	A4UHT7
A4UHT7	Q071N0
A0A5D0EMF2	A0A5D0EMF2
O35767	O35767
O35767	P42582
Q8NGD2	Q8NGD2
Q9CBU1	Q9CBU1
Q9CBU1	P63759
Q1XDJ5	Q1XDJ5
A7MAZ4	A7MAZ4
A7MAZ4	Q9EQH4
A7MAZ4	Q7Z7C8
A7MAZ4	Q6P0T2
Q9H2C5	Q9H2C5
Q9H2C5	Q9UKL2
P23872	P23872
A7IFW1	A7IFW1
Q0IE56	Q0IE56
Q94K71	Q94K71
Q9U2C9	Q9U2C9
Q9U2C9	Q9XVD5
Q9ZPE4	Q9ZPE4
Q93070	Q93070
Q93070	Q95NE0
Q6TCG8	Q6TCG8
Q6TCG8	Q6TCH7
Q1MJV3	Q1MJV3
Q1MJV3	A1ST25
Q1MJV3	P56892
Q1MJV3	O33580
Q12067	Q12067
P23275	P23275
P23275	O95371
P61396	P61396
Q04659	Q04659
A7FVS6	A7FVS6
A7FVS6	B1KW08
A7FVS6	B1IHH9
O24210	O24210
P42358	P42358
Q6FKH5	Q6FKH5
Q70Z53	Q70Z53
O67619	O67619
Q6AL80	Q6AL80
Q3B5K1	Q3B5K1
Q3B5K1	B3EEL7
Q3B5K1	B4SCQ7
Q7TPB4	Q7TPB4
Q7TPB4	Q8VE98
Q7XC54	Q7XC54
Q7XC54	Q40691
Q95XZ6	Q95XZ6
O15370	O15370
O15370	Q04890
B0SEH6	B0SEH6
B0SEH6	Q04UL7
Q02104	Q02104
Q02104	P24640
Q30S35	Q30S35
Q6ALW6	Q6ALW6
Q9NQN1	Q9NQN1
Q9NQN1	P0DN81
E7EF85	E7EF85
O17748	O17748
O07521	O07521
Q8TME2	Q8TME2
Q9I6K2	Q9I6K2
Q99674	Q99674
Q9W725	Q9W725
Q9W725	Q9W720
Q9W725	P70406
Q9W725	O97562
Q9W725	Q3SZI5
Q9W725	Q5R5A8
Q9W725	Q9N2J1
Q9W725	P56500
Q9W725	P55851
Q9W725	P56499
Q9W725	P56501
Q9W725	O97649
Q4A9R6	Q4A9R6
P74102	P74102
P74102	P83689
Q28862	Q28862
Q28862	P31936
Q9I3S3	Q9I3S3
Q8DSP8	Q8DSP8
Q4ZYP1	Q4ZYP1
Q4ZYP1	B1JFB0
Q4ZYP1	B0KLE3
Q4ZYP1	Q48D01
Q4ZYP1	Q88QA3
Q4ZYP1	C1DGB0
Q4ZYP1	Q1IFE4
Q4ZYP1	Q9I6Y4
Q4ZYP1	Q02UT0
Q12982	Q12982
P94418	P94418
O14204	O14204
Q10R09	Q10R09
Q9Z9H6	Q9Z9H6
B8J2A8	B8J2A8
B8J2A8	Q30X38
B8J2A8	Q727F4
Q2HJ52	Q2HJ52
Q2HJ52	P27633
Q2HJ52	Q28GG8
Q2HJ52	Q7SXL3
Q2HJ52	Q92146
Q2HJ52	P29037
B1AVZ0	B1AVZ0
B1AVZ0	Q96BW1
Q9M2Z2	Q9M2Z2
Q72S57	Q72S57
P27126	P27126
P21461	P21461
P21461	Q06985
P21461	Q7ZVG6
P21461	P61092
P21461	Q8IUQ4
P21461	P29304
Q54YG9	Q54YG9
O93529	O93529
A0Q638	A0Q638
P03030	P03030
P44330	P44330
C4K3E8	C4K3E8
P23641	P23641
P76141	P76141
P38281	P38281
Q9W197	Q9W197
Q3J7X9	Q3J7X9
P12217	P12217
P12217	Q85FL3
P12217	P28252
P12217	Q31796
Q10QA5	Q10QA5
Q10QA5	J9U5U9
Q10QA5	A0A109QYD3
Q10QA5	Q9SQR3
Q9SD38	Q9SD38
G7IFI7	G7IFI7
G7IFI7	O82782
A1K4R4	A1K4R4
Q8NGF1	Q8NGF1
O00764	O00764
O00764	Q8K183
O00764	O35331
O00764	P82197
O00764	Q0II59
O22176	O22176
Q91974	Q91974
Q91974	P25963
Q91974	Q63746
Q91974	Q9Z1E3
Q49X96	Q49X96
Q49X96	P65354
B0BT06	B0BT06
B0BT06	B0UUL6
Q06328	Q06328
B6YWA9	B6YWA9
B6YWA9	P58800
Q5SJR1	Q5SJR1
Q5SJR1	Q72K37
Q1LU41	Q1LU41
Q72NP0	Q72NP0
Q72NP0	Q04Y97
A7HLM0	A7HLM0
Q9S756	Q9S756
Q9S756	Q948P6
Q9S756	Q9SRL5
Q9S756	Q9LYN2
Q9S756	Q41709
P48501	P48501
P35146	P35146
P20334	P20334
P19382	P19382
Q98TA4	Q98TA4
Q897L5	Q897L5
Q8LEG1	Q8LEG1
A6LS61	A6LS61
Q54T48	Q54T48
Q6AF73	Q6AF73
Q8TDC0	Q8TDC0
Q8TDC0	Q8R4E4
Q8KAX9	Q8KAX9
Q6LY93	Q6LY93
O32131	O32131
Q2VYP7	Q2VYP7
B1XUJ6	B1XUJ6
P54535	P54535
Q8ESZ2	Q8ESZ2
Q1H188	Q1H188
Q6S591	Q6S591
Q5YS47	Q5YS47
Q5YS47	A0PQ70
Q5YS47	Q73VP3
O22151	O22151
Q5AVY9	Q5AVY9
Q557J3	Q557J3
Q03356	Q03356
P92527	P92527
P38930	P38930
Q88JX8	Q88JX8
O84173	O84173
A0A0H2ZF87	A0A0H2ZF87
Q03357	Q03357
Q9LK22	Q9LK22
F4INN2	F4INN2
F4INN2	Q9M0A7
Q9V0J8	Q9V0J8
A9BIX4	A9BIX4
A6LN85	A6LN85
A5XB26	A5XB26
Q58747	Q58747
Q4WP32	Q4WP32
Q4WP32	Q2UGM5
A0A6S6QNE4	A0A6S6QNE4
Q67P64	Q67P64
B4PV71	B4PV71
B4PV71	B3P2A7
B4PV71	B4QW91
B4PV71	Q9VN95
P62453	P62453
Q8R5T0	Q8R5T0
P40579	P40579
Q8ZA34	Q8ZA34
Q9BQY4	Q9BQY4
Q9BQY4	P0C7M4
B0B931	B0B931
B0B931	O84810
P91390	P91390
Q9SVU4	Q9SVU4
Q9SVU4	Q93XY5
P40478	P40478
Q3MHF7	Q3MHF7
Q3MHF7	Q7ZV22
Q3MHF7	Q9CQ65
Q3MHF7	Q13126
Q8GWF1	Q8GWF1
Q72SD0	Q72SD0
Q72SD0	Q8F394
O80450	O80450
B4UEL4	B4UEL4
A9NGL4	A9NGL4
Q88WG0	Q88WG0
P33566	P33566
B9M2A2	B9M2A2
O48850	O48850
O48850	Q9MAS5
Q12320	Q12320
P33742	P33742
P33742	O93742
B8DSC4	B8DSC4
B8DSC4	A1VBJ2
P37610	P37610
O42446	O42446
P77150	P77150
P77150	Q1C792
O46084	O46084
O46084	Q29HG0
O46084	B4R313
O46084	B4I9J6
Q7W3V3	Q7W3V3
Q7W3V3	Q7VUS1
P83549	P83549
O59823	O59823
A3QH33	A3QH33
A3QH33	B1KDU6
A3QH33	A0KT85
A3QH33	A3D0F8
A3QH33	Q0HFC5
A3QH33	Q0HYL1
A3QH33	A4Y3J5
A3QH33	A6WSF3
A3QH33	A8H7A8
Q8K9T5	Q8K9T5
P17725	P17725
A6U0N1	A6U0N1
A6U0N1	A8Z1K5
A4J0P1	A4J0P1
P09038	P09038
P09038	Q5IS69
Q9VJY8	Q9VJY8
P98184	P98184
Q5E9F2	Q5E9F2
Q5E9F2	Q5R7E3
Q5E9F2	P09601
Q5E9F2	P32394
Q5E9F2	P14901
Q5E9F2	P06762
Q6PUF3	Q6PUF3
O70191	O70191
O70191	Q9Y2D1
O70191	Q6P788
B7GRN1	B7GRN1
E3QJV4	E3QJV4
Q7S7Z6	Q7S7Z6
Q7S7Z6	Q01490
Q7S7Z6	P0C1H9
Q7S7Z6	Q4I5R9
P38301	P38301
Q57916	Q57916
O82503	O82503
P0DTS9	P0DTS9
P25906	P25906
Q75AL4	Q75AL4
Q75AL4	Q6CID0
P37218	P37218
Q0DK16	Q0DK16
Q0DK16	Q40746
Q7NJS7	Q7NJS7
P21631	P21631
A0A0G4KL96	A0A0G4KL96
Q96BF3	Q96BF3
Q189R8	Q189R8
Q03HF4	Q03HF4
Q93VV0	Q93VV0
B0C5D4	B0C5D4
P13517	P13517
Q12V26	Q12V26
Q09422	Q09422
Q09422	Q61CA3
Q72JF9	Q72JF9
Q9YGI5	Q9YGI5
Q92LF6	Q92LF6
Q8VCI5	Q8VCI5
Q8VCI5	Q5R7U2
Q8VCI5	P40855
Q8VCI5	Q9QYU1
Q8VCI5	Q60415
Q8VCI5	Q3SZD1
A8HZ17	A8HZ17
P59544	P59544
A3FEM2	A3FEM2
A0LK96	A0LK96
P74917	P74917
O17072	O17072
Q6GV27	Q6GV27
Q6GV27	Q9D9S2
P32656	P32656
A5ILX9	A5ILX9
A8B479	A8B479
Q1IIG4	Q1IIG4
P48199	P48199
P48199	P49262
P0DPK0	P0DPK0
Q24VU8	Q24VU8
A1STE7	A1STE7
P19791	P19791
Q688L5	Q688L5
Q7MTP5	Q7MTP5
Q7MTP5	Q5LHK5
Q7MTP5	Q8A5J7
Q7MTP5	A6L1I4
Q73M68	Q73M68
Q3A2A9	Q3A2A9
Q8VEN2	Q8VEN2
Q43209	Q43209
A6QLI0	A6QLI0
A6QLI0	Q99M71
A6QLI0	Q5XII0
A6QLI0	Q9UM22
Q92R43	Q92R43
Q51843	Q51843
Q8DPQ3	Q8DPQ3
P57403	P57403
P50389	P50389
Q4A7I8	Q4A7I8
P0AA16	P0AA16
C1D6Y0	C1D6Y0
Q55309	Q55309
P22669	P22669
Q1K4Q1	Q1K4Q1
Q1K4Q1	G2QNT0
Q7RTU4	Q7RTU4
Q8LFH5	Q8LFH5
A5VMB3	A5VMB3
A6NDD5	A6NDD5
A6NDD5	Q3USQ7
Q82TD8	Q82TD8
A8ZVC5	A8ZVC5
O07020	O07020
P19442	P19442
Q9XIF8	Q9XIF8
Q9XIF8	Q9LQ48
P39548	P39548
Q6PRD7	Q6PRD7
P01115	P01115
P01115	Q91806
P01115	Q04970
P01115	P32883
P01115	Q5F352
O07592	O07592
P09564	P09564
P73093	P73093
P97574	P97574
P97574	P52823
P97574	O55183
B3Q854	B3Q854
B3Q854	Q98EE1
P0C7W1	P0C7W1
P0C7W1	P0C7W3
P0C7W1	P0C7W2
P0C7W1	Q8N2E6
B0URX4	B0URX4
A5I7N1	A5I7N1
O07883	O07883
Q26677	Q26677
A5II59	A5II59
C0ZUQ6	C0ZUQ6
Q8L9K1	Q8L9K1
A8F7Q7	A8F7Q7
P32352	P32352
Q38838	Q38838
Q38838	O82743
Q0PC20	Q0PC20
P06722	P06722
Q126P9	Q126P9
M1ETA5	M1ETA5
Q7SIB3	Q7SIB3
Q1LTN6	Q1LTN6
Q6D1G2	Q6D1G2
Q9ZU70	Q9ZU70
P37678	P37678
Q8IK85	Q8IK85
Q52QU1	Q52QU1
Q9FDN6	Q9FDN6
A9W185	A9W185
P50538	P50538
P50538	Q0VH34
Q6FXV6	Q6FXV6
Q839J1	Q839J1
Q08278	Q08278
O22152	O22152
P68319	P68319
P36012	P36012
Q95R14	Q95R14
P21926	P21926
P21926	P40239
P21926	P40240
P21926	P30409
O50331	O50331
O67082	O67082
O67024	O67024
P08368	P08368
Q0VQE3	Q0VQE3
Q0VQE3	P57986
Q75GK1	Q75GK1
B0JX07	B0JX07
Q8LR50	Q8LR50
A0JVC9	A0JVC9
Q9LTJ1	Q9LTJ1
P09586	P09586
P09586	P09321
P09586	P14059
P0CU52	P0CU52
P72360	P72360
A9IQL1	A9IQL1
A9IQL1	A1URV4
A1JP11	A1JP11
P86479	P86479
Q10NQ9	Q10NQ9
Q10NQ9	Q9FK59
Q9FQA3	Q9FQA3
Q4A9R7	Q4A9R7
Q9LVP9	Q9LVP9
Q9UT12	Q9UT12
P60622	P60622
F4I5N6	F4I5N6
P45606	P45606
P97469	P97469
P97469	O08954
P97469	Q3MHQ4
P97469	Q91924
P97469	O43623
Q76NZ7	Q76NZ7
P0AEY3	P0AEY3
P40545	P40545
Q70FG7	Q70FG7
Q96C57	Q96C57
Q58018	Q58018
Q58018	Q6LXJ8
Q58018	A4FWG7
Q58018	A6UPZ7
P24343	P24343
Q87L56	Q87L56
Q87L56	Q6LVG9
Q87L56	A5F4Z5
A0A9W3HR60	A0A9W3HR60
Q28TH7	Q28TH7
B3F211	B3F211
P06499	P06499
A0A0R6Y3I5	A0A0R6Y3I5
Q86AQ7	Q86AQ7
P26343	P26343
P00422	P00422
P27380	P27380
O55234	O55234
O55234	Q32KL2
O55234	P28074
O55234	P28075
Q9C9X6	Q9C9X6
A8F498	A8F498
Q56993	Q56993
Q9HKT1	Q9HKT1
P26587	P26587
P26587	O22588
Q3JEI2	Q3JEI2
Q9UKW6	Q9UKW6
Q9UKW6	Q8VDK3
Q823P5	Q823P5
Q823P5	O84283
Q8HY33	Q8HY33
Q8HY33	Q7M317
Q8HY33	Q7M316
Q8HY33	P00915
Q8HY33	P35217
Q8HY33	B0BNN3
Q8HY33	Q1LZA1
Q8HY33	P13634
Q8HY33	P00916
Q8HY33	P48282
P14946	P14946
Q47WP5	Q47WP5
P15369	P15369
Q07508	Q07508
Q1QSZ9	Q1QSZ9
Q9LJ97	Q9LJ97
Q9LJ97	Q9LJ95
Q49Z76	Q49Z76
P82277	P82277
O26144	O26144
P54952	P54952
A4YD40	A4YD40
P15773	P15773
P42940	P42940
Q82XW0	Q82XW0
Q9AT61	Q9AT61
Q9YGD3	Q9YGD3
Q96BZ8	Q96BZ8
O09117	O09117
O09117	Q16563
Q493T5	Q493T5
O76879	O76879
Q2S6X5	Q2S6X5
Q9P8P7	Q9P8P7
Q9P8P7	Q06287
Q9P8P7	Q96UP2
Q19872	Q19872
Q6F4N1	Q6F4N1
Q7XWU8	Q7XWU8
Q7XWU8	Q7G6Z2
Q7XWU8	Q4PR50
Q7XWU8	Q9LNU3
Q4FNF4	Q4FNF4
Q63Q73	Q63Q73
A8ERB8	A8ERB8
Q5NXQ3	Q5NXQ3
Q5NXQ3	A1KAA5
Q1G9A3	Q1G9A3
Q57843	Q57843
P0ACC1	P0ACC1
P0ACC1	P40816
Q6FZ13	Q6FZ13
Q6FZ13	A9IXE5
Q6FZ13	Q6G2G3
Q6FZ13	A1UTM3
Q59VY1	Q59VY1
Q9SIJ0	Q9SIJ0
B2TWA0	B2TWA0
B2TWA0	B3GXP8
B2TWA0	B7VL84
B2TWA0	Q668W9
B2TWA0	Q0HKB3
B2TWA0	B0BPI7
B2TWA0	A8H305
B2TWA0	B0TKZ4
B2TWA0	A3QFC4
B2TWA0	Q7M7J4
B2TWA0	B6EIW6
B2TWA0	Q87MP1
B2TWA0	A8A2I7
B2TWA0	P07649
B2TWA0	A9MJ57
B2TWA0	B5BCH8
B2TWA0	A1ADG7
B2TWA0	A4WCV2
B2TWA0	B1LLS3
B2TWA0	B7LLF2
Q56743	Q56743
Q56743	V5XKC3
Q56743	A5F660
Q9EST5	Q9EST5
Q9EST5	Q9EST6
Q9EST5	Q3SZC6
Q9EST5	Q92688
Q9EST5	Q6A1I3
C0JB55	C0JB55
B5FFG1	B5FFG1
B5FFG1	Q5E8M1
Q5SM60	Q5SM60
Q5SM60	Q72GC7
Q1IKD0	Q1IKD0
A4XNX4	A4XNX4
A4XNX4	Q51564
A4XNX4	Q88CF3
A4XNX4	Q1I303
A4XNX4	C1DJ56
A4XNX4	Q48C02
A4XNX4	Q3K4R8
Q6AY12	Q6AY12
Q6AY12	Q6BCY4
Q6AY12	Q3KNK3
Q96LR9	Q96LR9
Q96LR9	Q6B959
P14509	P14509
P46205	P46205
P54709	P54709
P54709	Q63377
P54709	Q60489
P54709	Q3T0C6
P54709	P97370
O06825	O06825
O62243	O62243
Q8WX77	Q8WX77
Q8WX77	Q80W15
P24197	P24197
Q74EG5	Q74EG5
B0KKX4	B0KKX4
B0KKX4	Q02F98
B0KKX4	Q9HUP3
B0KKX4	A5W9Q7
P35330	P35330
Q4UMW5	Q4UMW5
Q4UMW5	A8GTA0
Q4UMW5	A8GXR0
Q4UMW5	Q92GT4
Q3K3N4	Q3K3N4
Q3K3N4	Q1J8H6
Q3K3N4	C0MG10
Q3K3N4	Q5XDV8
Q3K3N4	P67392
Q3K3N4	C0M8J5
Q3K3N4	Q1JNH1
B8GTG2	B8GTG2
P0DXO8	P0DXO8
Q9CZD5	Q9CZD5
A6LWN6	A6LWN6
A6LWN6	Q18C32
Q6NIF2	Q6NIF2
Q6NIF2	C3PEY5
Q6NIF2	A3PYA8
Q6NIF2	A4QCI7
Q6NIF2	P9WFR9
Q6NIF2	Q9CBW0
Q6NIF2	A0QVR9
Q6NIF2	A1T7P4
Q6NIF2	Q73VZ2
Q6NIF2	A0QIU1
Q9H9P2	Q9H9P2
Q9H9P2	Q9CXM0
P70970	P70970
Q21PT9	Q21PT9
Q5FQ88	Q5FQ88
P24618	P24618
P24618	P24619
Q665B6	Q665B6
Q665B6	Q6CYU2
Q665B6	Q1C1S0
Q665B6	Q83LN2
Q665B6	P0AAI1
Q665B6	Q8FJ95
Q665B6	Q8KZQ6
Q665B6	Q4K441
F4J4N3	F4J4N3
Q833J1	Q833J1
Q6D8E6	Q6D8E6
Q6D8E6	Q6F9A5
Q6D8E6	A8FY45
Q6D8E6	A4Y540
Q6D8E6	A7MGS1
Q6D8E6	C5BHB3
Q6D8E6	P0A9D8
Q6D8E6	Q608K0
Q6D8E6	A6T4W8
Q6D8E6	Q12NZ0
Q6D8E6	A8ALC4
Q6D8E6	B0TP86
Q6D8E6	B8GPS1
Q6D8E6	A4SQI5
Q6D8E6	Q3J9B1
Q6D8E6	C1DD37
Q6D8E6	Q0A7H6
Q6D8E6	Q0TLG7
Q6D8E6	C4L868
Q6D8E6	A6VP50
Q6D8E6	Q0HT59
Q6D8E6	P56220
Q6D8E6	Q65TC6
Q6D8E6	Q1CAN9
Q6D8E6	P0A4U9
Q6D8E6	A3D2K2
Q6D8E6	A4W6R1
Q6D8E6	Q470C6
Q6D8E6	A4JF86
Q6D8E6	A2SB60
Q6D8E6	Q0KA05
Q6D8E6	Q13XA4
Q6D8E6	A1KVU9
Q6D8E6	Q9K152
Q6D8E6	B0UTX7
Q9D6Y1	Q9D6Y1
Q9D6Y1	Q9BQI4
Q9NS61	Q9NS61
Q9NS61	Q9JJ69
Q9NS61	Q8WN03
Q9NS61	Q9JM59
Q9NS61	Q8R426
Q9NS61	Q9JJ57
Q9NS61	Q2KI69
Q9NS61	Q99MG9
Q9NS61	Q6PIL6
P0DN70	P0DN70
Q0VTD6	Q0VTD6
B1HS22	B1HS22
C0JB32	C0JB32
C0JB32	C0JB31
P04218	P04218
P04218	O54901
P04218	P41217
Q5SI12	Q5SI12
D3RVD4	D3RVD4
Q8MJU1	Q8MJU1
Q8MJU1	P55213
Q8MJU1	Q2PFV2
Q8MJU1	Q8MKI5
Q8MJU1	Q5IS99
Q8MJU1	Q8MJC3
Q8MJU1	Q5IS54
Q8MJU1	P42574
Q8MJU1	Q95ND5
Q8MJU1	Q60431
Q8MJU1	Q08DY9
Q8MJU1	P70677
Q8BG34	Q8BG34
Q9SUR3	Q9SUR3
Q9SUR3	Q9SUT9
B9MDL6	B9MDL6
B9MDL6	A1VRR5
B9MDL6	Q126M3
B9MDL6	A1WSF3
A4X776	A4X776
B6JB38	B6JB38
B6JB38	Q211U3
P36615	P36615
O81845	O81845
O81845	Q9ZWG1
Q8UC46	Q8UC46
Q8UC46	Q92LH7
Q4FUU7	Q4FUU7
Q9C878	Q9C878
Q9NRN7	Q9NRN7
Q9NRN7	Q9CQF6
Q9NRN7	B2RYJ4
Q9NRN7	Q5NVE1
Q99988	Q99988
Q99988	G7PWZ3
Q6P8Y0	Q6P8Y0
Q6P8Y0	Q6P656
Q94BQ5	Q94BQ5
Q99188	Q99188
P20626	P20626
Q0TRA8	Q0TRA8
Q0TRA8	Q97FS3
Q0TRA8	B1L1E7
Q0TRA8	B1INE7
Q0TRA8	A7GII2
Q0TRA8	Q8XL59
Q0TRA8	C1FLB6
Q0TRA8	C3KU87
D1A7C3	D1A7C3
Q1LRS0	Q1LRS0
Q13371	Q13371
Q13371	Q2HJA9
Q13371	Q63737
Q13371	Q9DBX2
A5GE43	A5GE43
P20581	P20581
P36949	P36949
P25693	P25693
Q8Y565	Q8Y565
Q5P5G6	Q5P5G6
Q58868	Q58868
A9FDP9	A9FDP9
Q9SID2	Q9SID2
Q9SID2	O65797
A5FB79	A5FB79
A5FB79	Q11YY8
P10215	P10215
P0DKL0	P0DKL0
Q9CNU2	Q9CNU2
Q9CNU2	Q4QPH3
A0A2H3D905	A0A2H3D905
A0A2H3D905	A0A2H3CNT9
A0A286LEZ7	A0A286LEZ7
A0A286LEZ7	P0DPA9
Q05B56	Q05B56
Q05B56	Q561R7
Q05B56	Q13889
Q05B56	Q8VD76
A8GDR8	A8GDR8
A8GDR8	A1JPN1
A8GDR8	A4TIM5
Q00511	Q00511
Q00511	P33282
Q9PL32	Q9PL32
Q9PL32	B0BAZ4
Q9WU72	Q9WU72
Q9N5Y2	Q9N5Y2
Q9SRV7	Q9SRV7
Q9SRV7	Q8VZU2
Q51553	Q51553
Q3J6D1	Q3J6D1
Q5JFX9	Q5JFX9
Q5JFX9	O57767
C3KUL4	C3KUL4
C3KUL4	A5I1H8
Q99K95	Q99K95
Q99K95	Q9BY42
Q99K95	Q0VCR1
Q99K95	Q3T1J8
P38326	P38326
O24767	O24767
Q92SA6	Q92SA6
B8BKP4	B8BKP4
B8BKP4	Q2R3P9
B8BKP4	Q2QR07
B9K6P4	B9K6P4
B9K6P4	A5IKI6
Q2L6E3	Q2L6E3
P0ACH8	P0ACH8
B6JL99	B6JL99
B6JL99	B2UTX1
B6JL99	Q1CU14
Q9FRL5	Q9FRL5
Q9FX68	Q9FX68
Q9CZR3	Q9CZR3
Q9CZR3	Q969M1
Q9CZR3	A4F267
Q3A2G9	Q3A2G9
Q9WUU7	Q9WUU7
Q9WUU7	Q9R1T3
Q9WUU7	P05689
Q9WUU7	Q9UBR2
Q1JQA0	Q1JQA0
Q1JQA0	Q9UMR5
Q1JQA0	O70489
Q1JQA0	O35448
Q48943	Q48943
A1AW96	A1AW96
Q0BV27	Q0BV27
P17678	P17678
A6M2Y4	A6M2Y4
Q18KE1	Q18KE1
O59680	O59680
Q21PS1	Q21PS1
Q9FMG4	Q9FMG4
Q62814	Q62814
Q10JI3	Q10JI3
P49301	P49301
P49301	P49300
Q1JU72	Q1JU72
Q96T55	Q96T55
Q96T55	G5E845
P0ADW6	P0ADW6
P29169	P29169
Q6AJ55	Q6AJ55
Q93CE9	Q93CE9
Q93CE9	P27709
P75782	P75782
Q9HJ19	Q9HJ19
Q81MT8	Q81MT8
Q81MT8	A9VUA6
G5EFQ5	G5EFQ5
Q03615	Q03615
P0CAU8	P0CAU8
B2FPA9	B2FPA9
B2FPA9	Q4UQX6
B2FPA9	B0RV99
B2FPA9	B2SNZ9
Q8TX21	Q8TX21
Q03Y33	Q03Y33
P29031	P29031
P84155	P84155
P09486	P09486
P09486	P36233
P09486	O93390
P09486	P20112
P09486	P36378
P09486	P16975
P09486	P13213
P09486	P07214
P17656	P17656
Q8LB08	Q8LB08
P07774	P07774
Q97LP4	Q97LP4
P34623	P34623
Q6MEK6	Q6MEK6
A0Q2B1	A0Q2B1
P35218	P35218
P35218	P43165
P35218	P23589
Q02047	Q02047
Q02047	P11724
Q02047	Q88NX4
Q9PU20	Q9PU20
Q6QA32	Q6QA32
Q2GDJ5	Q2GDJ5
Q75A74	Q75A74
A6W7S6	A6W7S6
Q94C49	Q94C49
P40035	P40035
Q8FDU7	Q8FDU7
A8PUY5	A8PUY5
Q0WPW4	Q0WPW4
Q10667	Q10667
Q9FLT2	Q9FLT2
Q9FLT2	Q9LY23
Q01635	Q01635
Q1J0B6	Q1J0B6
P46479	P46479
Q9N0K1	Q9N0K1
Q5VAN0	Q5VAN0
Q5VAN0	P28907
G0SEG2	G0SEG2
P28018	P28018
Q2LVI4	Q2LVI4
P0DC92	P0DC92
P0DC92	Q8P1F1
Q9LV27	Q9LV27
Q9SX52	Q9SX52
Q9SX52	Q9LHE7
Q9SX52	Q8LSN3
Q9NVM6	Q9NVM6
Q9NVM6	Q91WT4
Q9NVM6	D3ZSC8
A5E7U2	A5E7U2
A5E7U2	Q59P03
A5E7U2	A3GF86
A5E7U2	Q6BUX2
Q7GCM7	Q7GCM7
B1XSG8	B1XSG8
B1XSG8	A4T0E0
Q9SR62	Q9SR62
A1B316	A1B316
Q8NG92	Q8NG92
Q1CU72	Q1CU72
Q1CU72	B2USR7
Q9C6H2	Q9C6H2
A7IA72	A7IA72
Q1PDC8	Q1PDC8
Q1PDC8	Q03040
Q1PDC8	Q1PD51
Q1PDC8	P35260
A4USB4	A4USB4
A4USB4	C0JB21
A4USB4	C0JB22
A4USB4	C0JB19
A4USB4	C0JB20
A4USB4	C0JB18
A4USB4	C0JB29
A4USB4	C0JB17
A4USB4	P0DM60
A4USB4	C0JB15
A4USB4	C0JB16
A4USB4	C0JB14
Q1MPL2	Q1MPL2
O94424	O94424
Q47005	Q47005
Q8NGF8	Q8NGF8
Q8NGF8	Q60881
Q51566	Q51566
Q9SU87	Q9SU87
Q9SU87	Q9S847
Q338Z7	Q338Z7
Q338Z7	Q6V9S9
P24721	P24721
P24721	P08290
P14287	P14287
Q9FJ00	Q9FJ00
Q9Z2T1	Q9Z2T1
Q9Z2T1	Q9Y2U2
Q9Y5J3	Q9Y5J3
Q9Y5J3	Q9WV93
Q9Y5J3	Q9TSZ2
Q9Y5J3	Q2KIN4
Q9Y5J3	Q9I8A3
Q8NGB4	Q8NGB4
A7ZEC2	A7ZEC2
A7ZEC2	A7GXT8
Q9DAG9	Q9DAG9
P37728	P37728
P37728	P76268
Q6MDE6	Q6MDE6
D3KYU3	D3KYU3
Q9VM35	Q9VM35
P24137	P24137
Q8NGF9	Q8NGF9
P82859	P82859
P95837	P95837
Q8K4H1	Q8K4H1
Q8K4H1	Q63HM1
O54819	O54819
O54819	Q02445
A6NMZ5	A6NMZ5
Q3BVV5	Q3BVV5
Q3BVV5	Q8PMU9
Q3BVV5	Q4USF8
Q3BVV5	Q2P4M0
Q02614	Q02614
Q02614	Q9UHR5
P9WQL7	P9WQL7
B1ZU25	B1ZU25
Q7K3B9	Q7K3B9
Q18CS6	Q18CS6
Q6MMQ9	Q6MMQ9
P59532	P59532
P59532	Q9JKE7
Q9LRH6	Q9LRH6
Q7L266	Q7L266
Q7L266	Q32LE5
Q7L266	Q4R7U8
Q6KZJ4	Q6KZJ4
Q64674	Q64674
Q64674	P19623
Q8ZWV0	Q8ZWV0
Q8ZWV0	A3MTR6
Q7TQA8	Q7TQA8
Q6V9H4	Q6V9H4
Q2G2Q3	Q2G2Q3
O80942	O80942
Q6DJ08	Q6DJ08
Q8GWU0	Q8GWU0
P9WHW1	P9WHW1
Q8NGR8	Q8NGR8
P56286	P56286
Q5F381	Q5F381
Q5HPU4	Q5HPU4
Q5HPU4	Q8CPH4
Q5HPU4	P80865
Q5HPU4	P66866
B8PL20	B8PL20
Q12350	Q12350
B2A2U4	B2A2U4
B4RQC3	B4RQC3
B4RQC3	A1KVL1
Q2YFS3	Q2YFS3
C8ZET7	C8ZET7
C8ZET7	A2P2R3
P50351	P50351
P50351	P50350
Q13V47	Q13V47
Q13V47	Q1LQ38
Q13V47	A2S9I2
Q13V47	B2T6B5
Q13V47	Q39IL4
Q13V47	Q1GXA4
Q13V47	A0K5H3
Q13V47	A1KCM3
Q13V47	Q5P5J6
Q13V47	Q2YCZ6
P41043	P41043
A9WJ69	A9WJ69
A9WJ69	B8GAM6
Q99314	Q99314
C6DAX5	C6DAX5
C6DAX5	Q6D2E1
E3GWT5	E3GWT5
Q06643	Q06643
Q06643	Q862Z7
A5GFS8	A5GFS8
A5GFS8	Q9QY76
A5GFS8	A2VDZ9
A5GFS8	Q9Z269
A5GFS8	O95292
Q9VJ83	Q9VJ83
Q8GYJ2	Q8GYJ2
O95416	O95416
O95416	Q9W7R6
O95416	Q04892
O95416	B0ZTE2
Q27504	Q27504
O75586	O75586
O75586	Q5RD94
O75586	Q921D4
O75586	Q3SZY9
Q8I2D9	Q8I2D9
M1W426	M1W426
P44648	P44648
Q5V5D5	Q5V5D5
Q96VN5	Q96VN5
Q96VN5	P04828
Q03671	Q03671
Q1QSY6	Q1QSY6
A0A1V0HUX5	A0A1V0HUX5
Q60478	Q60478
Q8N6D2	Q8N6D2
Q8N6D2	D3ZBM4
Q8N6D2	Q8C432
Q82K86	Q82K86
P0ABU7	P0ABU7
Q3JBA8	Q3JBA8
Q9FN42	Q9FN42
Q9I463	Q9I463
Q9I463	A6V8S8
Q2LTS3	Q2LTS3
Q9FVC1	Q9FVC1
A8HPM5	A8HPM5
C3LNF3	C3LNF3
P0A3U5	P0A3U5
O54957	O54957
O54957	O70601
P60611	P60611
P94538	P94538
Q9UZC0	Q9UZC0
Q9UZC0	Q8U381
Q9UZC0	O58690
Q5TIS6	Q5TIS6
B9K8Q0	B9K8Q0
B9K8Q0	A6LLJ7
Q6MP18	Q6MP18
Q8IZP2	Q8IZP2
Q0BTX8	Q0BTX8
A0A2I6PJ07	A0A2I6PJ07
Q75KD7	Q75KD7
I6XEI5	I6XEI5
Q28RL2	Q28RL2
P05626	P05626
B4RZM6	B4RZM6
Q9FUT0	Q9FUT0
A3DK68	A3DK68
Q8RJB2	Q8RJB2
B2JA20	B2JA20
B2JA20	Q115Y7
B2JA20	B0CEX1
Q9NEN6	Q9NEN6
B1L6Q8	B1L6Q8
P53346	P53346
Q54EQ1	Q54EQ1
B6EH41	B6EH41
P26647	P26647
O75352	O75352
O75352	Q60441
P20276	P20276
Q7VKR8	Q7VKR8
Q64368	Q64368
Q64368	Q95192
Q64368	Q92904
Q64368	Q9BGN8
Q3EDJ0	Q3EDJ0
Q3EDJ0	Q9XF19
O85012	O85012
P83309	P83309
Q07897	Q07897
P36069	P36069
P45548	P45548
B0KFA9	B0KFA9
B0KFA9	A4XWI3
B0KFA9	B7UUY3
B0KFA9	Q88LC3
Q03406	Q03406
O88751	O88751
O88751	Q9N1R0
Q2FZE6	Q2FZE6
P80346	P80346
B9M8U7	B9M8U7
B9M8U7	A1AT72
Q4PCS5	Q4PCS5
Q4PCS5	P0CO43
P0A9E0	P0A9E0
P9WKA0	P9WKA0
P38152	P38152
P05827	P05827
P05827	P0A2Q2
Q0SRS5	Q0SRS5
O82339	O82339
Q9DDY9	Q9DDY9
Q9DDY9	Q7ZXB8
B7J4J4	B7J4J4
Q9FJJ5	Q9FJJ5
Q9FJJ5	Q7XJ60
Q5AHB8	Q5AHB8
Q8DJK4	Q8DJK4
Q96KN4	Q96KN4
P46348	P46348
A0A1L3THR9	A0A1L3THR9
B2THS4	B2THS4
B2THS4	Q0TPL7
Q5XGC0	Q5XGC0
Q5XGC0	Q7SZ73
B3E177	B3E177
Q92874	Q92874
Q92874	Q9D1G0
P80186	P80186
P80186	O27231
A8N1W8	A8N1W8
Q9UGN4	Q9UGN4
Q9SXA5	Q9SXA5
Q9SXA5	Q9M5P2
Q495C1	Q495C1
P25323	P25323
O34441	O34441
Q9NP98	Q9NP98
Q9NP98	Q4PS85
Q9NP98	Q9JK37
Q9NP98	Q8SQ24
Q2NJF9	Q2NJF9
Q90XB3	Q90XB3
B1YL88	B1YL88
B1YL88	Q818H3
B1YL88	A0RIQ8
B1YL88	B7IYD6
B1YL88	Q81LV1
P53608	P53608
P53608	P39138
Q72K27	Q72K27
Q72K27	Q5SJQ1
B2AC45	B2AC45
O22703	O22703
B0JL91	B0JL91
A4YQU0	A4YQU0
A4YQU0	Q03075
Q6NXA9	Q6NXA9
Q56XY2	Q56XY2
P02925	P02925
B2UXC4	B2UXC4
B2UXC4	B2TPD7
Q8W1E3	Q8W1E3
Q6CE12	Q6CE12
B1W3N7	B1W3N7
B1W3N7	A1SMP7
B8D1K3	B8D1K3
P21135	P21135
A5ULI2	A5ULI2
Q20574	Q20574
A5FZS7	A5FZS7
Q9T010	Q9T010
P0DME0	P0DME0
P0DME0	Q9EQU5
P0DME0	Q63945
P0DME0	Q01105
Q9RU10	Q9RU10
P0CP14	P0CP14
P77463	P77463
A3MW09	A3MW09
Q10905	Q10905
O13148	O13148
Q8VZW1	Q8VZW1
Q8VZW1	Q8LFP7
P0CI77	P0CI77
Q58643	Q58643
B7SIW1	B7SIW1
Q9NVA1	Q9NVA1
Q9NVA1	Q9CWU6
Q9F663	Q9F663
Q11YY5	Q11YY5
B9MQ24	B9MQ24
A3BV95	A3BV95
Q08682	Q08682
Q08682	Q8H173
A9CEQ7	A9CEQ7
P0CAW9	P0CAW9
Q9W5R8	Q9W5R8
Q5M757	Q5M757
O39521	O39521
P45475	P45475
Q62232	Q62232
Q62232	Q9I8H0
Q62232	Q62231
Q62232	Q6NZ04
Q62232	A2D5H2
Q62232	Q15475
Q62232	Q9NPC8
Q62232	Q6DHF9
Q3K0P1	Q3K0P1
Q9AMS0	Q9AMS0
Q9LUJ5	Q9LUJ5
Q9U8W8	Q9U8W8
P17978	P17978
P25299	P25299
Q08235	Q08235
Q76BW5	Q76BW5
P40471	P40471
P44539	P44539
P44539	Q9S4K9
P44539	Q0I2T8
P44539	Q8RDN6
P44539	Q9CKB0
E5Y8P7	E5Y8P7
P08658	P08658
Q04770	Q04770
O13719	O13719
P23614	P23614
Q4FM76	Q4FM76
P29613	P29613
P29613	P91919
P29613	P30741
O42979	O42979
G4ZHR2	G4ZHR2
G4ZHR2	W2PEP3
G4ZHR2	W2PDG1
Q382H9	Q382H9
P15378	P15378
Q08285	Q08285
Q3SYR2	Q3SYR2
Q3SYR2	Q13432
Q3SYR2	O19177
Q3SYR2	Q62885
Q3SYR2	Q9Z2R6
Q64XF4	Q64XF4
Q64XF4	Q89ZL1
O25560	O25560
C3K2Z1	C3K2Z1
Q3IE60	Q3IE60
Q6G5K3	Q6G5K3
Q6G5K3	Q6G0I1
P40117	P40117
A6UZH2	A6UZH2
A6UZH2	Q9HWC1
A0A1W7HCY1	A0A1W7HCY1
Q9ZH21	Q9ZH21
Q9BUT1	Q9BUT1
Q9BUT1	Q3KPT7
Q9BUT1	D4A1J4
Q9BUT1	C1C4R8
Q9BUT1	Q8JZV9
Q9BUT1	Q3T046
Q9BUT1	Q561X9
Q4JU38	Q4JU38
Q0WRJ7	Q0WRJ7
P0AA99	P0AA99
Q8KY51	Q8KY51
Q9LCY2	Q9LCY2
Q9FZF1	Q9FZF1
B0UAV0	B0UAV0
P0A908	P0A908
B3EN04	B3EN04
B3EN04	Q3B619
P12579	P12579
P12579	P24567
P12579	P03421
P17117	P17117
O04469	O04469
P53981	P53981
Q81BT4	Q81BT4
Q81BT4	Q81NT6
Q81BT4	Q735N7
Q81BT4	Q6HH09
A1KJ19	A1KJ19
A1KJ19	Q9CC56
A1KJ19	P9WMM5
A1KJ19	P60583
Q7V8V9	Q7V8V9
Q7V8V9	Q3AI29
Q8MLL3	Q8MLL3
Q45557	Q45557
P08462	P08462
P08462	P08568
Q68WB5	Q68WB5
Q68WB5	Q1RJC7
Q68WB5	Q4UME7
Q9SY73	Q9SY73
A1TB16	A1TB16
Q8NEV9	Q8NEV9
Q8NEV9	Q5S1V9
Q8NEV9	Q8K3I6
A8AYI5	A8AYI5
Q8N114	Q8N114
P73574	P73574
B6YTN5	B6YTN5
B6YTN5	Q8U3C9
B6YTN5	Q9UZ51
Q86XF7	Q86XF7
Q86XF7	Q3TXZ1
Q5F9J2	Q5F9J2
Q5F9J2	Q9K005
Q5F9J2	A9M3Q3
Q60994	Q60994
Q60994	Q15848
Q60994	Q3Y5Z3
A1TYI2	A1TYI2
A0A1I9LMX5	A0A1I9LMX5
Q9UNL4	Q9UNL4
Q9UNL4	Q8C0D7
Q9UNL4	Q5ZKY4
Q9UNL4	Q3T095
B3DZZ7	B3DZZ7
C5E0B9	C5E0B9
Q9C7P6	Q9C7P6
Q9C7P6	Q9C7P2
Q9LEZ9	Q9LEZ9
B6IZ08	B6IZ08
B6IZ08	A9N926
Q7K4V4	Q7K4V4
B6YQ14	B6YQ14
A0A0H3L116	A0A0H3L116
Q920I0	Q920I0
Q920I0	Q9CQ58
Q920I0	P33578
C0QU74	C0QU74
A2WZ60	A2WZ60
A2WZ60	Q0JFZ0
Q96DG6	Q96DG6
Q96DG6	Q8R1G2
P0CU46	P0CU46
Q2NF45	Q2NF45
Q82XS4	Q82XS4
H2AM13	H2AM13
Q9URZ1	Q9URZ1
Q28VR9	Q28VR9
Q6VNZ9	Q6VNZ9
P39552	P39552
P39552	P53176
Q73FT3	Q73FT3
B2UBB5	B2UBB5
A9KGL7	A9KGL7
A9KGL7	Q820B5
A9KGL7	B6J5Y2
Q5E9G3	Q5E9G3
Q5E9G3	Q9UL46
Q5E9G3	Q863Z0
Q5E9G3	P97372
Q5E9G3	Q63798
Q4WB03	Q4WB03
O03695	O03695
O03695	O03704
O03695	O03710
O03695	O03703
O03695	O03726
O03695	P92503
O03695	P92623
O03695	O03698
O03695	O03772
O03695	O03697
O03695	O03692
O03695	O03780
O03695	O03699
O03695	P92681
O03695	P92649
P83632	P83632
G5EC89	G5EC89
O05779	O05779
O05779	A5U7B7
Q9M1V9	Q9M1V9
Q1DC68	Q1DC68
Q3KRA9	Q3KRA9
Q3KRA9	Q8K2U2
Q9D4V7	Q9D4V7
Q9D4V7	Q5ZKR4
Q9D4V7	Q32LJ6
Q9D4V7	Q5HYI8
Q9D4V7	Q6TNS7
Q9D4V7	Q6GPS4
Q883F3	Q883F3
Q883F3	Q4ZUD1
P09611	P09611
Q86A17	Q86A17
Q4QTJ2	Q4QTJ2
Q4QTJ2	Q4QTJ1
Q9LH79	Q9LH79
P53093	P53093
Q3MHN0	Q3MHN0
Q3MHN0	P28072
Q3MHN0	P28073
Q3MHN0	Q60692
P9WMH1	P9WMH1
P58908	P58908
P58908	P86624
P58908	B3EWJ2
P58908	P58907
P58908	C0HK81
P58908	P81637
P58908	P08902
P58908	A0A023GPI8
P58908	C0HJY1
P58908	J9PBR3
P58908	P81517
P58908	P83721
P58908	P86184
P47167	P47167
Q7NL01	Q7NL01
Q08738	Q08738
P9WGM1	P9WGM1
Q811Q0	Q811Q0
Q811Q0	Q9Y691
Q811Q0	Q9CZM9
P94498	P94498
P94498	B1HXC6
P94498	A8FD22
Q11XK2	Q11XK2
P24800	P24800
Q9M8T6	Q9M8T6
Q9M8T6	Q8LDS5
Q9M1H8	Q9M1H8
Q2IEX2	Q2IEX2
Q2IEX2	A7HFW2
P54443	P54443
P9WGX5	P9WGX5
B9KZ37	B9KZ37
Q3A090	Q3A090
Q3A090	B5EDQ7
Q9Z2X3	Q9Z2X3
Q9Z2X3	O75832
Q9Z2X3	Q9Z2X2
Q8IUB2	Q8IUB2
Q4QSC5	Q4QSC5
P02752	P02752
B8D7B4	B8D7B4
B8D7B4	P57306
C4YFU9	C4YFU9
C4YFU9	B9W9Z5
C4YFU9	Q6BSY9
C4YFU9	C4Y4X4
O22922	O22922
A4F743	A4F743
Q9RBP4	Q9RBP4
Q26997	Q26997
P19317	P19317
B8GXP2	B8GXP2
A9MGN4	A9MGN4
A9MGN4	O08430
A9MGN4	A4W5G8
A9MGN4	P0AE22
A9MGN4	B5XXX7
A9MGN4	E8XMF0
A9MGN4	P58683
O15522	O15522
O15522	O70584
Q46267	Q46267
P37680	P37680
P37680	P44989
P37680	P08203
P37680	P06190
Q57AD4	Q57AD4
Q57AD4	B0CJX7
Q57AD4	C0RG13
Q57AD4	Q1MMI1
Q57AD4	Q92SN8
Q57AD4	B5ZYG6
Q57AD4	P58638
Q57AD4	B9J7M8
P05752	P05752
P05752	P0CX37
P05752	A0A1D8PL99
Q9CM50	Q9CM50
Q8R0A6	Q8R0A6
Q8R0A6	Q8TAG5
Q82W83	Q82W83
Q5V5V3	Q5V5V3
A1B3Z0	A1B3Z0
A1B3Z0	A8LMK0
P35709	P35709
P35709	P22032
Q9D7I0	Q9D7I0
Q9NVX0	Q9NVX0
Q9NVX0	Q9CQS9
Q9CXV9	Q9CXV9
Q9CXV9	Q5PPL2
Q9CXV9	Q1RMX9
Q9CXV9	Q9BTE7
Q9LM71	Q9LM71
Q9HC24	Q9HC24
Q9HC24	Q9DA39
Q6PAQ9	Q6PAQ9
Q6PAQ9	Q9BZD7
B0S230	B0S230
Q5N2S7	Q5N2S7
Q67Z93	Q67Z93
Q8DPA2	Q8DPA2
Q8DPA2	Q9ZA98
Q8DPA2	Q9WXK7
Q8DPA2	Q8CX28
Q8DPA2	C1CF01
Q8DPA2	P68899
Q8DPA2	A8AW75
Q8DPA2	C0M7Z4
Q8DPA2	A3CP33
Q8DPA2	P0DD53
Q8DPA2	Q04JT7
Q02XW6	Q02XW6
Q8NH05	Q8NH05
O34689	O34689
P46482	P46482
P50850	P50850
B0JGG3	B0JGG3
Q96RD3	Q96RD3
Q96RD3	Q6IFG1
Q4KL13	Q4KL13
Q7V4D8	Q7V4D8
Q9VAU9	Q9VAU9
Q87F70	Q87F70
Q87F70	B0U1E8
Q8WWB5	Q8WWB5
P26256	P26256
Q96LL4	Q96LL4
A5D8S8	A5D8S8
Q9N4A7	Q9N4A7
Q9N4A7	A8XJ40
P76086	P76086
Q7NKL3	Q7NKL3
Q479S8	Q479S8
Q9AMN9	Q9AMN9
P47881	P47881
A9HRF2	A9HRF2
Q5FKQ9	Q5FKQ9
Q5FKQ9	B2G6M9
P55353	P55353
Q9LVQ0	Q9LVQ0
B8IZQ7	B8IZQ7
Q49WQ7	Q49WQ7
Q9Z1V0	Q9Z1V0
Q2UPB5	Q2UPB5
Q2SR45	Q2SR45
Q9SKW5	Q9SKW5
H1VAN0	H1VAN0
A1WWZ8	A1WWZ8
O34348	O34348
Q8ZKR2	Q8ZKR2
Q96EZ4	Q96EZ4
P24203	P24203
Q9FLU5	Q9FLU5
Q9JHE7	Q9JHE7
Q9JHE7	Q5XIB1
Q8NGG5	Q8NGG5
P18239	P18239
P18239	P18238
P18239	P04710
P18239	G2QNH0
Q5ACP5	Q5ACP5
Q9M622	Q9M622
Q89AD9	Q89AD9
B7IFM5	B7IFM5
B7IFM5	Q9X1W3
Q5KWF4	Q5KWF4
Q7VR18	Q7VR18
Q7VR18	Q492Q4
C5BLR8	C5BLR8
O77421	O77421
Q9VLM6	Q9VLM6
F4K1R2	F4K1R2
A0RQ72	A0RQ72
A3CRE5	A3CRE5
Q8AII0	Q8AII0
Q5HZY2	Q5HZY2
Q5HZY2	Q3T0D7
P50726	P50726
Q9BXH1	Q9BXH1
O34577	O34577
Q8IED5	Q8IED5
Q15126	Q15126
Q15126	Q2KIU2
A1K3T2	A1K3T2
Q96GE6	Q96GE6
P17284	P17284
Q9V831	Q9V831
P09856	P09856
C3KCR9	C3KCR9
B4RQP9	B4RQP9
B4RQP9	P0A0Y6
P04388	P04388
A3MSM9	A3MSM9
O24633	O24633
C4L932	C4L932
C4L932	Q83LE1
C4L932	B4TKB3
C4L932	Q12R19
Q8G575	Q8G575
C6E559	C6E559
Q5P9D8	Q5P9D8
A5IBL5	A5IBL5
Q8DYA5	Q8DYA5
Q8DYA5	A2RG72
Q8DYA5	B2INC9
Q8DYA5	C1C691
Q8DYA5	A4W2X9
Q71YD1	Q71YD1
Q0T250	Q0T250
Q0T250	P37128
Q0T250	Q0TF11
Q0T250	A8ADC6
Q0T250	Q7CQ25
Q9UTC6	Q9UTC6
P64309	P64309
Q5HZB0	Q5HZB0
Q9Y584	Q9Y584
E0S6S0	E0S6S0
O14508	O14508
Q8NQV7	Q8NQV7
Q8PH61	Q8PH61
Q8PH61	Q87DG2
A6GZH5	A6GZH5
Q8NBT2	Q8NBT2
Q1CT76	Q1CT76
Q1CT76	Q5HWX6
Q1CT76	Q17XD3
Q1CT76	A7HZE8
Q9JHF7	Q9JHF7
Q79FE1	Q79FE1
Q9UII6	Q9UII6
Q2PT36	Q2PT36
Q2PT36	Q9GZX7
A4J661	A4J661
Q6F7W2	Q6F7W2
Q6F7W2	Q02E64
Q6F7W2	Q4K3U3
Q6F7W2	A4XNV9
Q9SDN0	Q9SDN0
Q8GV50	Q8GV50
Q66AM8	Q66AM8
Q7G1L2	Q7G1L2
Q0BWF7	Q0BWF7
P53641	P53641
P53641	P0AGD3
E0W4T1	E0W4T1
P15990	P15990
P15990	P24622
Q94124	Q94124
Q94124	P60763
Q94124	P63000
Q94124	Q05144
Q6BVY4	Q6BVY4
P59780	P59780
P59780	Q92572
P59780	Q1JQA3
P19666	P19666
P07164	P07164
Q9H2H0	Q9H2H0
Q9CQA9	Q9CQA9
Q6UWV7	Q6UWV7
Q8WWM9	Q8WWM9
Q8WWM9	Q9CX80
Q3J7T5	Q3J7T5
B7LLH2	B7LLH2
P14683	P14683
Q9X9Q7	Q9X9Q7
A5DR82	A5DR82
A5DR82	Q01475
A5DR82	P0C583
A5DR82	A1CRG9
A5DR82	Q0CUN7
A5DR82	P78976
Q21CL5	Q21CL5
Q9X1F9	Q9X1F9
P05738	P05738
Q9HCQ7	Q9HCQ7
Q9HCQ7	B2KKR4
Q97C13	Q97C13
Q9C9B1	Q9C9B1
A3LVK6	A3LVK6
Q9X7K0	Q9X7K0
Q9NYS0	Q9NYS0
Q9NYS0	Q9NYR9
C0HJG9	C0HJG9
Q73MG1	Q73MG1
A9WGE2	A9WGE2
B4SMH0	B4SMH0
B4SMH0	B0RQN0
B4SMH0	Q5H2Z0
Q6BET5	Q6BET5
O34859	O34859
Q0SMA2	Q0SMA2
Q58653	Q58653
A2C4C2	A2C4C2
Q7ZAM8	Q7ZAM8
Q5P2S1	Q5P2S1
Q9LUG5	Q9LUG5
Q8YI63	Q8YI63
Q8YI63	Q8UDN3
Q8YI63	Q98KB6
Q940U6	Q940U6
A8ZU12	A8ZU12
Q9EPL4	Q9EPL4
Q9EPL4	Q9H1A3
P34253	P34253
Q9KBE3	Q9KBE3
P27652	P27652
Q7SI97	Q7SI97
Q9LE15	Q9LE15
P54556	P54556
A3R052	A3R052
A3R052	Q4R0H9
Q6J1Z6	Q6J1Z6
Q6J1Z6	O33477
A6W849	A6W849
Q15628	Q15628
Q15628	Q2KI74
Q15628	Q3U0V2
P38011	P38011
P52919	P52919
Q9LVL2	Q9LVL2
Q9FG29	Q9FG29
A5G8K8	A5G8K8
Q165S4	Q165S4
Q0VCS0	Q0VCS0
Q6IEV9	Q6IEV9
Q8LGI3	Q8LGI3
P00862	P00862
P59626	P59626
A8YXN0	A8YXN0
A8YXN0	Q046A0
Q94LW3	Q94LW3
Q94LW3	Q9FPQ8
Q5AT95	Q5AT95
P43063	P43063
P43063	P00546
Q9Y2C3	Q9Y2C3
Q9Y2C3	Q9N293
Q9Y2C3	Q9JI67
Q8NGL4	Q8NGL4
A7GYU4	A7GYU4
P39630	P39630
Q9GZK4	Q9GZK4
Q9GZK4	O95918
Q59RQ2	Q59RQ2
B4SGR0	B4SGR0
Q21192	Q21192
F8VQN3	F8VQN3
P30634	P30634
P94529	P94529
Q9M374	Q9M374
P9WNP5	P9WNP5
Q3SM23	Q3SM23
Q9UJK0	Q9UJK0
B2UD46	B2UD46
B2UD46	Q8Y306
B2UD46	Q0KF09
B2UD46	Q1LS06
B2UD46	Q476S4
B2UD46	Q1H4T8
Q0C5A1	Q0C5A1
Q0C5A1	Q0ARN5
Q0C5A1	B8GZV1
Q12008	Q12008
Q9VT70	Q9VT70
Q92172	Q92172
Q92172	Q10587
Q92172	Q9JLC6
Q92172	P41224
Q89WF1	Q89WF1
Q8GYG1	Q8GYG1
O55527	O55527
Q9H213	Q9H213
Q19892	Q19892
Q9SIY7	Q9SIY7
B1MX63	B1MX63
Q54YN2	Q54YN2
Q186F8	Q186F8
Q4P5B3	Q4P5B3
Q8N0U2	Q8N0U2
Q46ZR1	Q46ZR1
Q46ZR1	B4E8S4
Q46ZR1	B1YPM6
Q46ZR1	A9AIX7
Q46ZR1	B2UAG1
M1J8U6	M1J8U6
M1J8U6	A0A1U8F5V2
B4RJZ8	B4RJZ8
B4RJZ8	A1KSZ5
Q88XW5	Q88XW5
Q9FG59	Q9FG59
Q59X49	Q59X49
P27042	P27042
P54536	P54536
O32197	O32197
Q1ECF1	Q1ECF1
Q7V4Z5	Q7V4Z5
Q7V4Z5	A5GIN4
Q9FUQ7	Q9FUQ7
P10813	P10813
Q9X7R9	Q9X7R9
Q9SYD8	Q9SYD8
Q9AIU0	Q9AIU0
Q6NVG5	Q6NVG5
Q9VFR1	Q9VFR1
Q32RY4	Q32RY4
Q9CQL0	Q9CQL0
B2BW43	B2BW43
Q3ZZQ3	Q3ZZQ3
Q96HJ5	Q96HJ5
B0RUW5	B0RUW5
A0ZZM2	A0ZZM2
Q39E95	Q39E95
P0AA60	P0AA60
Q91ZM8	Q91ZM8
P75849	P75849
Q49Z39	Q49Z39
B6EQ13	B6EQ13
Q9XWQ1	Q9XWQ1
Q99181	Q99181
Q7VMY0	Q7VMY0
Q7VMY0	A5UAD6
Q7VMY0	P24323
Q7VMY0	A5F2U0
Q7VMY0	P69441
O81045	O81045
P77544	P77544
Q67MS9	Q67MS9
Q8FLU6	Q8FLU6
Q3YPH5	Q3YPH5
P12402	P12402
Q3BS29	Q3BS29
P13342	P13342
C0SP79	C0SP79
Q9D3J8	Q9D3J8
P77889	P77889
Q9N4X8	Q9N4X8
Q9Y5N5	Q9Y5N5
Q8T9Z7	Q8T9Z7
Q8T9Z7	A5K9M4
Q3V8A2	Q3V8A2
O66686	O66686
O31458	O31458
O25150	O25150
A2S7R2	A2S7R2
A2S7R2	Q0BBD5
A2S7R2	B1JZE0
A2S7R2	B1YNS1
A2S7R2	A9AE45
A2S7R2	A4JIB6
P40746	P40746
P28361	P28361
Q8WUU8	Q8WUU8
Q8WUU8	Q9DCX7
P12919	P12919
P12919	Q6Q7I7
P12919	P01128
P12919	Q05028
P12919	P31240
P12919	Q95229
P12919	P01127
A9CJR8	A9CJR8
O13852	O13852
Q9GL25	Q9GL25
Q9GL25	Q96BH3
O42872	O42872
P34663	P34663
Q6NV34	Q6NV34
Q2JJQ1	Q2JJQ1
A1VBJ4	A1VBJ4
Q70LL3	Q70LL3
Q9YBX8	Q9YBX8
F4HRI2	F4HRI2
Q5VPE3	Q5VPE3
Q9XXS1	Q9XXS1
C1D5L0	C1D5L0
O82162	O82162
Q9SJ05	Q9SJ05
Q9SJ05	Q8GY88
P96192	P96192
B0U2W8	B0U2W8
B0U2W8	Q2NYU4
B0U2W8	B4SJT8
B0U2W8	B2FI06
Q47RJ6	Q47RJ6
Q47RJ6	E9LVH8
Q47RJ6	E9LVH9
Q47RJ6	D4Q9N1
Q47RJ6	F7IX06
P9WK85	P9WK85
Q22058	Q22058
Q9JM72	Q9JM72
Q9JM72	P14094
Q9JM72	P07340
Q9JM72	Q9TT37
Q9JM72	P06583
Q9JM72	P05027
Q9JM72	P05028
Q9JM72	Q4R4V5
Q9JM72	P05026
Q9JM72	A5A6J8
Q7Z412	Q7Z412
Q7Z412	Q8BGI5
Q7Z412	G3HQ82
P44739	P44739
A0PA81	A0PA81
Q94CE3	Q94CE3
A4VND8	A4VND8
P27305	P27305
Q3ZCL3	Q3ZCL3
Q3ZCL3	Q13287
Q5M4D1	Q5M4D1
P56528	P56528
P56528	Q64244
A9KPK9	A9KPK9
Q54PW9	Q54PW9
A1L237	A1L237
A5IJP9	A5IJP9
A5IJP9	B1L8X0
Q8NGL9	Q8NGL9
Q53GQ0	Q53GQ0
Q53GQ0	Q4R5G7
Q53GQ0	O70503
Q53GQ0	Q5E9H7
A1R520	A1R520
O81884	O81884
Q6YVY6	Q6YVY6
Q9C5T4	Q9C5T4
Q9ESG5	Q9ESG5
Q9ESG5	O14792
Q9ESG5	O35310
P21300	P21300
P21300	O08782
P21300	P15122
P21300	P45377
P21300	Q5RJP0
A5HZ59	A5HZ59
Q6P104	Q6P104
Q27257	Q27257
Q8JIT6	Q8JIT6
P37517	P37517
Q8YI29	Q8YI29
Q8YI29	Q8CY40
Q8YI29	B0CHH8
Q8NGA0	Q8NGA0
Q9RDF2	Q9RDF2
Q9RDF2	A1SHZ4
P37262	P37262
A6TTJ1	A6TTJ1
Q99697	Q99697
Q99697	P97474
Q99697	Q9W5Z2
Q99697	Q6QU75
O43609	O43609
O43609	A5D992
O43609	Q9QXV9
Q8NGK0	Q8NGK0
Q8NGH6	Q8NGH6
Q1CSR0	Q1CSR0
Q1CSR0	O25614
Q1CSR0	B2UUA7
O60359	O60359
O60359	Q0VD05
O60359	Q8VHX0
B6IYZ2	B6IYZ2
Q6Q271	Q6Q271
Q8VD48	Q8VD48
Q8VD48	Q8HYR6
Q8VD48	Q9BPW9
Q8VD48	Q58NB6
Q8PPA6	Q8PPA6
Q8PPA6	Q9PF79
P17558	P17558
Q8NH16	Q8NH16
Q8NH16	Q8NG80
Q8NH16	Q8NG85
Q8NH16	Q8NGY9
Q6LN40	Q6LN40
Q6LN40	P43872
Q6LN40	B6EJW4
Q6LN40	A6T4Y7
Q6LN40	Q6D8C7
Q6LN40	C0Q6K8
Q6LN40	C3LPP8
Q6LN40	B7NIE7
Q6LN40	Q1CAL8
Q6LN40	B2VHY2
Q6LN40	B7VIQ2
Q6LN40	B5Y1I6
Q6LN40	P0ABD5
Q6LN40	A7MEM7
Q6LN40	A8GID0
Q6LN40	A9N0T5
Q6LN40	C4L848
Q6LN40	Q0I3D3
Q6LN40	Q15WE7
Q75AH9	Q75AH9
P32453	P32453
A6T6K8	A6T6K8
O49293	O49293
P20630	P20630
P20630	P20631
Q8VDI1	Q8VDI1
P58170	P58170
P58170	Q9TUA8
P58170	P34982
P58170	P47884
B0KH05	B0KH05
B0KH05	Q88B91
B0KH05	Q500N6
B0KH05	Q3K4T0
B0KH05	Q60169
B0KH05	Q02EA3
Q92QE7	Q92QE7
Q92QE7	P58770
Q9RS16	Q9RS16
Q9Y2D0	Q9Y2D0
Q9Y2D0	Q66HG6
A8M223	A8M223
O80944	O80944
Q09117	Q09117
A6H7F2	A6H7F2
A6H7F2	Q9H9Y4
A6H7F2	Q8VEJ1
A6H7F2	D4A7C0
Q9HAB8	Q9HAB8
Q9HAB8	Q8VDG5
Q9C6H3	Q9C6H3
P37146	P37146
B2ANF9	B2ANF9
Q8FLD1	Q8FLD1
Q8FLD1	A1JJD0
Q8FLD1	Q65PZ8
Q8FLD1	K0BE10
Q8FLD1	Q7N8Z1
Q8FLD1	A4SK74
Q8FLD1	Q5DZP1
Q8FLD1	A3MYD4
O13797	O13797
Q8BB16	Q8BB16
Q4W945	Q4W945
Q8L617	Q8L617
Q7L3S4	Q7L3S4
Q7L3S4	Q8BJ90
Q0PGJ6	Q0PGJ6
Q0WWQ1	Q0WWQ1
Q6ZXT3	Q6ZXT3
Q6ZXT3	Q6ZXT2
Q8S3D5	Q8S3D5
Q9LDF2	Q9LDF2
Q9LDF2	Q6NQI8
O82234	O82234
O82234	Q94B52
Q04VG7	Q04VG7
P0A9F9	P0A9F9
P23196	P23196
P23196	A2T7I6
P23196	A2T6Y4
P23196	P27695
P23196	P43138
P23196	P28352
Q7MNM5	Q7MNM5
Q7MNM5	B5FA63
P0DUD9	P0DUD9
Q23121	Q23121
Q7TN41	Q7TN41
O67572	O67572
B7ECS8	B7ECS8
P41375	P41375
Q493S1	Q493S1
P03097	P03097
P03097	P12908
P03097	P03096
Q93572	Q93572
P78990	P78990
Q8W1P0	Q8W1P0
P53743	P53743
P26876	P26876
P26876	P26877
A4YI34	A4YI34
A0A0P0X0C0	A0A0P0X0C0
Q96326	Q96326
Q6KZ89	Q6KZ89
G2QAB5	G2QAB5
G2TRU7	G2TRU7
Q12288	Q12288
B8DGK4	B8DGK4
B8DGK4	Q8YAC5
B8DGK4	A0AF20
Q1W377	Q1W377
Q1W377	Q7XPW5
Q1W377	O80840
Q1W377	Q1W374
Q1W377	A0A0U1WZ18
Q1W377	Q1W375
A8MBU4	A8MBU4
Q6IPR3	Q6IPR3
Q6IPR3	Q5E9U4
Q6IPR3	Q8BSA9
A0A2I1BSW8	A0A2I1BSW8
A0A2I1BSW8	A0A1Y0BRF8
A0A2I1BSW8	B6HV34
P84786	P84786
B1KTK1	B1KTK1
B1KTK1	A7FQP3
B1KTK1	C3KZ52
Q9LYR5	Q9LYR5
O17536	O17536
Q5KVE5	Q5KVE5
Q5KVE5	P00943
O28912	O28912
P25576	P25576
P29453	P29453
P29453	P17076
P30147	P30147
A3LZU7	A3LZU7
P54616	P54616
P54616	Q81GI3
M2VWL5	M2VWL5
A5EVG5	A5EVG5
A0L4N8	A0L4N8
A4IPP2	A4IPP2
E2AXC7	E2AXC7
B2UX20	B2UX20
B2UX20	A6LT22
A1A2G3	A1A2G3
A1A2G3	B3DQB4
Q36835	Q36835
O30124	O30124
Q6DHG8	Q6DHG8
O70183	O70183
O70183	Q0EAB7
O70183	O18755
O70183	O18753
O70183	O97759
O70183	P21237
O70183	O18752
O70183	P23363
O70183	Q49M28
O70183	P23560
O70183	Q9TST3
O70183	Q7YRB4
O70183	Q95106
O70183	P14082
Q3A4N5	Q3A4N5
Q73G84	Q73G84
Q73G84	Q5GS87
Q73G84	C0R4G7
P08066	P08066
Q5UG13	Q5UG13
Q9ZDA2	Q9ZDA2
Q9ZDA2	Q92I08
Q9ZDA2	C3PNH0
Q9ZDA2	A8GS48
Q5B6H0	Q5B6H0
A9IQ35	A9IQ35
A0A075TRB3	A0A075TRB3
P21629	P21629
P21629	P0A193
P21629	P0A9S7
P35537	P35537
Q8UCD2	Q8UCD2
Q8UCD2	O34293
Q8UCD2	B9JMX8
Q8UCD2	B9K256
Q54RR8	Q54RR8
Q41951	Q41951
Q41951	Q9FGL2
Q41951	Q41975
Q41951	Q7XA61
Q41951	Q84RL6
Q41951	Q5Z6F0
Q82SL8	Q82SL8
Q86IV5	Q86IV5
Q9JXK4	Q9JXK4
Q9JXK4	A1IPQ8
Q82S93	Q82S93
Q96IK0	Q96IK0
Q9XVM9	Q9XVM9
Q07VB6	Q07VB6
Q07VB6	B3QCF3
Q07VB6	A4YKT6
Q07VB6	Q89XU2
A4RS24	A4RS24
P53769	P53769
P29382	P29382
P29382	P29384
A0A1S4EWW7	A0A1S4EWW7
Q39101	Q39101
Q942D6	Q942D6
A8XZJ0	A8XZJ0
A8XZJ0	P34346
Q1J0N0	Q1J0N0
Q8GJM5	Q8GJM5
H0VDZ8	H0VDZ8
O54831	O54831
Q9Z615	Q9Z615
Q9XZT6	Q9XZT6
Q9UTJ2	Q9UTJ2
P93829	P93829
P37334	P37334
Q8K190	Q8K190
Q9ZPX1	Q9ZPX1
Q8P9N4	Q8P9N4
Q8P9N4	Q87C37
Q8P9N4	Q5H0X9
Q8P9N4	Q9PBD4
Q8PV21	Q8PV21
Q6CUD5	Q6CUD5
B1YGP7	B1YGP7
Q2TBI6	Q2TBI6
Q8R7N2	Q8R7N2
Q17XG1	Q17XG1
Q17XG1	B6JL97
P0DOY8	P0DOY8
Q9VVT9	Q9VVT9
Q2KI07	Q2KI07
Q2KI07	Q96BM9
B1I3D6	B1I3D6
Q3AZ58	Q3AZ58
Q38824	Q38824
P77288	P77288
Q3KH11	Q3KH11
Q3KH11	Q474W3
Q3KH11	A9I7R5
Q3KH11	A1KT90
Q3KH11	A9KDG3
Q3KH11	Q1GV40
Q3KH11	A9WHV4
Q3KH11	A9B2B7
Q06849	Q06849
Q06849	Q2TA37
Q06849	O08697
B2IQZ3	B2IQZ3
Q9BQJ4	Q9BQJ4
Q4KMG9	Q4KMG9
A5DAH9	A5DAH9
A2RIX0	A2RIX0
Q9I4D4	Q9I4D4
B6JMS3	B6JMS3
B6JMS3	B2UUI8
B6JMS3	B9KDH6
A5FKI9	A5FKI9
Q9CR36	Q9CR36
Q8H1F4	Q8H1F4
P19237	P19237
F1R2J1	F1R2J1
P04524	P04524
Q9NPA3	Q9NPA3
Q83HM6	Q83HM6
Q0IUU4	Q0IUU4
E3KIY6	E3KIY6
Q9UHF5	Q9UHF5
Q9Y2Q9	Q9Y2Q9
Q9Y2Q9	Q9CY16
Q8VBW8	Q8VBW8
B4UMK8	B4UMK8
B1LUP7	B1LUP7
B1LUP7	B8ILP3
B1LUP7	Q8UD91
P0DX83	P0DX83
P51900	P51900
P16026	P16026
Q86ZF2	Q86ZF2
Q9BXU8	Q9BXU8
Q8XLM2	Q8XLM2
C9RH78	C9RH78
C9RH78	Q59049
C9RH78	D5VT38
P44807	P44807
Q9BZM1	Q9BZM1
Q9JK54	Q9JK54
A7GJW3	A7GJW3
A7GJW3	Q6HPW6
A7GJW3	B9IZD4
Q70XW0	Q70XW0
Q70XW0	Q7YJT0
Q70XW0	A6MMZ9
A6QKF4	A6QKF4
P40543	P40543
Q9D8T3	Q9D8T3
Q9D8T3	Q7TNZ5
Q9D8T3	Q7YS69
A0PXL3	A0PXL3
P36973	P36973
A9I0U7	A9I0U7
Q8N5H3	Q8N5H3
Q9WYN2	Q9WYN2
Q2N2K6	Q2N2K6
Q7XKD0	Q7XKD0
B9LKC1	B9LKC1
O34709	O34709
Q9I0Q8	Q9I0Q8
Q2GFK0	Q2GFK0
Q9CWV6	Q9CWV6
Q12262	Q12262
Q9JXI5	Q9JXI5
Q9JXI5	Q9JWE9
P35554	P35554
P0AGE6	P0AGE6
A8XZP2	A8XZP2
A8FMK7	A8FMK7
Q1LTT6	Q1LTT6
Q1MTE5	Q1MTE5
Q1MTE5	B5FYQ0
Q1MTE5	Q8QHI3
Q1MTE5	P36405
Q9RY80	Q9RY80
P80703	P80703
Q3KFI8	Q3KFI8
Q3KFI8	Q4K8J5
P02636	P02636
A0M0C9	A0M0C9
Q5E9J7	Q5E9J7
A5UVV6	A5UVV6
Q9H6L4	Q9H6L4
P0ADV9	P0ADV9
P05044	P05044
P05044	P30626
C4XH52	C4XH52
P39742	P39742
Q4L3F9	Q4L3F9
P97799	P97799
Q77374	Q77374
A6VTC3	A6VTC3
P21841	P21841
Q94CK6	Q94CK6
P44633	P44633
Q09511	Q09511
Q6F271	Q6F271
Q484U8	Q484U8
P05011	P05011
P05011	P07350
P05011	Q80SU4
P05011	P07349
P05011	P06799
Q72UV8	Q72UV8
Q7K1V5	Q7K1V5
P31570	P31570
P47233	P47233
Q48311	Q48311
O96642	O96642
C0K3N5	C0K3N5
C0K3N5	C0K3N4
B8GPB3	B8GPB3
O32074	O32074
Q9D920	Q9D920
Q9S7Q7	Q9S7Q7
P13498	P13498
P13498	Q61462
Q95UQ1	Q95UQ1
P33553	P33553
P33553	P58997
Q58CM8	Q58CM8
Q7NZJ6	Q7NZJ6
Q6C195	Q6C195
Q28067	Q28067
Q54LQ6	Q54LQ6
C1DBA1	C1DBA1
P32252	P32252
Q8DHZ6	Q8DHZ6
Q96HU8	Q96HU8
Q9ZPW2	Q9ZPW2
Q8DP72	Q8DP72
Q8DP72	P45294
P36608	P36608
P36608	Q9VWX8
P12260	P12260
Q54MA6	Q54MA6
B2KEA9	B2KEA9
C3KBY0	C3KBY0
Q8TCI5	Q8TCI5
Q0V2R4	Q0V2R4
Q0S4R3	Q0S4R3
Q54Y51	Q54Y51
Q7Y1H8	Q7Y1H8
O68799	O68799
Q9BUL9	Q9BUL9
Q9V3P0	Q9V3P0
O08359	O08359
Q9WVA4	Q9WVA4
Q8GAF9	Q8GAF9
S5FU55	S5FU55
P17900	P17900
Q5ZZI5	Q5ZZI5
Q5ZZI5	Q5X966
Q60439	Q60439
P28627	P28627
Q2G794	Q2G794
Q01474	Q01474
P20790	P20790
P20790	P70550
P20790	Q92930
Q9LQX2	Q9LQX2
A8J785	A8J785
P61320	P61320
B1ZXD5	B1ZXD5
Q9S3S1	Q9S3S1
A0RV25	A0RV25
Q2A4Z7	Q2A4Z7
P08620	P08620
P08620	P11403
Q8Y9C1	Q8Y9C1
O84611	O84611
Q12030	Q12030
Q739Z4	Q739Z4
Q9HM60	Q9HM60
Q18579	Q18579
Q9NV56	Q9NV56
Q9NV56	Q9DAT2
Q6YXQ0	Q6YXQ0
P29783	P29783
Q8ESZ3	Q8ESZ3
Q8YT18	Q8YT18
Q16613	Q16613
Q16613	O88816
Q16613	P79774
B7HHV4	B7HHV4
Q8EJP9	Q8EJP9
Q54I60	Q54I60
Q8XI68	Q8XI68
O05392	O05392
Q9RYU4	Q9RYU4
Q5SC59	Q5SC59
P42920	P42920
Q08907	Q08907
Q7RTU7	Q7RTU7
B7I4X1	B7I4X1
B7I4X1	A3M1X9
Q4A6T7	Q4A6T7
Q8WTD3	Q8WTD3
Q9P7G9	Q9P7G9
A8F429	A8F429
B4RLL0	B4RLL0
B4RLL0	A1KU21
Q62082	Q62082
Q8IVV8	Q8IVV8
Q8IVV8	Q9JMG4
Q1B9S6	Q1B9S6
Q1B9S6	Q9CCT5
A8N4R8	A8N4R8
P33754	P33754
Q8L557	Q8L557
Q05831	Q05831
Q6AE14	Q6AE14
D8KIE9	D8KIE9
B6INN5	B6INN5
A8H5U9	A8H5U9
A8H5U9	A0KYF8
Q59190	Q59190
Q73JM9	Q73JM9
Q6NWH2	Q6NWH2
Q9YH90	Q9YH90
P19151	P19151
P46088	P46088
Q9WU63	Q9WU63
P19478	P19478
Q9RY40	Q9RY40
Q8IZR5	Q8IZR5
Q8IZR5	Q8CJ61
Q482F9	Q482F9
Q9HNF4	Q9HNF4
O13800	O13800
Q0A550	Q0A550
Q9N4D9	Q9N4D9
P0ADP0	P0ADP0
Q8NKX2	Q8NKX2
Q9CAK8	Q9CAK8
D4GSY8	D4GSY8
Q5ZMU0	Q5ZMU0
Q91ZW8	Q91ZW8
C7Z508	C7Z508
C7Z508	Q7SGL3
F9XMT4	F9XMT4
A9KC25	A9KC25
Q6EPW7	Q6EPW7
Q7KWX9	Q7KWX9
Q3IUQ3	Q3IUQ3
Q7SZQ4	Q7SZQ4
Q5UYV3	Q5UYV3
Q6NLB0	Q6NLB0
Q6NLB0	Q9LZ06
O84616	O84616
Q38836	Q38836
O66914	O66914
Q90ZF9	Q90ZF9
A8IPJ4	A8IPJ4
A6U5N7	A6U5N7
L7NCR0	L7NCR0
P25354	P25354
Q12163	Q12163
Q83E10	Q83E10
P51053	P51053
Q942A1	Q942A1
C6E2B2	C6E2B2
O14103	O14103
Q2FR36	Q2FR36
B1J5Q0	B1J5Q0
B1J5Q0	Q4ZVD9
B1J5Q0	Q88LW2
B1J5Q0	A5W7B0
P24727	P24727
P40011	P40011
Q9SCP1	Q9SCP1
Q60534	Q60534
Q60534	Q8C138
Q60534	Q5M828
Q2HWG4	Q2HWG4
Q1XDL5	Q1XDL5
Q1XDL5	P51271
Q9C0W1	Q9C0W1
Q6G5D9	Q6G5D9
Q12438	Q12438
B1W4V9	B1W4V9
Q01083	Q01083
Q934G3	Q934G3
Q65Z15	Q65Z15
I3R9K1	I3R9K1
Q0SI70	Q0SI70
Q0SI70	C1A039
O31433	O31433
A6VM79	A6VM79
A6VM79	A5UFJ8
A6VM79	Q4QPL8
A6VM79	P57978
Q9Z8B5	Q9Z8B5
Q96FM1	Q96FM1
Q96FM1	A7YWP2
Q96FM1	A2V7M9
Q96FM1	A2A559
P04964	P04964
Q6ZQR2	Q6ZQR2
Q6ZQR2	A0A087WRI3
G3X6E2	G3X6E2
G3X6E2	Q9D4K5
G3X6E2	Q6J272
A5WUY6	A5WUY6
B9MQ98	B9MQ98
B9MQ98	A4XI01
O88628	O88628
O88628	Q9H255
O88628	Q8VBV9
Q15VL3	Q15VL3
P0DXH7	P0DXH7
Q0TU55	Q0TU55
Q0TU55	P0C2E5
B4EZF5	B4EZF5
B4EZF5	B4RUR0
B4EZF5	A0KLN6
B4EZF5	Q15VG1
B4EZF5	Q47XK5
B4EZF5	Q65TC9
B4EZF5	Q492H4
B4EZF5	Q3IF41
B4EZF5	A6VP44
B4EZF5	A5UBS0
B4EZF5	A4TM62
B4EZF5	Q3YZP5
B4EZF5	A7MS74
B4EZF5	Q6D2N9
B4EZF5	A8ADR3
B4EZF5	Q87MP2
B4EZF5	B4TQA2
B4EZF5	A7MH52
B4EZF5	Q8FFH5
B4EZF5	A9R7U5
B4EZF5	A1JL77
B4EZF5	Q5PCV4
B4EZF5	Q83KA2
B4EZF5	Q6LNU6
B4EZF5	A6TC02
B4EZF5	P0A9Q5
B4EZF5	A8GH40
B4EZF5	Q0VPJ1
Q7VAN0	Q7VAN0
A3BYC1	A3BYC1
Q5AUM3	Q5AUM3
A4X9F8	A4X9F8
Q6L786	Q6L786
Q3A5T0	Q3A5T0
O16259	O16259
A5H454	A5H454
Q9TU05	Q9TU05
Q9TU05	Q864I9
Q9TU05	P79166
Q9TU05	Q864K3
Q9TU05	Q865E8
Q9TU05	Q864F6
Q9TU05	Q864K0
Q9TU05	Q0Q460
Q9TU05	P56442
Q9TU05	Q865E9
Q9TU05	Q864G6
Q9TU05	O19037
Q9TU05	Q864G1
Q9TU05	Q864J3
Q9TU05	Q864F7
Q9TU05	Q864J5
Q9TU05	Q01726
Q9TU05	Q864F4
Q9TU05	Q864K5
Q9TU05	Q864K2
Q9TU05	P47798
Q9TU05	Q864J6
Q9TU05	Q01727
Q9TU05	Q864G9
Q9TU05	Q864I2
Q9TU05	Q864I1
Q3V132	Q3V132
Q3V132	Q4R8M0
Q3V132	Q9H0C2
Q3V132	P12236
Q3V132	Q27238
Q3V132	P48962
Q3V132	Q5R5A1
Q3V132	P12235
Q3V132	Q6QRN9
Q3V132	O46373
Q3V132	Q000K2
Q3V132	P02722
Q3V132	P32007
Q3V132	P05141
Q3V132	Q8SQH5
Q3V132	Q09073
Q3V132	P51881
Q3V132	Q05962
Q3V132	Q26365
Q5LLR6	Q5LLR6
Q84WV9	Q84WV9
Q039J0	Q039J0
Q94AK4	Q94AK4
Q9C928	Q9C928
Q9C928	Q9LE16
Q47WR3	Q47WR3
Q47WR3	A3D1F5
Q47WR3	Q07Z25
Q47WR3	A8FSH3
Q47WR3	Q8EBH2
Q1HG44	Q1HG44
Q1HG44	Q9D311
D6PVB5	D6PVB5
B9MF57	B9MF57
B9MF57	Q1GZG8
B9MF57	A1TKM0
B9MF57	A9BY86
B9MF57	Q478W3
Q8WZ55	Q8WZ55
Q8WZ55	Q8R2H3
Q8WZ55	Q8VIM4
P13839	P13839
A6NND4	A6NND4
Q6J3N5	Q6J3N5
Q7NB15	Q7NB15
Q6B8L1	Q6B8L1
Q6IF63	Q6IF63
O80483	O80483
Q93235	Q93235
Q93235	Q9XUY5
P13714	P13714
P13714	A8F9Q8
P13714	Q65NP0
P13714	P20619
P13714	P14561
A1B8Z0	A1B8Z0
B5ZBQ8	B5ZBQ8
Q5SS91	Q5SS91
Q9XZ16	Q9XZ16
Q28IU1	Q28IU1
Q28IU1	Q8AVY8
Q42112	Q42112
Q42112	O04204
Q42112	P41095
Q42112	O24573
Q8VHK0	Q8VHK0
Q8VHK0	O14734
Q8VHK0	P58137
J9N5G7	J9N5G7
P54231	P54231
P54231	P48431
P54231	P48432
P54231	P48430
P54231	Q6P0E1
P54231	Q6NVN0
Q836R3	Q836R3
Q836R3	Q92BE4
Q8NG76	Q8NG76
Q8NG76	A6NH00
Q8NG76	Q8NG77
Q7WEL6	Q7WEL6
Q7WEL6	Q7W398
Q7WEL6	Q124R0
Q7WEL6	A4G9W3
Q1WTT3	Q1WTT3
Q28521	Q28521
Q28521	P04256
Q28521	Q32P51
Q28521	P09867
Q03W33	Q03W33
P24626	P24626
P24626	P11955
P24626	Q9FRV0
P24626	Q949H3
P24626	P85084
A7H1N9	A7H1N9
A7H1N9	Q5HX04
Q54SD0	Q54SD0
A5GPN0	A5GPN0
A6LF25	A6LF25
Q9J3N8	Q9J3N8
Q9J3N8	P12649
Q94EG3	Q94EG3
Q83453	Q83453
Q55CB9	Q55CB9
Q5KC16	Q5KC16
Q86NG3	Q86NG3
B9KMG1	B9KMG1
P0A3W2	P0A3W2
Q13637	Q13637
Q13637	Q9CZE3
P43163	P43163
P36095	P36095
C3PLH1	C3PLH1
C3PLH1	Q92GQ2
C3PLH1	Q4UMZ0
Q9YGW7	Q9YGW7
P30402	P30402
P30402	P13298
O22255	O22255
Q10224	Q10224
P47056	P47056
Q505H4	Q505H4
Q505H4	B2RUY7
Q7VD07	Q7VD07
Q8XNZ3	Q8XNZ3
A3MUC6	A3MUC6
A3MUC6	Q8NKN9
O80915	O80915
Q02540	Q02540
P03697	P03697
P0A9R7	P0A9R7
Q8H021	Q8H021
O32192	O32192
Q7VSN4	Q7VSN4
Q7VSN4	Q2KU70
Q08392	Q08392
Q6AJE5	Q6AJE5
Q6AY25	Q6AY25
Q18973	Q18973
A6YGA2	A6YGA2
Q59PR9	Q59PR9
P32286	P32286
Q6AFZ7	Q6AFZ7
Q98SR9	Q98SR9
A5V649	A5V649
Q6CM87	Q6CM87
O53505	O53505
P76114	P76114
Q9UWN5	Q9UWN5
Q15014	Q15014
Q15014	Q9R0Q4
Q15014	Q6QI89
P69365	P69365
Q8BGL3	Q8BGL3
G3XD64	G3XD64
G4N286	G4N286
Q09265	Q09265
P50179	P50179
P50179	P04043
P04840	P04840
P58239	P58239
P05046	P05046
A1R5S0	A1R5S0
A1R5S0	A0JVK4
A1R5S0	B8H6U1
P94530	P94530
Q6LZC5	Q6LZC5
Q5SPD7	Q5SPD7
P18289	P18289
Q13QH4	Q13QH4
Q13QH4	Q47HL4
Q13QH4	B2JQW2
Q13QH4	Q49KF8
D3JV05	D3JV05
B0RXN7	B0RXN7
B0RXN7	B2SHF6
B0RXN7	Q3BN93
B0RXN7	B2FKR1
B0RXN7	B4SM23
Q5X7D5	Q5X7D5
Q09253	Q09253
Q4FNW1	Q4FNW1
P08013	P08013
P08013	P69253
P08013	P69255
P08013	P03502
P08013	P12598
Q9LX49	Q9LX49
Q12FJ6	Q12FJ6
Q9JKX8	Q9JKX8
Q9JKX8	O75631
Q9JKX8	P38574
P19769	P19769
Q6AT33	Q6AT33
Q606H1	Q606H1
Q9ZBQ6	Q9ZBQ6
Q9ZBQ6	B1VYY1
Q9ZBQ6	Q82JU0
G5EDU6	G5EDU6
P31275	P31275
Q45612	Q45612
P77567	P77567
P77567	Q00267
Q836W7	Q836W7
A7Z6J9	A7Z6J9
A7Z6J9	P54382
P97447	P97447
P97447	Q9WUH4
P38806	P38806
Q1LTN0	Q1LTN0
Q5SH23	Q5SH23
A1BDY2	A1BDY2
Q95JH2	Q95JH2
Q95JH2	Q99943
Q95JH2	Q95JH0
Q95JH2	O35083
Q96EL1	Q96EL1
Q96EL1	Q9CX62
P57267	P57267
Q9SPE6	Q9SPE6
Q08CI8	Q08CI8
Q08CI8	P0CAT2
A7GXK2	A7GXK2
Q7XUS2	Q7XUS2
A0R2W9	A0R2W9
A0R2W9	P9WJN1
Q8CWM6	Q8CWM6
Q9RV62	Q9RV62
P9WG23	P9WG23
Q9UGB7	Q9UGB7
Q9UGB7	Q9QXN4
Q9UGB7	Q9QXN5
Q9UGB7	A7MBE4
Q9UGB7	Q8WN98
P21771	P21771
Q1QBT8	Q1QBT8
Q41162	Q41162
Q41162	Q41161
Q41162	Q41159
O08686	O08686
O08686	Q9UMQ3
Q5U3F8	Q5U3F8
Q9VUQ8	Q9VUQ8
A7TNL7	A7TNL7
C1FNJ8	C1FNJ8
C1FNJ8	A5I7W9
C1FNJ8	A7GJJ0
O33618	O33618
Q84VQ1	Q84VQ1
B7K1E7	B7K1E7
B7K1E7	Q8YVD0
B7K1E7	B1XP39
B7K1E7	P74667
C1KWS1	C1KWS1
C1KWS1	Q92A38
Q117D2	Q117D2
F9VNG5	F9VNG5
P76250	P76250
G0RNA2	G0RNA2
Q9LTG0	Q9LTG0
A1A4J8	A1A4J8
A1A4J8	Q5SUC9
A1A4J8	O75880
Q8KS19	Q8KS19
Q99297	Q99297
B1I4M6	B1I4M6
Q6F709	Q6F709
Q6F709	B0VNZ3
Q6F709	B7GV79
P32338	P32338
P06999	P06999
Q7V0I8	Q7V0I8
Q7V0I8	Q46JK2
Q7V0I8	Q7U5U5
P39776	P39776
A5N8A0	A5N8A0
A5N8A0	Q896J4
P0DTF7	P0DTF7
Q06390	Q06390
O83971	O83971
Q9P7Q6	Q9P7Q6
A7ZP87	A7ZP87
A7ZP87	B7MXV1
A7ZP87	B5R2Z4
A7ZP87	B5BCN2
A7ZP87	P0A8V0
P24139	P24139
Q1PF17	Q1PF17
P47016	P47016
A7FM60	A7FM60
A7FM60	Q8Z9G5
A7FM60	Q326D9
A7FM60	A8ALK0
A7FM60	B0US73
A7FM60	Q7MNU6
A7FM60	P45070
A7FM60	Q65RZ4
A7FM60	A4W6J9
A7FM60	A5UCW3
A7FM60	B4TJ93
A7FM60	P0A725
A7FM60	A6VQM7
A7FM60	A9MQB6
A7FM60	C3LQU1
A5CD21	A5CD21
O95158	O95158
O95158	Q9Z2N4
Q6W210	Q6W210
Q80W98	Q80W98
Q80W98	Q96EQ0
Q80W98	Q8VD33
Q83S18	Q83S18
Q83S18	B5QYJ7
Q83S18	P0C0U4
Q83S18	Q0T8K3
Q83S18	B2TUM8
Q83S18	B1LN04
Q55032	Q55032
Q8NHC8	Q8NHC8
Q8D1K0	Q8D1K0
Q8D1K0	P0A8P6
Q8D1K0	B7M613
Q8D1K0	Q7ZAL9
Q8D1K0	A1AHX9
Q8D1K0	Q8X4T6
Q8D1K0	B7UNC8
Q9FYE5	Q9FYE5
Q5FR18	Q5FR18
Q5RJR8	Q5RJR8
Q5RJR8	Q5E9X4
Q5RJR8	Q96AG4
Q5RJR8	Q922Q8
Q94C69	Q94C69
Q5HQ34	Q5HQ34
Q5HQ34	Q8CPL8
A5UFU9	A5UFU9
A5UFU9	Q4QP43
Q9U1H8	Q9U1H8
P61827	P61827
O48726	O48726
Q54DS8	Q54DS8
C1PGW1	C1PGW1
Q8NGF6	Q8NGF6
P9WP28	P9WP28
P81062	P81062
P81062	O35160
P81062	O75364
F4JIP6	F4JIP6
Q1JUQ0	Q1JUQ0
Q8IVV7	Q8IVV7
P0A6W0	P0A6W0
Q5NME2	Q5NME2
Q7XIE2	Q7XIE2
A3BKM2	A3BKM2
B3LQU1	B3LQU1
Q8WWP7	Q8WWP7
Q6CZ26	Q6CZ26
Q6CZ26	A0A0H2VA68
P24202	P24202
Q7ZUX6	Q7ZUX6
Q54DF1	Q54DF1
A5FJD0	A5FJD0
P55863	P55863
P55863	Q5FWM3
P55863	Q6EJB7
P29381	P29381
P29381	P29385
Q607G3	Q607G3
Q9FX36	Q9FX36
Q8N801	Q8N801
Q8N801	Q9DAG5
Q95083	Q95083
Q95083	P28066
Q95083	P34064
Q9N1Q5	Q9N1Q5
Q9N1Q5	P07156
Q9N1Q5	P63158
Q9N1Q5	B2RPK0
Q9N1Q5	P10103
Q9N1Q5	Q9N1Q6
Q47151	Q47151
A0JLT2	A0JLT2
A0JLT2	Q8C1S0
P39298	P39298
P25189	P25189
P25189	P06907
P25189	P10522
P25189	Q6WEB5
P25189	P27573
Q29529	Q29529
Q29529	P08074
Q22125	Q22125
Q54LP7	Q54LP7
Q9Y224	Q9Y224
Q9Y224	Q9CQE8
Q9Y224	Q7ZUH1
A6T962	A6T962
P0AAF6	P0AAF6
A1CIK4	A1CIK4
A1CIK4	C5PIC1
A1CIK4	B0Y4N9
A1CIK4	C0NN25
A1CIK4	B8NSW2
A1CIK4	A6RAS3
A1CIK4	C1H861
B7HG50	B7HG50
B7HG50	A7GVD5
B7HG50	B7JHL3
B7HG50	C1EQ58
Q0VP22	Q0VP22
Q09675	Q09675
Q9VQ57	Q9VQ57
F9UST0	F9UST0
A6U6F0	A6U6F0
A6U6F0	B5ZR94
A6U6F0	Q2KC36
A6U6F0	C3MGQ4
Q5M969	Q5M969
Q5M969	Q9CPT3
Q5M969	Q8TBE9
Q5VY80	Q5VY80
Q5VY80	Q9BZM5
Q9BZM6	Q9BZM6
Q5HM33	Q5HM33
Q5HM33	Q8CNF4
Q5WKF5	Q5WKF5
A9L185	A9L185
A9L185	B6EH68
A9L185	B0TSC0
A9L185	A8H532
A9L185	A1S6M5
A9L185	C3LM61
A9L185	A0KX75
A9L185	A4SLT2
A9L185	Q8D985
A9L185	Q87P80
A9L185	A6T5I7
A9L185	B2VIU4
A9L185	P77756
A9L185	A4W7B5
A9L185	A8AK09
A9L185	B7MQG0
A9L185	B7LMD5
A9L185	Q7CR22
A9L185	A7ZIK2
A9L185	B7L681
A9L185	Q6D820
A9L185	A9MM16
A9L185	B7UJR7
A9L185	B1J004
A9L185	B5BD76
A9L185	B1LJK1
Q9N2E9	Q9N2E9
Q9N2E9	P01138
Q9N2E9	P13600
Q9N2E9	P19093
Q9N2E9	P20675
Q9N2E9	P01139
Q9N2E9	Q5ISB0
Q9N2E9	P25427
Q9N2E9	Q9N2F0
Q9N2E9	Q9N2F1
A2BYT0	A2BYT0
A2BYT0	Q3AUX0
A2BYT0	Q7U4J4
A2BYT0	Q46IR5
A2BYT0	Q0ID11
A2BYT0	A2CC33
A2BYT0	Q3AMN6
A2BYT0	A5GIT9
A9VFW9	A9VFW9
A9VFW9	B7IX37
A9VFW9	Q81DD2
A9VFW9	C3LIE5
Q50291	Q50291
Q8L9J7	Q8L9J7
Q67Z52	Q67Z52
P0AEF0	P0AEF0
Q62875	Q62875
Q62875	Q3TB92
Q9XFB1	Q9XFB1
Q49BZ4	Q49BZ4
Q49BZ4	Q8HZR8
Q49BZ4	Q9BXN2
B9LS20	B9LS20
Q5SHL6	Q5SHL6
C5BWQ6	C5BWQ6
Q5P1I2	Q5P1I2
Q9SU92	Q9SU92
Q9VVX0	Q9VVX0
Q9ES30	Q9ES30
Q9ES30	Q9BXJ4
P15047	P15047
Q7Y0F6	Q7Y0F6
D3K5I7	D3K5I7
D3K5I7	P21700
Q4X095	Q4X095
Q2FZE3	Q2FZE3
P58975	P58975
P58975	Q2NZQ3
P58975	Q4URK1
C4K2K3	C4K2K3
C4K2K3	Q68W57
C4K2K3	A8GPI0
C4K2K3	Q92GT5
C4K2K3	Q1RJY5
C4K2K3	B0BUT9
Q8LEE9	Q8LEE9
B5QYX4	B5QYX4
B5QYX4	Q8Z5N8
B5QYX4	B4SWC6
B5QYX4	P36561
B5QYX4	Q83R13
B5QYX4	Q57MY0
B5QYX4	B7MDB8
B5QYX4	B4TZP6
B5QYX4	A9MLS7
B5QYX4	B7UT21
B5QYX4	B1LPV6
B5QYX4	B5BG59
B5QYX4	Q0TGE0
B5QYX4	B5YSS1
B5QYX4	B1IZQ8
B5QYX4	B5XPI1
P63013	P63013
P63013	Q05437
P63013	P54821
Q93TN0	Q93TN0
Q492D2	Q492D2
A1TN71	A1TN71
A1TN71	A4JF73
A1TN71	A3NAU6
A1TN71	Q47F90
A1TN71	A0K8E1
A1TN71	Q7NVZ2
A1TN71	Q12A33
A1TN71	A1WHU4
A1TN71	A1W916
A1TN71	Q2YBA5
A1TN71	A1KWH8
A1TN71	P65932
P36521	P36521
Q5R8H3	Q5R8H3
Q5R8H3	Q61335
Q5R8H3	P51572
Q3JCX3	Q3JCX3
Q9KRX4	Q9KRX4
Q9KRX4	Q87PH8
Q9KRX4	Q8D9J9
P58493	P58493
P54714	P54714
P54714	B0BM40
P54714	P48500
P54714	Q29371
P54714	P15426
P54714	Q5R928
P54714	Q5E956
P54714	P00941
P54714	Q1MTI4
P54714	P00939
P54714	Q589R5
P54714	P17751
P54714	Q90XG0
P54714	P86216
P54714	Q2QD07
P54714	P60174
P54714	P00940
P54714	Q7ZWN5
Q551M2	Q551M2
Q5HPV8	Q5HPV8
Q5HPV8	A7X1J9
Q5HPV8	Q2YXI3
Q5HPV8	P66668
Q5HPV8	B9DPJ2
B1GZZ1	B1GZZ1
Q37601	Q37601
B7HAZ1	B7HAZ1
B7HAZ1	C3LJP5
B7HAZ1	B7IWN2
B7HAZ1	A0RIC0
B7HAZ1	Q635G3
B7HAZ1	Q818W9
B7HAZ1	B7JLX3
P06018	P06018
P41732	P41732
P41732	Q7YQK9
P41732	Q62283
P41732	Q7YQL0
Q9FKG1	Q9FKG1
Q4FQ27	Q4FQ27
Q9UHV2	Q9UHV2
Q9UHV2	Q9JL10
A0A3T2V133	A0A3T2V133
A0A3T2V133	B7UI22
Q87AX6	Q87AX6
Q12517	Q12517
O44730	O44730
B7V9J5	B7V9J5
B7V9J5	A4VLX7
B7V9J5	Q4ZQ90
B7V9J5	Q9HZ63
B7V9J5	C3K6J1
B7V9J5	Q1IDA6
B7V9J5	Q4K8M4
B7V9J5	Q02PX7
Q3ICU8	Q3ICU8
Q8N699	Q8N699
P22353	P22353
Q9VYV9	Q9VYV9
Q9CVN6	Q9CVN6
Q83G72	Q83G72
Q2S176	Q2S176
P76256	P76256
P76256	Q7CQE0
Q8NKW5	Q8NKW5
Q5R7R1	Q5R7R1
Q5R7R1	P55061
Q5R7R1	Q9D2C7
Q5R7R1	P55062
Q5R7R1	Q0V882
B9DWG4	B9DWG4
B9DWG4	B5XM45
B9DWG4	Q3K1Q7
B9DWG4	Q5XBG4
Q0APU7	Q0APU7
Q08992	Q08992
Q08992	Q08914
Q08992	Q04902
O81149	O81149
O81149	Q42134
O81149	Q9LSU1
Q664M4	Q664M4
Q664M4	Q8ZJF3
Q9X7N2	Q9X7N2
Q8I3W2	Q8I3W2
Q8VCM3	Q8VCM3
Q8VCM3	Q9BQ24
P76555	P76555
B9FXT3	B9FXT3
B9IVW0	B9IVW0
B9IVW0	C3L743
B9IVW0	B7HLL7
B9IVW0	Q732I6
B9IVW0	Q819S6
C5XZK6	C5XZK6
Q46EC7	Q46EC7
G4NA54	G4NA54
O88983	O88983
O88983	Q9UNK0
O88983	Q9Z2Q7
O88983	Q3T075
P03696	P03696
P28634	P28634
P33905	P33905
P03738	P03738
P39547	P39547
P42813	P42813
P77249	P77249
B3PUR0	B3PUR0
B3PUR0	B9JUQ5
B3PUR0	Q9FDI9
B3PUR0	Q1MJ32
Q52K82	Q52K82
P32584	P32584
Q94465	Q94465
Q8BJU2	Q8BJU2
Q8BJU2	O75954
Q29460	Q29460
Q29460	Q15102
Q29460	Q5R6X1
Q29460	Q61205
Q29460	O35263
Q5BBX9	Q5BBX9
Q6NPL9	Q6NPL9
Q6NPL9	Q8LCV1
Q1C508	Q1C508
Q1C508	Q6D7M7
Q1C508	C6DBV7
Q1C508	B2VBK0
Q1C508	Q8ZR03
Q1C508	A8AJH4
Q87CW1	Q87CW1
Q87CW1	Q8P6F6
Q87CW1	Q2P553
Q87CW1	B0U2I4
Q9ZQH0	Q9ZQH0
Q5L3C1	Q5L3C1
Q9D5U5	Q9D5U5
Q5WFJ5	Q5WFJ5
Q5HLQ9	Q5HLQ9
Q5HLQ9	Q5HDM1
Q5HLQ9	P66694
Q5HLQ9	Q6GE99
Q5HLQ9	Q4L8J6
P40207	P40207
A1JIJ2	A1JIJ2
A1JIJ2	Q66FP0
A1JIJ2	Q8ZAQ8
A1JIJ2	Q2NWR1
A1JIJ2	Q0SY02
A1JIJ2	B5QYF3
Q3ZXY9	Q3ZXY9
Q62630	Q62630
Q62630	Q9H6Z9
Q62630	Q91UZ4
P94504	P94504
Q6M923	Q6M923
B4S675	B4S675
B4S675	B3EI29
B4S675	B3QLQ4
B4S675	Q8KG75
Q99P96	Q99P96
O94716	O94716
Q1IV36	Q1IV36
P40683	P40683
P07260	P07260
P53144	P53144
Q2GJ70	Q2GJ70
Q652Q0	Q652Q0
Q2RGW0	Q2RGW0
Q60BV9	Q60BV9
Q8ZMH3	Q8ZMH3
P25920	P25920
Q6AT10	Q6AT10
Q0DC89	Q0DC89
Q9F315	Q9F315
Q318I5	Q318I5
Q8RXD5	Q8RXD5
Q9R0X0	Q9R0X0
Q9R0X0	Q5XIE9
P0A720	P0A720
A5IBW5	A5IBW5
P49795	P49795
O07007	O07007
Q0CNE3	Q0CNE3
Q0CNE3	B0YEP5
P18626	P18626
P18626	P04653
Q55GQ6	Q55GQ6
Q9RWD6	Q9RWD6
Q8I5Q6	Q8I5Q6
A4FWC6	A4FWC6
P0AFU8	P0AFU8
Q9RP19	Q9RP19
Q9JL59	Q9JL59
Q6PHI9	Q6PHI9
Q6PHI9	P51146
Q7XAQ6	Q7XAQ6
P54657	P54657
Q96324	Q96324
Q5P793	Q5P793
O28205	O28205
P77366	P77366
B4SA64	B4SA64
A8F4T2	A8F4T2
Q9HAE3	Q9HAE3
P26825	P26825
P26825	Q02736
Q8WTR2	Q8WTR2
Q7WI95	Q7WI95
P0AED5	P0AED5
Q55805	Q55805
P0DW54	P0DW54
P0DW54	Q07337
O18333	O18333
O18333	P92963
O18333	P05712
O18333	Q38922
O18333	P53994
Q75IZ7	Q75IZ7
O14653	O14653
Q3T0A9	Q3T0A9
Q9V3Y0	Q9V3Y0
P21216	P21216
P21216	Q93V56
P21216	A2X8Q3
P21216	O82597
Q5A302	Q5A302
P76541	P76541
P76541	P0A1C9
Q8TY76	Q8TY76
P9WMK7	P9WMK7
P9WMK7	O33125
P48299	P48299
Q6GNB5	Q6GNB5
A2BPM9	A2BPM9
Q38XZ3	Q38XZ3
Q9L392	Q9L392
Q9BVC5	Q9BVC5
P81760	P81760
P42914	P42914
Q3AC58	Q3AC58
P28282	P28282
B8DVS6	B8DVS6
P44451	P44451
Q3ZBR0	Q3ZBR0
Q3ZBR0	Q9BWG6
Q3ZBR0	Q8K136
P01013	P01013
Q81ST8	Q81ST8
Q81ST8	Q81FP2
P21919	P21919
P21919	Q9PWG4
P21919	P79894
P21919	Q9YGK7
P21919	Q6E211
P21919	P45642
P97436	P97436
O82246	O82246
Q54KR9	Q54KR9
P0C485	P0C485
Q8IPX7	Q8IPX7
A3KNS9	A3KNS9
Q96HP8	Q96HP8
P29914	P29914
P42212	P42212
P0AEU3	P0AEU3
P0AEU3	P0A2I7
P0A0Z3	P0A0Z3
P0A0Z3	A9M2N3
P0A0Z3	A1KVS7
P0A0Z3	B4RJ59
P16993	P16993
P16993	P16495
O14107	O14107
Q3A5V4	Q3A5V4
P42981	P42981
P0AF26	P0AF26
Q86ZR7	Q86ZR7
P95649	P95649
A5EV41	A5EV41
P31267	P31267
P31267	P09092
Q719N3	Q719N3
Q719N3	Q9CQY7
Q719N3	Q15546
Q9JII2	Q9JII2
Q9JII2	Q9JII4
A1WWH7	A1WWH7
P74368	P74368
Q9M276	Q9M276
P38829	P38829
B4J4E7	B4J4E7
B4J4E7	Q7K550
Q9D4G1	Q9D4G1
A6UQY8	A6UQY8
Q2NYZ1	Q2NYZ1
Q2NYZ1	Q4UYT3
P41912	P41912
P49771	P49771
P54471	P54471
Q09390	Q09390
P58321	P58321
P58321	Q91Y78
P58321	Q2TBG8
P58321	P15374
P58321	Q9JKB1
P58321	Q06AB3
Q9SFD8	Q9SFD8
Q96IU2	Q96IU2
Q1GNC9	Q1GNC9
Q6AY80	Q6AY80
Q6AY80	P16083
Q6AY80	Q9JI75
P53223	P53223
O23680	O23680
A6L8J2	A6L8J2
A6L8J2	Q5LAX0
A3PDH3	A3PDH3
A3PDH3	A2BRP7
Q98FW0	Q98FW0
P0C6E3	P0C6E3
P0DX98	P0DX98
Q9FMB6	Q9FMB6
A5CW55	A5CW55
O16011	O16011
Q6H545	Q6H545
E5QZI4	E5QZI4
A4G529	A4G529
A4G529	Q47C25
A4G529	Q221E5
A4G529	A1KBF9
A4G529	A9C3H8
A4G529	A1VUQ1
A4G529	A1WIF0
Q9LJK3	Q9LJK3
P46544	P46544
Q7MYS6	Q7MYS6
Q7MYS6	Q1C0Z1
B1L385	B1L385
Q9Y7L8	Q9Y7L8
Q9Y7L8	Q9P546
Q6ZUT1	Q6ZUT1
Q6ZB90	Q6ZB90
Q6ZB90	A2Z259
Q6ZB90	Q6YXH5
B3M0F3	B3M0F3
B3M0F3	B4GEU1
B3M0F3	B5DXG8
B3M0F3	B4I3R2
B3M0F3	Q9VN41
B2UPK2	B2UPK2
P10834	P10834
Q1DA76	Q1DA76
P29060	P29060
C5NN19	C5NN19
Q86HE5	Q86HE5
Q07607	Q07607
A6XGL0	A6XGL0
A6XGL0	F6W8I0
P30931	P30931
Q8YAE1	Q8YAE1
Q8YAE1	B8DGN5
O25728	O25728
O60066	O60066
P76091	P76091
Q8TDQ1	Q8TDQ1
Q9H6F2	Q9H6F2
Q9H6F2	A5A6S6
Q9H6F2	Q3TMP8
Q9H6F2	Q5ZK43
Q9H6F2	A4FV75
Q9H6F2	A6ZIQ8
Q9H6F2	Q7ZY07
Q9H6F2	Q6P2T0
Q8Y344	Q8Y344
Q8Y344	Q476V3
Q8Y344	B2UD25
B6J7V3	B6J7V3
B6J7V3	A9N8H8
D8QGA7	D8QGA7
O05510	O05510
Q3J869	Q3J869
Q8WY41	Q8WY41
Q8WY41	Q80WY3
Q3A8X5	Q3A8X5
Q6YQU8	Q6YQU8
Q72EC8	Q72EC8
Q6M115	Q6M115
Q6M115	A6VI92
Q6M115	A4G086
Q5F8G9	Q5F8G9
A4FVW5	A4FVW5
C4XN27	C4XN27
P52670	P52670
Q7SYS6	Q7SYS6
P72542	P72542
P68183	P68183
Q9UX04	Q9UX04
P70999	P70999
B5YGR4	B5YGR4
Q8C5T4	Q8C5T4
Q8C5T4	Q6PF18
Q00901	Q00901
Q9D8Y8	Q9D8Y8
Q9D8Y8	Q8WYH8
P04531	P04531
Q8EXX3	Q8EXX3
Q8EXX3	Q04R64
Q82ZE0	Q82ZE0
Q72H90	Q72H90
Q2RN60	Q2RN60
B2GJ87	B2GJ87
P0A9N4	P0A9N4
A3M2T7	A3M2T7
A3M2T7	Q6FDW7
A3M2T7	B2HUI9
O01352	O01352
Q59063	Q59063
O42666	O42666
Q8PKT0	Q8PKT0
Q8PKT0	Q2P3E1
Q8PKT0	Q3BTD3
C6KRN1	C6KRN1
I6Y4D2	I6Y4D2
Q8D8Q9	Q8D8Q9
Q8D8Q9	Q87QK1
Q8D8Q9	Q7MLR7
P24755	P24755
P24755	P0C8Z2
P24755	P0DJO6
Q9HQ52	Q9HQ52
A1SGA2	A1SGA2
Q8DWH1	Q8DWH1
Q8DWH1	B5E6N8
Q8DWH1	Q04JF7
Q8DWH1	P0DD46
Q8DWH1	C1C8I7
Q8DWH1	A2RCK6
Q8DWH1	Q5M1T6
P45544	P45544
Q1HVG1	Q1HVG1
Q1HVG1	Q3KSS8
Q1HVG1	P03206
P41317	P41317
P41317	P08661
Q3JCY8	Q3JCY8
Q86LR2	Q86LR2
Q2SK43	Q2SK43
Q19948	Q19948
Q5GRI0	Q5GRI0
P11562	P11562
P11562	O27233
P11562	P12973
Q6K5X1	Q6K5X1
Q6K5X1	O82268
Q92913	Q92913
Q92913	A6P7H6
Q92913	P70377
Q8NGX3	Q8NGX3
Q05788	Q05788
Q60080	Q60080
P0C191	P0C191
Q1BGY4	Q1BGY4
Q1BGY4	A4JEQ0
Q1BGY4	Q39FP9
Q682U6	Q682U6
P46960	P46960
Q74DB5	Q74DB5
Q96YC2	Q96YC2
P70560	P70560
O35309	O35309
P42220	P42220
P42220	P42219
P0C0J3	P0C0J3
Q8T2F3	Q8T2F3
Q7TQA7	Q7TQA7
Q7TQA7	Q67ET7
A6NJG6	A6NJG6
O70209	O70209
O70209	Q3SYZ8
O70209	Q9PU47
Q31I42	Q31I42
Q7UPM4	Q7UPM4
P60390	P60390
Q5YT12	Q5YT12
Q9X1I0	Q9X1I0
Q83QM8	Q83QM8
Q83QM8	Q8ZN83
Q83QM8	Q2NS86
Q83QM8	Q8Z4T0
O75569	O75569
O75569	Q2HJ92
O75569	Q9WTX2
O75569	Q4V8C7
Q92781	Q92781
Q92781	Q27979
Q54UU8	Q54UU8
Q8LBC0	Q8LBC0
P13771	P13771
P13771	P03763
P16616	P16616
P16616	Q65GK1
Q5SK28	Q5SK28
Q11DU2	Q11DU2
Q5J3G9	Q5J3G9
Q5J3G9	Q9EQ48
Q5J3G9	Q9EP79
Q5J3G9	Q5J3E5
Q08BM0	Q08BM0
Q5X6W5	Q5X6W5
B1HST2	B1HST2
Q85G50	Q85G50
P53047	P53047
Q7CQV5	Q7CQV5
Q8RWN5	Q8RWN5
D4G0R4	D4G0R4
Q8TT56	Q8TT56
Q8VZT8	Q8VZT8
A1B196	A1B196
G5EFS4	G5EFS4
F6PHZ6	F6PHZ6
Q5QUS3	Q5QUS3
Q5QUS3	Q088L3
Q9M7I7	Q9M7I7
Q99795	Q99795
I1RAW4	I1RAW4
I1RAW4	S0DQI7
I1RAW4	A0A0J9UBD6
Q8EBI7	Q8EBI7
Q8EBI7	Q3IE99
Q8EZN0	Q8EZN0
P22746	P22746
Q3SVF3	Q3SVF3
Q3SVF3	Q1QQP5
A0A3B3IT45	A0A3B3IT45
O94684	O94684
Q05922	Q05922
Q05922	Q05923
Q6FI81	Q6FI81
Q6FI81	Q5XID1
Q6FI81	Q8WTY4
Q6FI81	Q5ZJA2
Q6FI81	Q5EAC7
Q8N146	Q8N146
Q8N146	Q8N162
Q8N146	Q8NGG4
Q9ZNR6	Q9ZNR6
A9VHR7	A9VHR7
A9VHR7	Q5KX24
A9VHR7	C1ESI2
A9VHR7	A4IR05
A9VHR7	P54473
A9VHR7	A7GSY4
Q6AF88	Q6AF88
Q5FSM1	Q5FSM1
B1L6T7	B1L6T7
Q04V71	Q04V71
Q5T6J7	Q5T6J7
Q96EK6	Q96EK6
Q96EK6	Q9JK38
A1T4T2	A1T4T2
A1T4T2	A0QSH8
P0A0N4	P0A0N4
Q9FGH2	Q9FGH2
P07348	P07348
P07348	P05010
P07348	P05009
A9L5S5	A9L5S5
A9L5S5	Q7MIV1
B2G5N5	B2G5N5
P09712	P09712
P77475	P77475
Q3IYV6	Q3IYV6
Q8Z989	Q8Z989
Q06891	Q06891
Q7V9Y1	Q7V9Y1
P00903	P00903
U5KJJ1	U5KJJ1
Q1L864	Q1L864
Q1L864	Q2NKY9
B2UPE6	B2UPE6
P49435	P49435
B3QSZ9	B3QSZ9
Q042B4	Q042B4
P54671	P54671
P0A7X6	P0A7X6
P31735	P31735
Q9ZU95	Q9ZU95
Q9LXF3	Q9LXF3
Q9H1M3	Q9H1M3
Q5PXD3	Q5PXD3
Q11118	Q11118
Q08A23	Q08A23
Q08A23	Q0I0R7
Q08A23	A4Y1D2
Q80VP5	Q80VP5
A9KK96	A9KK96
B8JH22	B8JH22
P04753	P04753
Q3URJ8	Q3URJ8
Q6CA53	Q6CA53
P42857	P42857
P42857	Q62092
Q96RK1	Q96RK1
P0ABF8	P0ABF8
P0ABF8	Q8ZF51
P0ABF8	A1JLU9
Q6P4F2	Q6P4F2
Q8NQ97	Q8NQ97
Q9FI44	Q9FI44
Q2L6L1	Q2L6L1
Q6F240	Q6F240
A0A0A7XNA3	A0A0A7XNA3
Q75DE8	Q75DE8
A0QSG1	A0QSG1
Q3K118	Q3K118
Q3K118	P0DB97
O88767	O88767
O62827	O62827
O62827	P35318
Q9NHD5	Q9NHD5
Q9P794	Q9P794
Q5ZL43	Q5ZL43
B2AAJ5	B2AAJ5
Q9H169	Q9H169
B3A003	B3A003
Q4V4I9	Q4V4I9
Q9FX45	Q9FX45
Q251S4	Q251S4
C0MC67	C0MC67
C0MC67	Q5XEM3
A5EX24	A5EX24
Q29TV8	Q29TV8
Q29TV8	Q9CQS6
O48897	O48897
Q3YIX4	Q3YIX4
Q3YIX4	Q8VIN1
Q29S16	Q29S16
Q6CRQ9	Q6CRQ9
O59580	O59580
Q4FU57	Q4FU57
Q4FU57	B0V894
Q4FU57	A4SLN7
Q4FU57	B7VAQ8
Q4FU57	Q3JC22
O74457	O74457
Q03380	Q03380
O08608	O08608
Q6NE49	Q6NE49
Q8NEJ0	Q8NEJ0
Q8NEJ0	Q5BIP9
Q2YDJ4	Q2YDJ4
Q2YDJ4	Q9NQE9
B7UWJ3	B7UWJ3
Q6N2R1	Q6N2R1
Q3ALX6	Q3ALX6
A9KH21	A9KH21
A9N3L5	A9N3L5
P05860	P05860
A9KF13	A9KF13
Q60EQ4	Q60EQ4
B9K712	B9K712
P46656	P46656
B7SXM5	B7SXM5
Q9BYR2	Q9BYR2
Q9CZX9	Q9CZX9
Q9CZX9	Q5J8M3
Q9D6Z6	Q9D6Z6
O20273	O20273
Q6FCT7	Q6FCT7
Q6N4R7	Q6N4R7
P03986	P03986
Q9XWW1	Q9XWW1
Q5LSJ4	Q5LSJ4
P39620	P39620
B0V7U8	B0V7U8
Q9C5K8	Q9C5K8
P39380	P39380
Q55G87	Q55G87
Q97LG6	Q97LG6
Q59055	Q59055
K7QVW7	K7QVW7
A8ANI2	A8ANI2
P27768	P27768
P27768	P48788
P13097	P13097
Q8H1R0	Q8H1R0
P17333	P17333
A1AGN7	A1AGN7
A1AGN7	A4WFE5
Q07020	Q07020
P49776	P49776
P22057	P22057
A3N216	A3N216
Q85FW3	Q85FW3
Q9NX76	Q9NX76
Q54HZ7	Q54HZ7
Q62472	Q62472
P24097	P24097
Q50H63	Q50H63
P0A9U6	P0A9U6
Q9SNC0	Q9SNC0
P44790	P44790
Q64387	Q64387
Q9I927	Q9I927
P34819	P34819
P61209	P61209
P61209	Q06396
P61209	P18085
P61209	Q7KQL3
P61209	P51643
P61209	Q3SZF2
Q29RA3	Q29RA3
Q6LWM0	Q6LWM0
Q9UU89	Q9UU89
P01566	P01566
A8FKA1	A8FKA1
Q68XU3	Q68XU3
P01575	P01575
P00324	P00324
Q49401	Q49401
Q5PFV5	Q5PFV5
Q5PFV5	C0Q7R1
Q75A56	Q75A56
P75862	P75862
Q3UN58	Q3UN58
P49806	P49806
Q9NX08	Q9NX08
B2HKM2	B2HKM2
B2HKM2	P9WM67
Q0BWN5	Q0BWN5
P80029	P80029
P97682	P97682
Q27543	Q27543
Q8KP10	Q8KP10
P0C205	P0C205
P0C205	P0C207
P0C205	P0C206
P0C205	P0C208
A4QBP4	A4QBP4
A4QBP4	C3PL31
P06883	P06883
Q9JLN4	Q9JLN4
P45870	P45870
Q7XV97	Q7XV97
Q32KY0	Q32KY0
P38828	P38828
Q9LEV3	Q9LEV3
Q9JLR5	Q9JLR5
Q46HC4	Q46HC4
P34204	P34204
Q21F24	Q21F24
P53649	P53649
P02753	P02753
O34344	O34344
Q9YH91	Q9YH91
Q0ILQ6	Q0ILQ6
Q0ILQ6	P31582
Q0ILQ6	Q9SN68
Q8A947	Q8A947
A5W9G9	A5W9G9
A5W9G9	Q4ZNA1
A0PJW6	A0PJW6
A6NLW8	A6NLW8
Q8JHH5	Q8JHH5
B3QRP3	B3QRP3
P0AG38	P0AG38
Q60480	Q60480
A7HVD7	A7HVD7
A1JRJ9	A1JRJ9
A1JRJ9	B2VJ94
A1JRJ9	C0Q2F4
A1JRJ9	P0A809
B1AIA5	B1AIA5
Q8A7Z7	Q8A7Z7
Q90873	Q90873
L8BRS3	L8BRS3
P60334	P60334
A7HZE0	A7HZE0
Q6J4I0	Q6J4I0
Q6J4I0	Q9UD71
Q6T6H8	Q6T6H8
Q9WTQ8	Q9WTQ8
Q9HVU3	Q9HVU3
Q9HVU3	Q87WS4
C4LEW9	C4LEW9
Q726F4	Q726F4
Q33884	Q33884
P0AG34	P0AG34
Q86W67	Q86W67
C1D5T4	C1D5T4
A5F9C1	A5F9C1
Q54GK9	Q54GK9
Q3KQ77	Q3KQ77
Q88KV1	Q88KV1
P59575	P59575
Q49424	Q49424
Q5XHB2	Q5XHB2
Q5XHB2	Q9NRW4
Q5XHB2	Q99N11
Q9CX92	Q9CX92
O77422	O77422
Q58DF9	Q58DF9
F4HWQ8	F4HWQ8
C3NGV9	C3NGV9
Q3AGR0	Q3AGR0
Q925U0	Q925U0
P33486	P33486
Q06241	Q06241
Q17QJ0	Q17QJ0
C1I202	C1I202
Q8R5H8	Q8R5H8
Q87QK8	Q87QK8
Q6A760	Q6A760
B8DKL7	B8DKL7
P39701	P39701
P36241	P36241
Q9JM14	Q9JM14
Q9UT72	Q9UT72
O69537	O69537
O69537	P9WHQ9
A3CNT2	A3CNT2
O04012	O04012
P16976	P16976
P16976	Q9ZRE2
A3MWD7	A3MWD7
P78768	P78768
Q9JKL5	Q9JKL5
P70661	P70661
P70661	Q9Y4Z2
C1FN33	C1FN33
Q0AGM1	Q0AGM1
Q87DD2	Q87DD2
Q6QHK4	Q6QHK4
O94290	O94290
Q2KUM5	Q2KUM5
P35718	P35718
P65914	P65914
Q9XQU7	Q9XQU7
P40576	P40576
Q39264	Q39264
Q8RWM6	Q8RWM6
P34130	P34130
P09457	P09457
A5WEW5	A5WEW5
A4VQZ7	A4VQZ7
A4VQZ7	B0KJX5
A4VQZ7	Q4ZN83
Q2KUS6	Q2KUS6
O04486	O04486
Q41495	Q41495
P77625	P77625
P43725	P43725
P43725	P66829
C3M9S7	C3M9S7
C3M9S7	Q5LNS5
P43414	P43414
A6H098	A6H098
Q92Y27	Q92Y27
Q92Y27	A1BAT3
Q92Y27	A1K9S9
A1STI3	A1STI3
A1STI3	Q0I2Y5
Q499E6	Q499E6
O43402	O43402
P40040	P40040
A5CY11	A5CY11
P14881	P14881
P14881	P05813
Q5GAN6	Q5GAN6
O70303	O70303
O70303	Q9UHD4
O70303	Q3T191
P44480	P44480
D0KZ82	D0KZ82
O82481	O82481
O82481	O04369
O82481	Q38919
O82481	Q6ZHA3
O82481	Q35638
O82481	Q41254
O82481	Q38903
O82481	O82480
P48540	P48540
P37537	P37537
Q8TZJ9	Q8TZJ9
D5DKA5	D5DKA5
Q54VB3	Q54VB3
O86262	O86262
P9WKE1	P9WKE1
Q86I22	Q86I22
P0CR76	P0CR76
P0CR76	P0CR77
P59247	P59247
B1MFZ1	B1MFZ1
Q09717	Q09717
Q9SIY3	Q9SIY3
P0C6M3	P0C6M3
P0C6M3	Q91DH9
Q1LU04	Q1LU04
O49929	O49929
Q92QE8	Q92QE8
A6L5J5	A6L5J5
Q65XA0	Q65XA0
P74304	P74304
O00161	O00161
O00161	O09044
O00161	O70377
B0USF0	B0USF0
A7Z070	A7Z070
Q7W0T5	Q7W0T5
Q58032	Q58032
O35054	O35054
O35054	O14493
O35054	O19005
A4G4B0	A4G4B0
A9KY72	A9KY72
A1Z9J4	A1Z9J4
Q2KJ15	Q2KJ15
Q2KJ15	P20033
Q45461	Q45461
P18562	P18562
Q0VCE2	Q0VCE2
Q0VCE2	Q28555
B3EHV1	B3EHV1
Q652K1	Q652K1
B2UVF6	B2UVF6
P97440	P97440
P97440	Q14493
A1SR12	A1SR12
Q91WL6	Q91WL6
Q91WL6	Q08DD7
Q91WL6	Q9Y5W9
O94494	O94494
Q87KJ4	Q87KJ4
Q87KJ4	A4TRA3
Q87KJ4	B0UWU6
Q87KJ4	P57962
Q87KJ4	Q7MYN5
Q87KJ4	B2VI49
Q87KJ4	A5F4I6
Q87KJ4	A1JI90
Q87KJ4	B6EP85
Q87KJ4	B7VMD4
Q87KJ4	A7MQK2
Q87KJ4	B5EZS3
Q87KJ4	B4F1X7
Q87KJ4	P0A6K1
Q87KJ4	Q0SZ00
Q87KJ4	B7MR29
Q87KJ4	Q8FBN6
Q864V4	Q864V4
Q864V4	Q80YF6
Q64ET8	Q64ET8
P04072	P04072
Q54LT0	Q54LT0
Q5QZC1	Q5QZC1
P0AEW4	P0AEW4
Q8DKW4	Q8DKW4
Q8EU92	Q8EU92
Q2J6Z9	Q2J6Z9
A0A1D8PJ73	A0A1D8PJ73
Q9V637	Q9V637
P53335	P53335
A5VAG4	A5VAG4
Q9ZDB7	Q9ZDB7
Q9ZDB7	A8EZ08
Q9ZDB7	Q1RIT1
Q9ZDB7	A8GND7
Q5P6J9	Q5P6J9
P29715	P29715
Q9FHR7	Q9FHR7
P13805	P13805
P13805	O88346
P13805	Q7TNB2
P13805	Q8MKH6
Q551M3	Q551M3
Q11CM4	Q11CM4
Q4FVQ6	Q4FVQ6
Q1I8U1	Q1I8U1
B0VRV3	B0VRV3
Q2YBI1	Q2YBI1
D4GSF3	D4GSF3
Q7T047	Q7T047
Q9CQX3	Q9CQX3
B8HSQ9	B8HSQ9
O52530	O52530
O52530	P18914
P21763	P21763
Q06688	Q06688
P48245	P48245
Q9P7M3	Q9P7M3
Q8L7Z3	Q8L7Z3
Q5NL16	Q5NL16
Q057Y0	Q057Y0
P24867	P24867
Q8TG42	Q8TG42
Q1CRI6	Q1CRI6
P55045	P55045
A8ZWQ4	A8ZWQ4
Q720Y0	Q720Y0
P10158	P10158
P10158	P48755
P10158	P15407
Q9NWC5	Q9NWC5
O35536	O35536
C4L2Y4	C4L2Y4
Q18711	Q18711
B2G592	B2G592
Q3T045	Q3T045
Q3T045	Q4QQU6
Q3T045	O75940
Q3T045	Q8BGT7
Q3T045	Q7ZV80
Q5N8J1	Q5N8J1
Q4WEE0	Q4WEE0
P0DJA1	P0DJA1
Q04615	Q04615
A1VDN2	A1VDN2
Q2NVP7	Q2NVP7
Q54GU3	Q54GU3
A9F881	A9F881
Q9NR28	Q9NR28
Q9NR28	Q9JIQ3
Q9NR28	Q5RBH2
Q3A4Q8	Q3A4Q8
O26350	O26350
Q8G5R0	Q8G5R0
Q20719	Q20719
P0DV28	P0DV28
Q7KVQ0	Q7KVQ0
Q6MDK2	Q6MDK2
B0CZ32	B0CZ32
Q8LCT3	Q8LCT3
A3N2T5	A3N2T5
A3N2T5	Q7VKK0
P76773	P76773
Q22909	Q22909
Q8WVC6	Q8WVC6
B0RSP5	B0RSP5
Q9CAS6	Q9CAS6
Q9CMM1	Q9CMM1
Q9CMM1	B3GXH2
Q9CMM1	B8F472
Q9CMM1	A5UBN7
Q9CMM1	A6VPK5
Q9CMM1	Q7VLR5
Q9CMM1	Q4QJV1
Q0HG72	Q0HG72
Q0HG72	B8CQP2
Q0HG72	B8EBS7
Q0HG72	A3D1T1
Q5AFN8	Q5AFN8
P0CAN7	P0CAN7
P0CAN7	Q39258
P60008	P60008
Q5ZL21	Q5ZL21
Q5JDH2	Q5JDH2
P91428	P91428
P91428	C0HL93
O34392	O34392
Q8IX05	Q8IX05
Q8IX05	A8WH74
Q8IX05	Q5FVR3
P41734	P41734
P58641	P58641
P58641	B8DDS0
Q2KIY2	Q2KIY2
Q2KIY2	P56746
Q2KIY2	D3ZQJ0
Q2KIY2	Q9Z0S5
Q83G63	Q83G63
P9WIU9	P9WIU9
Q9CY66	Q9CY66
Q9CY66	Q7ZVE0
Q9CY66	Q5RJV1
Q2RSY6	Q2RSY6
Q62876	Q62876
Q62876	O43759
Q62876	O55100
Q62876	Q5R703
C6ZJZ3	C6ZJZ3
C6ZJZ3	K0P2S0
C6ZJZ3	V7BSD0
C6ZJZ3	P48599
C6ZJZ3	Q66UV4
C6ZJZ3	Q0GRC4
C6ZJZ3	A7KWF8
C6ZJZ3	C7SG33
C6ZJZ3	P0DXI0
C6ZJZ3	Q4VQY3
C6ZJZ3	A0A1U8GR65
C6ZJZ3	Q4VQY1
C6ZJZ3	R4HYA4
C6ZJZ3	D3UW26
C6ZJZ3	A0A2J6L8Y7
A8GW88	A8GW88
A8GW88	A8GMN9
P21374	P21374
Q8WUN7	Q8WUN7
Q46893	Q46893
Q9ZCC4	Q9ZCC4
Q9ZCC4	Q4UJW5
Q6NCY0	Q6NCY0
Q6NCY0	Q13E64
P50946	P50946
Q89A58	Q89A58
Q61CX7	Q61CX7
Q61CX7	P92186
P14918	P14918
P54964	P54964
P04354	P04354
P04354	P12658
P04354	P05937
P04354	P04467
P04354	P07171
P04354	Q5R4V1
Q9Z2C6	Q9Z2C6
Q9Z2C6	Q566D0
Q9Z2C6	O75841
Q9Z2C6	P38573
A3N353	A3N353
A3N353	Q8Z8G0
A3N353	Q5E294
A3N353	P0A759
A3N353	A1JQE8
A3N353	Q65QE8
A3N353	B5XZG9
A3N353	Q87K60
A3N353	A4TNY0
A3N353	B0BSS6
A3N353	B4TB82
A3N353	A8GB41
A3N353	B7VTI0
A3N353	C5BGA6
A3N353	Q7VKN1
A3N353	A7FKU3
A3N353	C4L889
Q99142	Q99142
O04603	O04603
Q5Z749	Q5Z749
P0CV61	P0CV61
Q889G0	Q889G0
Q889G0	Q48NM1
Q55749	Q55749
Q7NX34	Q7NX34
Q63RN0	Q63RN0
Q63RN0	Q8Y1I7
Q9H4S2	Q9H4S2
Q9H4S2	P31315
Q24XQ1	Q24XQ1
Q96C55	Q96C55
Q253G3	Q253G3
Q253G3	Q824E8
Q8DNZ8	Q8DNZ8
B8E2S7	B8E2S7
Q07350	Q07350
P83772	P83772
P01590	P01590
P01590	P26897
O95863	O95863
O95863	Q02085
P25786	P25786
P25786	Q9R1P4
P25786	Q5REN2
P25786	P18420
P25786	O42265
P25786	Q3T0X5
A0A1W2PR82	A0A1W2PR82
Q0JG99	Q0JG99
Q74L59	Q74L59
Q74L59	Q5FM60
Q3IM24	Q3IM24
P09015	P09015
Q9SCK3	Q9SCK3
Q9SCK3	Q9FLT9
Q9VZU4	Q9VZU4
A5V212	A5V212
Q9RGS6	Q9RGS6
Q9A4E8	Q9A4E8
A0B880	A0B880
Q46225	Q46225
Q46225	Q5L789
Q46225	Q9PLS0
Q46225	Q3KL39
Q3A6V2	Q3A6V2
Q01326	Q01326
Q01326	Q9R3D1
Q01326	O86385
Q01326	O86404
Q01326	Q01324
Q01326	Q01322
Q89FP2	Q89FP2
Q89FP2	A5EPQ3
Q89FP2	Q216G8
Q6DGF5	Q6DGF5
Q6DGF5	Q8VC90
Q6DGF5	Q96GR4
A0A1D3PCK2	A0A1D3PCK2
Q2TGI8	Q2TGI8
Q2TGI8	A0PK84
Q2TGI8	Q8N966
Q5HS85	Q5HS85
Q603S2	Q603S2
P94512	P94512
Q08783	Q08783
P27848	P27848
C1FSC2	C1FSC2
C1FSC2	A7GAL1
C1FSC2	C3L062
C1FSC2	A7FPT1
C1FSC2	B1IEG7
C1FSC2	B1KV13
Q1GTL4	Q1GTL4
Q5U925	Q5U925
Q852A1	Q852A1
Q852A1	Q38866
Q852A1	O22874
Q852A1	Q9M2S9
Q852A1	O48818
Q852A1	O80932
Q852A1	Q38865
Q852A1	Q9LZ99
Q9SE93	Q9SE93
P77608	P77608
Q8IW03	Q8IW03
P32144	P32144
P0C0Y7	P0C0Y7
Q920L5	Q920L5
Q920L5	Q920L6
Q920L5	Q9H5J4
Q920L5	Q5ZJR8
Q920L5	Q6PC64
Q94535	Q94535
Q94535	Q01081
Q94535	Q3T127
Q94535	Q8BGJ9
Q94535	A1A4K8
Q94535	Q9D883
D7A5Q8	D7A5Q8
Q5QWH6	Q5QWH6
Q5QWH6	Q15R43
Q4V7D2	Q4V7D2
Q4V7D2	Q5R7X1
Q4V7D2	Q3TDK6
Q4V7D2	Q9GZN7
Q4V7D2	Q148F6
P78345	P78345
P78345	Q32LC1
P78345	Q80UU2
Q06338	Q06338
Q9LW20	Q9LW20
F4I214	F4I214
Q0SMR8	Q0SMR8
Q0SMR8	Q660T2
Q0SMR8	O51536
Q8LPQ7	Q8LPQ7
Q9ZUI9	Q9ZUI9
Q79VJ0	Q79VJ0
Q03337	Q03337
Q1CVJ3	Q1CVJ3
Q22267	Q22267
Q84JK2	Q84JK2
A7Z5Z3	A7Z5Z3
A7Z5Z3	P52998
A0Q1F1	A0Q1F1
O80507	O80507
O80507	O81275
Q8ZM00	Q8ZM00
Q2FZY8	Q2FZY8
P59332	P59332
P59332	B7M3A5
P59332	Q3Z0M5
P59332	A7ZN88
P59332	P59331
P59332	B7L8Y4
P59332	B5YSJ3
P59332	B7NBV8
P59332	P31658
P59332	B7MCM0
P37810	P37810
Q1GAF3	Q1GAF3
B9KIB9	B9KIB9
Q5P1F3	Q5P1F3
Q5P1F3	Q47A37
Q5P1F3	Q1H377
Q5P1F3	Q2YA30
Q5P1F3	O67154
Q5P1F3	Q7NPP4
Q31HQ4	Q31HQ4
Q9HHT0	Q9HHT0
P20667	P20667
A1U1Q5	A1U1Q5
Q755K1	Q755K1
Q5ANC8	Q5ANC8
Q837G3	Q837G3
B1IMN2	B1IMN2
B1IMN2	B1KT47
B1IMN2	C1FPA6
B1IMN2	C3KXC0
A6S8E7	A6S8E7
Q5UQ00	Q5UQ00
A2RI02	A2RI02
A6LNF3	A6LNF3
A6LNF3	A7HND1
P06753	P06753
P06753	Q63610
P06753	Q5KR49
P06753	P19352
P06753	P58774
P06753	P09493
P06753	P42639
P06753	P58771
P06753	P21107
P06753	P84335
P06753	A1XQV4
P06753	Q5KR47
P06753	P04268
P06753	P13104
P06753	P07951
P06753	P67936
P06753	Q6IRU2
P06753	P02561
P06753	P09495
Q1BCR8	Q1BCR8
Q1BCR8	B2HDR8
Q1BCR8	A1KP49
Q1BCR8	A0QSY5
Q1BCR8	O32879
Q1BCR8	C3PLA3
Q1BCR8	Q6NIZ6
Q1BCR8	A4FP42
Q12017	Q12017
O13074	O13074
O13074	P22574
Q75E60	Q75E60
K4CA50	K4CA50
Q9C717	Q9C717
Q12724	Q12724
Q2KVK9	Q2KVK9
Q2KVK9	B4RMD6
Q2KVK9	A9LZL2
Q2KVK9	A1KUB4
Q3TQI7	Q3TQI7
Q3TQI7	Q9NZ63
A4X3Q0	A4X3Q0
Q5ZEP9	Q5ZEP9
Q1PD56	Q1PD56
Q1PD56	P41326
Q2IWC4	Q2IWC4
Q2IWC4	A5EK16
Q2IWC4	Q89KV0
Q2IWC4	B1LZU2
Q9W6S8	Q9W6S8
P27512	P27512
Q46KV7	Q46KV7
Q63RA1	Q63RA1
Q3ZTK5	Q3ZTK5
Q3ZTK5	Q7YRL5
Q3ZTK5	P25942
Q3ZTK5	Q3LRP1
Q3ZTK5	Q8SQ34
Q3ZTK5	Q28203
Q8D2A6	Q8D2A6
Q88S52	Q88S52
P50235	P50235
P50235	P22789
P50235	P52843
P50235	P50236
P50235	B2RVI8
P50235	P15709
Q1PDN3	Q1PDN3
C0Z4E2	C0Z4E2
P34470	P34470
Q8EU37	Q8EU37
Q42533	Q42533
Q03433	Q03433
Q39208	Q39208
Q39208	Q9M883
Q2HR82	Q2HR82
P10768	P10768
P10768	Q9R0P3
P10768	Q9GJT2
P10768	Q08E20
P10768	B0BNE5
Q8XBL0	Q8XBL0
Q8XBL0	Q32DD5
Q8XBL0	B7N609
Q8XBL0	P40191
Q8XBL0	B7LL66
Q8XBL0	Q8FFB5
Q8XBL0	B1LML3
Q8XBL0	B2TX08
Q8XBL0	Q83K78
Q6D8V3	Q6D8V3
O16202	O16202
B9EA92	B9EA92
Q19341	Q19341
P0DUW5	P0DUW5
Q00847	Q00847
A7H4H1	A7H4H1
A7H4H1	Q5HVD0
B4U5Q9	B4U5Q9
Q9W7R5	Q9W7R5
Q9W7R5	Q6RVD7
Q9W7R5	Q811W0
Q9W7R5	Q9Y651
Q9W7R5	B0ZTE1
P37447	P37447
P37447	P37446
P37447	P0A921
P37447	P0A231
F4K5X6	F4K5X6
Q9Y2V0	Q9Y2V0
Q6YQT0	Q6YQT0
Q7VCK5	Q7VCK5
O64629	O64629
Q9UBV8	Q9UBV8
Q9UBV8	Q8BFY6
Q9UBV8	Q641Z8
Q96LJ8	Q96LJ8
P9WFZ1	P9WFZ1
Q86567	Q86567
Q61663	Q61663
Q61663	O43763
O44989	O44989
P46926	P46926
P46926	Q8TDQ7
P46926	Q9VMP9
P46926	Q9CRC9
P46926	Q6PA43
P46926	Q16HW7
P46926	Q5TNH5
P46926	Q17QL1
P46926	A4FV08
P46926	Q64422
P46926	Q5R8T8
P46926	O88958
Q6GTX8	Q6GTX8
Q6CAC7	Q6CAC7
A5VYG1	A5VYG1
A5VYG1	Q888C5
A5VYG1	C3KDC2
A5VYG1	Q4K691
A5VYG1	Q1IEY5
A5VYG1	B1JEQ0
A5VYG1	Q02G05
A5VYG1	A6VC65
O35975	O35975
O35975	P17981
O35975	P20974
O35975	P17982
A7GXF7	A7GXF7
P29241	P29241
P29241	Q27312
Q1XDT9	Q1XDT9
Q5UYR5	Q5UYR5
P0ABU0	P0ABU0
P0ABU0	Q9CLV5
A3PFJ4	A3PFJ4
A3PFJ4	A2BTT7
A3PFJ4	Q317T6
A0RPN6	A0RPN6
O67625	O67625
Q9N1R5	Q9N1R5
Q9N1R5	Q4W1W1
Q9N1R5	Q9QY80
Q9N1R5	B0YJ81
O67648	O67648
P19920	P19920
Q939U1	Q939U1
A5UMF6	A5UMF6
Q08E43	Q08E43
Q08E43	Q9H765
Q08E43	Q91ZT9
P34548	P34548
Q49184	Q49184
Q49184	P0C002
P12943	P12943
Q1ICB3	Q1ICB3
Q1ICB3	Q3K9W7
Q1ICB3	B1J675
Q1ICB3	Q9I2U6
Q1ICB3	Q48KZ8
Q1ICB3	Q4K9J4
A0A482ARP7	A0A482ARP7
A9BCM2	A9BCM2
Q9VGE8	Q9VGE8
Q9ZSU4	Q9ZSU4
Q9ZSU4	Q9FKL9
Q9ZSU4	Q9FKL8
Q6TNA6	Q6TNA6
Q9XVR6	Q9XVR6
Q53W62	Q53W62
O42807	O42807
O42807	Q2UNW5
O42807	A2QSY5
O42807	Q9P979
O42807	A0A6C0PI29
O42807	B8NIB8
O42807	O42815
B5XHX6	B5XHX6
B5XHX6	Q5M175
B5XHX6	C0ME09
B5XHX6	A3CQ51
B5XHX6	Q1JA97
B5XHX6	Q8NZN5
B5XHX6	Q7CRB7
B5XHX6	Q1J592
B5XHX6	C5VZW3
B5XHX6	Q48RS6
Q22323	Q22323
A0A1U9YI04	A0A1U9YI04
Q8EPE6	Q8EPE6
Q3ZYL6	Q3ZYL6
Q3ZYL6	A5FPY7
Q96XN9	Q96XN9
P0C623	P0C623
A6ND48	A6ND48
P26690	P26690
Q6IUP3	Q6IUP3
Q6IUP3	Q8TE02
Q6IUP3	Q99L85
P82134	P82134
P82134	Q6AFB9
P82134	P9WII9
P82134	B8ZUG3
P82134	Q73WF0
P82134	Q5YTD8
P82134	A8LWZ4
P82134	A4X5V3
P82134	Q827U0
P82134	Q9L286
A7X665	A7X665
B9LND9	B9LND9
B4RMM2	B4RMM2
B4RMM2	B5FE41
B4RMM2	A4SMC4
B4RMM2	B6ELU0
B4RMM2	A1U1K6
B4RMM2	B0BPR8
B4RMM2	Q9I4E6
B4RMM2	B1LG84
B4RMM2	A6VP68
B4RMM2	B6IA61
B4RMM2	P76055
B4RMM2	A8AGE0
B4RMM2	B7MM21
B4RMM2	Q57184
B4RMM2	B7LRU9
B4RMM2	Q65TL6
B4RMM2	B1JJU2
B4RMM2	Q7N3Y7
B4RMM2	Q8ZP88
B4RMM2	A1JND8
B4RMM2	Q0T3Z1
B4RMM2	B7URE9
B4RMM2	Q8Z783
B4RMM2	Q82UJ4
B4RMM2	C4L8F7
Q93LR4	Q93LR4
Q10S65	Q10S65
B4UGL0	B4UGL0
Q8H0Y8	Q8H0Y8
P94954	P94954
Q5RBS4	Q5RBS4
Q5RBS4	Q8TEB9
Q5RBS4	Q4V8F3
Q5RBS4	Q8BHC7
A0A411PQM3	A0A411PQM3
A0A411PQM3	A0A1L9WLF1
P05691	P05691
O31463	O31463
O17850	O17850
Q2YIQ4	Q2YIQ4
A0QVZ5	A0QVZ5
Q9SW18	Q9SW18
P38077	P38077
A8PX55	A8PX55
A0PJE2	A0PJE2
Q8FFV5	Q8FFV5
Q8FFV5	Q8Z5B2
Q8FFV5	Q8ZGV2
Q8FFV5	Q8XEC6
Q8FFV5	P33371
O76902	O76902
O76902	Q9H8W4
O76902	Q7ZUV1
O76902	Q91WB4
Q1WT50	Q1WT50
Q8VFL9	Q8VFL9
P58582	P58582
P58582	A0A482PU20
P58582	Q8FE30
P58582	Q7M7H8
P58582	P58581
P58582	P04425
P58582	P58578
P58582	Q8EIK8
Q8NGD5	Q8NGD5
A1TYR6	A1TYR6
Q87VW7	Q87VW7
Q8NGQ6	Q8NGQ6
P48726	P48726
O53547	O53547
Q8LC45	Q8LC45
P12461	P12461
P12461	P06785
B2IED0	B2IED0
Q892B5	Q892B5
Q12442	Q12442
A0A0F7TXA1	A0A0F7TXA1
F4HNU8	F4HNU8
Q72HS8	Q72HS8
P0C872	P0C872
Q058B4	Q058B4
Q9CAA4	Q9CAA4
Q039I0	Q039I0
P0A2X8	P0A2X8
Q9SB60	Q9SB60
Q9BRF8	Q9BRF8
Q9BRF8	Q5RCR9
Q9BRF8	Q58DC0
Q9BRF8	Q8BFS6
Q9BRF8	Q66H71
Q9VV87	Q9VV87
Q9LW31	Q9LW31
Q15622	Q15622
Q15622	O76100
Q15622	Q9JHB2
Q15622	O14581
Q15622	Q8NGA2
Q15622	P35899
C4L881	C4L881
Q9C774	Q9C774
Q9C774	O24412
Q9HC38	Q9HC38
A8JGF7	A8JGF7
A0Q5Y4	A0Q5Y4
Q9SR17	Q9SR17
Q9SY88	Q9SY88
Q9LAM9	Q9LAM9
Q8DQ37	Q8DQ37
Q8NGI8	Q8NGI8
Q1H1I4	Q1H1I4
P9WNC9	P9WNC9
B2U8L7	B2U8L7
F1RCE7	F1RCE7
P03319	P03319
Q8NEJ9	Q8NEJ9
Q8NEJ9	Q9DB96
Q8UGK1	Q8UGK1
Q8UGK1	Q8YG75
Q8UGK1	Q92R46
Q07W60	Q07W60
A6GX95	A6GX95
A6GX95	A5FNY7
Q9NYW1	Q9NYW1
B2X050	B2X050
Q62277	Q62277
Q62277	P07825
Q62277	P08247
Q62277	P20488
O94495	O94495
Q9IAY5	Q9IAY5
Q8NQU3	Q8NQU3
Q8C4U3	Q8C4U3
Q8C4U3	O19116
Q8C4U3	Q8N474
P52836	P52836
Q95323	Q95323
Q7U366	Q7U366
P84254	P84254
Q8EDH1	Q8EDH1
O17899	O17899
Q5T4F7	Q5T4F7
Q5T4F7	Q9WU66
Q5T4F7	Q9XSC1
A9KL08	A9KL08
Q7JNM3	Q7JNM3
Q3Y316	Q3Y316
B5RLH3	B5RLH3
P0A4G4	P0A4G4
P0A4G4	P0A4G2
P0A4G4	P31304
P48987	P48987
Q9JKA3	Q9JKA3
Q71T09	Q71T09
Q7Z769	Q7Z769
Q9VKV5	Q9VKV5
P31716	P31716
J9VEN6	J9VEN6
Q84F14	Q84F14
Q20819	Q20819
Q4KM14	Q4KM14
P36798	P36798
Q8ZZK1	Q8ZZK1
A3KMR8	A3KMR8
A3KMR8	Q4U1U2
A3KMR8	O42290
A3KMR8	O57342
O19110	O19110
O22768	O22768
O22768	Q93Y00
Q42577	Q42577
Q42577	Q43844
Q4R1S8	Q4R1S8
Q4R1S8	P0C697
Q4R1S8	P24023
Q4R1S8	Q9QAB9
Q4R1S8	P0C6I2
Q4R1S8	P17391
Q4R1S8	P0C6I8
Q4R1S8	P0C6I3
Q4R1S8	P29178
Q4R1S8	Q67876
Q4R1S8	P0C6H3
Q4R1S8	P17099
Q4R1S8	P0C6H2
Q4R1S8	O91532
Q4R1S8	P0C573
Q4R1S8	P0C692
Q4R1S8	P0C6G9
Q5HSM0	Q5HSM0
Q9VMG0	Q9VMG0
Q0PVB3	Q0PVB3
A5IBA2	A5IBA2
O08664	O08664
Q8TAF8	Q8TAF8
Q8TAF8	Q4KL25
Q7WK83	Q7WK83
Q7WK83	Q3MFR5
Q7WK83	Q2L256
Q7WK83	Q39FE8
Q7WK83	Q5QXN8
Q7WK83	Q07ZX8
Q7WK83	Q12LA1
Q7WK83	Q9I2U1
Q7WK83	Q5KVD9
Q7WK83	B9DJL4
Q7WK83	Q815J6
Q7WK83	Q5WDK0
Q7WK83	A4ISQ2
Q7WK83	Q8ENM5
Q7WK83	Q5WVJ0
Q7WK83	A1AVN6
Q7WK83	P0A6G7
Q7WK83	A5F6X0
Q7WK83	B5QTJ6
Q7WK83	B4EU53
Q7WK83	Q82Y57
Q7WK83	A6WLQ1
Q5R8R5	Q5R8R5
Q5R8R5	P04906
Q5R8R5	Q60550
Q5R8R5	P47954
Q5R8R5	P28801
Q5R8R5	Q9TTY8
Q5R8R5	P09211
Q08713	Q08713
Q12962	Q12962
P28065	P28065
P28065	O35524
P28065	O35521
Q9Z2J9	Q9Z2J9
P43431	P43431
P43431	Q91ZK6
Q9Z1L1	Q9Z1L1
Q9Z1L1	Q3B7N4
Q6AY63	Q6AY63
P54900	P54900
Q3Z0L7	Q3Z0L7
Q3Z0L7	A7MNR0
Q3Z0L7	Q83KM2
Q3Z0L7	A7ZN93
Q3Z0L7	P76343
Q3Z0L7	B7NRB0
A7KII6	A7KII6
A7KII6	A7KE01
O74826	O74826
Q0KBC9	Q0KBC9
I4DJ24	I4DJ24
Q72DM3	Q72DM3
P57299	P57299
Q6K678	Q6K678
O93724	O93724
P61779	P61779
Q65TR0	Q65TR0
Q65TR0	Q4QKH4
Q9GZP4	Q9GZP4
Q9GZP4	Q8BWR2
Q4R6C5	Q4R6C5
Q4R6C5	Q9HAT0
Q4R6C5	Q4KLL5
Q4R6C5	Q3T064
P0A9E9	P0A9E9
Q2RN89	Q2RN89
P79152	P79152
Q8X6R8	Q8X6R8
Q8X6R8	P0AB87
Q89WK5	Q89WK5
B3QU02	B3QU02
A0R3I3	A0R3I3
A0R3I3	A0QR29
Q9QUN5	Q9QUN5
Q8EFB6	Q8EFB6
P09648	P09648
Q3S853	Q3S853
Q3S853	Q9JHX0
Q07221	Q07221
Q07221	P45655
Q07221	Q9DGG5
O25918	O25918
Q0HP01	Q0HP01
Q0HP01	A0KHV1
Q0HP01	A8GYS3
Q0HP01	B1LF38
Q0HP01	A8GJU0
Q0HP01	B5XU43
Q70YC4	Q70YC4
Q9RRW3	Q9RRW3
Q3K3U8	Q3K3U8
Q3K3U8	A8AZK4
Q3K3U8	B8ZKQ1
Q6AQE3	Q6AQE3
Q2J0U5	Q2J0U5
Q2J0U5	Q6NAI9
Q2RFR8	Q2RFR8
Q5B2C1	Q5B2C1
Q1LU01	Q1LU01
P00492	P00492
P00492	Q9W719
P00492	Q64531
P00492	P00494
P00492	Q3SZ18
P00492	A5A6I1
Q9NTK1	Q9NTK1
Q8PH49	Q8PH49
O83649	O83649
Q2T0M6	Q2T0M6
Q2T0M6	B1YVG1
Q9SZE4	Q9SZE4
Q96A35	Q96A35
Q96A35	Q3SYS0
P29996	P29996
P29996	P29997
P29996	P0C6M5
P29996	P0C6M1
P29996	P0C6M0
Q9LSZ3	Q9LSZ3
Q7VP95	Q7VP95
Q7VP95	A5UGX5
Q7VP95	Q65RQ9
Q7VP95	P44725
Q3B7H1	Q3B7H1
Q9D0V7	Q9D0V7
Q9D0V7	O00559
Q9D0V7	Q5PQP2
Q9HBH0	Q9HBH0
Q9HBH0	Q8BYP3
P17610	P17610
Q9SIT9	Q9SIT9
C3MDF9	C3MDF9
A1ZAW5	A1ZAW5
Q7VZ79	Q7VZ79
Q7VZ79	A4XQU8
Q7VZ79	B1JEN1
Q7VZ79	C3KAJ8
P57556	P57556
Q9LZD4	Q9LZD4
Q9LZD4	P17609
P54092	P54092
P54092	P54093
Q06934	Q06934
Q06934	P18027
A9H3J9	A9H3J9
Q52376	Q52376
C0QVC8	C0QVC8
O49841	O49841
Q7VVJ8	Q7VVJ8
P24361	P24361
A9A2U7	A9A2U7
A3FBE9	A3FBE9
A3FBE9	Q28819
A3FBE9	P41323
A3FBE9	P41683
P39897	P39897
Q77378	Q77378
Q944A9	Q944A9
Q4WZ66	Q4WZ66
Q5WLN0	Q5WLN0
Q2G601	Q2G601
Q2W4W1	Q2W4W1
A7MHJ8	A7MHJ8
Q61400	Q61400
Q499U6	Q499U6
Q499U6	Q8WV22
Q499U6	Q3T0X7
Q499U6	Q9D720
Q5KZ25	Q5KZ25
Q5KZ25	A4INY1
Q9HUF7	Q9HUF7
P20135	P20135
Q96PN8	Q96PN8
Q96PN8	Q9D2E1
Q6P848	Q6P848
Q6P848	Q5ZLC7
Q6P848	Q5R7Z5
Q6P848	Q15691
Q6P848	Q66HR2
Q6P848	Q61166
Q6P848	Q3ZBD9
Q6P848	Q66T82
P95189	P95189
P57965	P57965
P0DTU7	P0DTU7
O74971	O74971
A0A1P8B554	A0A1P8B554
Q9S156	Q9S156
A1RXU2	A1RXU2
Q45499	Q45499
Q8ZVX7	Q8ZVX7
O22131	O22131
Q96JC9	Q96JC9
Q96JC9	Q9D4C5
F4IUE7	F4IUE7
Q64329	Q64329
Q64329	Q60682
Q64329	Q60653
Q64329	Q60652
Q05775	Q05775
Q9LHH5	Q9LHH5
Q87Q45	Q87Q45
Q6GQ62	Q6GQ62
Q9XFR5	Q9XFR5
Q336T5	Q336T5
Q5ZJM7	Q5ZJM7
Q5ZJM7	Q6DD33
A0A8F5SIS3	A0A8F5SIS3
P56968	P56968
P56968	Q02YJ2
P12401	P12401
P12401	P19159
P12401	P05402
Q5SD03	Q5SD03
Q5SD03	Q06RC5
Q5SD03	B1VKF5
Q5SD03	A2T337
Q5SD03	Q6YXQ9
P57759	P57759
P57759	P81623
P57759	P52555
P57759	P30040
P75713	P75713
O06728	O06728
Q0AZ87	Q0AZ87
P22831	P22831
P22831	Q8BGN8
P22831	Q8TBG9
Q03469	Q03469
B8EAT2	B8EAT2
B8EAT2	A0KZ94
B8EAT2	Q0HGN0
B8EAT2	A4Y4Y4
B0T669	B0T669
P18111	P18111
P18111	P47902
C5B135	C5B135
P33228	P33228
Q2YKK8	Q2YKK8
Q2YKK8	C0RLB0
Q2YKK8	Q8YC54
Q2YKK8	A8LRT6
Q2YKK8	Q1MG80
Q2YKK8	A6U899
Q2YKK8	Q92QD5
Q2YKK8	A4YT30
Q6LVN0	Q6LVN0
D0Z9R0	D0Z9R0
Q578S8	Q578S8
A1S3L4	A1S3L4
A3BLC3	A3BLC3
Q9NYN1	Q9NYN1
Q9LG97	Q9LG97
P13717	P13717
Q8CIX1	Q8CIX1
Q8CIX1	P60191
Q8CIX1	Q9H426
Q9XVJ2	Q9XVJ2
O42363	O42363
Q90WV8	Q90WV8
P10749	P10749
P10749	Q63264
P10749	Q9WVG1
Q817B5	Q817B5
Q817B5	Q81KU5
Q2RTH6	Q2RTH6
Q8R6B1	Q8R6B1
Q969J5	Q969J5
Q662E6	Q662E6
Q662E6	Q0SNU4
Q12ZB8	Q12ZB8
P40513	P40513
Q3UTB7	Q3UTB7
O88796	O88796
O88796	P78346
O88796	Q3SZ21
Q7SXB3	Q7SXB3
Q9D7G9	Q9D7G9
Q8NKB0	Q8NKB0
Q15WS4	Q15WS4
Q6IR41	Q6IR41
Q223E6	Q223E6
Q223E6	A1TWF5
Q223E6	A1WD86
A8ID91	A8ID91
Q5TZF3	Q5TZF3
Q5TZF3	Q810N6
B6RGY0	B6RGY0
Q9FI46	Q9FI46
A6VQT1	A6VQT1
O31201	O31201
Q96A25	Q96A25
Q96A25	Q5EA90
Q30S57	Q30S57
Q890C2	Q890C2
A0T0L1	A0T0L1
Q0KBD1	Q0KBD1
Q9Z1H9	Q9Z1H9
Q9Z1H9	Q91VJ2
Q9Z1H9	Q969G5
Q9Z1H9	A4FV37
Q96PG8	Q96PG8
A7NB32	A7NB32
Q9M203	Q9M203
C0ZGJ5	C0ZGJ5
P9WNB9	P9WNB9
P46862	P46862
Q04XX5	Q04XX5
Q04XX5	Q72MN0
Q8WUJ1	Q8WUJ1
Q8WUJ1	Q5SSH8
Q8WUJ1	Q6AY62
Q9ZW16	Q9ZW16
A8GIW3	A8GIW3
Q2HGY8	Q2HGY8
Q59R35	Q59R35
Q9SGW3	Q9SGW3
Q9SGW3	Q9FHY0
D7SSD8	D7SSD8
Q8FUA5	Q8FUA5
Q8FUA5	Q9X712
P37237	P37237
P37237	P55075
P44710	P44710
P44710	A5UA57
P44710	A5UGU3
Q9D176	Q9D176
O80337	O80337
Q7YT37	Q7YT37
B8M9J5	B8M9J5
A0A1L8HV70	A0A1L8HV70
A0A1L8HV70	Q3MHR2
A0A1L8HV70	P43346
A0A1L8HV70	P48769
A0A1L8HV70	P27707
A0A1L8HV70	Q5ZMF3
A3MWA6	A3MWA6
A3MWA6	B1YBD4
O80477	O80477
P0DMS9	P0DMS9
Q9Y9E6	Q9Y9E6
Q5E2T2	Q5E2T2
Q5E2T2	Q8DC11
Q5E2T2	B5FB05
Q16594	Q16594
Q16594	Q17QQ4
Q16594	Q8VI33
Q16594	Q5BKE0
Q16594	Q6NZA9
Q16594	Q62880
Q16594	Q9HBM6
P0A9L8	P0A9L8
A1SG03	A1SG03
Q02465	Q02465
A0FKN6	A0FKN6
Q6C6Y4	Q6C6Y4
P42910	P42910
Q12UJ9	Q12UJ9
Q9U2H9	Q9U2H9
Q2N5X1	Q2N5X1
Q15VG2	Q15VG2
P16677	P16677
Q5A3Z5	Q5A3Z5
P28305	P28305
A6UQK8	A6UQK8
A6UQK8	A6VHF0
A4J559	A4J559
C1A8L5	C1A8L5
Q7VRL0	Q7VRL0
Q8WUU5	Q8WUU5
Q8WUU5	Q920S3
Q8WUU5	Q1L8G7
Q6PL45	Q6PL45
Q9PET8	Q9PET8
O50606	O50606
O28002	O28002
Q9NV23	Q9NV23
Q9V895	Q9V895
P53997	P53997
Q6FSG0	Q6FSG0
Q865X8	Q865X8
Q865X8	P26889
Q865X8	P09428
Q865X8	P21621
Q865X8	P79162
Q865X8	Q8WNR2
B0K3T4	B0K3T4
O13915	O13915
Q5BA88	Q5BA88
Q8R4V1	Q8R4V1
Q03NR9	Q03NR9
Q5NG17	Q5NG17
Q22638	Q22638
Q8W2X8	Q8W2X8
P0A8W0	P0A8W0
Q6G7I0	Q6G7I0
Q6G7I0	Q8CRM3
Q6G7I0	Q4L811
Q6G7I0	Q2YUM3
Q3ILK1	Q3ILK1
O51273	O51273
O51273	Q0SNQ3
O67049	O67049
Q8BFR6	Q8BFR6
Q8BFR6	Q8TCF1
Q8GYX2	Q8GYX2
B2TL69	B2TL69
Q5D8X4	Q5D8X4
A0A384JLD1	A0A384JLD1
P48243	P48243
Q4JW55	Q4JW55
P19337	P19337
P19337	P07914
A1SYW1	A1SYW1
A1SYW1	A3MZT5
A1SYW1	A5UIJ1
A1SYW1	P43890
A1SYW1	Q4QLM2
A1SYW1	A0KHG5
A1SYW1	Q8DBF9
A1SYW1	A1RLM5
A1SYW1	A8GIE4
A1SYW1	Q6D8E1
A1SYW1	A1JP80
A1SYW1	Q5E3E1
A1SYW1	Q87ME0
A1SYW1	Q6LN26
A1SYW1	Q667J1
A1SYW1	Q0HT64
A1SYW1	Q9CJL5
A1SYW1	P0A7E9
A1SYW1	Q15WG1
A1SYW1	A4W6R6
A1SYW1	A8ALB8
A1SYW1	P65933
A1SYW1	Q485G8
A1SYW1	Q12NY5
A1SYW1	Q5QXS2
A1SYW1	Q8EGH3
A1SYW1	A1S4P2
A1SYW1	A5F619
Q43585	Q43585
Q43585	Q40885
A6QLZ1	A6QLZ1
P02873	P02873
P02873	Q41114
P24146	P24146
Q8ZT00	Q8ZT00
O59398	O59398
Q9LD45	Q9LD45
P37813	P37813
Q4WP83	Q4WP83
Q7VRR1	Q7VRR1
A1WXW9	A1WXW9
Q8QZY4	Q8QZY4
Q9D1Z3	Q9D1Z3
Q9D1Z3	Q6P4H8
Q9D1Z3	Q5I047
P70436	P70436
P70436	Q92988
P31697	P31697
Q8XLQ0	Q8XLQ0
B3DQI6	B3DQI6
Q9FHA7	Q9FHA7
Q2Y865	Q2Y865
Q8Y015	Q8Y015
Q1LZE0	Q1LZE0
Q1LZE0	Q5M7T3
Q1LZE0	Q9HCU9
Q1LZE0	Q99N20
Q18DH5	Q18DH5
Q8KES3	Q8KES3
A1VY43	A1VY43
Q0SES0	Q0SES0
Q0SES0	Q5YNV8
Q0SES0	C1B0C2
Q6GA09	Q6GA09
Q6GA09	Q2FHN4
Q6GA09	Q2YXG4
Q6GA09	Q4L5Q6
Q6GA09	Q49WY5
Q9C8U5	Q9C8U5
Q6L568	Q6L568
Q5FUV5	Q5FUV5
Q9P403	Q9P403
Q9EWW6	Q9EWW6
P04873	P04873
B4TD16	B4TD16
B4TD16	A6T6Y2
B4TD16	Q8FJD1
B4TD16	A4W8Q9
B4TD16	B4T119
B4TD16	P0A8P1
B4TD16	Q8X5I5
B4TD16	Q1RE29
B4TD16	B5BBS0
B4TD16	B5FQ28
P35288	P35288
P35288	Q9ULC3
O34951	O34951
B2US24	B2US24
B2US24	P56076
B2US24	Q1CUW7
B2US24	Q17YR0
B2US24	B5Z9W5
Q8K485	Q8K485
Q8K485	Q693B1
P15110	P15110
Q4WL81	Q4WL81
P09074	P09074
Q8DPL7	Q8DPL7
Q6HGE0	Q6HGE0
B2FPP2	B2FPP2
B2FPP2	B4STR0
P73761	P73761
O74859	O74859
Q9NH02	Q9NH02
B7K6D3	B7K6D3
B7K6D3	Q111U2
B7K6D3	B1XL11
B7K6D3	Q8YYG2
B7K6D3	Q55766
B7K6D3	Q8DJF2
B7K6D3	Q5N3J1
B8D865	B8D865
Q9SFE4	Q9SFE4
O13547	O13547
B1VXS2	B1VXS2
B1VXS2	Q82KF0
B1VXS2	O69989
Q6MHQ3	Q6MHQ3
Q3A209	Q3A209
Q8F6L8	Q8F6L8
B1ZFB1	B1ZFB1
B1ZFB1	B1M7M3
B1ZFB1	B7KUF7
Q0HJG0	Q0HJG0
Q0HJG0	Q8EEV5
P86993	P86993
Q08880	Q08880
Q64373	Q64373
Q64373	Q07817
Q64373	O77737
Q64373	P53563
Q96DC9	Q96DC9
Q96DC9	Q9CQX0
Q84ZA1	Q84ZA1
A6QPC0	A6QPC0
A6QPC0	Q8WW14
Q5AQQ0	Q5AQQ0
A0A5J6BJN5	A0A5J6BJN5
Q2K3X0	Q2K3X0
Q2K3X0	C0RFL5
Q2K3X0	Q8UAM7
Q2K3X0	Q98AZ0
Q2K3X0	B9JS46
Q2K3X0	B5ZR38
Q2K3X0	Q1MBE0
Q12462	Q12462
Q58499	Q58499
Q9GZN2	Q9GZN2
Q9GZN2	Q8C0Y1
Q8PQ45	Q8PQ45
Q8PQ45	Q4UZF6
Q8PQ45	Q5GV61
P76445	P76445
Q8BLR7	Q8BLR7
Q8BLR7	Q2HJ68
Q8BLR7	Q92730
P25787	P25787
P25787	P24495
P25787	P17220
P25787	P40301
O29844	O29844
Q03125	Q03125
Q9LDT3	Q9LDT3
Q14512	Q14512
Q9LPN5	Q9LPN5
Q9LPN5	Q9FMC5
B8D7G7	B8D7G7
Q8ZPK1	Q8ZPK1
Q9PQT8	Q9PQT8
P12355	P12355
Q54CT8	Q54CT8
P17891	P17891
P0CI70	P0CI70
Q8MJG0	Q8MJG0
Q8MJG0	Q148R9
Q8MJG0	Q6ZS82
Q11117	Q11117
P24001	P24001
P70470	P70470
P70470	Q3MHR0
P70470	P97823
P70470	O75608
P70470	Q5RBR7
Q4K6M3	Q4K6M3
Q4K6M3	A9QZP5
Q1GCL2	Q1GCL2
Q1GCL2	Q16D02
Q1GCL2	Q5LWF6
Q1GCL2	B9KPU4
Q4X241	Q4X241
Q76B49	Q76B49
Q76B49	P41731
Q76B49	Q28709
Q76B49	P08962
Q76B49	P28648
Q76B49	Q9XSK2
A0Q7W6	A0Q7W6
A0Q7W6	B2SFY4
A0Q7W6	A4IWK9
A0Q7W6	Q14G66
Q6H677	Q6H677
Q6H677	Q5W6Z9
Q6H677	Q7XT40
Q63454	Q63454
A0Q0A0	A0Q0A0
Q5HH38	Q5HH38
Q5HH38	Q7A6A9
Q5HH38	Q8NXA0
Q5HH38	P23966
Q8IWD4	Q8IWD4
Q8IWD4	Q6PB51
Q8FMS2	Q8FMS2
Q8FMS2	Q8NMN7
Q895L8	Q895L8
Q9LIQ4	Q9LIQ4
A6L9X1	A6L9X1
P58851	P58851
Q2FPV1	Q2FPV1
Q2FPV1	A2STB8
Q2FPV1	A3CT78
Q9ZT95	Q9ZT95
Q9ZT95	Q9ZQZ6
P43639	P43639
Q9SRS9	Q9SRS9
Q87EW0	Q87EW0
Q87EW0	Q9PGR9
Q87EW0	Q4UTV5
Q87EW0	Q8PLL1
Q87EW0	Q5H0A3
Q87EW0	Q3BUL6
Q87EW0	B0RTU1
Q48AV5	Q48AV5
A8F7S0	A8F7S0
Q05778	Q05778
P89457	P89457
P89457	P10218
O65680	O65680
O94660	O94660
Q9YEK4	Q9YEK4
P21743	P21743
P21743	P47876
P21743	P24591
B0VEM6	B0VEM6
B0VEM6	Q6FBS3
B0VEM6	B2HXY4
P28063	P28063
P28063	Q5W416
P28063	P28064
P28063	Q3T112
P28063	P28062
P48797	P48797
Q75N35	Q75N35
Q75N35	A7MAQ2
Q75N35	Q75N34
P79099	P79099
P79099	P41181
P79099	P34080
P79099	P56402
P79099	O62735
P32177	P32177
P53147	P53147
B1YLQ1	B1YLQ1
A6W2I3	A6W2I3
A9IHJ7	A9IHJ7
Q9FUD3	Q9FUD3
P0C788	P0C788
B4U9P0	B4U9P0
A1K306	A1K306
O64654	O64654
P13765	P13765
P13765	P18467
Q94398	Q94398
Q836J0	Q836J0
Q9SUV9	Q9SUV9
A1Z6E0	A1Z6E0
C1IE32	C1IE32
Q820K4	Q820K4
P01582	P01582
P01582	P16598
Q8EMM9	Q8EMM9
Q601Y6	Q601Y6
P0AB98	P0AB98
Q5RH02	Q5RH02
Q92BF1	Q92BF1
Q92BF1	Q8Y6W7
Q5XG21	Q5XG21
Q5XG21	Q563C3
E7F021	E7F021
Q5NGY3	Q5NGY3
Q17ZF9	Q17ZF9
Q17ZF9	Q1CRJ9
Q17ZF9	B5Z950
Q0IHH1	Q0IHH1
P9WHF9	P9WHF9
P9WHF9	A0R4C9
P9WHF9	Q50036
Q9WYG8	Q9WYG8
A5CRN8	A5CRN8
B8E0T1	B8E0T1
O33336	O33336
P29588	P29588
P9WPQ5	P9WPQ5
P9WPQ5	P9WPQ4
P9WPQ5	A1KJ01
P9WPQ5	A0PP03
P9WPQ5	P45486
Q7AKG9	Q7AKG9
Q7AKG9	P9WGH9
Q7AKG9	A0QTP2
Q6GL11	Q6GL11
Q478G3	Q478G3
Q86WI0	Q86WI0
P13000	P13000
P9WMH3	P9WMH3
P41818	P41818
Q4WLV2	Q4WLV2
Q4WLV2	A1DNU5
Q4WLV2	B8NJ86
Q7Q0G5	Q7Q0G5
P09396	P09396
B9J1K4	B9J1K4
B9J1K4	Q81IQ4
B9J1K4	P12041
B9J1K4	C4L298
Q91YJ3	Q91YJ3
Q91YJ3	Q9P016
O46638	O46638
O46638	P26884
B0T8J6	B0T8J6
Q93V66	Q93V66
P21765	P21765
P21765	O18994
P21765	P28714
P21765	P30710
Q8U400	Q8U400
A5IQL2	A5IQL2
A5IQL2	Q6GJ11
Q9LVU1	Q9LVU1
C1CL86	C1CL86
C1CL86	B1ICH8
C1CL86	P63588
A0QUZ4	A0QUZ4
Q6UXV1	Q6UXV1
Q6C2T8	Q6C2T8
Q9HD15	Q9HD15
Q9HD15	Q6QGW5
Q9HD15	Q80VJ2
P14066	P14066
P0ACU0	P0ACU0
Q2P7M5	Q2P7M5
Q2P7M5	Q8PCW4
Q2P7M5	Q8PGK0
Q466J5	Q466J5
Q5FQT4	Q5FQT4
Q5R7B0	Q5R7B0
Q5R7B0	O95707
P0AG07	P0AG07
Q9WUR9	Q9WUR9
Q9WUR9	Q9WUS0
B2S100	B2S100
B2S100	Q0SMJ6
Q6LP25	Q6LP25
Q6LP25	A7MUL2
Q6LP25	P46232
Q6LP25	Q0T4C2
Q6LP25	Q32FB8
Q6LP25	Q7N3W0
Q6LP25	A1JP36
Q94CV1	Q94CV1
Q1AXB7	Q1AXB7
Q9C5P6	Q9C5P6
A9WHH4	A9WHH4
P43276	P43276
P44755	P44755
P77247	P77247
Q7VRG1	Q7VRG1
Q7VRG1	Q493E8
P51412	P51412
O59536	O59536
Q5RDW0	Q5RDW0
Q5RDW0	Q8R0F8
Q5RDW0	Q2HJ98
Q5RDW0	Q6P587
P25046	P25046
P29522	P29522
P29522	O96827
O07837	O07837
Q6C3T0	Q6C3T0
P24940	P24940
Q58DH7	Q58DH7
Q58DH7	Q60492
Q58DH7	Q99720
Q58DH7	Q9R0C9
Q58DH7	Q6DCU6
Q8A6M3	Q8A6M3
O26310	O26310
O75629	O75629
O75629	O88668
Q9M1J2	Q9M1J2
Q9M1J2	Q9ZVB9
Q6GPJ9	Q6GPJ9
O43097	O43097
Q09969	Q09969
P13087	P13087
Q9JHK0	Q9JHK0
Q2GEF4	Q2GEF4
P36015	P36015
P26624	P26624
Q12530	Q12530
A0A182BSR8	A0A182BSR8
O76173	O76173
Q49XD4	Q49XD4
Q49XD4	Q2FH94
Q39709	Q39709
D3W0D1	D3W0D1
Q3A2F0	Q3A2F0
Q4UYA4	Q4UYA4
Q9X7C0	Q9X7C0
Q9XYN7	Q9XYN7
A4XL42	A4XL42
Q07133	Q07133
A7GR32	A7GR32
A7GR32	B7JIC6
A7GR32	A8FDP7
A9VYW8	A9VYW8
A9VYW8	B1ZJN3
Q9D5A9	Q9D5A9
Q56416	Q56416
P64310	P64310
Q05327	Q05327
Q9H305	Q9H305
Q9H305	Q58D45
A8G702	A8G702
Q9GPS0	Q9GPS0
P36213	P36213
P10038	P10038
Q2RAP3	Q2RAP3
O07836	O07836
Q9H9Z2	Q9H9Z2
Q9H9Z2	Q8K3Y3
Q5T700	Q5T700
B7KWT3	B7KWT3
Q9YFK4	Q9YFK4
Q9TZ70	Q9TZ70
Q5WNW9	Q5WNW9
P0C798	P0C798
Q9I0N5	Q9I0N5
Q27956	Q27956
Q61599	Q61599
Q95UJ0	Q95UJ0
Q8XL81	Q8XL81
Q8XL81	Q0STQ8
A9AAG9	A9AAG9
Q92BL6	Q92BL6
Q92BL6	A0AIU6
A5CDI4	A5CDI4
Q9W6I1	Q9W6I1
P0DX12	P0DX12
Q5HNT9	Q5HNT9
Q04935	Q04935
Q61160	Q61160
Q3SPM7	Q3SPM7
Q3SPM7	Q89DJ9
P94040	P94040
S5VBU1	S5VBU1
Q46JZ5	Q46JZ5
Q9P7B2	Q9P7B2
Q9P7B2	P0CX39
P21658	P21658
C5CIV2	C5CIV2
Q9L9E5	Q9L9E5
Q9CQ37	Q9CQ37
P61608	P61608
P0DXA4	P0DXA4
B7HSV1	B7HSV1
B7HSV1	Q632S8
Q1ECF5	Q1ECF5
C4K435	C4K435
Q08746	Q08746
Q15041	Q15041
P05541	P05541
Q58227	Q58227
Q84K79	Q84K79
Q38W54	Q38W54
O67413	O67413
Q3SZX8	Q3SZX8
Q50327	Q50327
O58214	O58214
A4ZFB2	A4ZFB2
Q8UJ06	Q8UJ06
Q8UJ06	Q8FUZ2
P0C0D5	P0C0D5
P0C0D5	Q839G3
Q8TEA8	Q8TEA8
Q8TEA8	Q2T9V8
Q2J0F2	Q2J0F2
Q7AKE4	Q7AKE4
P9WJQ8	P9WJQ8
P24038	P24038
Q4WMA6	Q4WMA6
Q82A24	Q82A24
C4ZDP0	C4ZDP0
P58897	P58897
B1MLZ4	B1MLZ4
Q98NC4	Q98NC4
Q9FKC0	Q9FKC0
A6NC86	A6NC86
Q9GPR2	Q9GPR2
Q18KL6	Q18KL6
Q15286	Q15286
Q9GPQ9	Q9GPQ9
Q15ZS0	Q15ZS0
Q6S592	Q6S592
P34057	P34057
P34057	P35243
Q28NI7	Q28NI7
Q7M8H6	Q7M8H6
Q9Z7D1	Q9Z7D1
Q9Z7D1	Q821F9
Q12025	Q12025
P0DQT6	P0DQT6
Q0STA1	Q0STA1
A6X570	A6X570
Q9LVM2	Q9LVM2
P46436	P46436
P71062	P71062
Q8VBV8	Q8VBV8
P68259	P68259
P68259	O12956
P32939	P32939
Q9QZZ6	Q9QZZ6
Q9QZZ6	P45846
A7FUK4	A7FUK4
Q8XQG9	Q8XQG9
Q58043	Q58043
Q96DZ7	Q96DZ7
Q7A2Q1	Q7A2Q1
O83033	O83033
Q8FMU9	Q8FMU9
Q8FMU9	Q8NMR5
P82874	P82874
O64837	O64837
Q62912	Q62912
Q568N4	Q568N4
Q2YR03	Q2YR03
Q52NJ2	Q52NJ2
Q52NJ2	Q9H0U4
Q52NJ2	Q9D1G1
Q52NJ2	Q92928
Q52NJ2	P11620
Q52NJ2	Q9SEH3
Q52NJ2	P34139
Q52NJ2	Q4R8X3
Q52NJ2	Q54NU2
Q5AB87	Q5AB87
Q9H628	Q9H628
Q9SSM4	Q9SSM4
Q15771	Q15771
Q9FKG2	Q9FKG2
Q5WT13	Q5WT13
A9B6H3	A9B6H3
Q89E48	Q89E48
O62247	O62247
Q9H0R3	Q9H0R3
B1LB65	B1LB65
Q14919	Q14919
Q14919	Q2YDP3
Q14919	A0JPP1
Q3A3S5	Q3A3S5
A5F2S8	A5F2S8
Q6BF16	Q6BF16
P14602	P14602
P14602	P42930
P19652	P19652
Q7VMS6	Q7VMS6
P11897	P11897
Q1QAL9	Q1QAL9
P0C1D2	P0C1D2
Q6BJ82	Q6BJ82
Q9CAN4	Q9CAN4
Q9M0K4	Q9M0K4
Q823A7	Q823A7
C1FS96	C1FS96
C1FS96	A7GAI5
C1FS96	A7FR59
Q7UJF4	Q7UJF4
P0C7R2	P0C7R2
P0C7R2	Q948J9
P16527	P16527
Q9S7S3	Q9S7S3
O75558	O75558
O75558	Q9D3G5
O83357	O83357
O66506	O66506
Q90373	Q90373
Q02795	Q02795
Q82QG3	Q82QG3
A0A385XI13	A0A385XI13
P15846	P15846
P15846	Q22866
P15846	Q3Y8M6
P15846	A2V735
P15846	Q27249
P15846	Q60UW4
Q8NC01	Q8NC01
Q8NC01	Q0VCS6
B2ACC7	B2ACC7
B2ACC7	Q03689
Q7SCP4	Q7SCP4
Q11NE6	Q11NE6
Q84JC0	Q84JC0
Q2HJF4	Q2HJF4
Q2HJF4	P30039
Q2HJF4	Q68G31
Q2HJF4	Q9CXN7
Q2HJF4	Q9DCG6
P85137	P85137
P85137	P85138
P85137	P85139
B0B9I6	B0B9I6
Q9LQC0	Q9LQC0
A5ULR8	A5ULR8
Q5F9F6	Q5F9F6
Q5F9F6	A1KTB5
Q5F9F6	Q9JZW4
C5DIR2	C5DIR2
Q49776	Q49776
Q49776	P9WMN1
Q49776	A0QFA5
Q49776	A4TB83
Q49776	C1ASQ7
Q49776	C0ZZV7
Q3KME4	Q3KME4
A8MC59	A8MC59
P47137	P47137
P09222	P09222
Q0QLE4	Q0QLE4
P15643	P15643
Q6DHK1	Q6DHK1
Q1QZ31	Q1QZ31
Q9LXM2	Q9LXM2
Q9LXM2	Q9FMS6
E1X791	E1X791
Q07L39	Q07L39
Q07L39	Q3SRX8
Q6Z8F5	Q6Z8F5
Q6Z8F5	Q0JAI9
Q70KF8	Q70KF8
Q9BRL6	Q9BRL6
A5DRH5	A5DRH5
Q9C7C1	Q9C7C1
O34685	O34685
D5WVB5	D5WVB5
Q96WY0	Q96WY0
O17862	O17862
Q8IRJ8	Q8IRJ8
Q8BHX3	Q8BHX3
Q8BHX3	Q6AXW0
Q8BHX3	Q53HL2
G3CJR9	G3CJR9
Q2S0U5	Q2S0U5
Q9XSW3	Q9XSW3
Q5B428	Q5B428
Q5E4D8	Q5E4D8
Q8JIS3	Q8JIS3
Q8JIS3	Q920N9
Q8JIS3	Q7Z4W1
Q8JIS3	Q920P0
Q8JIS3	Q91X52
Q8JIS3	Q91XV4
Q8JIS3	Q1JP75
P18181	P18181
P0C882	P0C882
P0C882	O26652
P07026	P07026
A0L8Q7	A0L8Q7
Q9DAY2	Q9DAY2
Q9DAY2	P33580
Q9DAY2	P33579
O31216	O31216
Q99PA3	Q99PA3
Q96MF6	Q96MF6
Q9NQ35	Q9NQ35
O34484	O34484
P03733	P03733
Q9DCS1	Q9DCS1
P54293	P54293
B8E2K1	B8E2K1
O13979	O13979
B2TJ05	B2TJ05
B2TJ05	A5N2V9
B2TJ05	Q0SQU1
P20372	P20372
Q9SKY9	Q9SKY9
Q65S86	Q65S86
A9KEB5	A9KEB5
Q9VZ64	Q9VZ64
P53039	P53039
Q54YL2	Q54YL2
P13792	P13792
A0A8F4N283	A0A8F4N283
Q46K45	Q46K45
P36068	P36068
Q38X91	Q38X91
Q606J9	Q606J9
Q9LND1	Q9LND1
Q9LND1	Q8VYM0
P27836	P27836
P57432	P57432
Q29491	Q29491
P36167	P36167
Q9M0A6	Q9M0A6
A1S3J2	A1S3J2
Q67EQ0	Q67EQ0
Q67EQ0	Q9QZ15
Q9UK85	Q9UK85
A7ZI09	A7ZI09
Q3AL08	Q3AL08
P03007	P03007
P03007	P0A1H0
Q87C81	Q87C81
P30636	P30636
Q8IRR5	Q8IRR5
Q9SB47	Q9SB47
Q8VYD8	Q8VYD8
Q04V89	Q04V89
Q5HYI7	Q5HYI7
Q9M9F0	Q9M9F0
Q12FI4	Q12FI4
Q8VG13	Q8VG13
Q8VG13	Q8VF65
Q8VG13	Q8VFD1
Q8VG13	Q8VFD2
Q8VG13	Q8VEW5
Q8VG13	Q8VG09
Q8VG13	Q8VF66
Q8VG13	Q8VG02
Q8VG13	Q8VEW6
Q8VG13	Q8VG08
Q7TQA9	Q7TQA9
Q18240	Q18240
Q7S7R6	Q7S7R6
Q8NGR3	Q8NGR3
Q8XHJ4	Q8XHJ4
Q8XHJ4	Q8R753
Q8NGY6	Q8NGY6
P21309	P21309
B0CFX9	B0CFX9
B4U950	B4U950
Q7VL55	Q7VL55
Q7VL55	P44328
Q7VL55	P0A717
Q7VL55	Q8EAQ9
Q7VL55	P0A1V6
Q7VL55	Q8K9X2
Q7VL55	P57266
Q7VL55	P59512
Q7VL55	Q9KQ22
Q7VL55	Q7N590
Q7VL55	Q7VR76
Q7VL55	Q8DFF5
Q7VL55	Q8ZEY2
Q18GK1	Q18GK1
Q18GK1	Q5V3D9
P40344	P40344
Q06703	Q06703
Q8NGX5	Q8NGX5
Q8NGX5	Q6IF99
P34983	P34983
Q99453	Q99453
Q2YDD3	Q2YDD3
Q2YDD3	O95159
Q2YDD3	Q9DB43
Q556G4	Q556G4
Q8NGU4	Q8NGU4
P67053	P67053
Q74M58	Q74M58
O06974	O06974
P17811	P17811
P17811	P06185
Q54UQ4	Q54UQ4
Q9CWD8	Q9CWD8
P54666	P54666
Q9H209	Q9H209
Q9H209	Q9H208
Q3JC21	Q3JC21
Q3JC21	Q2YA99
Q16831	Q16831
P08721	P08721
P08721	P10923
Q54LN4	Q54LN4
P27680	P27680
Q1QVG9	Q1QVG9
F4HPP7	F4HPP7
Q8VFV4	Q8VFV4
P17370	P17370
O34476	O34476
Q1LSS7	Q1LSS7
Q7UHX0	Q7UHX0
Q3IHM8	Q3IHM8
Q59514	Q59514
Q9GZK7	Q9GZK7
Q9BQP9	Q9BQP9
O45526	O45526
Q9FF66	Q9FF66
P11187	P11187
Q5NFE1	Q5NFE1
Q5NFE1	B0TZP1
Q5NFE1	B2SFA2
Q5NFE1	A0Q549
Q5NFE1	Q2A524
Q8KDU6	Q8KDU6
Q8KDU6	B3QNS4
O18404	O18404
Q7ZTY7	Q7ZTY7
Q3ZXC5	Q3ZXC5
Q3ZXC5	A5FRB6
Q9UT36	Q9UT36
P18410	P18410
Q5NLS8	Q5NLS8
Q5WEW9	Q5WEW9
P39640	P39640
Q8YGW9	Q8YGW9
O81148	O81148
O81148	O82530
O81148	P0C8Y9
O81148	P52427
O81148	F4JJE5
P24615	P24615
P24615	P0DOE7
Q6A9J2	Q6A9J2
C4K6H0	C4K6H0
A0A0J9X285	A0A0J9X285
Q9C595	Q9C595
O04209	O04209
B7LNS1	B7LNS1
B7LNS1	B1LEI6
B7LNS1	B2VH50
B7LNS1	P0A6L0
B7LNS1	B7LXU3
B7LNS1	B0BPV4
B7LNS1	A1AJU8
B7LNS1	Q31SV8
B7LNS1	B3H1P7
B7LNS1	Q0SX30
B7LNS1	Q8ZJV8
B7LNS1	B4EWA4
B7LNS1	B6ENG3
B7LNS1	B7VJF8
B7LNS1	Q7MI38
B7LNS1	Q5E7J7
B7LNS1	Q6LUH4
B7LNS1	A7MUW7
B7LNS1	Q8DBT2
B7LNS1	B5FA98
B7LNS1	Q0HXQ4
B7LNS1	A3D7J4
B7LNS1	Q0HLF0
B7LNS1	B0TQ91
B7LNS1	A0KPE4
B7LNS1	A8H728
B7LNS1	A8FYQ9
B7LNS1	A5F5S6
Q6NMS0	Q6NMS0
Q2GDS9	Q2GDS9
O24030	O24030
O24030	Q0J006
O24030	Q6YT00
O24030	P30186
O24030	O24616
O24030	P34120
A6QNY1	A6QNY1
Q7MLE6	Q7MLE6
P40847	P40847
P68543	P68543
P68543	D3ZID8
P68543	Q99KJ0
Q9UKI2	Q9UKI2
Q9UKI2	Q9CQC5
P56868	P56868
P0A9E5	P0A9E5
P0A9E5	P0A2T8
P0A9E5	Q8ZE82
Q6NC62	Q6NC62
Q6NC62	Q13F06
Q6NC62	Q21C03
Q6NC62	Q2J429
B2GC12	B2GC12
Q5NMD6	Q5NMD6
E2RYF7	E2RYF7
Q9I4E3	Q9I4E3
Q5E3E3	Q5E3E3
Q5E3E3	Q87ME1
P38197	P38197
O34717	O34717
P14106	P14106
P14106	P31721
P14106	Q2KIV9
P14106	P02746
Q7Z2X4	Q7Z2X4
Q2RP80	Q2RP80
Q9BWV2	Q9BWV2
Q3AWY4	Q3AWY4
Q3AWY4	A2BPR2
Q3AWY4	Q7V2P2
Q3AWY4	A8G3E4
Q3AWY4	A2C0N7
Q5EG55	Q5EG55
Q5EG55	Q8CCI5
P37329	P37329
P76135	P76135
Q9STX9	Q9STX9
Q4PIR3	Q4PIR3
B3Q6H7	B3Q6H7
B3Q6H7	Q07N44
B3Q6H7	Q136H7
B3Q6H7	A4YV68
Q5M870	Q5M870
Q5M870	Q8CJC5
A7I316	A7I316
Q0K8N3	Q0K8N3
Q0K8N3	Q46Z18
Q0K8N3	Q8Y0I1
Q0K8N3	Q1LKN1
Q0K8N3	B3R1Z9
P0A873	P0A873
P0A873	Q8ZBU9
P0A873	P43912
P14439	P14439
P14439	P04224
P14439	P01903
P14439	P01904
P14439	Q30631
Q71SS4	Q71SS4
Q71SS4	Q99J56
Q71SS4	Q5R9W3
Q71SS4	Q9BUN8
P0DP92	P0DP92
Q57X51	Q57X51
P40198	P40198
Q5K4R0	Q5K4R0
Q1QCP3	Q1QCP3
Q9XIP8	Q9XIP8
P23917	P23917
Q8I912	Q8I912
Q8I912	Q2XQ09
Q8I912	Q27Q54
Q05541	Q05541
A3MY96	A3MY96
A3MY96	B3GZL4
A3MY96	B8F3C2
Q32LN0	Q32LN0
Q32LN0	O70273
Q32LN0	Q9NZC4
Q9UKJ1	Q9UKJ1
Q9UKJ1	Q9UKJ0
Q73FQ1	Q73FQ1
Q8N7B1	Q8N7B1
Q8N7B1	Q5SQP1
Q9NX52	Q9NX52
Q9NX52	A2AGA4
Q4H4E9	Q4H4E9
Q167Y9	Q167Y9
Q167Y9	Q5LNV2
Q167Y9	Q1GE28
Q167Y9	A1B5A7
Q167Y9	B9KLK2
Q9LV09	Q9LV09
Q9WZY3	Q9WZY3
Q9WZY3	B9KA88
Q9P885	Q9P885
Q8TAV0	Q8TAV0
Q9SUS1	Q9SUS1
C0HLL3	C0HLL3
C0HLL3	P0CH87
O02786	O02786
O02786	Q2VL86
O02786	Q2VL80
O02786	Q2VL78
O02786	Q2VL79
O02786	Q2VL85
O02786	Q2VL77
O02786	Q2VL83
O02786	Q2VL82
O02786	Q2VL76
O02786	P13297
O02786	P28360
O02786	Q2VL87
O02786	Q2VL84
O02786	P50223
Q9LDM2	Q9LDM2
Q7Z602	Q7Z602
Q7Z602	Q7TQP0
Q9Y765	Q9Y765
O80341	O80341
C3MW45	C3MW45
C3MW45	C3N688
C3MW45	C3MQG7
Q7T3E8	Q7T3E8
Q8IVM0	Q8IVM0
Q8IVM0	Q810U5
Q8IVM0	Q810U0
Q7TUV8	Q7TUV8
Q7TUV8	A2C873
Q7TUV8	Q3AIB3
Q7TUV8	A5GRZ3
O43980	O43980
Q7X3P1	Q7X3P1
Q7X3P1	P60651
A0A443HJZ3	A0A443HJZ3
P34604	P34604
A0A2C9EVE6	A0A2C9EVE6
A0A2C9EVE6	Q4K423
A0A2C9EVE6	F7J5X9
P59536	P59536
O64761	O64761
Q1JUP5	Q1JUP5
Q8BG41	Q8BG41
Q8BG41	A5LHX3
P09925	P09925
P09925	Q15526
P41274	P41274
P56291	P56291
P56291	Q7NI14
P56291	Q2JS74
P56291	B8HUQ3
P56291	Q8DGH0
P56291	B2IUL7
P56291	P48110
P56291	Q5N5U1
P56291	Q3MAN6
P56291	Q115L1
P56291	P06267
P56291	Q1KVR9
P56291	Q85FG5
P56291	Q6YXQ7
P56291	Q00469
P56291	A2T392
P56291	P51187
P56291	Q8LU58
P56291	Q5SCY9
P50007	P50007
P38913	P38913
Q9XDM4	Q9XDM4
Q9XDM4	B1VB82
Q5ZIP6	Q5ZIP6
Q5ZIP6	Q8K2H2
Q5ZIP6	Q8N6M0
O06724	O06724
Q9S7P9	Q9S7P9
Q7P207	Q7P207
Q7P207	C1D679
Q8LG98	Q8LG98
B7UYX1	B7UYX1
B7UYX1	A4XSC5
B7UYX1	A5W8F1
B7UYX1	B1J4E1
O88792	O88792
O88792	Q9JHY1
Q95XD0	Q95XD0
P41318	P41318
Q54LW0	Q54LW0
D4AU26	D4AU26
A5F4C4	A5F4C4
A5F4C4	A7N128
A5F4C4	Q87KE3
A5F4C4	C3LPC8
A5F4C4	A1S1K6
A5F4C4	A1RDY8
A5F4C4	B8CHB9
Q06508	Q06508
P32572	P32572
Q8NGE2	Q8NGE2
Q8NGE2	Q8NGE1
Q9Y619	Q9Y619
Q9Y619	A0A0G2K309
Q9Y619	Q9BXI2
Q9Y619	Q9WVD5
Q63HQ0	Q63HQ0
P02968	P02968
Q9H210	Q9H210
P87240	P87240
O16017	O16017
O16017	O18481
Q63TX3	Q63TX3
Q63TX3	Q2SVP3
Q1G9D6	Q1G9D6
Q801G1	Q801G1
Q801G1	Q67FQ3
Q801G1	Q8C142
Q801G1	Q5SW96
Q801G1	D3ZAR1
Q8SVS9	Q8SVS9
P55098	P55098
P55098	P24392
P55098	Q06438
P55098	P28328
O34385	O34385
P59543	P59543
P59543	Q646A0
P9WH09	P9WH09
Q4KKL2	Q4KKL2
Q4KKL2	Q3KK91
Q4KKL2	Q88RL9
Q4KKL2	C1DG34
B3WF00	B3WF00
B3WF00	Q038E3
Q8VZ48	Q8VZ48
A7GVF0	A7GVF0
A7GVF0	Q814M3
A7GVF0	Q630J5
A7GVF0	C3LFT4
A7GVF0	B7HG67
A7GVF0	Q72X44
Q5VYS4	Q5VYS4
Q5VYS4	Q14BA6
Q03736	Q03736
K4D3U9	K4D3U9
Q3JP04	Q3JP04
Q3JP04	A4JBR4
Q3JP04	B1JW12
Q3JP04	A9AGC5
Q3JP04	A1V0T9
Q3JP04	Q63R41
Q3JP04	B2JGE9
Q3JP04	Q1BYY1
P13319	P13319
Q8TFH3	Q8TFH3
P87230	P87230
P0C0Y9	P0C0Y9
P0C0Y9	P11847
B1HV79	B1HV79
Q9SKT0	Q9SKT0
Q9SKT0	Q84PB7
C1AA54	C1AA54
Q231U7	Q231U7
Q3BUF8	Q3BUF8
Q3BUF8	B2FPL8
Q80VY2	Q80VY2
Q80VY2	Q9NTI7
Q0P487	Q0P487
Q7WFS8	Q7WFS8
P08477	P08477
Q96MG7	Q96MG7
Q96MG7	Q9CPR8
Q4V8X4	Q4V8X4
Q42670	Q42670
Q4KLY4	Q4KLY4
O36410	O36410
Q8NM65	Q8NM65
Q57YZ9	Q57YZ9
A0JPZ8	A0JPZ8
B6YRC6	B6YRC6
O82631	O82631
B0BM95	B0BM95
Q07651	Q07651
Q8RD35	Q8RD35
Q2GDX3	Q2GDX3
Q4AAX7	Q4AAX7
P0CZ32	P0CZ32
P0CZ32	Q8P2L5
A6UB14	A6UB14
P38324	P38324
Q9VFX1	Q9VFX1
A1B2F3	A1B2F3
P29136	P29136
Q5LX16	Q5LX16
A0A179H0I3	A0A179H0I3
Q5KWK6	Q5KWK6
Q9HA64	Q9HA64
Q9HA64	Q8K274
P44331	P44331
B8I262	B8I262
A1UTC2	A1UTC2
A1UTC2	A9IWA2
B1HW99	B1HW99
Q3KQZ1	Q3KQZ1
Q979G6	Q979G6
Q979G6	Q9HL35
P33333	P33333
Q12010	Q12010
Q80VR3	Q80VR3
Q80VR3	P50237
Q06522	Q06522
Q84NN4	Q84NN4
A3DGK6	A3DGK6
A3DGK6	B9MR75
Q8NQU2	Q8NQU2
Q4KF90	Q4KF90
Q4KF90	Q88KX1
Q4KF90	A4XTM7
Q4KF90	Q02NV3
Q9BT49	Q9BT49
Q9BT49	Q8VCZ3
Q9RY51	Q9RY51
Q64J17	Q64J17
Q9I0F2	Q9I0F2
P32331	P32331
Q7U0Z0	Q7U0Z0
P47941	P47941
P47941	Q5U2U2
P47941	P46109
B9DNT1	B9DNT1
Q8K3A6	Q8K3A6
P29632	P29632
P29632	P29638
P29632	P29640
P29632	P92600
P29632	P29641
P29632	P48520
P29632	O47558
O86308	O86308
O79551	O79551
Q9HZL7	Q9HZL7
Q6DC66	Q6DC66
P45111	P45111
Q8F4A0	Q8F4A0
Q12918	Q12918
A9NBS5	A9NBS5
P47296	P47296
Q9X2H9	Q9X2H9
Q12354	Q12354
Q9C8M3	Q9C8M3
Q8IAM2	Q8IAM2
Q6R6U4	Q6R6U4
P42244	P42244
Q8Z023	Q8Z023
P0CL17	P0CL17
Q9BR10	Q9BR10
Q9BR10	Q9DA57
Q6YZZ6	Q6YZZ6
Q6KZ23	Q6KZ23
Q5Z236	Q5Z236
I1KR70	I1KR70
Q7NFL5	Q7NFL5
Q8TBB0	Q8TBB0
Q9SJ52	Q9SJ52
G8T6H8	G8T6H8
Q0JKX1	Q0JKX1
Q6AUK5	Q6AUK5
Q9UL25	Q9UL25
Q9UL25	Q17R06
Q9UL25	P35282
Q9UL25	P55745
Q1QU77	Q1QU77
Q46Z98	Q46Z98
Q46Z98	Q8XZ79
Q46Z98	Q1LLA8
Q46Z98	B2JFN9
Q46Z98	Q2SUW0
Q04L82	Q04L82
Q04L82	Q8DZC6
Q04L82	Q8DTT9
Q04L82	Q5M481
B1MW95	B1MW95
Q9DCH6	Q9DCH6
Q9DCH6	Q5R7S6
Q9DCH6	Q3SZY7
Q9DCH6	Q6FIF0
Q8SX37	Q8SX37
P02883	P02883
Q9N0J9	Q9N0J9
Q9N0J9	P35762
Q9N0J9	Q3ZCD0
Q9N0J9	O97703
Q9N0J9	Q62745
Q9N0J9	P60033
A6LC86	A6LC86
P18196	P18196
B1ZSC4	B1ZSC4
Q6AY26	Q6AY26
Q6AY26	Q8K3A4
Q96183	Q96183
Q96183	Q9MIY7
Q96183	Q37677
Q96183	P24987
Q96183	P34189
Q86AV4	Q86AV4
Q8UGK2	Q8UGK2
Q8UGK2	C3M8S4
Q8UGK2	A6U7A8
Q8UGK2	B9JUN7
Q23533	Q23533
O49078	O49078
O49078	Q9ZR03
O49078	Q69S39
O49078	Q7X9A6
O49078	Q69GY7
O49078	Q02585
O49078	P30361
O49078	P26291
O49078	P08980
P56198	P56198
P56198	Q5XI33
P56198	F1MN90
P56198	Q96AQ7
P0CT48	P0CT48
Q921H9	Q921H9
Q921H9	Q96BR5
Q41932	Q41932
Q41932	Q9XFT3
A3CP46	A3CP46
A3CP46	Q8E0K7
A3CP46	C1C7M6
A3CP46	B1IC43
A3CP46	Q8DPJ8
A3CP46	C1CR56
A3CP46	B9DRH1
A3CP46	C0MCR4
Q88W46	Q88W46
O31667	O31667
Q755M2	Q755M2
Q755M2	P46969
Q558K8	Q558K8
Q93JT2	Q93JT2
A7XRZ1	A7XRZ1
O86311	O86311
B2IKU6	B2IKU6
Q58G47	Q58G47
A6T7F1	A6T7F1
A6T7F1	Q5PGU1
A6T7F1	P0A6R0
A6T7F1	Q32EV1
A6T7F1	O85139
A6T7F1	A4TLS3
A6T7F1	Q1CI19
Q0BNM6	Q0BNM6
Q0BNM6	Q14GB2
Q0BNM6	B0TXA0
Q8NGE0	Q8NGE0
P33025	P33025
Q8BHC0	Q8BHC0
P59946	P59946
Q2NKH9	Q2NKH9
Q2NKH9	D3ZNQ3
A0MTA1	A0MTA1
A0A805Z5R7	A0A805Z5R7
A0A805Z5R7	A5HKP3
P0ACQ7	P0ACQ7
B9MCI6	B9MCI6
P45040	P45040
Q28DX1	Q28DX1
P24601	P24601
Q0IDZ4	Q0IDZ4
B6I8L3	B6I8L3
B6I8L3	P33022
B6I8L3	B5YWV3
B6I8L3	B7LAI5
Q8VGI1	Q8VGI1
Q8VGI1	P23273
Q8VGI1	P23271
Q8VGI1	P23272
Q8VGI1	P30953
Q8VGI1	P23269
Q8VGI1	P70526
Q8VGI1	P23274
Q60883	Q60883
Q60883	Q8NGV0
Q8D2R2	Q8D2R2
A1VYG1	A1VYG1
A1VYG1	B9KF15
A1VYG1	A7HZZ3
A1VYG1	A0RQM4
A1VYG1	A7GWR2
Q8NGC4	Q8NGC4
Q8NGC4	Q8NGC3
Q9Y6J8	Q9Y6J8
O75679	O75679
O75679	O75677
B2BRG3	B2BRG3
B2BRG3	A2T3P0
B2BRG3	Q03245
B2BRG3	B3SRX8
B2BRG3	B3SRV4
B2BRG3	P03537
P0DX62	P0DX62
Q2RBS5	Q2RBS5
A4SGC0	A4SGC0
Q1I642	Q1I642
Q1I642	Q4ZWR2
Q1I642	Q88MG4
Q1I642	Q886M7
P47890	P47890
Q6IQP3	Q6IQP3
Q6IQP3	Q3T0K1
Q6IQP3	O43852
Q6IQP3	O35887
Q6IQP3	Q6XLQ7
Q6IQP3	O35783
Q96BM1	Q96BM1
P42068	P42068
P77183	P77183
Q04949	Q04949
A6TAC8	A6TAC8
A6TAC8	B7L504
A6TAC8	P0ABR9
A6TAC8	B6HZX4
A6TAC8	B7MPB5
Q2S4R2	Q2S4R2
Q10257	Q10257
Q39211	Q39211
Q39211	Q39212
A4D2G3	A4D2G3
A4D2G3	O95047
A4D2G3	P34984
A4D2G3	Q8NGT9
A4D2G3	Q96R45
O34483	O34483
O34483	B7IPS7
O34483	A7Z973
O34483	Q8ENK1
O34483	C3LED2
O34483	Q812J6
O34483	Q5WDH1
B1IM66	B1IM66
Q9D4W2	Q9D4W2
Q9LZ82	Q9LZ82
C4ZEG7	C4ZEG7
Q9BTD3	Q9BTD3
Q9NWD8	Q9NWD8
Q8VGS3	Q8VGS3
Q8VGS3	Q8NGP9
Q91WA4	Q91WA4
Q91WA4	Q5XIQ3
Q91WA4	Q32LB3
A8MLY0	A8MLY0
A8MLY0	A6TVD3
O14291	O14291
B5R0N8	B5R0N8
B5R0N8	B5FBR5
B5R0N8	B7LLV3
B5R0N8	A1AJ77
B5R0N8	Q5E2C7
B5R0N8	B2TY46
B5R0N8	A8AMN0
B5R0N8	Q7MAX8
B5R0N8	Q57GM0
B5R0N8	A9QYN2
B5R0N8	A7MM88
B5R0N8	Q6D066
B5R0N8	B4T2R6
B5R0N8	C6DFJ8
B5R0N8	B4F265
B5R0N8	A5F3L6
B5R0N8	A4W5R2
B5R0N8	B5BKI0
B5R0N8	A6TH86
B5R0N8	P16384
P39172	P39172
A2ADF7	A2ADF7
A2ADF7	Q6PIV7
A0R5C5	A0R5C5
Q58439	Q58439
P0AGH8	P0AGH8
Q9P0W2	Q9P0W2
Q9P0W2	Q9Z104
Q9P0W2	Q32L68
Q8TCB6	Q8TCB6
P29054	P29054
P29054	P62915
P29054	Q2KIN8
P29054	P29052
P29054	Q00403
P96717	P96717
P21942	P21942
P21942	Q06912
P21942	P0CK34
P43648	P43648
P43648	Q08264
Q85FL6	Q85FL6
P53904	P53904
Q9X0C6	Q9X0C6
Q9X0C6	B1L873
Q9YGT5	Q9YGT5
A0A8K1Y6E0	A0A8K1Y6E0
B7ZTR0	B7ZTR0
B7ZTR0	Q6GNL4
C1FN42	C1FN42
C1FN42	A7GDQ7
C1FN42	A5I246
P76082	P76082
Q8XLK5	Q8XLK5
A4QHQ6	A4QHQ6
A4QHQ6	Q8FM11
P57697	P57697
Q6UWN5	Q6UWN5
P95283	P95283
Q88SD8	Q88SD8
Q8E5I2	Q8E5I2
Q5FQZ4	Q5FQZ4
P31105	P31105
O34697	O34697
Q9DCZ9	Q9DCZ9
Q9DCZ9	Q5RDM3
Q9DCZ9	Q8C7N7
Q9DCZ9	Q8WW43
Q5YXQ1	Q5YXQ1
P07283	P07283
P07283	P31353
O58212	O58212
Q9XB60	Q9XB60
Q9H2A7	Q9H2A7
Q035E0	Q035E0
Q9ZNN8	Q9ZNN8
Q1QU76	Q1QU76
Q555E8	Q555E8
Q8VYM4	Q8VYM4
O93743	O93743
Q6MHI2	Q6MHI2
P40949	P40949
Q5FFT1	Q5FFT1
P04639	P04639
P12629	P12629
P01089	P01089
Q95005	Q95005
A0A0H3PEK7	A0A0H3PEK7
Q2JVR3	Q2JVR3
Q5HCM4	Q5HCM4
Q5HCM4	Q4A049
Q5HCM4	P64361
P0ACL2	P0ACL2
Q54HH8	Q54HH8
P05057	P05057
P05057	P05058
Q5HZW7	Q5HZW7
Q2JS42	Q2JS42
Q2JS42	Q2JJE2
Q2JS42	A2C7Q3
Q2JS42	A5GSA3
Q2JS42	Q3AV98
Q2JS42	Q7V2F8
Q2JS42	Q5N3B6
Q2JS42	Q7V6C2
Q2JS42	Q3MFI4
Q53882	Q53882
Q9CWH4	Q9CWH4
B9DRX8	B9DRX8
Q5HU56	Q5HU56
Q9CPE0	Q9CPE0
O67069	O67069
P40106	P40106
P40106	P41277
P27620	P27620
Q5F9K6	Q5F9K6
Q9KWS3	Q9KWS3
A0QT90	A0QT90
Q9VI85	Q9VI85
A0KF11	A0KF11
Q8UA66	Q8UA66
Q8UA66	B3PP83
Q8UA66	Q1MBA9
Q8UA66	C3MHQ9
A6TZ65	A6TZ65
A6TZ65	B9DKR5
A6TZ65	Q49VE0
A6TZ65	Q8CTQ2
A6TZ65	Q8NXW5
A6TZ65	Q2YS77
A6TZ65	A6QEP0
O95832	O95832
C4XHR2	C4XHR2
Q39YD4	Q39YD4
Q39YD4	C6E082
B4UBC0	B4UBC0
B4UBC0	B8J881
P37958	P37958
A1UT26	A1UT26
Q14964	Q14964
Q14964	Q8BHD0
Q14964	Q96DA2
P24730	P24730
Q93DY9	Q93DY9
Q6K7H2	Q6K7H2
Q6K7H2	Q7XI40
Q2T9T3	Q2T9T3
Q2T9T3	P19388
Q9LYQ4	Q9LYQ4
Q8TRS3	Q8TRS3
Q6ZI01	Q6ZI01
A9C3B1	A9C3B1
Q5SJ65	Q5SJ65
P60836	P60836
Q9LM84	Q9LM84
O97177	O97177
Q9NSY2	Q9NSY2
B2RZ50	B2RZ50
B2RZ50	Q810P3
P27869	P27869
Q8BG17	Q8BG17
Q95RA8	Q95RA8
Q95RA8	Q9H8S9
Q9NQM4	Q9NQM4
Q9Z2H6	Q9Z2H6
Q9Z2H6	Q69FH1
Q8R2Y9	Q8R2Y9
Q8R2Y9	Q6DE02
Q8R2Y9	Q66K94
Q8R2Y9	Q9BQ15
Q8R2Y9	A6QLK2
P26652	P26652
P26652	P35625
P26652	P79121
Q5NHC6	Q5NHC6
P0A752	P0A752
Q6PEH1	Q6PEH1
Q6PEH1	P33946
Q6PEH1	P33947
Q494R4	Q494R4
P32845	P32845
Q02539	Q02539
Q02539	D4A3K5
Q3SRD2	Q3SRD2
Q3SRD2	B1Z9C7
Q3SRD2	Q6G3Z3
Q3SRD2	Q6G178
Q3SRD2	Q89KG1
Q3SRD2	A5EKA8
B2TQ13	B2TQ13
B6T5Z6	B6T5Z6
P85507	P85507
Q9HNR3	Q9HNR3
P42673	P42673
Q99P68	Q99P68
Q9VGV8	Q9VGV8
P13506	P13506
P51147	P51147
P51147	Q06AU6
P51147	P20339
P51147	Q0IIG7
P51147	P35278
P51147	Q9CQD1
P51147	P61020
P51147	Q58DS9
P51147	Q86JP3
A9BFZ7	A9BFZ7
Q6F718	Q6F718
P95895	P95895
Q3ADL6	Q3ADL6
C5FEL7	C5FEL7
O60171	O60171
Q1C367	Q1C367
Q1C367	A6TE38
P61914	P61914
Q3T5N4	Q3T5N4
Q2RNK3	Q2RNK3
O95484	O95484
A8FMG2	A8FMG2
A8FMG2	Q5HTZ5
Q9S810	Q9S810
Q9S810	P40393
Q9S810	O49513
Q9S810	Q9LK99
Q9S810	Q39222
Q9S810	Q9FK68
O43708	O43708
O43708	Q9WVL0
G3ECR4	G3ECR4
Q24040	Q24040
Q1MGK1	Q1MGK1
P70426	P70426
P70426	Q99578
P70426	P70425
A5EFG7	A5EFG7
O08595	O08595
O08595	Q6P7L4
P0DOX7	P0DOX7
Q38X61	Q38X61
P39715	P39715
Q94126	Q94126
P01242	P01242
P61107	P61107
Q55GJ6	Q55GJ6
Q492U0	Q492U0
Q051I1	Q051I1
P62760	P62760
P62760	P42325
Q10Q80	Q10Q80
P22906	P22906
Q9Z0F4	Q9Z0F4
Q1CT68	Q1CT68
A5VLG9	A5VLG9
Q9JVQ2	Q9JVQ2
Q2K9T4	Q2K9T4
Q2K9T4	Q11JK5
Q2K9T4	A5VPY4
Q2K9T4	Q1MIL4
Q6C8H2	Q6C8H2
O96552	O96552
Q765Z4	Q765Z4
Q91Z84	Q91Z84
Q91Z84	Q64FU1
Q91Z84	Q6LA37
Q8D2K4	Q8D2K4
Q4KGG0	Q4KGG0
P38976	P38976
P34149	P34149
P57209	P57209
Q2NQQ7	Q2NQQ7
Q5SFD1	Q5SFD1
Q8LDD3	Q8LDD3
Q2RL24	Q2RL24
Q9GK12	Q9GK12
Q8MN58	Q8MN58
P22844	P22844
P22844	P43278
Q0STE8	Q0STE8
Q9FGJ3	Q9FGJ3
P0AEY5	P0AEY5
Q65GG3	Q65GG3
Q9HSG3	Q9HSG3
B9L638	B9L638
Q9Y3B1	Q9Y3B1
Q08C57	Q08C57
P26797	P26797
Q8U263	Q8U263
Q2YZ69	Q2YZ69
B9DM01	B9DM01
Q9H106	Q9H106
P26968	P26968
Q65V47	Q65V47
A7HNV0	A7HNV0
B1XS66	B1XS66
Q2KS03	Q2KS03
Q2KS03	P0DJX1
Q06529	Q06529
Q73FJ4	Q73FJ4
B8NA66	B8NA66
P12040	P12040
P0A6N8	P0A6N8
Q19162	Q19162
Q9JLT6	Q9JLT6
P0A948	P0A948
P56213	P56213
P48254	P48254
Q7VLH2	Q7VLH2
Q9CQJ7	Q9CQJ7
C6C068	C6C068
O34723	O34723
Q7BVH7	Q7BVH7
Q8SS24	Q8SS24
Q8REJ7	Q8REJ7
Q9XSQ7	Q9XSQ7
P31941	P31941
P54506	P54506
Q9VRN5	Q9VRN5
Q6FUV2	Q6FUV2
Q62302	Q62302
P35026	P35026
Q4WAW9	Q4WAW9
Q948T6	Q948T6
Q948T6	O65398
Q948T6	Q39366
Q67N06	Q67N06
Q59XU5	Q59XU5
Q59XU5	C4YKT4
Q59XU5	P15064
Q59XU5	O93856
Q59XU5	P08647
Q72E03	Q72E03
B6YTG0	B6YTG0
B6YTG0	P56218
P17796	P17796
P17796	P09779
Q6AEC6	Q6AEC6
Q67YC0	Q67YC0
Q67YC0	Q9FZ62
P03872	P03872
O51873	O51873
Q93LQ8	Q93LQ8
Q9FF53	Q9FF53
Q9FF53	P43286
Q9FF53	P43287
Q9FF53	Q9ZV07
Q9FF53	Q9SV31
Q9FF53	P30302
Q9FF53	Q6EU94
Q9FF53	P0DO53
Q9FF53	S5ZH89
Q9FF53	Q7XSQ9
Q9FF53	Q08733
Q9FF53	Q06611
Q9FF53	Q9SXF8
Q9FF53	Q39196
Q9FF53	P61837
Q9FF53	Q8LAA6
Q9FF53	Q9AR14
Q9FF53	Q9XF59
Q9FF53	A0A6M3QG69
Q9FF53	Q9ZVX8
Q9FF53	P93004
Q9FF53	Q84RL7
Q9FF53	Q8GRI8
Q9FF53	Q9XF58
Q9FF53	Q8GRT8
Q9FF53	Q8H5N9
Q2QP13	Q2QP13
P27111	P27111
Q9FNN6	Q9FNN6
O66726	O66726
A7YWN2	A7YWN2
A7YWN2	Q91V79
A7YWN2	A5D6W6
A8ERG2	A8ERG2
Q5VQK9	Q5VQK9
Q5VQK9	B8AAV3
Q05533	Q05533
Q8UHP8	Q8UHP8
Q9XGN3	Q9XGN3
Q6P9X9	Q6P9X9
Q6P9X9	Q923D3
Q5RFI3	Q5RFI3
Q5RFI3	Q7Z5W3
Q5RFI3	Q29S19
Q5RFI3	D4ABH7
Q5RFI3	Q91YP1
Q16637	Q16637
Q16637	Q8HYB8
Q16637	Q4R4F8
Q16637	Q5RE18
Q16637	O35876
Q16637	P97801
Q16637	O02771
Q16637	O18870
Q8LC79	Q8LC79
Q86JM5	Q86JM5
Q9M336	Q9M336
Q93Y38	Q93Y38
Q9PIC3	Q9PIC3
Q03F56	Q03F56
Q2FNR0	Q2FNR0
B2G5I8	B2G5I8
P25444	P25444
P25444	P31009
P25444	Q90YS3
P25444	P15880
P25444	O18789
P25444	P27685
P25444	P51403
P25444	P49688
P25444	Q9SCM3
P25444	Q93VB8
P25444	Q8L8Y0
P25444	G1SWM1
P0AFR7	P0AFR7
P52422	P52422
Q6IE21	Q6IE21
Q9NUI1	Q9NUI1
Q9NUI1	Q5RBV3
Q9NUI1	Q9WV68
Q9NUI1	Q9Z2M4
Q4WZ69	Q4WZ69
B8I944	B8I944
A6L5G7	A6L5G7
A6L5G7	A6LA57
Q99N10	Q99N10
P14171	P14171
O09345	O09345
Q9ZUH5	Q9ZUH5
Q9ZUH5	Q9M2E2
P47804	P47804
P47804	Q9Z2B3
P47804	P47803
Q492W0	Q492W0
Q90ZB9	Q90ZB9
Q9FJW5	Q9FJW5
Q92535	Q92535
O14161	O14161
O01666	O01666
Q7Y0S0	Q7Y0S0
Q83GI1	Q83GI1
Q49XJ7	Q49XJ7
A0A162J3X8	A0A162J3X8
Q8IMU4	Q8IMU4
Q12416	Q12416
Q80UW2	Q80UW2
Q80UW2	Q17QK6
Q80UW2	Q9UK22
A0A075D6M1	A0A075D6M1
A0A075D6M1	A0A075D5I4
Q54XZ0	Q54XZ0
P13453	P13453
Q9CPZ1	Q9CPZ1
A6NI73	A6NI73
P19879	P19879
P19879	Q8MJF1
P19879	P20774
P19879	Q62000
Q9XEX4	Q9XEX4
A0A1P8CWZ3	A0A1P8CWZ3
I6Y8I5	I6Y8I5
Q836D1	Q836D1
O95685	O95685
P06661	P06661
A0A6F8RQ06	A0A6F8RQ06
O96623	O96623
B1H3D5	B1H3D5
B1H3D5	Q8JFY9
B1H3D5	B1WBB4
Q2QM59	Q2QM59
Q2QM59	A2ZMR9
Q5GSQ1	Q5GSQ1
A4UHP9	A4UHP9
A4UHP9	O56774
A4UHP9	Q5VKP5
Q63647	Q63647
B7K612	B7K612
B8H510	B8H510
Q5FW57	Q5FW57
Q5FW57	O77512
P32420	P32420
Q03898	Q03898
P28651	P28651
P28651	P35219
P28651	Q5PPN4
P77161	P77161
Q3Z9F0	Q3Z9F0
Q3Z9F0	A5FS52
Q1C857	Q1C857
Q1C857	Q6D554
Q1C857	Q8Z699
Q1C857	Q57NN2
Q1C857	B7N419
Q1C857	A4WBC9
Q1C857	A1AAD5
Q1C857	C0Q357
Q1C857	B5R921
Q1C857	A9MW00
Q1C857	B5XW48
Q1C857	Q32GZ9
Q1C857	A9MP98
Q1C857	P30753
Q1C857	B1LH92
Q1C857	B5R3J6
Q1C857	Q8FI04
Q1C857	B4TXU6
Q1C857	B2TZV6
Q1C857	B5BI72
Q1C857	P62615
Q1C857	Q7N589
Q9C9G4	Q9C9G4
Q02803	Q02803
P78789	P78789
Q0BYJ5	Q0BYJ5
Q4WT40	Q4WT40
Q845T3	Q845T3
Q9FIM0	Q9FIM0
B1ZVD6	B1ZVD6
Q9FKQ6	Q9FKQ6
Q9DAV9	Q9DAV9
Q9DAV9	Q68FV1
Q9DAV9	Q0VC58
Q9DAV9	Q9NVV0
Q8XBI9	Q8XBI9
Q8XBI9	P76536
C5CND4	C5CND4
C5CND4	Q21SV0
Q8S8C6	Q8S8C6
Q8S8C6	F4JUI3
A4G724	A4G724
P00498	P00498
O68557	O68557
P27402	P27402
P16039	P16039
P11720	P11720
Q6MG56	Q6MG56
P10080	P10080
P17297	P17297
A8FWC5	A8FWC5
A8FWC5	A3QF15
A8FWC5	Q083J5
A8FWC5	B0TRH1
A8FWC5	B1KRG9
A8FWC5	A3D5A5
P59407	P59407
B1YJ39	B1YJ39
Q3SZM1	Q3SZM1
Q3SZM1	Q9BYG3
B2RZF9	B2RZF9
Q895P5	Q895P5
Q6MEN8	Q6MEN8
Q9AAT8	Q9AAT8
Q2L1P5	Q2L1P5
P0DW49	P0DW49
Q92564	Q92564
Q92564	Q8CCA0
Q92564	Q5RHX6
Q5PXQ6	Q5PXQ6
Q058B1	Q058B1
Q8WU03	Q8WU03
A7SKE9	A7SKE9
G1UH28	G1UH28
A3MTW6	A3MTW6
Q9I9N5	Q9I9N5
A0A3P7XL18	A0A3P7XL18
P10905	P10905
P0C774	P0C774
P0C774	Q77M19
P0C774	Q9EMA9
P9WPI9	P9WPI9
P9WHP6	P9WHP6
Q9JMD3	Q9JMD3
Q9JMD3	Q9Y365
P38805	P38805
C4Z552	C4Z552
Q9SYM2	Q9SYM2
A1BHM3	A1BHM3
A1BHM3	B3EE40
O53424	O53424
Q04DR8	Q04DR8
Q3T196	Q3T196
Q3T196	O95070
Q3T196	Q91XB7
Q04654	Q04654
Q04654	P07925
Q04654	P26853
P54383	P54383
Q8UIH4	Q8UIH4
Q7TQB0	Q7TQB0
A5D506	A5D506
Q5GJ75	Q5GJ75
P87020	P87020
G2QND5	G2QND5
Q9VL63	Q9VL63
C4PWA1	C4PWA1
Q95Q89	Q95Q89
Q4WW97	Q4WW97
Q8IUH2	Q8IUH2
Q8IUH2	Q8BGC9
P39647	P39647
Q39099	Q39099
Q39099	Q6YDN9
Q39099	G5DAC7
Q39099	Q41542
Q39099	Q41638
Q39099	Q8LNZ5
Q39099	Q8GZD5
Q39099	Q39857
Q39099	Q9XIW1
A5VIJ8	A5VIJ8
Q9W6H0	Q9W6H0
Q9NX31	Q9NX31
Q9NX31	Q703I1
Q12393	Q12393
Q9Y316	Q9Y316
Q53NL5	Q53NL5
P96084	P96084
A2VDH3	A2VDH3
A2VDH3	Q5VT99
Q9BQT8	Q9BQT8
Q9BQT8	Q99JD3
Q9BQT8	Q8BZ09
Q9BQT8	A0JN87
Q86TL2	Q86TL2
Q86TL2	Q7TSW6
Q86TL2	Q3UF25
B8DUF9	B8DUF9
Q6ESR4	Q6ESR4
Q9NYV7	Q9NYV7
Q54N41	Q54N41
Q2RJK7	Q2RJK7
Q8T0D4	Q8T0D4
Q9LMI3	Q9LMI3
A1BED6	A1BED6
Q925G2	Q925G2
Q925G2	Q5RKJ2
Q925G2	Q53TN4
Q925G2	Q5RAJ4
Q52KK3	Q52KK3
Q52KK3	Q5HZI9
Q52KK3	Q3SY17
Q52KK3	Q9H1U9
Q10S93	Q10S93
Q10S93	Q8HSW1
B2URE3	B2URE3
Q6KZ38	Q6KZ38
Q9H400	Q9H400
Q3J015	Q3J015
Q1CUB0	Q1CUB0
F8U972	F8U972
F8U972	F8U970
Q98QQ2	Q98QQ2
A1K8P2	A1K8P2
Q72Q66	Q72Q66
Q58037	Q58037
Q6G468	Q6G468
Q6G468	A9IRK3
O28273	O28273
A4FMJ7	A4FMJ7
P70115	P70115
P70115	Q64326
P70115	Q01718
P70115	P34974
Q4W8C9	Q4W8C9
P77333	P77333
Q99KS2	Q99KS2
Q99KS2	Q3T1H2
Q99KS2	Q9NPE2
O28438	O28438
Q8R6C8	Q8R6C8
Q0KBC7	Q0KBC7
A0LPG9	A0LPG9
A6LL68	A6LL68
Q96A61	Q96A61
P07903	P07903
P07903	Q1LZ75
P07903	P07992
A0A0K8P6T7	A0A0K8P6T7
Q0J7P4	Q0J7P4
Q2SYI1	Q2SYI1
B1LBR1	B1LBR1
B1LBR1	Q9X1K9
Q4QQV7	Q4QQV7
Q4QQV7	O95992
Q4QQV7	Q4G1G8
Q4QQV7	Q9Z0F5
Q5SRE7	Q5SRE7
Q7W0D3	Q7W0D3
Q0AY75	Q0AY75
O34873	O34873
A0A1S1YUU1	A0A1S1YUU1
O67848	O67848
C3VD30	C3VD30
Q8H0W1	Q8H0W1
C7J3A2	C7J3A2
Q73LG9	Q73LG9
Q8PDA8	Q8PDA8
Q8PDA8	Q2NYM2
Q8PDA8	Q3BYF4
Q837A7	Q837A7
P49954	P49954
P47243	P47243
A6TRW0	A6TRW0
O36633	O36633
O36633	P23041
O36633	P20896
Q8ZG08	Q8ZG08
Q8ZG08	B2JZJ6
Q8RFP5	Q8RFP5
Q4UM78	Q4UM78
O06973	O06973
A1WUN4	A1WUN4
Q7APG1	Q7APG1
Q8YFI3	Q8YFI3
P18700	P18700
Q581Z0	Q581Z0
Q9BRQ5	Q9BRQ5
Q9BRQ5	Q6P8G8
Q9BRQ5	Q6AXR8
Q6D3B4	Q6D3B4
Q0AFN2	Q0AFN2
Q0AFN2	Q82XC3
A0A3B6UEU3	A0A3B6UEU3
A5HXS0	A5HXS0
A5HXS0	C3KXS2
A0A2I1C3V7	A0A2I1C3V7
A8ZXG7	A8ZXG7
O73622	O73622
Q9I1L4	Q9I1L4
C5CHX9	C5CHX9
P38279	P38279
P04233	P04233
P04233	P10247
P04233	P04441
Q75BW5	Q75BW5
Q99344	Q99344
Q46192	Q46192
B0SRN4	B0SRN4
B0SRN4	Q72QT3
B0SRN4	Q050D8
Q493W4	Q493W4
A6NM10	A6NM10
A6NM10	Q8IXF9
P59912	P59912
P0CR44	P0CR44
Q1GSC8	Q1GSC8
P71451	P71451
Q81V01	Q81V01
Q81V01	Q81HT3
A9A3X2	A9A3X2
P59542	P59542
B2RMB9	B2RMB9
P92133	P92133
P35915	P35915
Q5XIC8	Q5XIC8
Q5XIC8	Q8K1E6
Q5XIC8	Q96Q83
Q5XIC8	Q32L00
P52700	P52700
P28518	P28518
Q7VYM4	Q7VYM4
Q7VYM4	Q7WIF7
Q7VYM4	A6VD70
Q7VYM4	Q4KJ87
Q7VYM4	Q02F61
Q7VYM4	Q1I433
Q7VYM4	Q9HUK8
B8MKZ2	B8MKZ2
Q12208	Q12208
Q05840	Q05840
Q6QGP4	Q6QGP4
P30793	P30793
P30793	P50141
P30793	P22288
P30793	Q05915
P30793	Q19980
Q3AE01	Q3AE01
Q3B5Y2	Q3B5Y2
Q3B5Y2	B3EFW1
P43674	P43674
P48491	P48491
P48491	P48494
P48491	P34937
P48491	P12863
A9VT75	A9VT75
A9VT75	B9IVC6
A9VT75	B7IUJ6
A9VT75	A0RHL0
A9VT75	C3P5N8
B5XPE2	B5XPE2
B5XPE2	A8FWD1
B5XPE2	B4T9N9
B5XPE2	C6DF71
B5XPE2	Q083K1
B5XPE2	A8A1P9
B5XPE2	A6TBC8
B5XPE2	B7L9Q2
B5XPE2	Q57MR8
B5XPE2	B4ESZ8
B5XPE2	Q12NT0
B5XPE2	A0KWB0
B5XPE2	A0KKB0
B5XPE2	P60664
B5XPE2	B7M404
B5XPE2	Q8D8Q5
B5XPE2	Q7MLS1
B5XPE2	B7VGZ7
B5XPE2	Q66C54
B5XPE2	A6VQ74
B5XPE2	Q0HJ99
B5XPE2	A1RJ16
B5XPE2	Q1RA48
B5XPE2	B5FM46
B5XPE2	P62452
B5XPE2	Q87QK6
B5XPE2	A7MX10
B5XPE2	C5BG16
B5XPE2	Q1C9R6
B5XPE2	Q9KSW8
P40526	P40526
Q8Z983	Q8Z983
Q8Z983	Q32JQ1
Q8Z983	P0AC84
Q8Z983	Q8ZRM2
Q8Z983	B7LW87
Q8Z983	A9MZ21
P59119	P59119
P59119	Q04SA6
Q9N5X6	Q9N5X6
Q9JVQ0	Q9JVQ0
Q5LQ75	Q5LQ75
Q2TBH0	Q2TBH0
Q2TBH0	Q96PU9
Q2TBH0	Q920N1
P0A3V1	P0A3V1
Q9H0N0	Q9H0N0
Q9H0N0	Q9NRW1
Q9H0N0	Q9WVB1
Q9H0N0	Q53S08
A1S8B8	A1S8B8
Q8R984	Q8R984
B5EF41	B5EF41
A8ZVP3	A8ZVP3
Q7WGE6	Q7WGE6
Q09583	Q09583
Q91X58	Q91X58
Q91X58	Q8WV99
Q91X58	Q4KLG9
Q0BQ87	Q0BQ87
Q8K4G6	Q8K4G6
A0PM51	A0PM51
Q6GHJ1	Q6GHJ1
Q6GHJ1	Q5HGI8
Q6GHJ1	A5ISC9
A0L7P3	A0L7P3
P0DXE0	P0DXE0
Q9Y3A2	Q9Y3A2
Q9Y3A2	Q8R5K5
Q9Y3A2	Q9CZJ1
Q804R0	Q804R0
A5FXW5	A5FXW5
Q4KXC9	Q4KXC9
O88992	O88992
O88992	O75973
O88992	Q9ESN4
O88992	Q5VWW1
Q5AS60	Q5AS60
Q5AS60	P33442
Q5AS60	P23248
Q5AS60	Q09781
Q5AS60	O94438
Q04FB0	Q04FB0
Q8LAD0	Q8LAD0
Q3BV46	Q3BV46
Q3BV46	Q4UT86
P79943	P79943
Q4IPC8	Q4IPC8
Q5JFD3	Q5JFD3
P41247	P41247
Q12189	Q12189
Q727C0	Q727C0
Q727C0	B8DLN4
A9R3W4	A9R3W4
A9R3W4	Q8ZDA6
Q7W3N6	Q7W3N6
Q7W3N6	A4JHS6
Q7W3N6	C1DCV3
Q7W3N6	Q475X0
Q7W3N6	Q2T139
Q7W3N6	A0KAF5
Q7W3N6	Q39D13
Q7W3N6	Q145P0
P30138	P30138
A2RVK7	A2RVK7
Q039B5	Q039B5
Q039B5	B3WED1
Q02758	Q02758
Q7N6S0	Q7N6S0
Q7N6S0	P62707
Q7N6S0	A8AJ40
Q7N6S0	A9MTL3
Q7N6S0	B2K8R3
Q7N6S0	C0PWW0
Q7N6S0	B5BC52
Q7N6S0	B5XZB2
Q7N6S0	A4W897
Q7N6S0	C5BEL3
Q6DBN4	Q6DBN4
A1BAN1	A1BAN1
A1BAN1	Q3IY65
A1BAN1	A4WVR7
Q9KDA3	Q9KDA3
Q5A5S7	Q5A5S7
Q6MHI0	Q6MHI0
A1BEF7	A1BEF7
A1BEF7	Q3AR47
A1BEF7	B4SCL0
A1BEF7	B3EK52
Q8CJ42	Q8CJ42
Q8CJ42	Q8CGZ9
P27268	P27268
P47058	P47058
B9LAE4	B9LAE4
P9WPV9	P9WPV9
P25637	P25637
P21603	P21603
P21603	O57187
P21603	P21082
P37734	P37734
O33774	O33774
Q21272	Q21272
Q8TT93	Q8TT93
Q3BTC6	Q3BTC6
G0S3T2	G0S3T2
A6LSW5	A6LSW5
Q6G480	Q6G480
Q6G480	Q6G0A2
Q28942	Q28942
B2V5I7	B2V5I7
P10863	P10863
P10863	P33890
O00584	O00584
D3U1D9	D3U1D9
D3U1D9	Q1R183
Q27084	Q27084
Q9GZT6	Q9GZT6
P0A8H3	P0A8H3
P68567	P68567
O89094	O89094
O89094	P31944
P42968	P42968
Q03691	Q03691
Q4J9K6	Q4J9K6
B2JC45	B2JC45
B2JC45	A3N575
B2JC45	A1V017
B2JC45	A4JI72
B2JC45	B1YNM7
B2JC45	A0KAV9
B2JC45	Q39CJ1
P42395	P42395
Q9S9W2	Q9S9W2
Q54W07	Q54W07
Q8MIS5	Q8MIS5
Q18KB3	Q18KB3
P80653	P80653
P80653	Q9Y8K1
Q67V78	Q67V78
Q67V78	B6SHG7
Q67V78	Q8GXB7
Q86TN4	Q86TN4
Q86TN4	Q8K3A2
C0HKG6	C0HKG6
C5BGT3	C5BGT3
Q8K2Y7	Q8K2Y7
Q8K2Y7	Q9HD33
O22769	O22769
Q89AQ7	Q89AQ7
Q8N1D0	Q8N1D0
P42530	P42530
P13588	P13588
P13588	P20682
P13588	P00411
C0KTJ6	C0KTJ6
P37646	P37646
Q0WGE8	Q0WGE8
O82775	O82775
Q3IDA4	Q3IDA4
B2TL64	B2TL64
B2TL64	B2V158
B2TL64	A6LQV9
A6SSW9	A6SSW9
Q8GWA2	Q8GWA2
Q99316	Q99316
Q8KLM3	Q8KLM3
Q6D006	Q6D006
Q6D006	C6DFR0
Q5NMX2	Q5NMX2
P40306	P40306
P40306	Q3T0T1
P40306	Q4KM35
P40306	O35955
Q92328	Q92328
P24763	P24763
Q08935	Q08935
B1KRY8	B1KRY8
B1KRY8	C3KXY4
B1KRY8	A7FQA9
D4P095	D4P095
A9WIJ8	A9WIJ8
A0A0E4AE82	A0A0E4AE82
P01362	P01362
C5CBT8	C5CBT8
B4L760	B4L760
B4L760	P38979
Q5E865	Q5E865
Q5E865	Q87ST6
Q5E865	Q8DED2
Q5E865	A7MWC6
Q5E865	B7VIE2
Q9QX60	Q9QX60
Q9QX60	Q16854
Q6MEB3	Q6MEB3
Q96SZ5	Q96SZ5
Q96SZ5	Q6PDY2
Q72ZF1	Q72ZF1
Q72ZF1	Q6HCU5
Q72ZF1	Q817G5
P52513	P52513
Q65H34	Q65H34
A5DZ34	A5DZ34
Q1RGQ3	Q1RGQ3
Q1RGQ3	Q4UJP2
Q1RGQ3	B0BVQ3
P75402	P75402
P80386	P80386
P80386	Q9Y478
P80386	Q5BIS9
P80386	Q9R078
Q9VQD4	Q9VQD4
Q8BHX1	Q8BHX1
Q8BHX1	Q2TBK4
Q8BHX1	Q9R0A8
Q8BHX1	Q96CS2
A7FN83	A7FN83
A7FN83	Q1C0V7
Q9SV12	Q9SV12
B8J8V3	B8J8V3
B8J8V3	A7H6Q3
A6VIG8	A6VIG8
A6VIG8	A4G010
A6VIG8	Q6M0U0
Q7F2Z1	Q7F2Z1
Q7F2Z1	Q2R837
Q7F2Z1	Q60DW3
Q7F2Z1	B8ADZ3
Q7F2Z1	Q6Z7F4
O18911	O18911
Q79F73	Q79F73
P33018	P33018
P22862	P22862
Q9VD09	Q9VD09
Q9R061	Q9R061
Q9R061	Q68FS1
Q9R061	Q3MHY6
Q9R061	Q9Y5Y2
Q4JAP9	Q4JAP9
Q99LB2	Q99LB2
Q99LB2	Q6PKH6
Q99LB2	Q9GKX2
Q99LB2	Q8WNV7
Q99LB2	Q8VID1
Q99LB2	Q5RCF8
Q99LB2	Q9BTZ2
Q99LB2	Q8SPU8
P62955	P62955
P62955	Q8VHW4
P62955	Q9UF02
P62955	Q8VHW8
O70433	O70433
O70433	O35115
O70433	Q14192
O70433	Q2KI95
P42409	P42409
Q03965	Q03965
P50501	P50501
P50501	P56401
P50501	Q9N2J4
P50501	P29975
P50501	Q5R819
P50501	P29972
P50501	Q02013
P50501	P47865
P50501	Q6PQZ1
P37639	P37639
Q8YU19	Q8YU19
Q8YU19	Q5N0M4
Q93DY8	Q93DY8
Q2RK34	Q2RK34
Q8BHL8	Q8BHL8
Q8BHL8	Q92530
Q8BHL8	Q5RDN3
Q8BHL8	Q5XIU5
Q8BHL8	Q3SX30
Q8QZY6	Q8QZY6
Q8QZY6	Q8NG11
Q9LXV5	Q9LXV5
Q97WN9	Q97WN9
Q7S931	Q7S931
P38300	P38300
Q86Y82	Q86Y82
Q86Y82	Q9ER00
Q86Y82	Q5RBW6
Q86Y82	G3V7P1
B7GJC8	B7GJC8
B7GJC8	A4IJS3
B7GJC8	C5D3Y4
C0JB27	C0JB27
C0JB27	C0JB26
C0JB27	C0JB25
C0JB27	C0JB28
Q9M2U5	Q9M2U5
Q50501	Q50501
Q50501	P55300
O49608	O49608
O76038	O76038
O76038	Q5XJX1
O76038	Q91WD9
O76038	Q6R556
A4WG94	A4WG94
A4WG94	Q3YV74
A4WG94	A9MZC4
A4WG94	B7NFK0
A4WG94	B7N2P3
A4WG94	Q31U87
A4WG94	B5FP38
A4WG94	Q5PKG5
A4WG94	P32169
A4WG94	B7MI34
A4WG94	B5YZ39
A4WG94	B7L9F8
Q8WXK3	Q8WXK3
P54797	P54797
P54797	Q6ICL3
Q5U3G1	Q5U3G1
Q7XEY9	Q7XEY9
Q02283	Q02283
P09391	P09391
Q9SMX3	Q9SMX3
O07293	O07293
Q5P9T3	Q5P9T3
Q7Z7K6	Q7Z7K6
Q7Z7K6	Q9CXS4
Q13938	Q13938
A3BEP8	A3BEP8
Q1RGY9	Q1RGY9
Q1RGY9	C3PMB3
Q1RGY9	A8F0H9
Q1RGY9	B0BW26
Q1RGY9	Q9ZE74
Q1RGY9	Q68XU6
B7HCW1	B7HCW1
B7HCW1	C3L5T8
B7HCW1	Q730K1
B7HCW1	A7GT28
B7HCW1	Q6HDI8
Q5APC8	Q5APC8
C6BX34	C6BX34
C6BX34	B8FAC4
C6BX34	B4SC59
C6BX34	B4S9H5
C6BX34	C4XRK2
C6BX34	A1BEH0
C6BX34	B3QQ12
C6BX34	Q3AR70
C6BX34	C0QKK8
C6BX34	P00456
C6BX34	P09555
P0CW56	P0CW56
P0CW56	Q50785
P0CW56	P51602
P0CW56	P16269
P0CW56	Q07942
P03568	P03568
P03568	P14980
P03568	Q91MF7
P03568	Q9IGY6
P03568	P14990
P03568	O40987
P03568	Q91MG1
Q736W5	Q736W5
P13856	P13856
Q493D4	Q493D4
B3DQQ9	B3DQQ9
Q9BXA6	Q9BXA6
Q9BXA6	Q925K9
A4J4X3	A4J4X3
P45563	P45563
P31581	P31581
P31581	P31580
A8FK87	A8FK87
Q66I71	Q66I71
Q66I71	Q0P5A4
Q66I71	Q6PA79
Q66I71	P52623
Q66I71	Q9HA47
Q66I71	Q7SYM0
Q66I71	Q7ZV79
Q66I71	Q9QYG8
Q66I71	Q9BZX2
Q66I71	B1H116
Q6DC93	Q6DC93
Q9PIR8	Q9PIR8
Q9PIR8	A8FK16
Q58D78	Q58D78
Q58D78	P25305
Q58D78	P28231
Q58D78	O75712
Q9NPC3	Q9NPC3
Q9NPC3	D3Z3K2
Q86KZ5	Q86KZ5
O34895	O34895
Q9LXG0	Q9LXG0
Q5H667	Q5H667
Q5H667	Q3BM92
Q5H667	Q8P3C4
Q5H667	B4SRN0
Q9NZQ0	Q9NZQ0
Q9NZQ0	Q8CFP6
Q9NZQ0	Q6IML7
Q9NZQ0	A5D7F5
Q9NZQ0	Q7ZYF1
P10290	P10290
I3W9F6	I3W9F6
O35949	O35949
Q6PFG8	Q6PFG8
Q6PFG8	Q7RTU3
B2UW10	B2UW10
B2UW10	Q1CVE9
Q8TVB8	Q8TVB8
C0JB94	C0JB94
C0JB94	C0JB92
C0JB94	C0JB93
Q9XVQ9	Q9XVQ9
Q81EI2	Q81EI2
Q81EI2	Q739R5
Q81EI2	P08164
Q81EI2	A7Z159
Q81EI2	Q81RP3
P02969	P02969
P13649	P13649
P13649	P03962
P13649	P32430
P13649	P07922
P13649	P33283
Q5QJU3	Q5QJU3
Q5QJU3	Q8VD53
P82231	P82231
P15518	P15518
Q9R088	Q9R088
Q9R088	O00142
Q9R088	Q9N0C5
P38446	P38446
A1VKP2	A1VKP2
A1VKP2	Q21XW7
O68954	O68954
C0JB50	C0JB50
C0JB50	C0JB49
C0JB50	C0JB51
Q7V1E1	Q7V1E1
Q7V1E1	A2BR00
Q7V1E1	A8G4P1
P24593	P24593
P24593	Q07079
P24593	P24594
P24593	Q05717
Q32KY3	Q32KY3
Q32KY3	P58340
Q32KY3	Q5R4T3
Q32KY3	Q9QWV4
Q76CA2	Q76CA2
F9UN92	F9UN92
Q8L817	Q8L817
A8XJN7	A8XJN7
A8XJN7	Q22510
A5GUT4	A5GUT4
Q4PNI0	Q4PNI0
P06845	P06845
Q2NL33	Q2NL33
Q2NL33	Q2HXU8
Q6FEV2	Q6FEV2
Q6FEV2	A3M1T4
Q6FEV2	B0VLA5
B9K819	B9K819
P0A8A4	P0A8A4
P0A8A4	B5RAV8
P0A8A4	A7FHI3
P0A8A4	B7LQ85
P0A8A4	Q0THC5
P0A8A4	Q321G0
P0A8A4	B4TUG5
Q2NJM5	Q2NJM5
Q3IEW3	Q3IEW3
Q56693	Q56693
Q145L1	Q145L1
Q145L1	B2SX63
Q145L1	A3N5X6
Q145L1	A9AFE4
Q145L1	A3MNW4
P38046	P38046
P46223	P46223
Q97NI6	Q97NI6
Q8IB06	Q8IB06
Q32B34	Q32B34
Q32B34	P60422
Q32B34	P44343
A9AZE0	A9AZE0
P0C7L8	P0C7L8
P0C7L8	Q9H7J1
P0C7L8	Q8BRJ4
C0JB44	C0JB44
C0JB44	C0JB43
C0JB44	C0JB41
C0JB44	C0JB42
C0JB44	C0JB45
C0JB44	C0JB48
C0JB44	C0JB46
C0JB44	C0JB47
Q893Q9	Q893Q9
O15503	O15503
O15503	Q9Y5U4
O15503	Q5R687
O15503	Q80UA9
O15503	Q08755
O15503	Q8BGI3
O15503	Q8CFA6
O15503	A0JNC3
B0TER7	B0TER7
Q42440	Q42440
Q42440	Q8LPI9
Q42440	Q42527
Q7UN36	Q7UN36
Q2FR55	Q2FR55
Q8UA91	Q8UA91
Q8UA91	B9JH27
Q8UA91	C0RH46
Q7MWM0	Q7MWM0
Q7MWM0	A5FAQ5
Q7MWM0	Q11Q55
P10549	P10549
P33912	P33912
Q96WV1	Q96WV1
Q9HH99	Q9HH99
Q8TWU6	Q8TWU6
Q9C5R8	Q9C5R8
Q9C5R8	Q96468
Q9C5R8	Q96291
Q9C5R8	Q6ER94
Q9C5R8	Q1XDL4
Q9C5R8	O24364
Q2RS22	Q2RS22
C5BVA2	C5BVA2
Q8IRC7	Q8IRC7
Q9LK25	Q9LK25
Q9LK25	O04331
Q2NI84	Q2NI84
Q9NQ88	Q9NQ88
Q9NQ88	Q1JQA7
Q9NQ88	Q8BZA9
P72988	P72988
Q01WE6	Q01WE6
P13988	P13988
P29808	P29808
Q06676	Q06676
Q58DN3	Q58DN3
Q58DN3	P62079
Q58DN3	Q96FV3
Q58DN3	Q9D7W4
Q58DN3	Q4V8E0
P10708	P10708
P10708	Q9SYW8
P16701	P16701
O95377	O95377
O95377	Q02739
O95377	P28232
Q9ESN5	Q9ESN5
Q9ESN5	Q9BS16
Q9V2P5	Q9V2P5
P9WH69	P9WH69
P96693	P96693
Q9W328	Q9W328
A4QCP1	A4QCP1
A4QCP1	Q8NRY0
P09616	P09616
Q1B9B1	Q1B9B1
Q1B9B1	P9WFR7
Q1B9B1	A0QHX0
Q256D6	Q256D6
Q256D6	O84562
H9IUR0	H9IUR0
P25334	P25334
Q3T0V9	Q3T0V9
Q3T0V9	Q9Y315
Q3T0V9	Q91YP3
Q47690	Q47690
A7B555	A7B555
B7GPE4	B7GPE4
Q3C1E1	Q3C1E1
A6NDL8	A6NDL8
A6NDL8	Q9NZP2
Q96KN1	Q96KN1
Q8N9F7	Q8N9F7
Q8N9F7	Q9CRY7
O14084	O14084
Q8NHC7	Q8NHC7
P22195	P22195
D4GR05	D4GR05
Q8BP27	Q8BP27
Q91V80	Q91V80
E7F4V8	E7F4V8
Q8L799	Q8L799
Q8L799	Q5Z8T3
P45239	P45239
A0A1B2CTC6	A0A1B2CTC6
Q6ZR62	Q6ZR62
Q3MF97	Q3MF97
Q3MF97	Q8YPK3
Q3MF97	Q110D1
Q1GTM7	Q1GTM7
Q8NGR5	Q8NGR5
P10566	P10566
P10566	P23500
A0A1Y0BRF7	A0A1Y0BRF7
Q9M9B3	Q9M9B3
Q80WW9	Q80WW9
Q80WW9	Q96HY6
Q80WW9	Q1LZB0
Q9LS48	Q9LS48
F4HY61	F4HY61
Q75HE5	Q75HE5
Q9K8G0	Q9K8G0
Q2VPJ9	Q2VPJ9
Q0AA41	Q0AA41
B8ZRH2	B8ZRH2
B8ZRH2	P9WHV7
Q9NYW6	Q9NYW6
Q8VC26	Q8VC26
Q8VC26	A6NGC4
Q20123	Q20123
Q9F3C7	Q9F3C7
Q8DLJ1	Q8DLJ1
P36771	P36771
Q9LHF0	Q9LHF0
Q8ZAG5	Q8ZAG5
Q8ZAG5	P0ABI4
Q8ZAG5	P0A2R8
Q7U565	Q7U565
Q7U565	Q3ALY1
Q9FZA4	Q9FZA4
A7KAL6	A7KAL6
A3PJF5	A3PJF5
Q60AK7	Q60AK7
Q8EUG9	Q8EUG9
P23485	P23485
A3N3U7	A3N3U7
Q9R1T7	Q9R1T7
Q4G364	Q4G364
Q72BR1	Q72BR1
P49799	P49799
P60153	P60153
Q8G6Z6	Q8G6Z6
B0BNM9	B0BNM9
B0BNM9	A2BG43
P15597	P15597
A7SNR3	A7SNR3
Q2KVB0	Q2KVB0
Q814I6	Q814I6
Q5TZ66	Q5TZ66
P97538	P97538
P97538	O08989
Q5AYK0	Q5AYK0
B7VJI4	B7VJI4
B7VJI4	Q7VLF2
Q8K0Y7	Q8K0Y7
Q8K0Y7	Q9BUH6
P40403	P40403
Q9H081	Q9H081
P47149	P47149
Q0SNR4	Q0SNR4
Q0SNR4	Q662B8
Q9RT73	Q9RT73
Q6NCY6	Q6NCY6
Q9R1S0	Q9R1S0
Q9R1S0	Q9UPM9
B4MA02	B4MA02
A9M3N1	A9M3N1
A9M3N1	A1KT57
Q9SB67	Q9SB67
A6V389	A6V389
P63139	P63139
P63139	P25208
P63139	Q6RG77
Q9STY5	Q9STY5
O88940	O88940
Q96IL0	Q96IL0
Q96IL0	Q32Q90
O58462	O58462
P44345	P44345
C5BIH2	C5BIH2
A5CS08	A5CS08
P82804	P82804
P82804	B4NSP6
Q0IDC6	Q0IDC6
P82143	P82143
Q559X6	Q559X6
Q311Z9	Q311Z9
Q9CKF5	Q9CKF5
O32241	O32241
Q5PPU8	Q5PPU8
Q9FPR2	Q9FPR2
Q62740	Q62740
O35022	O35022
Q6NV24	Q6NV24
A7MWQ0	A7MWQ0
O59931	O59931
O59931	P40212
Q5X6P7	Q5X6P7
Q2NL01	Q2NL01
A7MK09	A7MK09
Q3SZR5	Q3SZR5
Q3SZR5	A6NJV1
Q6X4U4	Q6X4U4
Q6X4U4	Q6VYA3
Q2YNH2	Q2YNH2
Q2YNH2	Q1MG11
Q2YNH2	Q92PG9
Q2YNH2	Q6N9G0
Q923D2	Q923D2
Q923D2	P52556
Q8BG31	Q8BG31
A7FDQ9	A7FDQ9
A8MAH5	A8MAH5
Q7Z4H3	Q7Z4H3
Q07449	Q07449
C7BTJ1	C7BTJ1
B9DV63	B9DV63
B9DV63	Q5M1K7
B9DV63	P0DD90
B9DV63	A8AVU3
B9DV63	A2RD54
E0SLJ5	E0SLJ5
P0C5A0	P0C5A0
B5YJT7	B5YJT7
A1AW32	A1AW32
A8Z624	A8Z624
Q2IIW6	Q2IIW6
Q2IIW6	A7HBU9
P47008	P47008
Q99463	Q99463
Q75KV9	Q75KV9
O94454	O94454
Q8D3Q3	Q8D3Q3
P0AG84	P0AG84
Q9NWX6	Q9NWX6
Q9NWX6	Q05B50
Q9NWX6	Q5M965
Q9NWX6	Q9CY52
O04202	O04202
A0A0A1GNF2	A0A0A1GNF2
Q1D1K4	Q1D1K4
Q8KSC8	Q8KSC8
Q9C707	Q9C707
Q91XE0	Q91XE0
Q91XE0	Q5RFP0
Q91XE0	Q2KIR7
Q91XE0	Q6IB77
Q91XE0	Q5PQT3
Q8N1A0	Q8N1A0
Q9NWS0	Q9NWS0
Q9NWS0	Q9CQJ2
Q9NWS0	Q4V7F5
Q9NWS0	Q0VCI6
Q02198	Q02198
B5XP65	B5XP65
B5XP65	B7MXF5
B5XP65	B4TNP0
B5XP65	B7LVA3
B5XP65	P0ABF6
B5XP65	B4TAK5
B5XP65	Q8Z5A8
B5XP65	A4WCI1
Q973F3	Q973F3
Q5GRK8	Q5GRK8
Q5GRK8	B3CPS8
Q5GRK8	Q73HL4
Q6PCP5	Q6PCP5
Q55338	Q55338
Q3A9W2	Q3A9W2
Q54NP6	Q54NP6
Q89XT8	Q89XT8
P47032	P47032
Q03VW0	Q03VW0
Q0V9F7	Q0V9F7
Q0V9F7	Q4V7H8
P51836	P51836
P16380	P16380
A2SQU8	A2SQU8
I6XU97	I6XU97
Q9JLZ9	Q9JLZ9
Q9JLZ9	Q9UIW0
Q9JLZ9	Q9WTP9
Q9JI59	Q9JI59
Q9JI59	P57087
Q9FGQ2	Q9FGQ2
Q9FGQ2	Q9SW25
Q67ES3	Q67ES3
Q67ES3	Q7TQB9
P43545	P43545
P43545	P53824
P43545	Q03148
P38551	P38551
A5ABP2	A5ABP2
A5ABP2	Q1EAH9
A5ABP2	B6HEJ5
A5ABP2	C1H563
A5ABP2	B8NV05
A5ABP2	Q5B3X3
A5ABP2	A6QW12
A5ABP2	A6SS55
A5ABP2	C1GFQ2
Q16534	Q16534
Q16534	Q64709
Q16534	Q8BW74
Q3C2E2	Q3C2E2
Q3C2E2	P11836
Q96P88	Q96P88
A3D5N2	A3D5N2
A3D5N2	Q0HU08
A3D5N2	A0KVS0
A3D5N2	B8CMS5
A3D5N2	A1RKF2
A3D5N2	A8H415
A3D5N2	Q12NF7
Q1WU86	Q1WU86
Q8VXY4	Q8VXY4
Q920L7	Q920L7
Q920L7	Q32NI8
Q920L7	A0A0C5PHQ7
Q920L7	Q2KJD9
Q920L7	Q8BHI7
Q920L7	Q9NYP7
Q920L7	Q5M8U1
Q920L7	Q5RFL5
Q920L7	Q4R516
F4IXJ7	F4IXJ7
Q6G5A9	Q6G5A9
Q6G5A9	Q6G1B5
Q15024	Q15024
Q15024	Q9D0M0
Q8FTC9	Q8FTC9
Q8FTC9	Q4JXD8
Q8FTC9	A4QEA1
Q8FTC9	Q8NQC3
Q6NQK9	Q6NQK9
B1MAI2	B1MAI2
Q88WK9	Q88WK9
Q8CMK8	Q8CMK8
Q8CMK8	A5IUN6
Q8CMK8	Q9RGS4
P49405	P49405
O05969	O05969
O05969	A8GNF1
O05969	C3PNF5
O05969	Q9AKE4
O05969	A8GS25
B4TCI7	B4TCI7
B4TCI7	P19636
B4TCI7	P19265
B4TCI7	B4TR32
B4TCI7	A9MIC6
B4TCI7	Q32DB3
B4TCI7	A8A2T8
B4TCI7	B6I516
B4TCI7	A7ZPP0
B4TCI7	Q8XEH3
B4TCI7	B4T0I5
Q8JJ26	Q8JJ26
A4SER8	A4SER8
A4SER8	B3QUL4
A4SER8	Q3B4E2
A4SER8	B4SGR4
Q96CA5	Q96CA5
Q54BL2	Q54BL2
P19949	P19949
P19949	P09895
P19949	Q58DW5
P19949	Q4R5M0
P19949	P47962
P19949	P46777
P10037	P10037
P10037	Q00286
P10037	Q28503
P10037	P28069
P10037	P10036
F4JAU3	F4JAU3
F4JAU3	Q8LAN3
Q9FHE4	Q9FHE4
Q5AGC7	Q5AGC7
Q7W513	Q7W513
Q7W513	Q2KW92
Q2GS86	Q2GS86
F4JJL0	F4JJL0
F4JJL0	F4JJL3
F4JJL0	Q8LDW6
Q8TXC8	Q8TXC8
P52389	P52389
P52389	Q38773
P52389	P29618
P52389	Q41639
P52389	P24100
P52389	Q05006
P52389	P93101
P52389	P23111
P52389	Q38772
P52389	P24923
P52389	P29619
B8ZQU1	B8ZQU1
B8ZQU1	P9WP19
B8ZQU1	A1T7U8
B8ZQU1	A0QVY0
B8ZQU1	B2HL16
B8ZQU1	A0PT80
B8ZQU1	A1UEZ9
Q8IY26	Q8IY26
Q8IY26	Q58DI5
Q8IY26	Q9D4F2
Q8IY26	Q66H88
P43619	P43619
Q5SVS4	Q5SVS4
Q5SVS4	Q5XGI1
Q5SVS4	Q8HXE3
Q5SVS4	Q6GQ22
Q5SVS4	Q5PQM9
Q5SVS4	Q9CR58
Q14165	Q14165
Q14165	Q6ZQI3
Q14165	Q5FVQ4
Q14165	Q8AVF4
Q14165	Q6INX3
Q14165	A9C3P0
P39074	P39074
B4TBG7	B4TBG7
B4TBG7	B5BCP5
B4TBG7	O52326
B4TBG7	C0Q068
B4TBG7	B5FNU0
B4TBG7	Q57M55
B4TBG7	B4SYX2
B4TBG7	P76472
B4TBG7	A7ZP74
B4TBG7	Q83KB7
B4TBG7	Q1R9F9
B4TBG7	B2TW39
Q6NQL4	Q6NQL4
Q6NQL4	Q9AV97
Q8U1S9	Q8U1S9
F1NB38	F1NB38
O93528	O93528
O93528	Q9DDB0
Q4R7M4	Q4R7M4
Q4R7M4	Q9D0U1
Q4R7M4	Q8NBA8
Q8EQJ1	Q8EQJ1
P38260	P38260
Q53079	Q53079
Q53079	Q53083
Q53079	Q0SIF9
Q8Y6Y4	Q8Y6Y4
Q5E3I3	Q5E3I3
Q5E3I3	Q8DBB0
Q5E3I3	C3LPG2
Q5E3I3	A5F699
Q5E3I3	Q7MIL2
Q5E3I3	B5FGX4
Q5E3I3	Q6LN85
Q13326	Q13326
Q13326	Q0VCU7
Q13326	P82348
Q13326	Q8SQ72
Q9Y7Y6	Q9Y7Y6
Q50EX6	Q50EX6
Q5M827	Q5M827
Q5M827	O00625
Q5M827	Q9D711
Q9PT61	Q9PT61
Q9PT61	Q91981
Q9PT61	Q91813
Q9PT61	P32243
Q9PT61	P80206
Q5WLV8	Q5WLV8
Q00940	Q00940
Q93RV9	Q93RV9
Q93RV9	Q6QUY7
P9WLN1	P9WLN1
Q9LZR5	Q9LZR5
Q0S2E0	Q0S2E0
Q0S2E0	C1B2Q5
Q0S2E0	C0ZXQ5
Q80XC2	Q80XC2
Q80XC2	Q96FX7
Q80XC2	A6H791
Q80XC2	Q6AY46
Q3T063	Q3T063
Q3T063	Q15274
Q3T063	Q5I0M2
Q3T063	Q91X91
C4LSS0	C4LSS0
P39042	P39042
Q566U4	Q566U4
A0Q109	A0Q109
Q4L5Q2	Q4L5Q2
Q4L5Q2	P65619
O25080	O25080
O25080	B5ZA76
A1ACV5	A1ACV5
A1ACV5	B1IYZ1
A1ACV5	B4TNJ7
A1ACV5	B6HYT0
A1ACV5	P76407
A1ACV5	Q8ZNP1
A1ACV5	Q0TG03
A1ACV5	A9N7J9
A1ACV5	B5XPB3
Q32KW2	Q32KW2
Q32KW2	Q922Y1
Q32KW2	Q499N6
Q32KW2	Q04323
P07306	P07306
P07306	P34927
P07306	P02706
P07306	Q5RBQ8
O28733	O28733
Q6EUG4	Q6EUG4
P57076	P57076
P57076	Q5U3Z0
P57076	Q6DRC3
A2BIX4	A2BIX4
P0C6D3	P0C6D3
P58110	P58110
A4WF38	A4WF38
A4WF38	Q8ZLQ6
A4WF38	B6I1U3
A4WF38	A9MNY6
A4WF38	B5R0L2
A4WF38	B1LGJ0
A4WF38	B5F7J9
A4WF38	P0A6L4
Q9D7D7	Q9D7D7
Q9D7D7	Q96B33
Q5GZ90	Q5GZ90
Q5YW75	Q5YW75
B9MER6	B9MER6
B9MER6	Q21WN2
B0B9D1	B0B9D1
P40935	P40935
P40935	P10937
P40935	P10938
P40935	P11086
P40935	A0A5F8AH41
Q2A5B0	Q2A5B0
Q15006	Q15006
Q15006	Q5M7J9
Q15006	Q6TGY8
Q15006	B0BNG0
Q15006	Q5E993
Q15006	Q9CRD2
Q00472	Q00472
Q8F8C0	Q8F8C0
Q8F8C0	Q054A8
A5UG62	A5UG62
A5UG62	Q0I260
A5UG62	P43797
Q1PCB1	Q1PCB1
B9JZF5	B9JZF5
O77621	O77621
A1SVX2	A1SVX2
Q9NQ48	Q9NQ48
Q9NQ48	Q562C6
Q9NQ48	Q9JHQ5
Q9NQ48	Q3ZBL4
Q9SEZ6	Q9SEZ6
Q9ZW76	Q9ZW76
A1UU20	A1UU20
Q02181	Q02181
Q912W1	Q912W1
B2G835	B2G835
P01882	P01882
Q9DCY0	Q9DCY0
Q9DCY0	Q9Z2Y0
P50295	P50295
P50295	P18440
P50295	P50292
P50295	P50294
P50295	P50293
P50295	P50297
P50295	P11245
P50295	P50296
P50295	P50298
Q8MNT9	Q8MNT9
Q5WMW5	Q5WMW5
Q6GUQ1	Q6GUQ1
Q6GUQ1	Q99944
Q6GUQ1	Q6MG84
Q1J708	Q1J708
Q1J708	Q1JM45
Q1J708	P65358
Q1J708	Q03KD9
Q91EK3	Q91EK3
P49406	P49406
P49406	Q9D338
O60124	O60124
Q72DL8	Q72DL8
Q5RFV4	Q5RFV4
Q5RFV4	Q6DH94
Q5RFV4	A4IIY1
Q5RFV4	P50876
Q5RFV4	Q925F3
A9NFH1	A9NFH1
Q7V8Y5	Q7V8Y5
Q9Y624	Q9Y624
Q9Y624	Q9XT56
Q9Y624	Q2WGK2
Q74GU4	Q74GU4
Q74GU4	Q39Z75
Q74GU4	A1ATU7
Q9JJJ3	Q9JJJ3
Q9JJJ3	P56627
Q9JJJ3	O43315
A8FWK2	A8FWK2
A8FWK2	A0KYD1
A8FWK2	A6WLY5
A8FWK2	A4Y5R0
A8FWK2	A1S723
Q6C747	Q6C747
Q9UT30	Q9UT30
C3MYD9	C3MYD9
Q96HF1	Q96HF1
Q96HF1	Q863H1
Q96HF1	P97299
P65772	P65772
Q7N6I0	Q7N6I0
Q7N6I0	A0KKB9
Q7N6I0	Q1LT66
Q7N6I0	Q9RQ89
Q7N6I0	B7LUF0
Q7N6I0	Q8X8T4
Q7N6I0	B8D705
Q7N6I0	B2VFL7
Q7N6I0	A4SMP5
Q7N6I0	Q2NTX0
Q7N6I0	C5BG10
Q7N6I0	P60757
Q7N6I0	B5XPE8
Q7N6I0	P59453
Q7N6I0	Q65RB0
Q7N6I0	C6DF77
Q7N6I0	B5QZL1
Q7N6I0	Q7VQX1
Q7N6I0	P00499
Q7N6I0	Q1C9Q9
Q29555	Q29555
Q29555	Q29513
Q29555	Q14749
Q29555	Q9QXF8
Q29555	P13255
Q23983	Q23983
Q8LC03	Q8LC03
Q08850	Q08850
Q08850	Q3SWZ3
Q08850	P70452
Q08850	Q12846
P0AGK1	P0AGK1
Q38XT2	Q38XT2
Q6FNV4	Q6FNV4
Q6FNV4	Q04491
P36542	P36542
P36542	P35435
P36542	P05631
P36542	Q91VR2
P36534	P36534
A4J5V5	A4J5V5
Q3UY51	Q3UY51
Q3UY51	Q6ZSA7
Q3UY51	Q4KLL3
A4TMJ3	A4TMJ3
A4TMJ3	Q1CJY6
B2V7Y5	B2V7Y5
B2V7Y5	C0QRI8
P16075	P16075
P16075	P21572
P16075	P13904
P16075	Q90477
P16075	Q91205
Q8Z086	Q8Z086
Q8Z086	B2J442
Q8Z086	Q55626
Q9JIZ9	Q9JIZ9
Q9JIZ9	Q6QBQ4
Q9JIZ9	Q9NRY6
Q163E9	Q163E9
Q87SC6	Q87SC6
Q87SC6	A5F5R6
Q87SC6	A7MS84
Q87SC6	Q8DEP6
Q87SC6	B0BTA9
Q87SC6	Q6ASE4
Q9ES81	Q9ES81
Q9ES81	Q9HBV1
Q57ZC7	Q57ZC7
A5FMG4	A5FMG4
Q2TW47	Q2TW47
P9WFD7	P9WFD7
P21936	P21936
B1ILK9	B1ILK9
B1ILK9	A7GHG2
B1ILK9	A5N6N6
B1ILK9	C1FVS6
B1ILK9	Q892S2
P0DSP3	P0DSP3
A0A0H3L1B8	A0A0H3L1B8
P14604	P14604
P14604	P30084
P14604	Q8BH95
P14604	Q58DM8
P14604	Q5R646
Q8UGL3	Q8UGL3
Q8UGL3	Q92R55
Q8UGL3	Q11JT7
Q8UGL3	Q57E96
P00434	P00434
P24887	P24887
P24887	Q8HEC4
O06413	O06413
Q969X5	Q969X5
Q969X5	Q9DC16
Q969X5	Q4V8Y6
Q8K9X1	Q8K9X1
G3V9R3	G3V9R3
G3V9R3	Q3UZZ6
Q6P9H5	Q6P9H5
Q1D980	Q1D980
Q84JF7	Q84JF7
Q84JF7	Q9ZUU1
Q04005	Q04005
P07822	P07822
P0A927	P0A927
Q9QZN4	Q9QZN4
Q9QZN4	Q3SX24
Q9QZN4	Q923V4
Q9QZN4	Q9NRD1
Q9QZN4	Q8BK26
Q9QZN4	Q9H4M3
P82957	P82957
Q9U6P6	Q9U6P6
P48242	P48242
P48558	P48558
P94678	P94678
P60412	P60412
P60412	P60014
P60412	P60331
P60412	P60370
P60412	P60411
P60412	P60368
C0HJW7	C0HJW7
Q3J0W9	Q3J0W9
Q3J0W9	Q07PP0
P76213	P76213
Q5U3C3	Q5U3C3
O04314	O04314
O04314	O04313
Q2JQ25	Q2JQ25
Q7NLU2	Q7NLU2
Q7NLU2	Q8DL83
Q9ADK0	Q9ADK0
B1MZM8	B1MZM8
Q6GH13	Q6GH13
Q6GH13	Q8CP96
Q6GH13	Q5HG25
Q6GH13	Q2YXX4
Q74HC8	Q74HC8
Q9NVL8	Q9NVL8
Q01466	Q01466
A6TSJ8	A6TSJ8
G3X987	G3X987
Q9FJ80	Q9FJ80
B7VKH0	B7VKH0
B7VKH0	Q87RN7
B7VKH0	A7MY79
P42533	P42533
P42533	P20352
O35840	O35840
O35840	O35502
B0D5R2	B0D5R2
P30111	P30111
P77766	P77766
Q2G160	Q2G160
Q2G160	A5IPI2
Q5PQR5	Q5PQR5
Q5PQR5	Q96G21
Q67WJ8	Q67WJ8
Q67WJ8	Q6Z2T3
Q8JG30	Q8JG30
Q9CRA4	Q9CRA4
Q9CRA4	Q6UGB2
Q9CRA4	O35532
Q9CRA4	Q15800
Q9CRA4	Q7ZW77
Q9CRA4	Q4R4Q4
Q54809	Q54809
Q54809	Q55217
Q50H32	Q50H32
Q50H32	A8MXD5
G3X9P6	G3X9P6
G3X9P6	Q4KL20
G3X9P6	Q9D350
Q8VHP9	Q8VHP9
Q8VHP9	Q8WXJ9
P0C8Z1	P0C8Z1
P0C8Z1	P24753
P0C8Z1	P24751
P0C8Z1	P24750
P0C8Z1	P0DJO7
Q8NE22	Q8NE22
P33690	P33690
Q9CRA5	Q9CRA5
Q9CRA5	Q9H4A6
Q9CRA5	Q9VQ93
Q9CRA5	Q9ERE4
Q9CRA5	A6H7F6
Q9CRA5	A0JPI4
Q9CRA5	Q66H74
Q9CRA5	Q9H4A5
Q9CRA5	Q8R088
Q0VC21	Q0VC21
Q0VC21	Q9CPR5
Q0VC21	Q9P015
Q07159	Q07159
B2UX63	B2UX63
B2UX63	A6LPC8
Q8G6C4	Q8G6C4
P36131	P36131
Q12400	Q12400
Q9HBV2	Q9HBV2
Q9HBV2	Q2YDG7
P18921	P18921
Q17460	Q17460
B2A663	B2A663
Q9STN7	Q9STN7
Q6ETX0	Q6ETX0
Q6ETX0	Q6H500
P57833	P57833
B5RET4	B5RET4
B5RET4	B7UJV5
B5RET4	B5YSU9
B5RET4	A8AQB2
B5RET4	B7MBY4
B5RET4	B7LRJ0
B5RET4	B5R0K9
B5RET4	B1LGI7
B5RET4	Q5PLF2
B5RET4	B7NKT3
B5RET4	A8A532
B5RET4	P45425
B5RET4	B4TWI7
B5RET4	Q0TCP4
B5RET4	Q8FD60
P42287	P42287
Q9Y7M3	Q9Y7M3
O87489	O87489
P67661	P67661
P49069	P49069
P49069	P49070
P49069	Q6DGG9
P42416	P42416
Q6BZX5	Q6BZX5
Q9NYW5	Q9NYW5
A1JL07	A1JL07
A1JL07	Q8ZN71
A1JL07	Q0T239
A1JL07	A9MHQ2
A1JL07	A7MP70
Q8K015	Q8K015
A5UEI7	A5UEI7
A5UEI7	Q4QK60
A5UEI7	P44325
O62246	O62246
P60955	P60955
P60955	P60959
Q5E4R6	Q5E4R6
O88822	O88822
O88822	O75845
O88822	Q9EQS5
P39926	P39926
P39926	P32867
P38782	P38782
Q6F1C9	Q6F1C9
P37522	P37522
P0ACL7	P0ACL7
C1KX66	C1KX66
C1KX66	Q8Y5F1
P39645	P39645
P39645	Q65DQ3
P39645	A7Z9Y9
P39645	Q5WB17
Q9LDJ3	Q9LDJ3
Q9SJG4	Q9SJG4
O52384	O52384
O52384	P0A169
P56427	P56427
Q9Y696	Q9Y696
Q9Y696	Q8BXK9
Q9Y696	Q9Z0W7
Q9Y696	Q9EPT8
Q9Y696	Q5R957
Q9Y696	Q9XSA7
Q9Y696	Q9QYB1
Q21230	Q21230
Q91082	Q91082
P46897	P46897
P23356	P23356
P23356	Q9GM50
P23356	Q9R0P9
P23356	P09936
P23356	Q60HC8
P23356	P50103
Q1CKB1	Q1CKB1
Q1CKB1	A7MGX5
Q1CKB1	A6TCF3
Q1CKB1	A1JKQ0
Q1CKB1	Q0TEV3
Q1CKB1	P66974
Q1CKB1	A8AD50
Q1CKB1	Q32D32
Q1CKB1	P0AE01
Q1CKB1	Q2NS29
A0A193KX02	A0A193KX02
P04789	P04789
A7B3K3	A7B3K3
P40561	P40561
Q63520	Q63520
Q63520	Q60547
Q63520	P70281
Q63520	Q8IZU3
Q63520	Q4R764
B4UJZ9	B4UJZ9
B4UJZ9	A7HAE1
G2RB72	G2RB72
P41480	P41480
Q95245	Q95245
Q95245	P10897
Q95245	Q60720
Q95245	P49447
Q95245	Q5RCZ2
Q5X5S5	Q5X5S5
Q5X5S5	Q5WX53
Q5X5S5	Q9S4T3
A3PML8	A3PML8
P04440	P04440
A1SWS5	A1SWS5
A1AV74	A1AV74
Q503V1	Q503V1
Q8PPP2	Q8PPP2
Q8PPP2	Q2NYW4
Q8PPP2	B2IA21
Q8PPP2	B4SJ34
Q8PPP2	B2FUU6
P48598	P48598
Q8FMI6	Q8FMI6
O66567	O66567
O66567	Q8R885
Q1QS68	Q1QS68
Q1QS68	Q07V74
Q94IB9	Q94IB9
Q3ZCI8	Q3ZCI8
Q3ZCI8	Q9H6H4
Q3ZCI8	Q8K072
Q3ZCI8	Q4QQW1
Q9F5K5	Q9F5K5
Q06927	Q06927
B8CJ38	B8CJ38
B8CJ38	A8H806
A8XT16	A8XT16
Q96H20	Q96H20
Q96H20	Q5RK19
Q96H20	Q9CZ28
Q96H20	Q5U3V9
O25087	O25087
P71039	P71039
Q8L3B9	Q8L3B9
Q9LFT6	Q9LFT6
O31161	O31161
A8JR14	A8JR14
Q2G0Z5	Q2G0Z5
Q9VHB3	Q9VHB3
B9JQX0	B9JQX0
B9JQX0	A6U5I6
Q4WR19	Q4WR19
B4ST96	B4ST96
B4ST96	Q2P8I1
B4ST96	B0RXV6
P54292	P54292
Q6DAJ6	Q6DAJ6
P38265	P38265
Q6G0S9	Q6G0S9
Q6G0S9	A1URN3
Q6G0S9	Q2YKU4
Q6G0S9	A5VUZ8
Q8AWZ0	Q8AWZ0
Q8AWZ0	P09632
Q8AWZ0	P17481
Q5CZV0	Q5CZV0
P53200	P53200
A2VD98	A2VD98
Q03751	Q03751
B8E2R2	B8E2R2
P54107	P54107
P12736	P12736
Q9JTN2	Q9JTN2
Q9JTN2	Q9JYN5
P16250	P16250
P38777	P38777
Q1D3H2	Q1D3H2
P36256	P36256
P36256	P9WHC7
P36256	A0QS46
Q8KBD8	Q8KBD8
I1S165	I1S165
Q6ANV0	Q6ANV0
A4J683	A4J683
Q7S936	Q7S936
Q711G3	Q711G3
Q711G3	Q2TAA2
Q6ZRR5	Q6ZRR5
Q9FLM6	Q9FLM6
Q8Y457	Q8Y457
Q8Y457	B8DB42
E4TN31	E4TN31
Q7NTL2	Q7NTL2
O19010	O19010
P41995	P41995
Q02831	Q02831
Q17895	Q17895
Q9SP35	Q9SP35
Q5PBG2	Q5PBG2
Q7UFB9	Q7UFB9
Q8N7B6	Q8N7B6
Q05905	Q05905
A6NI87	A6NI87
P42962	P42962
B3SP85	B3SP85
B3SP85	A6QPN6
A6LPU5	A6LPU5
Q975M2	Q975M2
Q9KWN1	Q9KWN1
Q3V7N8	Q3V7N8
Q3V7N8	Q1CE18
Q3V7N8	B1JL77
Q3V7N8	B2K3Y6
Q3V7N8	B5F6X7
Q3V7N8	B4TJQ1
Q3V7N8	B7LHS1
Q3V7N8	Q8ZLR7
Q3V7N8	Q8X9I1
Q3V7N8	P46022
Q3V7N8	B7N364
Q3V7N8	B7MBX7
Q3V7N8	B1IQR5
Q3V7N8	Q3YX33
Q3V7N8	Q57JE2
Q3V7N8	A7MJD8
A6Q311	A6Q311
A6Q311	A7GXE5
A6Q311	A7H2A6
A6Q311	Q1CT93
A6Q311	A7ZEY4
A6Q311	A0RQ89
A5F1U0	A5F1U0
A5F1U0	B7VGS0
A5F1U0	Q7MM27
A5F1U0	Q5E5J8
A5F1U0	A8GGX8
A5F1U0	B2VIL6
A5F1U0	C6DBN5
A5F1U0	B1IXV6
A5F1U0	B5BCS0
A5F1U0	Q8XE29
A5F1U0	B7M5R7
A5F1U0	A6TBT7
A5F1U0	B5EYW1
A5F1U0	P17993
A5F1U0	B7LM95
A5F1U0	B7MXR3
A5F1U0	B5XNZ3
A5F1U0	Q8ZGR6
A5F1U0	Q6D7X5
A5F1U0	B7MFZ8
A5F1U0	B7UFP4
A5F1U0	A4WCN5
A5F1U0	B5R249
A5F1U0	Q820C5
Q2FVF1	Q2FVF1
Q2FVF1	A0A0H3JT74
Q8NBZ0	Q8NBZ0
Q8NBZ0	Q6AYH2
Q8NBZ0	Q29RS4
P94424	P94424
B1AJH7	B1AJH7
B1AJH7	B5ZC44
A6NH52	A6NH52
Q6AXS9	Q6AXS9
Q3HRN9	Q3HRN9
Q47ZY2	Q47ZY2
P18429	P18429
Q9LSF6	Q9LSF6
Q86W47	Q86W47
O60258	O60258
P58978	P58978
P58978	P58977
P33752	P33752
Q9X6W9	Q9X6W9
Q9HI21	Q9HI21
A1B5M0	A1B5M0
A1B5M0	Q5LQ09
Q2LUT4	Q2LUT4
C4XPA6	C4XPA6
Q9BGI1	Q9BGI1
Q9BGI1	Q9GLW9
Q9BGI1	P99029
A4IRW9	A4IRW9
O32036	O32036
C3K863	C3K863
P32761	P32761
Q89AF1	Q89AF1
Q2RHF1	Q2RHF1
Q57095	Q57095
Q7XC27	Q7XC27
Q7XC27	O81445
Q0AQJ7	Q0AQJ7
Q58695	Q58695
P47237	P47237
Q9PQQ9	Q9PQQ9
Q46GC8	Q46GC8
Q0VSP5	Q0VSP5
O93659	O93659
P38491	P38491
P93407	P93407
A0LTK3	A0LTK3
C3L5Y6	C3L5Y6
C3L5Y6	A4IR72
C3L5Y6	B7GIU0
C3L5Y6	Q8EPT5
C3L5Y6	A0RIZ3
Q40296	Q40296
P44319	P44319
Q67A25	Q67A25
Q8K9D9	Q8K9D9
P07807	P07807
Q47SW2	Q47SW2
G4YEI5	G4YEI5
P23919	P23919
P23919	P97930
Q5XDM2	Q5XDM2
A5UDW2	A5UDW2
A5UDW2	Q65W81
O33665	O33665
Q48N63	Q48N63
A6VX48	A6VX48
B9F2L1	B9F2L1
Q9LYU3	Q9LYU3
Q8VD98	Q8VD98
Q62422	Q62422
Q62422	Q92882
P10301	P10301
P10301	P10833
P19397	P19397
Q87WP7	Q87WP7
Q87WP7	Q3KI92
Q87WP7	B0KHY6
Q87WP7	Q1IF51
Q2IRY0	Q2IRY0
Q2IRY0	Q1QJL1
Q03NE4	Q03NE4
Q17958	Q17958
A8A9B8	A8A9B8
B2IY45	B2IY45
B2IY45	Q3MA53
B2IY45	Q8YLN2
P76008	P76008
Q8NH72	Q8NH72
Q5WT65	Q5WT65
B8JBF4	B8JBF4
B8JBF4	Q2II09
B8JBF4	A7HCR8
P40794	P40794
A1AX35	A1AX35
P0AB80	P0AB80
P0AB80	P0A1A5
O32179	O32179
O32179	Q8RMG1
Q24XY8	Q24XY8
F1QR98	F1QR98
Q0BM87	Q0BM87
B2GB29	B2GB29
Q96I27	Q96I27
Q9LMH0	Q9LMH0
Q9W0W6	Q9W0W6
A0A1V0QSF1	A0A1V0QSF1
Q6CAC5	Q6CAC5
O34799	O34799
Q9JKT7	Q9JKT7
Q9JKT7	Q7M720
Q2G2C0	Q2G2C0
Q2G2C0	Q5HQ52
Q87YI2	Q87YI2
Q87YI2	B1J539
Q87YI2	Q9HZA7
Q87YI2	A4VKF5
Q87YI2	B0KF95
A0Q2N5	A0Q2N5
A8WG88	A8WG88
Q9NUJ1	Q9NUJ1
Q9NUJ1	Q5I0K5
Q9NUJ1	Q5REX5
Q9NUJ1	Q5E9H9
Q9NUJ1	Q6PE15
B1LXZ1	B1LXZ1
Q3B422	Q3B422
Q3B422	P59297
Q3B422	B4S9U8
Q3B422	B3QN94
P20593	P20593
Q7VEJ4	Q7VEJ4
A0R2E6	A0R2E6
A5VHS3	A5VHS3
P46374	P46374
Q7Z5H5	Q7Z5H5
Q1EC66	Q1EC66
Q1EC66	P0CG47
Q1EC66	P0CH33
Q1EC66	P0CG77
Q1EC66	P0CG51
Q1EC66	P0CG53
Q1EC66	Q8MKD1
Q1EC66	Q3E7T8
Q1EC66	P0CG80
Q1EC66	Q3E7K8
Q0CU66	Q0CU66
P06855	P06855
O35449	O35449
O35449	Q6MG82
O35449	Q99946
Q6NAM1	Q6NAM1
Q1MQD8	Q1MQD8
P95648	P95648
P06242	P06242
Q9VVW8	Q9VVW8
P51949	P51949
P51949	P51948
P51949	P51951
O54947	O54947
O54947	Q5QNS5
P19954	P19954
B3QX21	B3QX21
Q04LE4	Q04LE4
Q6NYR8	Q6NYR8
O07637	O07637
Q9JKT5	Q9JKT5
Q9JKT5	Q9JKT4
Q9WZV1	Q9WZV1
Q6AYI4	Q6AYI4
Q6AYI4	Q9H9Q4
Q6AYI4	Q3KNJ2
Q6GPH4	Q6GPH4
Q9CWH0	Q9CWH0
Q8GXV7	Q8GXV7
P39413	P39413
Q09522	Q09522
Q8NHC5	Q8NHC5
A6QNS9	A6QNS9
A6QNS9	Q9NW81
A4RHN3	A4RHN3
Q5FST0	Q5FST0
Q8D1X2	Q8D1X2
P77744	P77744
Q2GGN4	Q2GGN4
Q2GGN4	Q5FGV7
Q2GGN4	Q5HB92
P42126	P42126
P42126	P42125
P42126	P23965
A0L4B0	A0L4B0
Q21187	Q21187
Q9LUZ9	Q9LUZ9
Q8WXK4	Q8WXK4
Q8RWU7	Q8RWU7
Q8RWU7	Q9SUG6
Q60878	Q60878
Q60878	Q8NH37
Q9HB20	Q9HB20
Q9HB20	Q9ERS4
O65679	O65679
Q3B8E8	Q3B8E8
Q24VC8	Q24VC8
Q87ZA2	Q87ZA2
Q87ZA2	Q4K8Y4
Q7CPF5	Q7CPF5
A8F9E0	A8F9E0
Q9M2P7	Q9M2P7
Q9M2P7	Q8S9M1
Q5NTH4	Q5NTH4
Q5NTH4	Q5NTH3
P33362	P33362
F1R6N4	F1R6N4
P44957	P44957
B8G782	B8G782
B8G782	A5US48
B8G782	B9LM70
P14741	P14741
Q4WLB9	Q4WLB9
A4IY09	A4IY09
A4IY09	A0Q6H6
A4IY09	Q0BLZ2
A4IY09	B2SGG9
A4IY09	Q14HF0
D4B086	D4B086
B1VTI5	B1VTI5
Q8R8N1	Q8R8N1
Q8R8N1	B0K682
Q3MHW9	Q3MHW9
Q3MHW9	Q9DB73
Q3MHW9	Q9UHQ9
Q3MHW9	Q5EB81
Q96RC9	Q96RC9
Q9FE06	Q9FE06
Q6BSS5	Q6BSS5
Q9RR44	Q9RR44
Q9FJF4	Q9FJF4
Q92PZ7	Q92PZ7
Q92PZ7	A9CI74
Q00609	Q00609
Q12481	Q12481
A0A7R7ZLL0	A0A7R7ZLL0
O97561	O97561
O97561	O88452
O97561	Q9R0K8
O97561	O76061
A7TM72	A7TM72
Q67Q47	Q67Q47
Q8THL2	Q8THL2
Q8THL2	Q46DA6
A6LUQ7	A6LUQ7
Q7NF59	Q7NF59
A6U030	A6U030
A6U030	A8FH34
A6U030	C3LCA6
A6U030	B9J3H2
A6U030	A7Z8E8
A6U030	A0RKF7
A6U030	B7HCZ6
A6U030	A4ISG5
A6U030	O32129
B2S885	B2S885
B2S885	Q8YJF0
B2S885	A6WXE4
B2S885	A9M8R8
B2S885	B5ZTH4
B2S885	Q98EB6
P08191	P08191
B1XJV9	B1XJV9
Q83GX6	Q83GX6
Q9JL16	Q9JL16
Q9JL16	Q66UW5
B9KI57	B9KI57
B9KI57	Q5PB64
Q02770	Q02770
P0AEX7	P0AEX7
P0AEX7	P0A2J2
O50098	O50098
O45876	O45876
P15808	P15808
Q5E9Y2	Q5E9Y2
Q5E9Y2	P56962
Q5E9Y2	Q9D0I4
Q5E9Y2	Q9Z158
Q9N2W5	Q9N2W5
Q2S3M1	Q2S3M1
Q75JX0	Q75JX0
P0AEG1	P0AEG1
Q6G4E4	Q6G4E4
Q6G4E4	A9IQK8
Q6G4E4	Q6G0G3
O34990	O34990
Q72H57	Q72H57
Q9GMZ1	Q9GMZ1
Q9GMZ1	P04633
Q9GMZ1	Q8K404
Q9GMZ1	P25874
Q9GMZ1	P04575
Q9GMZ1	Q9ER18
Q9GMZ1	P12242
Q9GMZ1	Q18P97
Q9GMZ1	P10861
Q9GMZ1	W5PSH7
Q9GMZ1	P14271
Q9GMZ1	A0PC02
A7MYX3	A7MYX3
A7MYX3	A5F974
A7MYX3	Q6LMJ5
A7MYX3	B7VK04
P83749	P83749
P82191	P82191
P82191	O80360
P82191	Q9SKX4
Q297S2	Q297S2
Q297S2	Q9V9U4
O22951	O22951
O22951	Q8GYB1
Q6DCD4	Q6DCD4
Q6ZN79	Q6ZN79
Q6ZN79	P0CH99
Q6ZN79	A8MWA4
A1ADJ6	A1ADJ6
O14562	O14562
Q9P7C1	Q9P7C1
Q6A6M7	Q6A6M7
B2RKS4	B2RKS4
P9WHV3	P9WHV3
Q9UW81	Q9UW81
C6E6N2	C6E6N2
C6E6N2	B3E4T4
Q2YDM8	Q2YDM8
Q8YN19	Q8YN19
Q8YN19	P74430
P03031	P03031
C6BXG0	C6BXG0
Q7T2V2	Q7T2V2
Q7T2V2	Q6PH37
Q7T2V2	Q7ZUS4
O31502	O31502
O05393	O05393
Q92RN7	Q92RN7
P18573	P18573
B0KLM9	B0KLM9
P40100	P40100
Q9P7C9	Q9P7C9
A8LY14	A8LY14
P08127	P08127
P08127	P27887
P19516	P19516
P0ABT8	P0ABT8
O51927	O51927
P15009	P15009
P08077	P08077
Q3SYU6	Q3SYU6
Q3SYU6	Q08093
Q3SYU6	Q99439
Q8RCT3	Q8RCT3
A0RNS3	A0RNS3
Q8VZ22	Q8VZ22
Q6NGR5	Q6NGR5
Q6NGR5	Q8FPE0
P31259	P31259
Q9I9C3	Q9I9C3
P76077	P76077
Q8K349	Q8K349
Q8K349	Q5FVN6
Q9LHE5	Q9LHE5
A3AWH5	A3AWH5
Q9SFG6	Q9SFG6
A7Z6F0	A7Z6F0
A7Z6F0	P54548
P53045	P53045
P72703	P72703
O64791	O64791
O64791	Q9SXB0
O34543	O34543
A4FUG7	A4FUG7
A4FUG7	Q9CWD3
Q835V5	Q835V5
Q8ZTS6	Q8ZTS6
A0A2K5X3B6	A0A2K5X3B6
A0A2K5X3B6	O75897
Q97ML3	Q97ML3
P49249	P49249
Q9P104	Q9P104
Q9P104	Q91ZM9
P25892	P25892
P25892	P10593
P25892	P28522
P25892	P25891
Q96DC8	Q96DC8
Q96DC8	Q3MIE0
A1K3U8	A1K3U8
Q7MBC1	Q7MBC1
G3YFS7	G3YFS7
Q58408	Q58408
F5HAW0	F5HAW0
P96134	P96134
P23797	P23797
C5BBH3	C5BBH3
Q4V922	Q4V922
E3K7C3	E3K7C3
E0VSF4	E0VSF4
Q72Y09	Q72Y09
Q72Y09	Q631P8
B2FU61	B2FU61
B2FU61	B0U453
B2FU61	B4SRP3
B2FU61	B2I7H1
B2FU61	B0RYY8
B2FU61	Q3BMF4
Q9FJP9	Q9FJP9
Q9SN12	Q9SN12
P26798	P26798
Q7NE68	Q7NE68
A8DMN5	A8DMN5
Q00526	Q00526
Q00526	P23437
Q00526	Q80YP0
Q00526	Q63699
Q00526	P24941
Q00526	O55076
Q00526	Q5E9Y0
Q00526	P43450
Q00526	P48963
P61998	P61998
Q9DA48	Q9DA48
Q9DA48	D5K8A9
P79703	P79703
Q3ZBI3	Q3ZBI3
Q3ZBI3	Q80ZV0
Q3ZBI3	Q5XI96
P13703	P13703
O27593	O27593
O27593	Q50746
Q9VWV8	Q9VWV8
Q569H4	Q569H4
P04195	P04195
P04195	P20508
P04195	P0DSY1
Q4V8V2	Q4V8V2
M1UXG8	M1UXG8
B3DP38	B3DP38
B2T2A3	B2T2A3
B2T2A3	B1YU52
B2T2A3	A1V2G0
B2T2A3	Q0BD83
B2T2A3	A3N7F7
B2T2A3	A9AJJ8
Q8WTM6	Q8WTM6
Q0P4A6	Q0P4A6
P29082	P29082
Q9SXJ6	Q9SXJ6
P0DV29	P0DV29
Q4FVD6	Q4FVD6
Q9FFQ5	Q9FFQ5
Q9M0R6	Q9M0R6
Q3MGL8	Q3MGL8
Q3MGL8	B1XMC7
Q3MGL8	B0JQG3
Q8IP99	Q8IP99
Q8IP99	Q8IPA1
A7HH70	A7HH70
A7HH70	B4UES4
Q71ZB2	Q71ZB2
Q71ZB2	B8DHJ2
A2BJU2	A2BJU2
Q652K4	Q652K4
Q43729	Q43729
A0E358	A0E358
Q9H340	Q9H340
Q9H340	Q9H339
P75745	P75745
Q55406	Q55406
P35391	P35391
Q9TA29	Q9TA29
Q9TA29	O78700
Q9TA29	O78703
Q9TA29	P24967
Q9TA29	P03886
Q9TA29	O78704
Q9TA29	Q8M880
Q9TA29	Q70Y29
Q9TA29	Q37717
Q9TA29	O78701
Q9TA29	Q8M896
Q9TA29	O78696
Q9TA29	O03850
Q9TA29	P92604
Q9TA29	O78710
Q9TA29	O78714
Q9TA29	P03889
Q9TA29	O21325
Q9TA29	O78706
Q9TA29	Q70Y30
Q9TA29	Q70Y28
Q9TA29	O79874
Q9TA29	Q8M891
Q9TA29	P48652
Q9TA29	P92690
Q9TA29	P03888
Q9TA29	Q70Y27
Q9TA29	O78707
Q9TA29	P03887
Q9TA29	Q9MP77
Q9TA29	Q70Y26
Q9TA29	Q9T9Z0
Q9TA29	Q5Y4R0
Q9TA29	Q9T9X9
Q8I914	Q8I914
Q8I914	C0JB10
Q8I914	C0JB13
Q8I914	E5D3Z9
Q8I914	C0JB12
Q8I914	C0JB11
Q8I914	Q1KY80
Q8I914	Q1KY79
Q9R123	Q9R123
Q9R123	Q93015
Q5XGI0	Q5XGI0
Q5XGI0	P60891
Q5XGI0	Q9CS42
Q5XGI0	Q7ZXC9
Q5XGI0	P21108
Q5XGI0	Q4R4U3
Q5XGI0	P09330
Q8DQG9	Q8DQG9
Q8DQG9	A2RDV3
Q8DQG9	P0DD67
Q8DQG9	Q9X9S0
Q8DQG9	C0MCW6
Q8DQG9	Q8E6L0
Q8DQG9	C0M8R7
P46736	P46736
P46736	Q5R9L6
P46736	A5PJP6
P46736	B0KWU8
P46736	A0A8M3B525
P46736	B5X8M4
P46736	B2RYM5
P46736	Q7M757
P46736	P46737
P46736	Q66GV6
P46736	Q4VA72
B2GBW0	B2GBW0
Q471H6	Q471H6
A1A1X1	A1A1X1
A1A1X1	P59295
A1A1X1	B8DU56
A1A1X1	B7GTP4
Q948R9	Q948R9
B5Y2U6	B5Y2U6
B5Y2U6	Q87LF8
B5Y2U6	B6EMS5
B5Y2U6	Q7MZ16
B5Y2U6	Q1LTK6
B5Y2U6	B7LMR8
B5Y2U6	B7LCV3
B5Y2U6	B5FSF3
B5Y2U6	B4F2M2
B5Y2U6	B4TG41
B5Y2U6	A7MQG0
B5Y2U6	A8AMC8
B5Y2U6	P0A786
Q9P055	Q9P055
Q9P055	Q8BI36
P59895	P59895
P59895	Q8TDX7
P59895	Q9ES74
P59895	D3ZBE5
P59895	A2BD05
P59895	Q9HC98
P59895	Q9ES70
P59895	G5EFM9
Q60889	Q60889
P07773	P07773
Q86SM8	Q86SM8
Q86SM8	Q91ZB7
Q86SM8	Q7TN40
Q5AA40	Q5AA40
Q4L8J3	Q4L8J3
Q4L8J3	Q6GEA1
Q4L8J3	Q2FVT2
A5GDG7	A5GDG7
A4J5G8	A4J5G8
Q8NHB8	Q8NHB8
Q8NHB8	Q8NHB7
P86702	P86702
Q5FTU6	Q5FTU6
Q9CWI3	Q9CWI3
Q9CWI3	Q2NL37
Q9CWI3	Q9P287
Q9CWI3	Q6GNI0
A6QQM8	A6QQM8
A6QQM8	Q5SV66
A6QQM8	Q96M95
D9IA45	D9IA45
B5Z2Q6	B5Z2Q6
B5Z2Q6	B5XQJ3
B5Z2Q6	B7N8Q8
B5Z2Q6	Q52060
B5Z2Q6	P77580
P23490	P23490
P45463	P45463
Q9P127	Q9P127
Q7N571	Q7N571
Q96CQ1	Q96CQ1
Q96CQ1	Q922G0
Q5M8J0	Q5M8J0
Q14140	Q14140
Q14140	Q9JJG5
Q9XYQ1	Q9XYQ1
Q9JKA5	Q9JKA5
A8G909	A8G909
A8G909	Q83MJ8
A8G909	Q8ZLT2
A8G909	A8AQ55
A8G909	A9N730
Q14894	Q14894
Q14894	Q2KHX6
Q14894	Q28488
Q14894	O54983
Q14894	Q9QYU4
Q8NG98	Q8NG98
Q8NG98	P34987
Q8NG98	Q96RA2
Q6XBT4	Q6XBT4
Q6XBT4	Q61069
Q6XBT4	P22415
Q6XBT4	O02818
Q6XBT4	Q07957
Q96R08	Q96R08
Q96R08	Q96R09
Q96R08	Q8NH48
Q86VD7	Q86VD7
Q86VD7	Q8R0Y8
P65241	P65241
Q2YV38	Q2YV38
Q2YV38	A6TY25
Q2YV38	Q5HJD7
Q8YQB1	Q8YQB1
Q7XTY9	Q7XTY9
Q6WAU1	Q6WAU1
Q15GI4	Q15GI4
P0C645	P0C645
Q607R4	Q607R4
Q66KB0	Q66KB0
B6J7S3	B6J7S3
B6J7S3	A9NDX8
Q04SV2	Q04SV2
A0A478ECY3	A0A478ECY3
A0A478ECY3	G3XAP7
Q1RDC8	Q1RDC8
Q1RDC8	A9N5T3
Q1RDC8	Q8ZQ30
Q1RDC8	P75913
Q1RDC8	Q8Z7M6
Q1RDC8	B7N3I0
Q1RDC8	B7LTA2
Q1RDC8	B7MTG4
Q1RDC8	Q5PGZ3
Q1RDC8	B5YVQ3
Q1RDC8	A9MH27
Q1RDC8	B7NLA1
P07270	P07270
Q9FJP2	Q9FJP2
Q9RW55	Q9RW55
Q91ZU0	Q91ZU0
Q91ZU0	Q9H672
Q9VH08	Q9VH08
P59541	P59541
P59541	P59539
P59541	P59538
P59541	P59537
P59541	P59540
P59541	Q646B9
P10297	P10297
P10297	P34967
P10297	P84853
P10297	Q03464
P10297	P84854
P10297	P23339
P10297	Q6EH50
Q5R6G3	Q5R6G3
Q5R6G3	E1BRE2
Q5R6G3	Q5HZN8
Q5R6G3	F7DKV7
Q5R6G3	Q68F47
Q5R6G3	F7EZ75
Q5R6G3	Q3ZBQ0
Q5R6G3	Q68FX9
Q5R6G3	Q8K2C6
Q5R6G3	Q9NXA8
Q8NH43	Q8NH43
P21651	P21651
Q8RHM2	Q8RHM2
Q8VWJ2	Q8VWJ2
Q92F65	Q92F65
Q1GPS4	Q1GPS4
P00644	P00644
P00644	Q6GIK1
P00644	Q7A6P2
P00644	Q5HHM4
Q07203	Q07203
Q9NP99	Q9NP99
Q8CQ77	Q8CQ77
Q8CQ77	Q5HRJ7
B8DPB3	B8DPB3
O50335	O50335
Q9C5D7	Q9C5D7
P0C8F9	P0C8F9
Q9FJ90	Q9FJ90
Q1ZZU3	Q1ZZU3
A9AAC4	A9AAC4
P56029	P56029
Q4WF30	Q4WF30
Q8LE94	Q8LE94
B3QBD2	B3QBD2
Q7SZS1	Q7SZS1
Q3V3F6	Q3V3F6
Q3V3F6	Q6UWV2
Q6YPW7	Q6YPW7
Q63ZW2	Q63ZW2
Q5E3Y9	Q5E3Y9
F9UST3	F9UST3
D2YW48	D2YW48
Q9Z0S3	Q9Z0S3
Q9Z0S3	O95500
Q12390	Q12390
Q9ET20	Q9ET20
Q9ET20	Q969E2
Q0AXG7	Q0AXG7
B8J3G1	B8J3G1
Q9M1K3	Q9M1K3
Q54DM7	Q54DM7
Q93W20	Q93W20
B2KA03	B2KA03
Q3E705	Q3E705
V9Z9A3	V9Z9A3
A5D7R8	A5D7R8
A5D7R8	P04183
A5D7R8	P04184
A5D7R8	P09768
A5D7R8	P04047
Q4WJU8	Q4WJU8
B4NEH6	B4NEH6
B4NEH6	Q9W2Y3
B4NEH6	B4M2R8
C1L1M8	C1L1M8
C1L1M8	B8DEH8
P96724	P96724
P33706	P33706
Q9LUR4	Q9LUR4
Q99210	Q99210
Q21IS8	Q21IS8
A1A6K6	A1A6K6
Q8Y729	Q8Y729
Q8Y729	A0AIU3
Q8Y729	Q71ZH6
Q8Y729	B8DE17
Q64MA1	Q64MA1
Q3V2Q8	Q3V2Q8
Q31KN6	Q31KN6
P38727	P38727
Q030F9	Q030F9
Q5F4C0	Q5F4C0
P34682	P34682
Q568V3	Q568V3
Q4K7E8	Q4K7E8
Q4K7E8	Q87Y44
Q4K7E8	A6V9Z6
Q4K7E8	Q3SGT8
Q4K7E8	Q4ZWK2
Q4K7E8	C1DRE9
Q4K7E8	Q3K7W9
Q4K7E8	A1K2H5
A2SBW1	A2SBW1
Q54LM2	Q54LM2
Q4FZF2	Q4FZF2
Q1MA52	Q1MA52
Q9SRY5	Q9SRY5
C3K7L4	C3K7L4
Q9VK13	Q9VK13
A3M9B0	A3M9B0
Q85CT7	Q85CT7
P22319	P22319
O34349	O34349
Q2PE70	Q2PE70
Q9LNE8	Q9LNE8
B5XS13	B5XS13
Q03S30	Q03S30
Q9XE33	Q9XE33
Q93112	Q93112
O34328	O34328
P07766	P07766
P07766	Q95LI5
Q96AB3	Q96AB3
Q84ZT9	Q84ZT9
Q12450	Q12450
Q75F10	Q75F10
Q9LU93	Q9LU93
P20751	P20751
Q12488	Q12488
Q7VFG4	Q7VFG4
Q60771	Q60771
Q2RWU7	Q2RWU7
Q2FYS6	Q2FYS6
O13600	O13600
P52802	P52802
Q0C2D0	Q0C2D0
P0C589	P0C589
Q9KQE3	Q9KQE3
P25378	P25378
Q8X1T0	Q8X1T0
O64864	O64864
B1Z772	B1Z772
P0DPU5	P0DPU5
Q82XN3	Q82XN3
C3L140	C3L140
P0AAK1	P0AAK1
Q921K9	Q921K9
P00436	P00436
Q0CD01	Q0CD01
P9WES6	P9WES6
O26061	O26061
Q8IYI0	Q8IYI0
Q3SZ86	Q3SZ86
Q31RR0	Q31RR0
A9A4S0	A9A4S0
D5TM67	D5TM67
Q8TDU5	Q8TDU5
Q7VFH6	Q7VFH6
Q6F992	Q6F992
P10381	P10381
P10381	P03252
A5VFM5	A5VFM5
Q9BIA4	Q9BIA4
Q5AJF1	Q5AJF1
Q1H387	Q1H387
C7YRT4	C7YRT4
Q80XD9	Q80XD9
A5ULV6	A5ULV6
B7V7R1	B7V7R1
P38020	P38020
Q9VNH1	Q9VNH1
O31714	O31714
O06652	O06652
Q8LF05	Q8LF05
Q5JGC2	Q5JGC2
Q0BP15	Q0BP15
Q0BP15	B0TW04
Q0BP15	A0Q481
Q0BP15	A7N9H6
P9WNG5	P9WNG5
P9WNG5	A0R0B2
P16164	P16164
P16164	Q3MHG7
P16164	Q8MKJ2
P16164	P11645
P16164	Q8MHW6
P16164	P25688
P16164	P09118
A1KR52	A1KR52
A1KR52	A9LZR8
O13713	O13713
Q9PR69	Q9PR69
Q55282	Q55282
Q704D1	Q704D1
P03067	P03067
Q86YI8	Q86YI8
Q86YI8	Q8K2W6
Q76L37	Q76L37
Q5AMT2	Q5AMT2
Q7YT83	Q7YT83
Q6IQC7	Q6IQC7
Q6IQC7	Q6DFS0
Q6IQC7	Q5XIK2
Q6IQC7	Q9D710
Q6IQC7	Q2TBU2
Q6IQC7	Q9Y320
Q99MS8	Q99MS8
Q99MS8	Q6ZTW0
Q80UJ9	Q80UJ9
Q80UJ9	Q0VD24
A0A0M3KKW3	A0A0M3KKW3
Q7NZY0	Q7NZY0
O64762	O64762
A5IAW3	A5IAW3
A5IAW3	Q5ZSA6
A5IAW3	Q5WTI8
Q1W695	Q1W695
Q1W695	C0JB05
Q1W695	C0JB08
Q1W695	C0JB07
P56859	P56859
O32035	O32035
G5ED66	G5ED66
Q45462	Q45462
Q45462	O32243
Q8N5C7	Q8N5C7
Q7XRX3	Q7XRX3
P28960	P28960
Q566S6	Q566S6
P01119	P01119
P73955	P73955
P33422	P33422
Q8LGA1	Q8LGA1
Q8LGA1	Q0WQN9
G5ECJ5	G5ECJ5
Q81M88	Q81M88
Q81M88	A9VG79
Q81M88	B7IWQ5
O16991	O16991
Q9LZ76	Q9LZ76
Q1II76	Q1II76
Q1J513	Q1J513
Q1J513	P0DF18
Q1J513	A2RCQ5
Q1J513	B5XI49
Q384J7	Q384J7
A6L683	A6L683
A6L683	Q5LGQ7
A6L683	Q89ZQ3
P36767	P36767
Q1MKS2	Q1MKS2
Q5JL96	Q5JL96
Q8NH42	Q8NH42
A6TF97	A6TF97
A6TF97	A4WAM2
P13024	P13024
Q5FWS4	Q5FWS4
Q5FWS4	Q8R100
Q5FWS4	Q8N5C1
A7MTC9	A7MTC9
A7MTC9	Q87S81
A7MTC9	B7VJM5
Q09637	Q09637
A1VSZ8	A1VSZ8
A1VSZ8	A1W3L0
A1VSZ8	A1WH89
A1VSZ8	Q2T281
A1VSZ8	B1YPR7
A1VSZ8	Q21SM4
A1VSZ8	B1K0G5
A1VSZ8	A4JIR7
A1VSZ8	B1XSJ0
A1VSZ8	A4T0G0
A1VSZ8	Q0KF61
A1VSZ8	Q125B6
A1VSZ8	Q7W3I6
A1VSZ8	Q7VSM2
O76616	O76616
O59933	O59933
P16525	P16525
C3MHC0	C3MHC0
O60168	O60168
P42578	P42578
A5F2S7	A5F2S7
Q10DV5	Q10DV5
P42624	P42624
Q9LDY9	Q9LDY9
Q8RX33	Q8RX33
Q7WTT9	Q7WTT9
Q2FWF8	Q2FWF8
Q2LQL0	Q2LQL0
P21702	P21702
Q941D3	Q941D3
Q9LIK6	Q9LIK6
Q9L9F3	Q9L9F3
O34981	O34981
Q38YK9	Q38YK9
Q5RJB0	Q5RJB0
Q9VN27	Q9VN27
Q7U321	Q7U321
A0A0H2ZM82	A0A0H2ZM82
Q9U1R1	Q9U1R1
Q2Y5Q6	Q2Y5Q6
A2RJR7	A2RJR7
P39691	P39691
M1JJT8	M1JJT8
P01513	P01513
Q9UJ68	Q9UJ68
Q9UJ68	P54149
Q9UJ68	Q923M1
Q9UJ68	Q9D6Y7
Q10235	Q10235
P52032	P52032
P52032	Q9SZ54
Q9SD42	Q9SD42
Q5JNJ5	Q5JNJ5
Q51645	Q51645
Q2S8Z5	Q2S8Z5
Q06239	Q06239
A0L9E2	A0L9E2
P55984	P55984
Q47MZ1	Q47MZ1
O31427	O31427
Q12493	Q12493
Q8GZA8	Q8GZA8
A6W971	A6W971
P0AEG6	P0AEG6
Q9FTA2	Q9FTA2
Q12MB3	Q12MB3
A0A7E5WUT2	A0A7E5WUT2
Q2YBM4	Q2YBM4
Q2NV47	Q2NV47
P33664	P33664
Q9H2W2	Q9H2W2
P36393	P36393
P36393	Q864Q7
O31823	O31823
Q9BYR4	Q9BYR4
P03961	P03961
Q46810	Q46810
Q9R257	Q9R257
Q9R257	Q9NRV9
Q7LBR1	Q7LBR1
Q7LBR1	Q7SZB5
Q6DHM9	Q6DHM9
Q6DHM9	Q22038
Q6DHM9	Q6NUX8
Q6DHM9	P08134
A5UIU8	A5UIU8
A5UIU8	Q8ZBY7
A5UIU8	A7MI45
A5UIU8	P63224
Q666N1	Q666N1
Q666N1	Q7N7H2
Q666N1	Q83JS0
Q5FVP2	Q5FVP2
P53523	P53523
B4QPV0	B4QPV0
B4QPV0	B4IFU5
P94571	P94571
Q88CT0	Q88CT0
Q01112	Q01112
Q01112	P60953
Q01112	P40793
Q01112	Q17031
Q01112	Q05062
Q01112	Q29HY3
O00264	O00264
Q9FLF0	Q9FLF0
A0A075TR27	A0A075TR27
P52009	P52009
B6EHH0	B6EHH0
B6EHH0	B7VKG8
P38146	P38146
P16006	P16006
B4R8N8	B4R8N8
B3WDB0	B3WDB0
Q9BIW4	Q9BIW4
Q6AD15	Q6AD15
A2A1A1	A2A1A1
A5FMV7	A5FMV7
Q683D7	Q683D7
A5UFT9	A5UFT9
A5UFT9	C4K8I1
A5UFT9	A3N0J5
A5UFT9	Q7VL26
A5UFT9	Q7N6J3
A5UFT9	A4TKM6
Q8NQ42	Q8NQ42
A6L391	A6L391
Q11Y71	Q11Y71
P44830	P44830
P11596	P11596
Q1IX93	Q1IX93
Q28H12	Q28H12
Q28H12	Q4KM73
P0ABY7	P0ABY7
P0ABY7	O52222
Q7V1W0	Q7V1W0
Q3SXC5	Q3SXC5
Q9A5V5	Q9A5V5
Q10241	Q10241
Q6DC39	Q6DC39
Q6DC39	Q5R456
Q6DC39	Q5ZIV7
P30152	P30152
Q54FK1	Q54FK1
P0DB30	P0DB30
P0DB30	Q5M391
P18036	P18036
P18036	Q3ZK65
Q9V0D0	Q9V0D0
O22827	O22827
B9DLK2	B9DLK2
Q55DY7	Q55DY7
Q9NVS2	Q9NVS2
P49416	P49416
O17622	O17622
Q9H061	Q9H061
Q9WTR7	Q9WTR7
P9WEM3	P9WEM3
Q24491	Q24491
B6EGH6	B6EGH6
B6EGH6	Q5E6B7
B6EGH6	A0KLJ3
Q8ZYS2	Q8ZYS2
Q5HCG2	Q5HCG2
Q8R182	Q8R182
P43408	P43408
Q7CPQ6	Q7CPQ6
P40325	P40325
Q90872	Q90872
B9LJ65	B9LJ65
Q90YR7	Q90YR7
P30300	P30300
P52478	P52478
Q5ZIR9	Q5ZIR9
Q5ZIR9	Q5RFK9
Q5ZIR9	Q6PC78
Q06485	Q06485
Q39S52	Q39S52
O49499	O49499
O49499	O24144
O49499	A0A0S2UWT1
O49499	Q8H9B6
O49499	Q40313
O49499	O65862
O49499	O04899
O49499	O65922
O49499	P28034
O49499	A0A0S2UWA5
O49499	A0A0S2UWC9
O49499	O81185
Q0JBP5	Q0JBP5
Q0JBP5	Q9LYV8
Q0JBP5	Q8LBB7
Q0JBP5	Q84M85
A0A3G9HAL8	A0A3G9HAL8
P34247	P34247
Q9ZSI1	Q9ZSI1
Q7ZVE3	Q7ZVE3
B0KCS0	B0KCS0
P63371	P63371
P63371	Q1GAD3
Q06511	Q06511
A1S6T3	A1S6T3
Q5L6H0	Q5L6H0
Q5L6H0	Q823U7
Q38YC1	Q38YC1
Q0AME1	Q0AME1
F4JJ23	F4JJ23
B3Q1Q5	B3Q1Q5
Q8Q0A4	Q8Q0A4
Q98878	Q98878
Q8A853	Q8A853
Q8A853	Q11NG0
Q1QSE9	Q1QSE9
A5D7B2	A5D7B2
Q81JH1	Q81JH1
B2KE93	B2KE93
Q9Z0G4	Q9Z0G4
Q9Z0G4	O76076
Q9Z0G4	Q9JHC6
F4J5M9	F4J5M9
Q66EC0	Q66EC0
Q66EC0	A9N2D0
Q66EC0	B7N6X4
Q66EC0	A9MF31
Q66EC0	B5XV37
Q66EC0	A7MJ60
Q66EC0	P0A840
Q66EC0	B7LWJ1
Q66EC0	B5RDQ0
Q66EC0	Q8ZBP9
Q66EC0	C5BGI8
Q66EC0	A4WDU9
Q66EC0	Q83JY2
A0QFB6	A0QFB6
A0QFB6	A0QZ46
A0QFB6	P9WHU1
B2I9H6	B2I9H6
Q92ET8	Q92ET8
Q92527	Q92527
Q03835	Q03835
Q08DG5	Q08DG5
Q08DG5	P17483
Q08DG5	P10284
Q9Z0F1	Q9Z0F1
Q9Z0F1	Q792G6
Q9Z0F1	O95467
P56102	P56102
Q12345	Q12345
Q3A7P5	Q3A7P5
Q3A7P5	A0LJA4
Q8ZPA3	Q8ZPA3
Q4V0R7	Q4V0R7
Q4V0R7	Q3BZR9
Q4V0R7	Q8PRF1
A7GSF2	A7GSF2
P60827	P60827
Q2SSZ9	Q2SSZ9
Q96SN7	Q96SN7
Q96SN7	Q8BH10
Q8YZ99	Q8YZ99
Q8YZ99	B2IVH7
Q11E01	Q11E01
Q11E01	B2S828
Q11E01	A6UCF6
Q11E01	Q8YJ98
Q11E01	Q98G87
Q85G31	Q85G31
Q6M9Z8	Q6M9Z8
A8PAA1	A8PAA1
P42963	P42963
Q0AM20	Q0AM20
O82798	O82798
O82798	Q9ZWS9
Q5L8L6	Q5L8L6
Q80HT9	Q80HT9
Q74KU4	Q74KU4
A4XYV5	A4XYV5
Q15363	Q15363
P40080	P40080
Q7UZW0	Q7UZW0
Q9GZP1	Q9GZP1
Q6DH65	Q6DH65
Q8MXS1	Q8MXS1
B7XIB8	B7XIB8
Q15834	Q15834
P0C0I0	P0C0I0
Q04RH1	Q04RH1
Q04RH1	P61611
B8CNY0	B8CNY0
A9LYY1	A9LYY1
Q9ESW8	Q9ESW8
O83687	O83687
A4WH05	A4WH05
B5Y659	B5Y659
Q96FT9	Q96FT9
Q96FT9	Q9DA69
O05231	O05231
Q57TB6	Q57TB6
Q9I425	Q9I425
P0C745	P0C745
P0C745	P0C746
B2A6I7	B2A6I7
Q1MTR2	Q1MTR2
Q9BRP8	Q9BRP8
Q9BRP8	A6QPH1
Q9BRP8	Q8CHP5
P26892	P26892
B1ZZZ4	B1ZZZ4
Q7V3M6	Q7V3M6
Q8EUY4	Q8EUY4
Q9V9V9	Q9V9V9
Q5SHZ1	Q5SHZ1
P01374	P01374
P01374	Q5TM20
Q6FNR0	Q6FNR0
P14194	P14194
P69853	P69853
D3ZWT9	D3ZWT9
Q9HDY0	Q9HDY0
Q3B6X8	Q3B6X8
Q74CZ5	Q74CZ5
Q26239	Q26239
O81900	O81900
Q3B316	Q3B316
P28760	P28760
P28760	Q92BR6
P28760	Q7SIC3
Q92CH0	Q92CH0
Q92CH0	Q8Y7N5
P58345	P58345
Q9VH39	Q9VH39
Q3ZBS1	Q3ZBS1
Q3ZBS1	Q5RDK8
Q215Z0	Q215Z0
Q9FNQ2	Q9FNQ2
A5FQY4	A5FQY4
Q03201	Q03201
O50110	O50110
Q864P5	Q864P5
Q9ZL74	Q9ZL74
Q6MS86	Q6MS86
B0SFV4	B0SFV4
Q4UU43	Q4UU43
Q600K1	Q600K1
A7HZV6	A7HZV6
P92792	P92792
Q64VR1	Q64VR1
A1RSJ8	A1RSJ8
A1RSJ8	A3MXQ6
P34179	P34179
C8VRV0	C8VRV0
P39423	P39423
P18405	P18405
Q8II36	Q8II36
A9BEI3	A9BEI3
Q9NSE2	Q9NSE2
Q9NSE2	Q62225
Q9NSE2	O70512
Q9NSE2	Q2HJ53
Q7K1U0	Q7K1U0
P15514	P15514
Q8G907	Q8G907
Q9K8D8	Q9K8D8
P03295	P03295
P60566	P60566
Q3AFD0	Q3AFD0
Q8TZB4	Q8TZB4
Q04757	Q04757
Q4QQW5	Q4QQW5
Q4QQW5	Q8N1B3
Q4QQW5	Q8QZR8
Q1AW66	Q1AW66
P19871	P19871
A9WKG4	A9WKG4
A9WKG4	B8G2Z2
Q94BT2	Q94BT2
Q96EU6	Q96EU6
Q96EU6	Q3UFY0
C3MY66	C3MY66
C3MY66	C3NFV6
C3MY66	Q980N1
P57336	P57336
P93751	P93751
P09885	P09885
B0BM28	B0BM28
P30149	P30149
P81203	P81203
Q9CEW8	Q9CEW8
Q9CEW8	P63375
Q9CEW8	Q1JGL3
Q9CEW8	P63368
Q9CEW8	Q5M4F2
Q9CEW8	P63373
A6Q160	A6Q160
G5ECB1	G5ECB1
Q8K3Y7	Q8K3Y7
Q8K3Y7	Q5UBV8
Q39088	Q39088
A6ND01	A6ND01
O13826	O13826
Q2G1M5	Q2G1M5
B3VA58	B3VA58
P10542	P10542
P10542	P10541
O33832	O33832
C0HK57	C0HK57
Q44532	Q44532
Q44532	Q9HYK7
P25587	P25587
P53805	P53805
P53805	Q9JHG6
Q59179	Q59179
A0A1D8PSV5	A0A1D8PSV5
Q1KVT5	Q1KVT5
Q0VQF5	Q0VQF5
Q0VQF5	A4XWT9
Q0VQF5	Q3KHB0
Q0VQF5	A1U3Q2
Q0VQF5	Q2SBP9
Q0VQF5	A6V1D4
Q0VQF5	Q4ZWS6
A3DM02	A3DM02
Q1WSC1	Q1WSC1
Q1WSC1	Q38UV3
Q1WSC1	Q035B5
A7GWC2	A7GWC2
A1KGF0	A1KGF0
Q9I2T1	Q9I2T1
Q8RI81	Q8RI81
Q5LIQ2	Q5LIQ2
Q5LIQ2	Q8A2B0
P06812	P06812
C5DTJ3	C5DTJ3
C5BD33	C5BD33
A1B5M1	A1B5M1
O53561	O53561
Q6LLW5	Q6LLW5
Q73K39	Q73K39
A6RP27	A6RP27
Q9C9M9	Q9C9M9
Q9C9M9	Q8LBF7
P28068	P28068
P28068	P35737
B1MZ17	B1MZ17
P39471	P39471
Q5SJF8	Q5SJF8
Q9D9J2	Q9D9J2
Q75G39	Q75G39
Q89AP3	Q89AP3
A8GKT5	A8GKT5
A8GKT5	B1JHZ5
A8GKT5	Q8GHL1
A8GKT5	P13001
A8GKT5	B4TKT6
A8GKT5	B7N145
A8GKT5	B5F8M6
A8GKT5	Q31VM0
A8GKT5	A1AGT6
A8GKT5	B7NE17
A8GKT5	Q0TC55
A8GKT5	B1LHL2
A8GKT5	B5BHG7
A8GKT5	B4SVL3
A8GKT5	B2U3M2
A8GKT5	A8A5M0
A8GKT5	A7ZSU1
P38440	P38440
Q9M9U9	Q9M9U9
Q9VY78	Q9VY78
A1VBV4	A1VBV4
P00417	P00417
Q7U335	Q7U335
Q29077	Q29077
Q29077	Q14990
Q29077	Q29438
Q29077	Q61999
Q29077	P21769
B2INA6	B2INA6
B2INA6	Q04LH2
B2INA6	B5E327
B2INA6	C1C673
O42898	O42898
P53289	P53289
B0V9I9	B0V9I9
Q9SA82	Q9SA82
Q0AER1	Q0AER1
B0R386	B0R386
Q14656	Q14656
P56857	P56857
P56857	Q5I0E5
P56857	P56856
P56857	Q0VCN0
Q9WZP2	Q9WZP2
P25343	P25343
P25343	Q5AFE4
C5BRP6	C5BRP6
P38937	P38937
J5JH39	J5JH39
Q24UK0	Q24UK0
Q8VPF2	Q8VPF2
A0L4Z4	A0L4Z4
P41437	P41437
P44723	P44723
C0SPC1	C0SPC1
Q94AQ9	Q94AQ9
B0B836	B0B836
Q9ULC0	Q9ULC0
Q8CWP9	Q8CWP9
P36040	P36040
Q12277	Q12277
Q6FTW0	Q6FTW0
Q5L0X5	Q5L0X5
P47086	P47086
P06615	P06615
Q2LUH7	Q2LUH7
Q8PLR8	Q8PLR8
Q8PLR8	Q8P9Z1
Q8PLR8	B0RU03
Q1D5X9	Q1D5X9
Q6PID6	Q6PID6
P60593	P60593
Q93NG1	Q93NG1
Q40144	Q40144
Q40144	P93349
Q04LL6	Q04LL6
Q04LL6	C1CQE9
Q96N20	Q96N20
P0DSP2	P0DSP2
P46136	P46136
P46136	D0ZXP9
Q7RWX8	Q7RWX8
Q6GLV4	Q6GLV4
Q8TVL8	Q8TVL8
Q8E3J2	Q8E3J2
P0A8T1	P0A8T1
F4HTL8	F4HTL8
A0A075D654	A0A075D654
Q9UEE9	Q9UEE9
Q9UEE9	Q4ADK7
Q9UEE9	O88271
Q9UEE9	Q75UQ2
Q9UEE9	Q8HXY9
P33122	P33122
P24490	P24490
P24490	P14667
P24490	P24491
Q9M077	Q9M077
Q9M077	Q683C9
Q9MZ03	Q9MZ03
P53898	P53898
Q8DQD2	Q8DQD2
F4J2Z7	F4J2Z7
F4J2Z7	O80713
Q5HU06	Q5HU06
Q5HU06	A8FMF1
Q5HU06	B9KCT6
Q8D612	Q8D612
Q06143	Q06143
P59303	P59303
O62415	O62415
O65639	O65639
P35734	P35734
Q5L9K3	Q5L9K3
Q97UA0	Q97UA0
P38892	P38892
A0DSB3	A0DSB3
A0DSB3	A0CUB5
Q9MBG8	Q9MBG8
P80700	P80700
Q87A21	Q87A21
Q8JTH2	Q8JTH2
Q8JTH2	Q66T64
Q8JTH2	A3RM20
Q8JTH2	Q6X1D3
Q8JTH2	Q8B6J8
Q8JTH2	P16286
Q8JTH2	Q9IPJ8
Q8JTH2	P69480
Q8JTH2	Q0GBY3
Q8JTH2	A4UHQ4
Q8JTH2	P15198
Q8JTH2	P22363
Q8JTH2	Q0GBX8
Q8JTH2	P06747
Q8JTH2	Q6X1D7
Q8JTH2	Q9QSP3
A8YVV8	A8YVV8
A0LLR2	A0LLR2
Q2IPE5	Q2IPE5
Q9ZVK1	Q9ZVK1
A0A0B5JC15	A0A0B5JC15
B2IEM1	B2IEM1
P46963	P46963
O29843	O29843
Q38X88	Q38X88
P09727	P09727
Q9CYH2	Q9CYH2
Q5Q9Z2	Q5Q9Z2
Q5Q9Z2	P40338
P22214	P22214
Q28D16	Q28D16
Q31IR4	Q31IR4
Q8GED9	Q8GED9
C8VQ71	C8VQ71
P53158	P53158
B7ICE9	B7ICE9
P0ABP6	P0ABP6
Q6ZTI6	Q6ZTI6
Q6TA48	Q6TA48
O52704	O52704
Q3BSL0	Q3BSL0
Q9FE46	Q9FE46
Q1IPE7	Q1IPE7
Q7CQM5	Q7CQM5
Q8F9Q1	Q8F9Q1
B9JVK2	B9JVK2
P38815	P38815
O35047	O35047
P47123	P47123
Q552W5	Q552W5
C3Z724	C3Z724
O07528	O07528
Q3IP34	Q3IP34
A4G883	A4G883
Q2SDP4	Q2SDP4
P0ABU5	P0ABU5
B7UP20	B7UP20
P19892	P19892
P19892	P28187
Q1QSY2	Q1QSY2
Q00637	Q00637
Q81MJ0	Q81MJ0
Q81MJ0	A7GS62
B1LK79	B1LK79
B1LK79	Q0SYG9
B1LK79	P0A7E3
B1LK79	C6DIC6
B1LK79	Q7MPT2
B1LK79	B0BT67
Q1C647	Q1C647
A1AIG4	A1AIG4
A1AIG4	Q0SY07
A1AIG4	P30137
Q9VG94	Q9VG94
P07641	P07641
O33570	O33570
Q2GDL7	Q2GDL7
Q7XAK4	Q7XAK4
Q2KI11	Q2KI11
Q8HXX9	Q8HXX9
Q8HXX9	O35943
Q5AF41	Q5AF41
Q6NVU6	Q6NVU6
P47963	P47963
P47963	Q90Z10
P9WGJ5	P9WGJ5
A8F300	A8F300
A8F300	B0BVP3
Q7WKH5	Q7WKH5
P9WI95	P9WI95
Q67EQ1	Q67EQ1
Q9MYV3	Q9MYV3
Q9MYV3	P16612
Q8D227	Q8D227
Q28NZ8	Q28NZ8
Q01225	Q01225
Q1ILG3	Q1ILG3
Q86SE8	Q86SE8
A3CN81	A3CN81
A3CN81	B2INX0
A3CN81	P0A4Q0
Q70IB1	Q70IB1
Q70IB1	Q70IB2
Q6DHP1	Q6DHP1
Q8KBN8	Q8KBN8
Q12285	Q12285
Q92PB2	Q92PB2
A8HRJ3	A8HRJ3
A8HRJ3	B2S9Q7
A8HRJ3	B9JAN3
A8HRJ3	B3PSA1
Q2TBW2	Q2TBW2
Q94AU2	Q94AU2
P76004	P76004
O94270	O94270
P39629	P39629
Q9M8T9	Q9M8T9
O80654	O80654
Q9FMY7	Q9FMY7
Q9GYF1	Q9GYF1
P10371	P10371
P39929	P39929
Q2K8Y5	Q2K8Y5
Q2K8Y5	A6X0J3
Q2K8Y5	Q92Q53
Q2K8Y5	A6U8K4
Q2K8Y5	Q1MH52
Q03401	Q03401
Q03401	Q03402
P43333	P43333
A0JUP3	A0JUP3
A0JUP3	Q6AEV5
Q9N1F5	Q9N1F5
Q9N1F5	P78417
Q9N1F5	Q9Z339
Q9N1F5	O09131
Q9ZCT5	Q9ZCT5
Q9ZCT5	A8GT33
Q9ZCT5	C4K2U2
Q9ZCT5	A8EY33
M3XWH1	M3XWH1
Q58375	Q58375
O82258	O82258
P61587	P61587
P61587	O77683
Q8YHG1	Q8YHG1
Q8YHG1	Q57CZ5
Q8YHG1	Q2K8X2
Q8YHG1	B5ZN98
Q8YHG1	Q1MH39
Q8YHG1	Q11HT8
Q8YHG1	B2IKM0
Q8YHG1	B8EK86
Q8YHG1	Q92PW3
Q8YHG1	Q8UFK2
Q8K2M3	Q8K2M3
Q15773	Q15773
Q15773	Q99KX1
Q4L4R1	Q4L4R1
B0R4Y2	B0R4Y2
O08498	O08498
P93045	P93045
P54451	P54451
Q93RZ5	Q93RZ5
Q95NH6	Q95NH6
Q12213	Q12213
Q12213	P05737
Q12213	A0A1D8PDL6
P74268	P74268
B4JAX0	B4JAX0
B4JAX0	B4LRY2
B4JAX0	Q9V3Y2
B4JAX0	B4Q5Z1
B4JAX0	B3MLC5
B4JAX0	B4HXL7
B8E1G5	B8E1G5
Q70JN8	Q70JN8
Q70JN8	Q750Y8
Q70JN8	P00942
Q70JN8	Q6CJG5
Q5ZUT0	Q5ZUT0
Q5ZUT0	Q5WVY9
C0HK20	C0HK20
C0HK20	C0HJX1
Q73SZ2	Q73SZ2
Q129H3	Q129H3
Q7XA66	Q7XA66
B8DPF1	B8DPF1
Q9Z8P2	Q9Z8P2
Q9SFC6	Q9SFC6
Q5X090	Q5X090
A0A1L5YRA2	A0A1L5YRA2
A0A1L5YRA2	F5A6E9
P9WHU5	P9WHU5
Q06397	Q06397
B2HHL3	B2HHL3
B2HHL3	B8ZQK0
B2HHL3	P9WK83
B2HHL3	A1KKQ9
B2HHL3	A1UIB3
Q8WW62	Q8WW62
Q8WW62	Q9CQG0
Q8WW62	Q0VCA9
Q9ESX4	Q9ESX4
Q9ESX4	Q9NP64
B0K6X4	B0K6X4
P04871	P04871
Q3SH53	Q3SH53
Q3SH53	Q3V7K1
Q3SH53	Q8Z4K6
Q3SH53	P0A794
Q3SH53	Q31XS3
O25613	O25613
O01916	O01916
Q7WYA8	Q7WYA8
Q7WYA8	P52699
P09729	P09729
P0ADD7	P0ADD7
P43727	P43727
P43727	B0URI5
P43727	A5UHG7
P43727	Q6CZ81
P43727	A9MZG8
P43727	A4WG77
P43727	Q8Z2Y2
P43727	Q8ZKP7
P43727	B2JZB1
P43727	P0A858
P43727	Q7MYB3
Q8ZU99	Q8ZU99
Q8ZU99	A1RR74
O06401	O06401
O06401	A0QR54
Q8KA52	Q8KA52
Q94G16	Q94G16
P32199	P32199
Q6H6S3	Q6H6S3
C0HK53	C0HK53
Q2FQ95	Q2FQ95
Q943K1	Q943K1
Q943K1	Q0J8R9
Q943K1	Q9XF91
D2CSU5	D2CSU5
B0R6W9	B0R6W9
Q9CR47	Q9CR47
Q9CR47	O95478
Q9CR47	Q9QYU7
Q9CR47	Q3SX11
Q9VNA5	Q9VNA5
P02945	P02945
O62802	O62802
Q22910	Q22910
Q9ERM2	Q9ERM2
M2WJF1	M2WJF1
Q819D1	Q819D1
Q819D1	A9VFF7
Q819D1	B7JL33
C0Z6T0	C0Z6T0
P87176	P87176
P0A1X6	P0A1X6
P0A1X6	P0AE18
P76422	P76422
P76422	P55882
P25878	P25878
P25878	Q7T6S9
P25878	P04135
Q38944	Q38944
Q7W2X9	Q7W2X9
Q7W2X9	Q0BIW4
Q7W2X9	Q2SUA8
Q7W2X9	A4JAW9
Q7W2X9	Q0K693
Q7W2X9	B4E641
Q7W2X9	A3NE93
Q7W2X9	Q845U7
Q7W2X9	B8GU32
Q7W2X9	Q1LIB2
Q7W2X9	Q13TR0
Q7W2X9	Q46WL8
Q7W2X9	B2JHX9
Q7W2X9	Q7VSY6
Q7W2X9	C1DAK5
Q7W2X9	Q7P0E9
Q7W2X9	B1XSV3
Q7W2X9	A1KAV4
Q7W2X9	Q5P795
Q7W2X9	A1W444
Q7W2X9	Q12FC7
Q7W2X9	C5CQK0
Q7W2X9	A4G9I6
Q7W2X9	Q0A5D3
Q7W2X9	Q88R41
Q7W2X9	Q31E64
Q7W2X9	Q4ZLQ2
Q7W2X9	B0KI45
Q7W2X9	Q4KJS4
Q7W2X9	A6VTA6
Q7W2X9	Q603K3
Q7W2X9	B3E617
Q6GHT5	Q6GHT5
Q6GHT5	P63638
Q6GHT5	B9DPT7
Q93MW7	Q93MW7
P37028	P37028
P37028	Q83MD7
P37028	Q8ZRP7
P37028	Q8Z9B2
Q9D676	Q9D676
Q9D676	Q9WVF9
B2ITP9	B2ITP9
B2ITP9	Q8YPI5
B2ITP9	Q110B3
B2ITP9	B7K329
B2ITP9	B1WQR6
B2ITP9	P73314
Q3ED65	Q3ED65
O94375	O94375
Q9LVZ5	Q9LVZ5
Q92051	Q92051
Q92051	P83299
Q92EW7	Q92EW7
Q92EW7	C1KZ32
Q92EW7	A0AFC3
Q88RA1	Q88RA1
Q4J924	Q4J924
Q9VVG6	Q9VVG6
Q9VVG6	Q2LZH7
Q9VVG6	B4J252
Q9VVG6	B3NHV5
Q9VVG6	B4QNU8
Q9VVG6	B4KZ16
Q12270	Q12270
D4GS48	D4GS48
P64606	P64606
P27771	P27771
B1KFS0	B1KFS0
B1KFS0	B3PBV0
Q5ZMN0	Q5ZMN0
Q2W4A1	Q2W4A1
P0AFQ7	P0AFQ7
E7FDX5	E7FDX5
Q02193	Q02193
Q02193	P25429
Q02193	Q1HN42
Q02193	Q1X702
Q02193	Q1X6Z8
Q02193	Q1HN31
Q02193	Q1X6Z7
Q02193	Q1X6Z5
Q02193	Q1X6Z6
O13539	O13539
Q5R603	Q5R603
Q5R603	Q13491
Q5R603	Q9JJK1
P42759	P42759
Q6AY40	Q6AY40
Q6AY40	Q96S16
Q6AY40	Q3TA59
Q88YN8	Q88YN8
Q4ZZS2	Q4ZZS2
Q4ZZS2	Q1IGY7
O59258	O59258
O59258	Q8U0I8
A4IWW5	A4IWW5
A4IWW5	B0TXZ9
A4IWW5	A0Q7L3
A4IWW5	A7NB31
Q9ZL11	Q9ZL11
Q9ZL11	O25503
Q9ZL11	Q1CT37
Q5JD67	Q5JD67
B9DM46	B9DM46
B9DM46	Q5HDY9
B9DM46	A6U3U4
B9DM46	Q49ZD7
Q9LVL9	Q9LVL9
Q55FM6	Q55FM6
Q6DD30	Q6DD30
Q6DD30	Q08BU1
Q6DD30	Q96G25
Q6DD30	Q9D7W5
Q39487	Q39487
Q39487	R9RL27
Q9ZPW7	Q9ZPW7
Q4FNS5	Q4FNS5
C8VQ62	C8VQ62
Q9FUY6	Q9FUY6
Q9CR48	Q9CR48
Q9CR48	Q6UX65
Q9CR48	Q5BK09
Q9CR48	Q3ZC48
Q9KJ22	Q9KJ22
Q9LBG2	Q9LBG2
A0A1L8F8I9	A0A1L8F8I9
Q5HZW5	Q5HZW5
Q5HZW5	Q9Z1P5
Q89Q75	Q89Q75
Q253C0	Q253C0
Q253C0	Q5L6V3
Q2HBN5	Q2HBN5
Q9UST8	Q9UST8
Q5RFR7	Q5RFR7
Q5RFR7	O95050
Q5RFR7	O97972
Q810N9	Q810N9
Q810N9	P0C7W6
Q810N9	Q6AXT4
Q1ECE0	Q1ECE0
A8M9N5	A8M9N5
Q9UTB6	Q9UTB6
P06774	P06774
P18053	P18053
P18053	P25789
P18053	Q9R1P0
P18053	P21670
A1VXG4	A1VXG4
Q3HRN7	Q3HRN7
C8WJZ5	C8WJZ5
P12482	P12482
P12482	P05861
B0DQ09	B0DQ09
Q6P418	Q6P418
Q6P418	Q6NUK4
Q6P418	Q99KK1
Q6P418	Q5HZP8
Q09024	Q09024
Q18054	Q18054
P0AC26	P0AC26
C0SP91	C0SP91
C0SP91	A0A4Y1WBN6
O27280	O27280
Q8XRV9	Q8XRV9
Q8XRV9	B2UJ42
Q8XRV9	Q0K391
P09551	P09551
P09551	P02911
Q4L5W3	Q4L5W3
Q5AL36	Q5AL36
Q9CPY3	Q9CPY3
B8FFR9	B8FFR9
Q2SS06	Q2SS06
Q2SS06	Q6MTC1
P67499	P67499
Q41969	Q41969
P08353	P08353
P08353	P37318
P08353	P37319
P08353	P36313
Q03PY8	Q03PY8
Q6GPW6	Q6GPW6
Q9R0H2	Q9R0H2
P42976	P42976
P42976	Q65I50
P42976	A7Z600
O95633	O95633
O95633	Q9EQC7
O95633	Q99PW7
O95633	Q1LZB9
Q759T4	Q759T4
P67343	P67343
Q6UWP2	Q6UWP2
Q6UWP2	Q71R50
Q6UWP2	Q3ZBV9
Q6UWP2	Q3U0B3
O28544	O28544
Q21LJ5	Q21LJ5
D4GSW7	D4GSW7
P00552	P00552
Q63HD3	Q63HD3
Q63HD3	P37564
Q63HD3	C5D391
Q63HD3	Q65PF1
Q63HD3	B7HJ05
Q63HD3	A9VN79
Q2RM79	Q2RM79
O50965	O50965
G5EC44	G5EC44
A4VPM6	A4VPM6
A4VPM6	Q1I4P2
A4VPM6	Q4K5Y4
A4VPM6	Q4ZY86
Q9VVE2	Q9VVE2
P77409	P77409
Q8CAM5	Q8CAM5
Q8CAM5	O95755
G5EB37	G5EB37
O34752	O34752
Q9B1P9	Q9B1P9
Q9B1P9	A9RAG9
A1RSE3	A1RSE3
A1RSE3	A3MXZ5
A1RSE3	B1YC30
A2RHP2	A2RHP2
Q2URJ3	Q2URJ3
Q2URJ3	Q5BGP0
Q9SJ45	Q9SJ45
P92964	P92964
P92964	Q9ZPX8
O57523	O57523
O57523	Q91488
O57523	P27007
Q8BK75	Q8BK75
Q8BK75	B2RYG8
Q8BK75	Q0PNE2
Q12107	Q12107
A6LMK5	A6LMK5
A1JJN8	A1JJN8
A1JJN8	B7UII2
A1JJN8	P31057
A1JJN8	B2VD19
A1JJN8	B1LGT6
A1JJN8	A1A7I0
A1JJN8	A9R1G2
A1JJN8	Q8X929
A1JJN8	A8ALE9
A1JJN8	B5F833
A1JJN8	C0Q5P4
A1JJN8	A4W6N8
A1JJN8	A6T4T0
A1JJN8	B5FIX8
A1JJN8	C6DC47
Q8D281	Q8D281
O34510	O34510
B1JZB2	B1JZB2
B1JZB2	B1YNP3
B1JZB2	A9AEF0
B1JZB2	A4JI88
B1JZB2	Q0BBG3
B1JZB2	Q2T1M2
B1JZB2	A1V034
B1JZB2	Q63XZ2
P11568	P11568
O95639	O95639
O95639	Q5FVR7
O95639	O19137
A5CX90	A5CX90
A5CX90	A1AW02
O82081	O82081
Q4HYC1	Q4HYC1
Q1WG82	Q1WG82
Q57913	Q57913
C5D5M9	C5D5M9
Q0W4U3	Q0W4U3
Q7CRQ0	Q7CRQ0
A6LPL2	A6LPL2
A6LPL2	B2TI22
A6LPL2	B2UXU6
A6LPL2	Q0TMI4
A6LPL2	Q8XHL5
Q38CB5	Q38CB5
Q60651	Q60651
Q60651	P20937
A0QQ53	A0QQ53
A0QQ53	O53699
Q9ZFV4	Q9ZFV4
Q9ZFV4	P65643
O42143	O42143
Q9LMG8	Q9LMG8
P9WIN0	P9WIN0
P9WIN0	A5U654
Q8IDQ9	Q8IDQ9
B8D6X4	B8D6X4
O42175	O42175
P0DTV0	P0DTV0
P0DTV0	Q00623
B9M2A3	B9M2A3
B9M2A3	Q74CG8
B9JG16	B9JG16
Q57609	Q57609
Q9VL00	Q9VL00
P06847	P06847
B4RY28	B4RY28
B4RY28	Q15X16
P0DH76	P0DH76
P0DH76	F2MMP0
Q9LZX7	Q9LZX7
Q8LAL2	Q8LAL2
Q16635	Q16635
Q16635	Q6IV84
Q16635	Q6IV78
Q16635	Q91WF0
Q16635	Q6IV77
Q16635	Q6IV82
Q5KWX3	Q5KWX3
Q5KWX3	C5D4W6
Q8VIL2	Q8VIL2
Q8VIL2	Q9Y3V2
P30657	P30657
A0A2T4VDM4	A0A2T4VDM4
A0R2W4	A0R2W4
A0R2W4	P9WFF5
O18229	O18229
P46342	P46342
P0AEK4	P0AEK4
P0AEK4	P16657
P09358	P09358
Q8VY76	Q8VY76
Q8U0E4	Q8U0E4
Q8U0E4	Q5JJF4
Q8U0E4	Q9V198
Q8U0E4	O59303
B2HQ02	B2HQ02
B2HQ02	A5TZE3
B2HQ02	C1AK93
B2HQ02	A0PRX9
B2HQ02	B8ZU92
B2HQ02	A8M4E3
B2HQ02	B1VZU6
B2HQ02	Q82AG5
Q5XIH0	Q5XIH0
Q5XIH0	Q9H063
Q5XIH0	Q9D0U6
Q5XIH0	A5D9C6
B2S334	B2S334
Q8BVZ5	Q8BVZ5
Q8BVZ5	Q66H70
C3MU48	C3MU48
C3MU48	C3NMB9
C3MU48	C3N926
Q0AJ67	Q0AJ67
Q0AJ67	Q1GXY7
Q0AJ67	B2FSD0
Q0AJ67	Q2YCZ2
Q0AJ67	Q3SH10
Q0AJ67	Q82XI7
Q0AJ67	Q7W3P5
Q0AJ67	Q5P5J1
Q0AJ67	A1KCM9
Q0AJ67	Q87AE8
A0B5C6	A0B5C6
P0DPI2	P0DPI2
Q6F854	Q6F854
Q6F854	B7H011
A0A5B8NIM2	A0A5B8NIM2
C1CUT8	C1CUT8
P0A3Y5	P0A3Y5
A0A1D8PK71	A0A1D8PK71
B7H7H4	B7H7H4
B7H7H4	A0R980
B7H7H4	B7HT69
B7H7H4	A9VRN3
B7H7H4	C3L626
B7H7H4	Q6HP18
P48060	P48060
Q13YI8	Q13YI8
Q13YI8	B2T4N1
P37079	P37079
P26842	P26842
Q5T0L3	Q5T0L3
Q6Q9I2	Q6Q9I2
Q6Q9I2	Q10CQ1
Q6Q9I2	I1GN76
Q39QX7	Q39QX7
O31751	O31751
Q01PF4	Q01PF4
C5A7E9	C5A7E9
C5A7E9	Q5JI92
Q8TMD5	Q8TMD5
Q8TMD5	Q8PS50
Q7XQ97	Q7XQ97
Q7XQ97	Q7XPW7
Q7XQ97	B6TB21
Q0W1L9	Q0W1L9
Q0BPE6	Q0BPE6
Q966C6	Q966C6
A0LP26	A0LP26
P0AEM9	P0AEM9
A4SNT8	A4SNT8
A9BBN4	A9BBN4
A9BBN4	A2C436
A9BBN4	Q7VAV8
A9BBN4	Q3AL65
A9BBN4	Q7U5U4
A9BBN4	Q7V8I0
A9BBN4	A5GMH4
Q6P3G4	Q6P3G4
Q0AZE0	Q0AZE0
F4J3H7	F4J3H7
Q9C593	Q9C593
A6UPE5	A6UPE5
A0A1S3EL69	A0A1S3EL69
C1L2E2	C1L2E2
Q8ZU79	Q8ZU79
Q5UCC4	Q5UCC4
Q5UCC4	Q3TAS6
Q5UCC4	Q6AYH6
Q5UCC4	A1A4M2
Q9S2A5	Q9S2A5
A5VIY5	A5VIY5
P01192	P01192
P01192	P19402
P01192	P01201
P01192	P01189
P01192	P01190
P01192	P01191
P49938	P49938
C4R415	C4R415
Q96HV5	Q96HV5
Q8Y7K4	Q8Y7K4
Q8Y7K4	Q92C79
Q8Y7K4	C1L2I1
P38886	P38886
Q492H3	Q492H3
Q38828	Q38828
Q60819	Q60819
Q62H17	Q62H17
Q62H17	B2JGX9
Q62H17	A9AHB2
Q62H17	A4JBH8
Q62H17	B1JVG6
Q62H17	Q39JM8
Q62H17	A3NDK8
Q62H17	B1YT08
Q62H17	Q2SZ94
Q62H17	Q46XD7
Q62H17	Q1LJ29
Q62H17	Q0K705
Q7V958	Q7V958
P16655	P16655
A6L8U3	A6L8U3
B8D8X4	B8D8X4
I6YFP0	I6YFP0
A0A0S0FTT9	A0A0S0FTT9
Q86695	Q86695
Q9C633	Q9C633
P57624	P57624
P05538	P05538
P05538	Q9TVC8
P05538	P06345
P05538	P06344
P05538	P06343
P05538	P06346
P05538	P01920
P05538	P29826
P05538	P01921
P05538	P06341
P05538	P06342
P05538	P14483
Q811X5	Q811X5
Q811X5	Q96CJ1
Q811X5	Q91ZD6
Q04BL3	Q04BL3
A9A1K7	A9A1K7
A9A1K7	A0RWW1
P46341	P46341
Q55707	Q55707
Q8DUE1	Q8DUE1
Q9T0I8	Q9T0I8
P85190	P85190
Q7MIH1	Q7MIH1
A8M783	A8M783
Q9VKY1	Q9VKY1
Q01269	Q01269
Q949R4	Q949R4
Q01702	Q01702
Q21II7	Q21II7
B2T1L6	B2T1L6
Q9PWM6	Q9PWM6
O59447	O59447
O59447	Q5JH75
A3QBA3	A3QBA3
A3QBA3	Q0HS06
A3QBA3	A4Y435
A3QBA3	A8H0V2
A3QBA3	Q0HLT2
A3QBA3	A9L438
A3QBA3	A3D188
Q9ZHA4	Q9ZHA4
Q01511	Q01511
Q9VC99	Q9VC99
A5VRR9	A5VRR9
Q62471	Q62471
P9WJD5	P9WJD5
Q2S8H5	Q2S8H5
P48329	P48329
P93009	P93009
P43308	P43308
P14334	P14334
P82130	P82130
Q9BTE1	Q9BTE1
B3GY27	B3GY27
Q8RLD7	Q8RLD7
P49879	P49879
Q8L925	Q8L925
Q839C0	Q839C0
B9MIH9	B9MIH9
Q0A939	Q0A939
Q9LNQ1	Q9LNQ1
O49347	O49347
B8J1D6	B8J1D6
P82973	P82973
P54363	P54363
O88851	O88851
Q8IE14	Q8IE14
Q9W6Z2	Q9W6Z2
P0DMU9	P0DMU9
P51362	P51362
A8Z3T3	A8Z3T3
A8Z3T3	B9EBD3
A8Z3T3	C1EP54
Q8U446	Q8U446
H3BKT1	H3BKT1
Q5RA61	Q5RA61
Q5RA61	O96007
P01576	P01576
A0A9P5BNK0	A0A9P5BNK0
Q83G05	Q83G05
Q5AJ93	Q5AJ93
Q73II8	Q73II8
Q498E2	Q498E2
B7JZT6	B7JZT6
Q4R5F2	Q4R5F2
Q6B8I0	Q6B8I0
P79782	P79782
Q03705	Q03705
C1D9T5	C1D9T5
Q94BV2	Q94BV2
Q8R5J9	Q8R5J9
B0K4N6	B0K4N6
Q053U5	Q053U5
Q9C5X0	Q9C5X0
Q3KKE2	Q3KKE2
Q3KKE2	Q88B46
I1REI8	I1REI8
Q65DU9	Q65DU9
Q6P9G4	Q6P9G4
A3QEN5	A3QEN5
Q23212	Q23212
Q6GAC3	Q6GAC3
Q661W9	Q661W9
Q661W9	Q0SNL5
Q9D1I2	Q9D1I2
Q45585	Q45585
Q2YAY0	Q2YAY0
Q5V4H8	Q5V4H8
P40573	P40573
A4VKK1	A4VKK1
Q6G202	Q6G202
Q2S4D2	Q2S4D2
A8G742	A8G742
Q8XD48	Q8XD48
B1AI63	B1AI63
P67095	P67095
A2SD05	A2SD05
P02793	P02793
O02765	O02765
F4I4E1	F4I4E1
Q7RTS1	Q7RTS1
Q9WV50	Q9WV50
Q568Z4	Q568Z4
A9A2Q5	A9A2Q5
Q8J2Q9	Q8J2Q9
Q9H079	Q9H079
Q9H079	Q9CWJ3
B0U1G5	B0U1G5
B0U1G5	B2FND0
Q3AC05	Q3AC05
P12946	P12946
P0CAP6	P0CAP6
A0A1D5PPP7	A0A1D5PPP7
A0A1D5PPP7	O08738
A0A1D5PPP7	Q3T0P5
A0A1D5PPP7	O35397
A0A1D5PPP7	P55212
A5PK27	A5PK27
A5PK27	Q7Z419
A5PK27	Q8BKD6
Q9ASZ1	Q9ASZ1
Q2FPW6	Q2FPW6
Q6PNM1	Q6PNM1
Q6PNM1	Q7TSA3
A4F7P5	A4F7P5
P0AF06	P0AF06
P0A9I1	P0A9I1
P0A9I1	P44460
O95407	O95407
Q9HP57	Q9HP57
Q8RXP6	Q8RXP6
Q12DZ8	Q12DZ8
Q12DZ8	A1VKN9
Q7XKE9	Q7XKE9
A4WQD8	A4WQD8
A4WQD8	A1BAL1
A4WQD8	A8LS61
Q5AV06	Q5AV06
Q9UJD0	Q9UJD0
Q9UJD0	Q80U57
Q9UJD0	Q9JIR3
P53694	P53694
Q8D293	Q8D293
P22636	P22636
B6YQT8	B6YQT8
Q9HKM2	Q9HKM2
Q6NM73	Q6NM73
Q6NM73	O22784
B0SQ03	B0SQ03
Q31I39	Q31I39
E3H7X6	E3H7X6
P06815	P06815
Q6IF82	Q6IF82
Q6IF82	Q8NGN8
Q9UUF0	Q9UUF0
A0LTZ0	A0LTZ0
A0LTZ0	Q0RH20
Q8ESR4	Q8ESR4
A6TBW1	A6TBW1
Q9NYW0	Q9NYW0
Q8DKK1	Q8DKK1
B8FLE5	B8FLE5
P9WMX3	P9WMX3
P9WMX3	A0R5Z2
Q0IE58	Q0IE58
Q0IE58	Q7UA74
Q8WYR4	Q8WYR4
Q8WYR4	Q8VIG3
Q12326	Q12326
Q9WY40	Q9WY40
Q8NH63	Q8NH63
Q04778	Q04778
B9LGZ1	B9LGZ1
Q5WPU8	Q5WPU8
B5YFT1	B5YFT1
Q93X62	Q93X62
Q93X62	P33207
Q93X62	Q949M3
Q93X62	Q949M2
Q4FQW6	Q4FQW6
Q9UR08	Q9UR08
B4SNS0	B4SNS0
A3DBD3	A3DBD3
B2G5Z2	B2G5Z2
Q94CK9	Q94CK9
B3SGL0	B3SGL0
B3SGL0	O49814
B3SGL0	O49815
B3SGL0	Q9SZZ8
Q6IN97	Q6IN97
Q05622	Q05622
Q59111	Q59111
B3DS61	B3DS61
Q47LA7	Q47LA7
P27477	P27477
Q32LC9	Q32LC9
Q32LC9	Q922H9
Q32LC9	Q9Y3S2
Q057P0	Q057P0
Q6APB0	Q6APB0
P0C0L0	P0C0L0
P0C0L0	P0C0L1
A0A0F9ZXE3	A0A0F9ZXE3
Q94C32	Q94C32
O13842	O13842
Q99J25	Q99J25
B2IEZ6	B2IEZ6
Q9UTN1	Q9UTN1
A0QS56	A0QS56
Q93HX6	Q93HX6
Q9XHV0	Q9XHV0
Q8N628	Q8N628
A4WP19	A4WP19
A4WP19	Q163C5
A4WP19	A8LL75
Q9VBU8	Q9VBU8
A0A078ISJ6	A0A078ISJ6
Q9Y3N9	Q9Y3N9
Q02250	Q02250
P28647	P28647
P28647	P0DMS8
P28647	Q61618
P28647	P35342
P28647	O02667
Q0CCY4	Q0CCY4
Q0CCY4	A0A067XMV3
Q52085	Q52085
Q0C661	Q0C661
Q96QS1	Q96QS1
O42860	O42860
O02467	O02467
Q8IW00	Q8IW00
Q8IW00	T1NXB5
Q9FTY0	Q9FTY0
Q9FTY0	A2WJP3
Q9X7P6	Q9X7P6
B4RC21	B4RC21
Q88VY1	Q88VY1
Q54P59	Q54P59
B3H707	B3H707
Q1K5G1	Q1K5G1
Q9LD47	Q9LD47
A6T2F6	A6T2F6
Q8ZC98	Q8ZC98
Q8ZC98	C4K332
Q59YL9	Q59YL9
P51616	P51616
Q7M709	Q7M709
Q7M709	Q67ES6
P65245	P65245
O23160	O23160
F1NNL1	F1NNL1
F1NNL1	Q9H6L2
F1NNL1	Q5FVM1
F1NNL1	A7MB75
Q0X0C4	Q0X0C4
Q9VEB3	Q9VEB3
Q9YA47	Q9YA47
D4GSE6	D4GSE6
Q10B79	Q10B79
P38689	P38689
Q3V3G7	Q3V3G7
D1ZRK4	D1ZRK4
Q6AA30	Q6AA30
Q7XJK5	Q7XJK5
B8HF09	B8HF09
P71668	P71668
A8LKN7	A8LKN7
P56511	P56511
P23070	P23070
Q96JD6	Q96JD6
Q96JD6	Q9DCT1
Q96JD6	Q5U1Y4
Q96JD6	P82125
P81204	P81204
P08758	P08758
P08758	P14668
P08758	P48036
Q9VDD9	Q9VDD9
Q31PM2	Q31PM2
Q31PM2	P73660
Q9UT34	Q9UT34
Q675B9	Q675B9
Q675B9	Q7M707
Q675B9	Q675B8
Q1AVQ0	Q1AVQ0
B4RG38	B4RG38
A4G288	A4G288
Q9VX39	Q9VX39
Q7UQA4	Q7UQA4
P37416	P37416
Q5R580	Q5R580
Q9Z7X6	Q9Z7X6
P73493	P73493
Q47537	Q47537
A1R6I0	A1R6I0
A1R6I0	B8H7N5
Q03220	Q03220
Q9VHG4	Q9VHG4
Q9P2X3	Q9P2X3
Q9P2X3	A7YY45
Q9P2X3	O55091
Q9P2X3	Q5GFD8
Q9P2X3	Q5GFD9
O76099	O76099
O76099	O60412
Q8BJZ4	Q8BJZ4
C1BBD1	C1BBD1
P0DI12	P0DI12
O64301	O64301
A6WZQ8	A6WZQ8
Q8JIR0	Q8JIR0
Q03M55	Q03M55
Q6XGD4	Q6XGD4
Q6GQ70	Q6GQ70
A1AV91	A1AV91
A1AV91	A5CXW7
B0TB07	B0TB07
Q9ZNU2	Q9ZNU2
Q8VCV1	Q8VCV1
Q8VCV1	Q5ZJ01
Q8VCV1	Q5VST6
Q8VCV1	Q7ZVZ7
Q8VCV1	Q5ZJX1
Q8VCV1	Q6AY17
Q8VCV1	Q96GS6
Q8VCV1	Q99JW1
Q8VCV1	Q2HJ19
Q8VCV1	Q5XIJ5
A5U3S4	A5U3S4
P0DN82	P0DN82
P0DN82	P58182
Q7VY99	Q7VY99
Q8NGS7	Q8NGS7
Q6NW76	Q6NW76
Q6NW76	Q9UQB9
Q6NW76	O88445
Q8CGR7	Q8CGR7
Q8CGR7	O95045
A0PPI8	A0PPI8
A0PPI8	A0QWS1
A0PPI8	Q0S0M4
A0PPI8	A5U282
A0PPI8	A1T8G7
A0PPI8	Q741H5
P38342	P38342
P25076	P25076
P25076	P29610
P25076	Q9LK29
P25076	Q9FKS5
Q8NGR4	Q8NGR4
Q7MHN9	Q7MHN9
Q7MHN9	A1JKK4
Q7MHN9	A9MGX7
Q7MHN9	P06616
Q7MHN9	A9N1T2
Q7MHN9	B5QTU7
Q7MHN9	B4TE14
Q7MHN9	A8AD18
Q7MHN9	B5Z140
Q7MHN9	A7ZQ10
Q7MHN9	A9R403
Q7MHN9	A3MZR0
Q7MHN9	A5UFI7
Q7MHN9	Q0I4Z4
P60748	P60748
A1KA92	A1KA92
P75954	P75954
P49191	P49191
O04351	O04351
P0CW93	P0CW93
Q8K931	Q8K931
A6NFC9	A6NFC9
P08176	P08176
P78697	P78697
P78697	P41819
Q0CJ58	Q0CJ58
A3CTK2	A3CTK2
A0KJE0	A0KJE0
A0S0B0	A0S0B0
Q6NUE2	Q6NUE2
P43127	P43127
P21138	P21138
Q9H6D8	Q9H6D8
Q9H6D8	A6QPL2
Q9H6D8	Q3TR08
P39039	P39039
P39039	P19999
P41546	P41546
O95372	O95372
O95372	Q9QYL8
O95372	Q9WTL7
Q04GL2	Q04GL2
A9A677	A9A677
Q9TUI7	Q9TUI7
Q9HSF8	Q9HSF8
O24407	O24407
Q21YU0	Q21YU0
Q8BFX1	Q8BFX1
Q8BFX1	Q5TA31
Q8BFX1	D3Z8N2
B3ELU3	B3ELU3
O46197	O46197
A0PJX4	A0PJX4
A0PJX4	Q3UPR0
A0PJX4	Q7T0Z7
Q4FQJ5	Q4FQJ5
Q4FQJ5	Q6FFX5
Q4FQJ5	B2I029
P07725	P07725
Q7VKW2	Q7VKW2
B2J1L7	B2J1L7
B2J1L7	Q54769
Q38X21	Q38X21
Q8DZQ2	Q8DZQ2
Q9C9W4	Q9C9W4
Q9C9W4	Q9C9W3
A0A3Q0KGQ7	A0A3Q0KGQ7
Q57599	Q57599
Q5B020	Q5B020
P19498	P19498
Q73VN9	Q73VN9
P0AAL3	P0AAL3
O05251	O05251
Q8ZQU2	Q8ZQU2
Q8ZQU2	P07014
Q01976	Q01976
Q9JVD3	Q9JVD3
Q9JVD3	C9X0M5
A0A5J6BJQ5	A0A5J6BJQ5
P0A7V3	P0A7V3
O28440	O28440
P27240	P27240
P0C8L9	P0C8L9
Q0BN75	Q0BN75
Q0BN75	Q5NHP2
Q753W3	Q753W3
A0R6D0	A0R6D0
Q925N7	Q925N7
Q2G3K1	Q2G3K1
Q2G3K1	Q1GTF3
Q47319	Q47319
Q65ML0	Q65ML0
Q1PDV2	Q1PDV2
Q9X1L0	Q9X1L0
Q7SHY8	Q7SHY8
Q9UM00	Q9UM00
Q9UM00	Q6DGW9
Q9UM00	Q921L3
Q9SXP7	Q9SXP7
Q5ASI2	Q5ASI2
A4SYB4	A4SYB4
Q0AA48	Q0AA48
Q8D2T0	Q8D2T0
B8FZE5	B8FZE5
Q6K1S6	Q6K1S6
Q54C64	Q54C64
Q20334	Q20334
P53889	P53889
Q54150	Q54150
A9A3Z1	A9A3Z1
P48869	P48869
P56860	P56860
O94262	O94262
Q00017	Q00017
Q8ZVK6	Q8ZVK6
Q7UFU6	Q7UFU6
Q8D3D4	Q8D3D4
B9LRL5	B9LRL5
D3DJG5	D3DJG5
D3DJG5	D3DJG4
Q57399	Q57399
B1YLE0	B1YLE0
P15082	P15082
A8FD18	A8FD18
A8FD18	P25983
Q6D8D8	Q6D8D8
Q6D8D8	Q8Z9A5
Q6D8D8	P60472
Q7V2D3	Q7V2D3
Q84TE9	Q84TE9
P0CX45	P0CX45
Q5H1F4	Q5H1F4
Q5H1F4	Q8PML9
Q5H1F4	Q4USP6
Q9YGP6	Q9YGP6
Q98PU6	Q98PU6
Q494D6	Q494D6
B5ED57	B5ED57
B5ED57	B9M1Y2
Q6DKI1	Q6DKI1
Q6DBW9	Q6DBW9
Q039E6	Q039E6
Q38864	Q38864
B3E0A0	B3E0A0
A2RKR7	A2RKR7
A2RKR7	Q02YX1
B8J0P9	B8J0P9
P0CJ63	P0CJ63
P0CJ63	Q9L8R8
B8CWH0	B8CWH0
B1Y1E6	B1Y1E6
Q9XUE6	Q9XUE6
O25001	O25001
P0C6D9	P0C6D9
P52526	P52526
O14798	O14798
P41272	P41272
Q10348	Q10348
Q9M9G7	Q9M9G7
Q47YJ8	Q47YJ8
P75938	P75938
Q29RA5	Q29RA5
B7VPD0	B7VPD0
Q988D4	Q988D4
Q96D96	Q96D96
Q96D96	Q3U2S8
Q45589	Q45589
Q8LGJ5	Q8LGJ5
B1VH27	B1VH27
B1VH27	Q8FP52
B1VH27	C3PH66
P76498	P76498
Q7XA48	Q7XA48
Q8BTW3	Q8BTW3
Q8BTW3	Q5RKV6
Q54Z85	Q54Z85
Q8UB75	Q8UB75
P23025	P23025
P23025	P27088
P23025	Q64267
P77834	P77834
P77834	P46354
P42953	P42953
B7JWJ7	B7JWJ7
Q6P2H8	Q6P2H8
Q6P2H8	Q9D0Z3
Q8R666	Q8R666
Q9SQR2	Q9SQR2
Q8PK11	Q8PK11
L8E946	L8E946
P0DTC3	P0DTC3
P0DTC3	P59632
P0DTC3	Q3I5J4
Q08IS0	Q08IS0
Q9H2K0	Q9H2K0
P45541	P45541
Q8Y6R2	Q8Y6R2
Q1QTK0	Q1QTK0
Q39491	Q39491
Q5WEL9	Q5WEL9
Q98QV3	Q98QV3
Q81EJ6	Q81EJ6
P73317	P73317
O14443	O14443
Q8TKQ5	Q8TKQ5
Q9QXV3	Q9QXV3
Q9HUK9	Q9HUK9
P22959	P22959
Q07UT2	Q07UT2
Q07UT2	A5E8K0
Q07UT2	A4YJP9
Q07UT2	B6JCI8
Q07UT2	Q89WK2
Q07UT2	Q2J314
A8WGT1	A8WGT1
C5MHJ2	C5MHJ2
C5MHJ2	C4XXU2
Q3IZB6	Q3IZB6
Q961C9	Q961C9
Q8H274	Q8H274
Q7VJV5	Q7VJV5
Q1LTX0	Q1LTX0
O34518	O34518
P76190	P76190
Q21P78	Q21P78
Q21P78	C5BUL6
Q58054	Q58054
P51762	P51762
A2RI01	A2RI01
Q5PAV9	Q5PAV9
B5ES06	B5ES06
P70947	P70947
Q05892	Q05892
Q759F6	Q759F6
Q6NN40	Q6NN40
A6W4E9	A6W4E9
A5ABE6	A5ABE6
A5ABE6	B0Y537
A5ABE6	B8NBB2
P65780	P65780
P03882	P03882
Q54WM4	Q54WM4
Q8G0S7	Q8G0S7
Q8G0S7	Q8YH30
Q8G0S7	Q1MFT6
Q8G0S7	Q8UEZ0
Q8G0S7	Q92PB8
Q8G0S7	A6U9T4
B0RE23	B0RE23
B6JE08	B6JE08
B6JE08	Q1QN95
Q83A36	Q83A36
Q83A36	B6J6K1
Q9C540	Q9C540
Q6TC32	Q6TC32
Q6TC32	Q6TC38
Q6TC32	P36390
Q6TC32	P36396
Q6TC32	Q6TC45
Q2TBQ3	Q2TBQ3
Q2TBQ3	Q71N41
Q2TBQ3	O35969
Q2TBQ3	P10868
Q2TBQ3	Q14353
Q2TBQ3	Q7ZXG7
Q8AVA3	Q8AVA3
Q8AVA3	Q8AVA4
Q8AVA3	Q7ZZN8
O64238	O64238
P54105	P54105
P54105	Q5R719
P54105	Q04753
P54105	Q28678
P54105	Q61189
P54105	P35521
Q17QI8	Q17QI8
Q17QI8	Q96L33
Q17QI8	Q9Z1Y0
Q17QI8	Q8VDU1
Q80XF5	Q80XF5
Q80XF5	Q7TNI4
P32719	P32719
P18917	P18917
Q9DC58	Q9DC58
Q9DC58	Q8N682
Q6D0F3	Q6D0F3
Q8NC69	Q8NC69
Q8NC69	Q8BNL5
A4SM99	A4SM99
Q2GG30	Q2GG30
Q2GG30	Q5FHH4
Q2GG30	Q5HBN7
O73847	O73847
P39163	P39163
P15319	P15319
Q3SKN7	Q3SKN7
Q8CPX1	Q8CPX1
P9WK65	P9WK65
Q84WW5	Q84WW5
Q6MC00	Q6MC00
P29564	P29564
Q5LZ68	Q5LZ68
Q5LZ68	Q03K17
Q5LZ68	P66670
Q5LZ68	Q8DT66
Q5LZ68	Q1JI19
Q5LZ68	Q5XDA6
Q9LX74	Q9LX74
P13192	P13192
P13192	Q9SHE8
Q9SN28	Q9SN28
Q9SN28	Q9SN27
O04515	O04515
O54709	O54709
A6NK58	A6NK58
A6NK58	Q9D009
Q07472	Q07472
Q07472	P23706
O77764	O77764
O43123	O43123
Q84W66	Q84W66
B1LC19	B1LC19
Q8UBY6	Q8UBY6
P34683	P34683
A4WVB2	A4WVB2
P53314	P53314
Q9XX15	Q9XX15
P05857	P05857
P05857	Q9QBZ7
P05857	P03404
P05857	Q1A260
P05857	P04324
P05857	P12479
P05857	P03407
P05857	O70903
P05857	Q89842
P05857	P04602
P05857	P35959
P05857	P05855
F4KI56	F4KI56
P93395	P93395
P93395	Q8LD27
P39787	P39787
Q9ZGH6	Q9ZGH6
P25084	P25084
Q9WUI0	Q9WUI0
P60527	P60527
P60527	Q53464
P36018	P36018
Q2YQA4	Q2YQA4
Q2YQA4	P0CAW8
Q7IC90	Q7IC90
Q7IC90	P26456
Q7IC90	Q37649
Q7IC90	Q38S50
Q7IC90	P00403
Q7IC90	P50688
Q7IC90	Q00528
Q7IC90	P68295
Q7IC90	P98047
Q7IC90	O47671
Q7IC90	P26457
Q7IC90	Q38S35
Q7IC90	O47676
Q7IC90	Q37691
Q7IC90	Q37416
Q7IC90	Q2I3H1
Q7IC90	Q37547
Q7IC90	Q38RV6
Q7IC90	Q38S53
Q7IC90	Q38PR9
Q7IC90	Q7IZ01
Q7IC90	P48660
Q7IC90	Q7IKU8
Q7IC90	Q38S23
Q7IC90	Q38S02
Q7IC90	Q37472
Q7IC90	O47673
Q7IC90	O47674
Q7IC90	P98039
Q7IC90	P50667
Q7IC90	P00406
Q7IC90	P50689
Q7IC90	P67780
Q7IC90	Q38RY9
Q7IC90	P98033
Q7IC90	P25312
Q7IC90	O47672
Q7IC90	Q38S11
Q7IC90	P98031
Q7IC90	O47677
Q7IC90	P24986
Q7IC90	P98046
Q7IC90	Q38S20
Q7IC90	O47670
Q7IC90	P00405
Q7IC90	O47681
Q7IC90	P92693
Q7IC90	Q38S17
Q7IC90	Q38S29
Q7IC90	P48890
Q7IC90	P50686
Q7IC90	Q38S62
Q7IC90	Q38S47
Q7IC90	Q38RW5
Q7IC90	Q38RV3
Q7IC90	O47669
Q7IC90	Q37440
Q7IC90	Q38S41
Q7IC90	P98024
Q7IC90	Q37718
Q7IC90	Q37605
P82413	P82413
P82139	P82139
G0SAN7	G0SAN7
Q9NVV5	Q9NVV5
Q9NVV5	Q9D8B1
Q59XW9	Q59XW9
Q59RA2	Q59RA2
Q96IZ2	Q96IZ2
Q04896	Q04896
B3DS55	B3DS55
B3DS55	A1A1G3
B3DS55	Q8G661
Q1DAT4	Q1DAT4
A0A150XSR0	A0A150XSR0
A6W3H7	A6W3H7
A6W3H7	B2SF43
A6W3H7	B0U040
A6W3H7	A0Q4X5
A6W3H7	Q5NGI2
A6W3H7	Q0BNH8
P70715	P70715
P70715	Q57039
Q851C7	Q851C7
Q04432	Q04432
Q6XK22	Q6XK22
P40007	P40007
Q8WV74	Q8WV74
P86802	P86802
Q12223	Q12223
Q6J1I7	Q6J1I7
Q6J1I7	Q96A37
P23068	P23068
P07056	P07056
Q498J9	Q498J9
Q9USX8	Q9USX8
P32971	P32971
P89905	P89905
Q0VFH3	Q0VFH3
K5BJY3	K5BJY3
B5EFL1	B5EFL1
Q8ZRV2	Q8ZRV2
Q8ZRV2	Q1RGD0
Q8ZRV2	P31548
Q8ZRV2	Q8FL82
Q8ZRV2	Q8XA06
O00933	O00933
A1TZF4	A1TZF4
Q9NPI5	Q9NPI5
P82538	P82538
G5EEN8	G5EEN8
Q9RUP6	Q9RUP6
Q9VMA0	Q9VMA0
Q88ZA0	Q88ZA0
P53192	P53192
P13827	P13827
O84299	O84299
O84299	B0B7L3
Q9VE50	Q9VE50
Q720Y7	Q720Y7
Q9M246	Q9M246
Q8TZY8	Q8TZY8
P9WP41	P9WP41
A6M0X2	A6M0X2
A6M0X2	Q0ST47
A6M0X2	Q894Z3
Q96P09	Q96P09
Q98TU0	Q98TU0
Q75GK0	Q75GK0
Q7NT75	Q7NT75
Q6IQE9	Q6IQE9
Q7V003	Q7V003
Q8H329	Q8H329
Q9FKB3	Q9FKB3
Q8GW19	Q8GW19
Q8N148	Q8N148
Q8NH73	Q8NH73
Q8L9C4	Q8L9C4
Q9VU77	Q9VU77
P44094	P44094
A0A0H2V871	A0A0H2V871
Q1MFZ6	Q1MFZ6
Q8NGH9	Q8NGH9
Q7XC57	Q7XC57
Q9FH92	Q9FH92
P38123	P38123
G5EDQ2	G5EDQ2
P34985	P34985
Q7GDL5	Q7GDL5
Q7GDL5	Q9FP29
P15493	P15493
O54037	O54037
Q747I1	Q747I1
Q747I1	Q39QM7
Q747I1	B9M416
Q747I1	A1AUE7
O58457	O58457
Q89AL7	Q89AL7
A0PTG1	A0PTG1
A0PTG1	A1KM65
A0PTG1	B2HGM7
Q9HIN1	Q9HIN1
Q8L556	Q8L556
Q55BY1	Q55BY1
Q9VMY1	Q9VMY1
P53168	P53168
P38858	P38858
D7PDD4	D7PDD4
D7PDD4	Q6MG59
D7PDD4	O95866
P31106	P31106
P31106	P53605
P31106	Q5ZXE0
P31106	A5IGB8
Q11VI0	Q11VI0
Q9GKK3	Q9GKK3
Q9GKK3	P86273
P40570	P40570
Q4Q1M7	Q4Q1M7
Q4Q1M7	Q95ZD7
Q14714	Q14714
Q14714	Q62147
A2C4A1	A2C4A1
Q02685	Q02685
P25385	P25385
P22778	P22778
P44570	P44570
A0QSC0	A0QSC0
B1YL09	B1YL09
Q07872	Q07872
Q119B9	Q119B9
Q119B9	P58639
Q119B9	Q3MEN8
Q119B9	B7KL53
Q9CQF4	Q9CQF4
Q9CQF4	Q9P0P8
A9M0S4	A9M0S4
Q8NR42	Q8NR42
Q3UTA9	Q3UTA9
Q3UTA9	A6NMX2
Q9WZY5	Q9WZY5
Q1HCM0	Q1HCM0
P46903	P46903
A9BNB6	A9BNB6
Q945P6	Q945P6
Q0DWH7	Q0DWH7
Q0D4T4	Q0D4T4
Q5SGY0	Q5SGY0
Q27563	Q27563
A7I243	A7I243
Q8Y588	Q8Y588
Q480P4	Q480P4
A2BIS8	A2BIS8
P07654	P07654
O66251	O66251
F1QYJ6	F1QYJ6
O53361	O53361
Q6ZC69	Q6ZC69
B9DV19	B9DV19
B9DV19	Q5XAV7
B9DV19	Q1JAN3
B9DV19	C0MHD5
Q14135	Q14135
Q14135	Q80V24
O59952	O59952
Q9EP73	Q9EP73
Q8FPB3	Q8FPB3
P9WF34	P9WF34
A0M554	A0M554
A0M554	A5FNE3
O74409	O74409
Q97YD4	Q97YD4
B2JQF1	B2JQF1
B2JQF1	A9AMA4
O95073	O95073
O95073	D3ZXW3
Q59517	Q59517
Q6H7J5	Q6H7J5
B3ESU1	B3ESU1
P31617	P31617
Q9M9X4	Q9M9X4
Q8VYR0	Q8VYR0
Q8VYR0	F4I111
Q94EH8	Q94EH8
Q94EH8	Q6NQ72
Q91Z38	Q91Z38
Q91Z38	Q99614
Q02Z11	Q02Z11
P20656	P20656
P20656	P27559
P20656	P24476
P20656	Q7M1L6
P20656	C0HM39
Q9CAZ0	Q9CAZ0
Q5JDG9	Q5JDG9
B6IN13	B6IN13
A7GZZ5	A7GZZ5
Q8BVM9	Q8BVM9
Q1LU86	Q1LU86
Q1LU86	Q6GN09
Q1LU86	Q2VR06
Q1LU86	A1XBS5
Q1LU86	Q8BP22
Q1LU86	Q3SZG6
O74986	O74986
Q8LER3	Q8LER3
Q8LER3	Q8LF99
Q172W0	Q172W0
B2IWK6	B2IWK6
B2IWK6	Q3MH15
Q9NLC2	Q9NLC2
Q72DM4	Q72DM4
Q9SKZ1	Q9SKZ1
Q8N144	Q8N144
Q8N144	Q91YD1
Q820N1	Q820N1
A1VZF4	A1VZF4
A1VZF4	A0RP26
A1VZF4	A8FLL9
Q4FTX6	Q4FTX6
Q4FTX6	A3M846
Q4FTX6	A5WGG4
Q3AEZ3	Q3AEZ3
O75636	O75636
Q31H64	Q31H64
B0RM75	B0RM75
B0RM75	Q8PQK3
B0RM75	Q89EA6
B7ID34	B7ID34
Q2S0I2	Q2S0I2
Q70X92	Q70X92
Q3HRN8	Q3HRN8
Q99LJ8	Q99LJ8
Q99LJ8	Q96E22
Q97Z86	Q97Z86
P49887	P49887
P49887	P49888
P49887	P49891
P49887	P19217
O94506	O94506
A4D161	A4D161
A8FG57	A8FG57
A8FG57	B7IK00
A8FG57	C0SP93
A8FG57	Q72ZD6
A8FG57	B7HFB5
A8FG57	Q633J6
A8FG57	B9J0A1
A8FG57	A0RJJ8
A8FG57	C3PAJ0
E7FDV5	E7FDV5
Q9VM51	Q9VM51
A2C1M1	A2C1M1
A2C1M1	A8G4G3
A2C1M1	Q3AYR8
A2C1M1	Q7V1S1
A2C1M1	Q0I9G1
A2C1M1	Q31B93
A2C1M1	Q7V839
Q93VY3	Q93VY3
Q59YF0	Q59YF0
Q9NXB9	Q9NXB9
Q9NXB9	D4A612
Q9NXB9	Q9JLJ4
Q9LQ32	Q9LQ32
Q9LQ32	Q9T0F7
Q83FS2	Q83FS2
B8D1G8	B8D1G8
P07222	P07222
Q5FUW9	Q5FUW9
O64730	O64730
Q7F8T6	Q7F8T6
Q04809	Q04809
B2ATL7	B2ATL7
Q30R77	Q30R77
Q9P4X2	Q9P4X2
P67683	P67683
Q9P4U7	Q9P4U7
Q9LTV6	Q9LTV6
Q9X1N5	Q9X1N5
Q5CZN0	Q5CZN0
A5UJS0	A5UJS0
G5EFY7	G5EFY7
Q51567	Q51567
Q51567	P0AGE9
Q51567	P45102
Q51567	P53591
Q39T84	Q39T84
Q39T84	C6E2H7
Q39T84	A5G693
Q39T84	B9M913
A4SG25	A4SG25
Q54Q31	Q54Q31
Q5WFL1	Q5WFL1
Q63149	Q63149
Q63149	O55075
A7HX36	A7HX36
C1KKR1	C1KKR1
P31459	P31459
Q48LD5	Q48LD5
Q48LD5	Q9I4W3
Q9VTI8	Q9VTI8
P05051	P05051
Q0V881	Q0V881
Q0V881	Q5SQ64
B1N079	B1N079
Q28110	Q28110
O83641	O83641
Q9RR89	Q9RR89
Q8GRL4	Q8GRL4
Q96DX5	Q96DX5
Q96DX5	Q91ZT8
Q2J164	Q2J164
Q2J164	Q13BT8
A5N1C9	A5N1C9
D4GP31	D4GP31
Q8VI88	Q8VI88
A0A067XRK9	A0A067XRK9
A0A067XRK9	Q8LDW9
Q6DG85	Q6DG85
Q9SK53	Q9SK53
Q9SGU3	Q9SGU3
B3EEJ7	B3EEJ7
B3EEJ7	B3QQA9
Q651D5	Q651D5
Q9VNG0	Q9VNG0
Q7ZYX1	Q7ZYX1
Q7ZYX1	Q28IA3
Q7ZYX1	Q64362
Q7ZYX1	Q9H8T0
Q7ZYX1	Q5FVH4
Q7ZYX1	Q5XGV8
Q31M42	Q31M42
A0A0B5AC19	A0A0B5AC19
Q1MPX7	Q1MPX7
A1KTW0	A1KTW0
A1KTW0	Q9JUK2
P47792	P47792
P47792	Q9DDD7
Q09741	Q09741
Q09741	Q12074
P17063	P17063
Q7VQI3	Q7VQI3
P38447	P38447
P38447	O08600
P38447	Q14249
P76278	P76278
B2GM30	B2GM30
Q2FN12	Q2FN12
P39813	P39813
P9WNH5	P9WNH5
P0DPK4	P0DPK4
P0DPK4	Q7Z3S9
P0DPK4	P0DPK3
P0DPK4	A0A096LNW5
Q719I0	Q719I0
P32141	P32141
P9WKZ1	P9WKZ1
Q55G32	Q55G32
P17541	P17541
P28163	P28163
Q24JN5	Q24JN5
Q24JN5	F4JZ24
Q24JN5	F4JNU8
A1VCZ9	A1VCZ9
A1AU59	A1AU59
P94501	P94501
Q9LHH7	Q9LHH7
Q9SCW4	Q9SCW4
Q3UC65	Q3UC65
Q3UC65	Q9BUV0
Q6P1S2	Q6P1S2
Q9LT89	Q9LT89
Q46ZH2	Q46ZH2
O82796	O82796
Q1J0L2	Q1J0L2
Q1J0L2	Q9RV66
P87058	P87058
Q5NB11	Q5NB11
P54380	P54380
P77231	P77231
Q7VHF2	Q7VHF2
Q7VHF2	Q7M7X7
P25368	P25368
Q96L14	Q96L14
Q9LET3	Q9LET3
Q9LET3	Q8RXQ2
P0AFB1	P0AFB1
Q5PQA4	Q5PQA4
Q50900	Q50900
Q06596	Q06596
P39127	P39127
P25617	P25617
B8FQ96	B8FQ96
O35010	O35010
Q22289	Q22289
P40363	P40363
Q9V9M8	Q9V9M8
O95983	O95983
O95983	Q9Z2D8
Q2FXU3	Q2FXU3
Q9M2D9	Q9M2D9
Q3JW85	Q3JW85
Q3JW85	A3NR98
Q3JW85	Q145X1
Q3JW85	A9AEY9
Q3JW85	B1JYP8
Q3JW85	B2SXG6
Q3JW85	A3N5K2
Q3JW85	B1YN51
Q5R0Y6	Q5R0Y6
Q9ZW81	Q9ZW81
D4GST8	D4GST8
Q04741	Q04741
Q04741	Q04742
Q04741	Q6GLB9
P38282	P38282
Q23588	Q23588
Q0AP80	Q0AP80
Q9AQM4	Q9AQM4
P0A2J5	P0A2J5
P0A2J5	P0AGH5
Q9PU13	Q9PU13
Q9PU13	Q9YGL1
Q2NV87	Q2NV87
Q2NV87	P0AEA5
Q2NV87	Q83SF7
Q2NV87	C5BFX0
Q2NV87	A4TPF3
Q2NV87	B2VHR9
Q2NV87	Q8ZRC4
Q2NV87	Q4K6M1
Q2NV87	Q887G7
Q2NV87	Q88PN3
A8EZU2	A8EZU2
Q9KZX7	Q9KZX7
Q4J894	Q4J894
Q53U14	Q53U14
O03979	O03979
Q7MR67	Q7MR67
O95744	O95744
Q9H3H3	Q9H3H3
P76187	P76187
Q2T9L4	Q2T9L4
Q2T9L4	Q8CD60
Q2T9L4	B0BN13
A8GUZ8	A8GUZ8
Q75QI0	Q75QI0
B7K9F0	B7K9F0
P11072	P11072
Q46L58	Q46L58
Q5LNE0	Q5LNE0
P40558	P40558
B6CZ46	B6CZ46
B6CZ46	A1Y9I9
B6CZ46	B6CZ62
B6CZ46	B6CZ56
B6CZ46	P86243
B6CZ46	Q8WZ04
Q6PH17	Q6PH17
P24005	P24005
F1QRX7	F1QRX7
A8NWP2	A8NWP2
Q8VYA5	Q8VYA5
Q8VYA5	Q9FYB7
Q8L719	Q8L719
B9DN96	B9DN96
B9DN96	Q8CS66
B9DN96	Q6G8M6
B9DN96	A5ITM4
A8AQ28	A8AQ28
A8AQ28	P0AB74
A8AQ28	B7NKL0
A8AQ28	Q9KIP8
Q9C7E9	Q9C7E9
A6LIB3	A6LIB3
P27309	P27309
P46225	P46225
A5V4U1	A5V4U1
Q7M7L6	Q7M7L6
P0A9V8	P0A9V8
P74965	P74965
Q27200	Q27200
Q67WM9	Q67WM9
P23841	P23841
A1AY86	A1AY86
Q47NU8	Q47NU8
Q9FJ16	Q9FJ16
B8GF03	B8GF03
Q6GML7	Q6GML7
Q6GML7	Q148G4
Q6GML7	Q6P8M1
Q6GML7	Q640V9
Q6GML7	Q6P1N9
Q8NDD1	Q8NDD1
C1F466	C1F466
A4SQ27	A4SQ27
Q8BTF8	Q8BTF8
Q8BTF8	Q86SE5
Q3YRT2	Q3YRT2
Q3YRT2	Q5GSY2
Q3YRT2	C0R2Q4
Q3YRT2	Q5FFK4
Q3YRT2	B3CP16
O59906	O59906
B3E422	B3E422
Q91UZ5	Q91UZ5
Q91UZ5	O14732
Q91UZ5	Q8CIN7
Q8BI69	Q8BI69
C0SP78	C0SP78
Q01766	Q01766
Q74LI0	Q74LI0
P39551	P39551
P39551	P53174
A8MVZ5	A8MVZ5
B9MEY7	B9MEY7
B9MEY7	A1VKS2
O15266	O15266
O15266	O35750
B2UM17	B2UM17
Q7ZWS2	Q7ZWS2
P37757	P37757
Q57749	Q57749
Q2V9B0	Q2V9B0
A8L594	A8L594
P82715	P82715
Q6F9E6	Q6F9E6
O64748	O64748
O64748	Q9SA78
O64748	Q9MAX6
Q9LJR7	Q9LJR7
P0A3W6	P0A3W6
Q9S834	Q9S834
A0A0H3KNC4	A0A0H3KNC4
Q27032	Q27032
Q27032	Q4Z6R1
Q27032	O96821
Q27032	P61075
Q27032	Q4Y4B1
Q27032	Q9XZD6
Q27032	Q26671
Q27032	Q7RM49
O60052	O60052
Q96EF9	Q96EF9
P9WIP3	P9WIP3
O13851	O13851
Q8EGF8	Q8EGF8
Q7S3S2	Q7S3S2
Q827A4	Q827A4
P50887	P50887
Q8CCG4	Q8CCG4
Q9I5I6	Q9I5I6
Q8TJQ7	Q8TJQ7
Q75FU1	Q75FU1
Q75FU1	Q04WW3
Q75FU1	Q04NM9
P36945	P36945
Q2GKD6	Q2GKD6
Q5Z6B1	Q5Z6B1
Q9FKK2	Q9FKK2
A3N1Z1	A3N1Z1
P31125	P31125
Q8GXT7	Q8GXT7
O34876	O34876
P53859	P53859
Q47S77	Q47S77
O70453	O70453
A6LDS8	A6LDS8
P42938	P42938
Q899T7	Q899T7
A6NI79	A6NI79
A6NI79	A6QNP9
Q5B2K4	Q5B2K4
Q9K3R6	Q9K3R6
Q9K3R6	Q820G3
A0A2J8C362	A0A2J8C362
A0A2J8C362	O59893
O34641	O34641
Q1GJX4	Q1GJX4
Q1GJX4	Q16A99
Q1GJX4	A3PNA9
Q1GJX4	A4WWJ3
Q1GJX4	Q5LW09
Q9D8U4	Q9D8U4
Q9D8U4	Q9BXJ5
Q0VT62	Q0VT62
Q0AC00	Q0AC00
B8GN57	B8GN57
Q9FI13	Q9FI13
B4ESY3	B4ESY3
P34206	P34206
P34206	P0C8F3
P34206	P42493
Q12380	Q12380
P0A4N9	P0A4N9
Q9LSQ3	Q9LSQ3
O04609	O04609
Q924M5	Q924M5
Q924M5	Q8N9W6
Q1IXV7	Q1IXV7
Q1IXV7	Q9RWN8
Q8TUT6	Q8TUT6
A4ZHT6	A4ZHT6
Q5V3Z1	Q5V3Z1
Q9NYK6	Q9NYK6
Q9NYK6	Q9D7G4
A6UX30	A6UX30
A6UX30	A4FYQ8
A6UX30	Q6LZQ3
A6UX30	A9A661
P23624	P23624
Q8H7F6	Q8H7F6
Q12445	Q12445
P28638	P28638
P0AAN3	P0AAN3
P0CT21	P0CT21
Q5J3F6	Q5J3F6
B9DN95	B9DN95
B9DN95	Q8NW60
B9DN95	A7X3C7
B9DN95	Q8CS67
B9DN95	Q5HNK5
B9DN95	Q4L741
O66883	O66883
Q94A43	Q94A43
Q969X1	Q969X1
Q969X1	Q8BJZ3
Q1GTH6	Q1GTH6
Q86484	Q86484
P49048	P49048
Q8NGL0	Q8NGL0
Q3EC60	Q3EC60
Q9W3C7	Q9W3C7
Q180P4	Q180P4
Q8NH59	Q8NH59
Q8R5I0	Q8R5I0
Q6NVE9	Q6NVE9
Q6NVE9	Q5U3N5
Q6NVE9	Q8NI37
Q7UH37	Q7UH37
A0A096ZED0	A0A096ZED0
P53337	P53337
Q8NH01	Q8NH01
Q5FFP2	Q5FFP2
Q9RBY6	Q9RBY6
A2BPX7	A2BPX7
A2BPX7	Q7VD89
A2BPX7	A9BEB6
A2BPX7	A3PBM0
A2BPX7	Q31C38
O07084	O07084
B8DKW2	B8DKW2
B8DKW2	A1VCX6
B8DKW2	Q72AV0
C5CJ68	C5CJ68
C5CJ68	A1VTW0
C5CJ68	A1WCQ6
B4FNK8	B4FNK8
P59277	P59277
Q88FQ4	Q88FQ4
Q6PK18	Q6PK18
Q6PK18	Q5M843
Q6PK18	Q9D136
Q9FBW3	Q9FBW3
P42774	P42774
P31463	P31463
Q0UK52	Q0UK52
Q6P9Z6	Q6P9Z6
A4JPY0	A4JPY0
A4JPY0	Q13QH9
A4JPY0	P17295
P15931	P15931
P15931	P75942
A1UTZ3	A1UTZ3
Q9HZ59	Q9HZ59
Q5BKW9	Q5BKW9
Q71A39	Q71A39
Q9UNQ2	Q9UNQ2
Q9UNQ2	Q9D0D4
Q9UNQ2	Q2KHT8
Q9UNQ2	Q9VAQ5
Q1XFL1	Q1XFL1
Q8NGK3	Q8NGK3
Q8NGK3	Q8NGK4
Q8YS61	Q8YS61
Q8NGF7	Q8NGF7
P00348	P00348
P00348	Q61425
P00348	Q16836
P00348	Q9WVK7
O14047	O14047
Q46PS3	Q46PS3
Q89WM2	Q89WM2
I1Z8E5	I1Z8E5
Q8BMZ5	Q8BMZ5
Q8BMZ5	Q9BSV6
B6H9W0	B6H9W0
P12257	P12257
Q81GW5	Q81GW5
Q0I9S4	Q0I9S4
O84101	O84101
P04818	P04818
P04818	P06854
P04818	P45352
P04818	P07607
P04818	Q4JQW2
P04818	P12462
P9WJ83	P9WJ83
P75548	P75548
Q5J3L4	Q5J3L4
Q5J3L4	Q5J3N1
Q5J3L4	Q5J3M9
Q5J3L4	Q9WUF1
Q5J3L4	Q9EP93
Q5J3L4	Q9EQ44
Q5J3L4	Q9EQ47
Q5J3L4	Q5J3M3
Q5J3L4	Q9EQ45
Q5J3L4	Q9EP51
Q5J3L4	Q5J3L7
A8LHT6	A8LHT6
A8LHT6	P56938
A8LHT6	A3PGX5
A8LHT6	A4WQ57
P11158	P11158
P11158	P20493
Q12904	Q12904
Q947G8	Q947G8
Q12404	Q12404
P38620	P38620
V5YW53	V5YW53
O22261	O22261
Q3ACA8	Q3ACA8
Q93459	Q93459
A0K1I7	A0K1I7
B6ZJZ9	B6ZJZ9
A0A1S4K3K8	A0A1S4K3K8
Q0AYB0	Q0AYB0
Q8KQC4	Q8KQC4
A2RI78	A2RI78
P11612	P11612
Q54HM6	Q54HM6
Q9I476	Q9I476
Q9I476	Q2T3J4
P0AAC0	P0AAC0
I1CS06	I1CS06
P0DXU7	P0DXU7
A9IZR9	A9IZR9
A9IZR9	Q57AM5
A9IZR9	A5VSZ7
B3QNZ0	B3QNZ0
P53370	P53370
P53370	Q8CH40
P53370	P70563
Q60892	Q60892
Q2UA27	Q2UA27
Q9SI74	Q9SI74
Q8VXQ9	Q8VXQ9
Q8VXQ9	P09672
P31994	P31994
D4GU72	D4GU72
P40948	P40948
Q7M710	Q7M710
Q6UXL0	Q6UXL0
Q9PTU1	Q9PTU1
Q22292	Q22292
Q98DE8	Q98DE8
Q98DE8	Q8YE82
Q96R72	Q96R72
Q5FRG8	Q5FRG8
P54575	P54575
Q6H4G3	Q6H4G3
Q8P6P1	Q8P6P1
Q9LXA9	Q9LXA9
Q9P7A0	Q9P7A0
Q28955	Q28955
Q28955	Q64311
Q28955	Q96AB6
O76002	O76002
Q5VV52	Q5VV52
Q5VV52	Q17QR7
Q5VV52	Q3TDE8
Q9EPB8	Q9EPB8
O25095	O25095
Q15U56	Q15U56
C1CQW7	C1CQW7
C1CQW7	A2REL5
C1CQW7	C0MEX9
C1CQW7	Q8P150
C1CQW7	Q5LYN3
C1CQW7	C1CL98
C1CQW7	B2IQK6
C1CQW7	C1C7Z0
C1CQW7	B9DRZ6
C1CQW7	P65465
C1CQW7	Q8DUF8
C1CQW7	A3CMQ6
Q8VGS1	Q8VGS1
Q39089	Q39089
Q9SYT0	Q9SYT0
Q9SYT0	P93157
F1RE57	F1RE57
F1RE57	Q9NYG2
F1RE57	Q2TGK3
F1RE57	Q8R173
F1RE57	Q9NXF8
F1RE57	Q6DHI1
F1RE57	Q923G5
F1RE57	Q91WU6
Q8REC3	Q8REC3
Q83EK8	Q83EK8
Q8PW55	Q8PW55
Q9M2K8	Q9M2K8
Q7X9V3	Q7X9V3
Q2JLD5	Q2JLD5
Q9CAR0	Q9CAR0
A0A8D5M6H6	A0A8D5M6H6
Q5A1E3	Q5A1E3
P24891	P24891
B2A6X0	B2A6X0
A5VJL7	A5VJL7
B8CS65	B8CS65
P77300	P77300
A0A0M9VX84	A0A0M9VX84
P13619	P13619
P13619	Q9CQQ7
P13619	P19511
P13619	P24539
C1D6W3	C1D6W3
P15873	P15873
P15873	Q6CVH2
Q3ATA4	Q3ATA4
Q9H0R4	Q9H0R4
Q9H0R4	Q3UGR5
Q850K7	Q850K7
B8NM70	B8NM70
B2VHJ7	B2VHJ7
A5N6W8	A5N6W8
B1AJ44	B1AJ44
P0A8I3	P0A8I3
Q8D2P7	Q8D2P7
Q39244	Q39244
Q3AAA4	Q3AAA4
Q3AAA4	Q8R9I2
Q3AAA4	Q895Y0
Q3AAA4	Q8GDV4
Q3AAA4	Q2RM86
Q06469	Q06469
P09009	P09009
O18765	O18765
O18765	Q99N99
O18765	P31213
O18765	P31214
P25788	P25788
P25788	O70435
P25788	P18422
P25788	Q58DU5
Q9WU03	Q9WU03
Q9WU03	O43291
Q9HGM4	Q9HGM4
Q99990	Q99990
P41273	P41273
Q6FDK3	Q6FDK3
Q5K2N1	Q5K2N1
O27197	O27197
P06340	P06340
A9N9F4	A9N9F4
A9N9F4	B6J676
Q8CXP1	Q8CXP1
Q36098	Q36098
Q8DQ38	Q8DQ38
Q10423	Q10423
B8DKC9	B8DKC9
Q0I8S8	Q0I8S8
P04392	P04392
P04392	P12427
P59911	P59911
P59911	Q7MZ81
P59911	Q6DAQ7
P59911	B7LU01
P59911	B4TNX9
P59911	Q1CBG0
P59911	A4WFY5
P59911	Q3IJV7
P59911	P0A887
P59911	B4EWC9
P59911	A8G8B8
P59911	A1JIF2
Q2FNX9	Q2FNX9
Q9FL48	Q9FL48
Q1GT31	Q1GT31
P0CL66	P0CL66
P9WMA9	P9WMA9
Q8NHY5	Q8NHY5
Q8N1L9	Q8N1L9
Q32904	Q32904
Q32904	P27522
Q32904	Q9SY97
P18284	P18284
Q9D8U3	Q9D8U3
F4I878	F4I878
Q818P0	Q818P0
P47356	P47356
Q0E0W7	Q0E0W7
Q8SRL5	Q8SRL5
Q84UV8	Q84UV8
B2FJS1	B2FJS1
B2FJS1	Q4UPX6
B2FJS1	Q8PFX6
Q9LFR3	Q9LFR3
P81040	P81040
A5IMJ0	A5IMJ0
Q96FW1	Q96FW1
Q96FW1	Q7TQI3
P0AFK4	P0AFK4
Q43992	Q43992
Q6A6S8	Q6A6S8
A9A8U1	A9A8U1
Q4W5H0	Q4W5H0
P44774	P44774
Q8K2J7	Q8K2J7
Q8K2J7	Q08DP3
Q8K2J7	Q8IUW5
Q9HYL7	Q9HYL7
A4STD1	A4STD1
A4STD1	A0KEN2
Q8GUP2	Q8GUP2
P39015	P39015
Q96CX3	Q96CX3
Q96CX3	Q5RF70
Q057F2	Q057F2
Q5NBU8	Q5NBU8
A3NJS6	A3NJS6
A3NJS6	Q2T5T2
Q83GK7	Q83GK7
B8G1S3	B8G1S3
Q05213	Q05213
A5IG27	A5IG27
A5IG27	Q5X6L6
Q7Z144	Q7Z144
Q940Q3	Q940Q3
B1YHQ8	B1YHQ8
Q3B6L3	Q3B6L3
O33478	O33478
O29008	O29008
P0AEA2	P0AEA2
Q6KH96	Q6KH96
J4KR13	J4KR13
P23878	P23878
P46989	P46989
A9JR86	A9JR86
Q19326	Q19326
Q19326	Q17603
Q8RGP6	Q8RGP6
Q3T0Q3	Q3T0Q3
Q3T0Q3	P19387
Q3T0Q3	P97760
Q19972	Q19972
Q9HKH7	Q9HKH7
O74421	O74421
Q0G825	Q0G825
Q04FK3	Q04FK3
Q26548	Q26548
Q9XJ36	Q9XJ36
Q6Q8B3	Q6Q8B3
P26475	P26475
Q6P881	Q6P881
Q9RA05	Q9RA05
C0JB30	C0JB30
B8F3V1	B8F3V1
A0A1Y2IY60	A0A1Y2IY60
Q30VD9	Q30VD9
B0BU16	B0BU16
A6UU64	A6UU64
A0A223GEC9	A0A223GEC9
Q9NPA1	Q9NPA1
Q9NPA1	A7VL23
B9K8E2	B9K8E2
B9K8E2	Q9X1F7
D0NSB3	D0NSB3
Q9UUA6	Q9UUA6
A5FZ95	A5FZ95
P26568	P26568
Q5A5U6	Q5A5U6
Q94AX2	Q94AX2
B2FKA7	B2FKA7
Q8HZJ4	Q8HZJ4
Q8HZJ4	P57796
Q8HZJ4	Q8VHC5
P53899	P53899
Q5BC71	Q5BC71
Q5BC71	Q4WPM8
O58523	O58523
P41205	P41205
Q6ZVX7	Q6ZVX7
Q6ZVX7	G3X9C2
Q7SXX7	Q7SXX7
Q0K8H3	Q0K8H3
Q9WYP7	Q9WYP7
Q9BRP0	Q9BRP0
Q9BRP0	Q8CIV7
O73916	O73916
Q9FK13	Q9FK13
Q9JK39	Q9JK39
B9JYQ3	B9JYQ3
C1F227	C1F227
A0A1Y0BRG0	A0A1Y0BRG0
Q54735	Q54735
P21326	P21326
A5PLK2	A5PLK2
Q55BI8	Q55BI8
Q51792	Q51792
Q51792	O69754
A9IS46	A9IS46
Q94AC8	Q94AC8
Q9VSY6	Q9VSY6
Q8FJ36	Q8FJ36
Q9I291	Q9I291
O24654	O24654
P06174	P06174
Q0B0P6	Q0B0P6
Q9NHC3	Q9NHC3
P39995	P39995
P09255	P09255
Q9P3T9	Q9P3T9
A2S134	A2S134
A2S134	B2JQE6
A2S134	A3NM70
A2S134	Q83WJ5
A2S134	Q2T7H3
A2S134	B2T9N4
B6J4B0	B6J4B0
Q767F1	Q767F1
B0TAY4	B0TAY4
Q6FIW0	Q6FIW0
Q0ADS3	Q0ADS3
Q73QV6	Q73QV6
Q96H12	Q96H12
Q8TAK6	Q8TAK6
Q8TAK6	Q9WUQ3
Q8TAK6	Q9JKN5
O00287	O00287
Q10S70	Q10S70
Q10S70	Q7XCL0
Q8XXX8	Q8XXX8
Q8XXX8	B3R117
Q5XAK9	Q5XAK9
B7IG15	B7IG15
Q9H1X1	Q9H1X1
Q9H1X1	Q9D9V4
Q0TT95	Q0TT95
Q0TT95	Q8XMI8
Q8TS47	Q8TS47
Q7MYI6	Q7MYI6
B1YJ94	B1YJ94
Q471I0	Q471I0
Q6AQZ6	Q6AQZ6
Q00777	Q00777
A4YIV7	A4YIV7
A4YIV7	C3NGI6
A4YIV7	C3N749
A4YIV7	C3MWW9
A4YIV7	Q4JAF8
O32145	O32145
E9GD30	E9GD30
Q7NWQ2	Q7NWQ2
Q16CZ0	Q16CZ0
P29847	P29847
P29847	P0A9D4
D5JWB3	D5JWB3
Q9I8D8	Q9I8D8
Q189T1	Q189T1
Q7ZV43	Q7ZV43
Q7ZV43	Q9QZ06
Q7ZV43	Q2LGB5
Q7ZV43	Q9H0E2
Q7ZV43	A2RUW1
Q7ZV43	C1BZR1
Q7ZV43	Q4LBC7
P13661	P13661
Q2FNE1	Q2FNE1
O43930	O43930
O57774	O57774
O57774	Q9V2R8
Q0I1B7	Q0I1B7
O34866	O34866
P40401	P40401
Q9X2I1	Q9X2I1
Q8SCY7	Q8SCY7
C4LCT8	C4LCT8
P75820	P75820
A4IGL3	A4IGL3
B0TD39	B0TD39
B0VHH0	B0VHH0
Q3V5I7	Q3V5I7
C1B1N8	C1B1N8
C1B1N8	C0ZXG7
O07427	O07427
B0R2U4	B0R2U4
Q9W754	Q9W754
Q8EM39	Q8EM39
Q7VGH7	Q7VGH7
Q5FPX6	Q5FPX6
Q5WGA3	Q5WGA3
P73832	P73832
B8ZU51	B8ZU51
B8ZU51	A5U8S5
B8ZU51	A0R579
B8ZU51	B2HJ44
A0A7P0TBJ1	A0A7P0TBJ1
P93758	P93758
A7NJG1	A7NJG1
A7NJG1	B8G943
P54504	P54504
B5Y6I0	B5Y6I0
B1YIX1	B1YIX1
Q9JHR9	Q9JHR9
Q54QJ9	Q54QJ9
Q9HB03	Q9HB03
Q6IQ19	Q6IQ19
Q3SXB8	Q3SXB8
Q3SXB8	Q17QH6
Q3SXB8	Q2LK94
Q3SXB8	Q9BWP8
Q3SXB8	Q7T0T0
B9LJG1	B9LJG1
B9LJG1	B8G6P6
Q88WV4	Q88WV4
Q9BKU4	Q9BKU4
Q6P5C5	Q6P5C5
Q6P5C5	Q59I47
Q6P5C5	Q811Q1
Q6P5C5	Q53HV7
B2K116	B2K116
B2K116	B7LA84
B2K116	B5QYE5
B2K116	B7NRS3
B2K116	Q8FB81
B2K116	Q8Z322
B2K116	A4W5B3
B2K116	A8AKT3
B2K116	Q0TA75
B2K116	Q31U06
B2K116	Q32AG3
B2K116	Q7N966
B2K116	Q5PK87
B2K116	P30139
B2K116	Q8ZAP9
B2K116	B1JJK2
P0DXU6	P0DXU6
E0D7H5	E0D7H5
Q90830	Q90830
Q1ZXF1	Q1ZXF1
P0CW42	P0CW42
A4QFW4	A4QFW4
Q8CXK0	Q8CXK0
P29478	P29478
P0AEZ3	P0AEZ3
B7QDG3	B7QDG3
Q9ZN78	Q9ZN78
Q2LWX9	Q2LWX9
Q0AGX7	Q0AGX7
Q94B74	Q94B74
O75663	O75663
O75663	Q8BH58
Q6KZP5	Q6KZP5
O80805	O80805
O80805	Q7XJK8
Q6DHR8	Q6DHR8
A5GRJ3	A5GRJ3
Q9CIU7	Q9CIU7
A4WVE5	A4WVE5
Q478U2	Q478U2
Q6L5E5	Q6L5E5
P0CV09	P0CV09
Q64537	Q64537
Q64537	O88456
Q64537	P04574
Q64537	P06813
Q64537	P04632
Q64537	P13135
Q56731	Q56731
Q5WHI2	Q5WHI2
Q2IMC7	Q2IMC7
Q2IMC7	B4ULJ2
Q8LFJ8	Q8LFJ8
B2V7A4	B2V7A4
P22291	P22291
P22291	P59657
A2SEX8	A2SEX8
Q3INY2	Q3INY2
Q3INY2	Q5V2C9
C8V530	C8V530
Q9X1B7	Q9X1B7
Q75SP7	Q75SP7
Q2JFE6	Q2JFE6
P9WHP5	P9WHP5
Q0DNU1	Q0DNU1
A0A7R7ZDZ6	A0A7R7ZDZ6
P26754	P26754
Q9SSW2	Q9SSW2
P31269	P31269
P31269	P09631
Q18KA6	Q18KA6
Q18KA6	Q5V0S8
Q8IY49	Q8IY49
Q8IY49	Q8R189
Q72JN9	Q72JN9
Q6LIU7	Q6LIU7
Q6LIU7	A5EYT7
Q6LIU7	Q5DZX4
Q6LIU7	Q7MFB0
Q6LIU7	B6ERM8
Q6LIU7	B5ETZ2
Q6LIU7	A7N654
Q6LIU7	Q8D3T7
Q6LIU7	Q87J41
A6H4Q3	A6H4Q3
A6H4Q3	P00420
A6H4Q3	Q75G34
A0Q7B4	A0Q7B4
A0Q7B4	A7NB78
A0Q7B4	Q14H07
A7I0P8	A7I0P8
Q67UK9	Q67UK9
Q67UK9	Q8LE52
Q04067	Q04067
Q5M243	Q5M243
P35509	P35509
C5P3X6	C5P3X6
P72220	P72220
P72220	P08694
Q08952	Q08952
Q9VYA8	Q9VYA8
Q9LTC4	Q9LTC4
P26497	P26497
O57839	O57839
A0LRM5	A0LRM5
G4NCP4	G4NCP4
Q9Y4U1	Q9Y4U1
Q9Y4U1	Q9CZD0
Q9Y4U1	Q5E9C8
G0S6T0	G0S6T0
O07011	O07011
P33681	P33681
C4JLG3	C4JLG3
Q5ZT34	Q5ZT34
B8D2C6	B8D2C6
O51941	O51941
G2IQS8	G2IQS8
C4K3T9	C4K3T9
Q0QFQ3	Q0QFQ3
Q56237	Q56237
Q23120	Q23120
A0QPF9	A0QPF9
A0QPF9	P9WH13
Q4A0T9	Q4A0T9
A1KBB9	A1KBB9
O34948	O34948
Q56Y01	Q56Y01
P50605	P50605
Q9SKD0	Q9SKD0
Q9SKD0	Q9LDE2
Q9Z0D5	Q9Z0D5
Q4JUY8	Q4JUY8
O59272	O59272
P83716	P83716
Q5K2K6	Q5K2K6
Q82IZ1	Q82IZ1
Q704E9	Q704E9
P39409	P39409
Q5QVR4	Q5QVR4
Q67JQ1	Q67JQ1
Q2RIB4	Q2RIB4
Q9ZQZ9	Q9ZQZ9
Q9F5K6	Q9F5K6
C5CDZ1	C5CDZ1
Q5JI38	Q5JI38
P42556	P42556
P42556	Q01782
Q9C826	Q9C826
Q15116	Q15116
C8VE82	C8VE82
C8VE82	A0A0U5GFQ6
C8VE82	Q0C8A3
P51998	P51998
Q1GZE8	Q1GZE8
P78955	P78955
G9N4A9	G9N4A9
P0AFL1	P0AFL1
Q55DA6	Q55DA6
Q9ZW86	Q9ZW86
O42871	O42871
E7FHW8	E7FHW8
Q86KR9	Q86KR9
A6TJK9	A6TJK9
A6TJK9	A8MK56
O29026	O29026
B0RLD0	B0RLD0
B0RLD0	Q9A873
Q8VZ91	Q8VZ91
B2UA33	B2UA33
B2UA33	A4G3S0
B2UA33	B4E8E5
B2UA33	Q1BUH1
B2UA33	A2SAF0
B2UA33	B2JEQ7
B2UA33	Q0K7I6
B2UA33	B3R684
B2UA33	Q1LJM9
A3LR68	A3LR68
Q4FVE5	Q4FVE5
B0R7B4	B0R7B4
G5EEE5	G5EEE5
P0CP72	P0CP72
P0CP72	P0CP73
Q08237	Q08237
P39648	P39648
C5CWV0	C5CWV0
A0B9X4	A0B9X4
B8E335	B8E335
Q2QX01	Q2QX01
Q2FV31	Q2FV31
Q8LAT0	Q8LAT0
Q5LGS1	Q5LGS1
O42398	O42398
Q62LP6	Q62LP6
Q62LP6	Q1BXQ7
O80361	O80361
Q1IX43	Q1IX43
B8I2Z3	B8I2Z3
O59753	O59753
B2GD67	B2GD67
P42820	P42820
P24362	P24362
Q03RR1	Q03RR1
G3ECR2	G3ECR2
P03255	P03255
P03255	P03254
P16076	P16076
A9WC41	A9WC41
Q8PXE6	Q8PXE6
Q8PXE6	Q46DZ6
A8H0D3	A8H0D3
A8H0D3	B8CTC7
A8H0D3	A1S3M6
A8H0D3	A1RG66
A8H0D3	Q0HMB2
A8H0D3	Q0HRH5
A8H0D3	A6WJK9
A8H0D3	A3D8A9
A8H0D3	A9L2H4
A8H0D3	Q12JC5
B0K0V4	B0K0V4
P24665	P24665
Q5QV06	Q5QV06
Q8GWR0	Q8GWR0
A4J3F5	A4J3F5
A6W1T1	A6W1T1
P09383	P09383
Q465W3	Q465W3
Q3SH82	Q3SH82
Q9QZM8	Q9QZM8
Q9QZM8	Q96EF6
A6Q3U3	A6Q3U3
O29206	O29206
Q2NRK0	Q2NRK0
Q9C983	Q9C983
A0LYC3	A0LYC3
A0LYC3	A5FJY2
O42173	O42173
O42173	Q91926
O42173	Q9YH71
B3QW96	B3QW96
A9AZP9	A9AZP9
Q12241	Q12241
Q03T54	Q03T54
Q05466	Q05466
P05817	P05817
O94580	O94580
B4SGW9	B4SGW9
B4SGW9	A1BJI4
Q9EQI8	Q9EQI8
Q9EQI8	Q5RK00
Q9EQI8	Q9H2W6
Q9PJB8	Q9PJB8
Q9PJB8	B0BA79
Q9Y680	Q9Y680
Q9Y680	O54998
Q2RU16	Q2RU16
Q6BVM4	Q6BVM4
A5ID21	A5ID21
Q8PTC3	Q8PTC3
P18348	P18348
Q94HF1	Q94HF1
P51525	P51525
P51525	P51524
P0CK58	P0CK58
P27150	P27150
P27150	Q5SLP7
Q5LQ42	Q5LQ42
Q0CCY1	Q0CCY1
Q00873	Q00873
P56783	P56783
Q9SFF9	Q9SFF9
Q9SFF9	P92999
Q9SFF9	P92996
Q9SFF9	Q9FIC8
Q9SFF9	Q9FID0
Q9SFF9	Q9FL89
Q9SFF9	Q9FIC9
Q9SFF9	Q9FIC6
Q9SFF9	P92997
B5XKU3	B5XKU3
Q9D0B0	Q9D0B0
Q9D0B0	Q13242
Q9D0B0	Q5PPI1
A5VNW6	A5VNW6
A5VNW6	A9M8G2
P38118	P38118
P9WFE2	P9WFE2
P45884	P45884
Q84JH7	Q84JH7
Q99NH8	Q99NH8
P0CU44	P0CU44
P30568	P30568
Q9LYL8	Q9LYL8
P46421	P46421
P46421	Q9ZW26
Q3AAT8	Q3AAT8
Q96S96	Q96S96
P44441	P44441
P44441	A5UFI8
P44441	Q65VN5
P44441	A6VLV8
A8M621	A8M621
Q9GZX9	Q9GZX9
B2SM82	B2SM82
Q5NZF8	Q5NZF8
Q08708	Q08708
Q1ZXE7	Q1ZXE7
O42894	O42894
O26039	O26039
Q8U492	Q8U492
O24849	O24849
Q9JL95	Q9JL95
Q2N9N4	Q2N9N4
Q62160	Q62160
Q6LPE2	Q6LPE2
Q6LPE2	A6T702
Q6LPE2	P0A6I0
Q6LPE2	Q2NUA8
Q6LPE2	Q6D402
Q6LPE2	A4W8S9
Q7M438	Q7M438
Q8YM45	Q8YM45
Q8YM45	Q114E1
P53961	P53961
A5FZU4	A5FZU4
Q75VT8	Q75VT8
P0AE30	P0AE30
P0C7M1	P0C7M1
Q9SEL5	Q9SEL5
Q9BTL4	Q9BTL4
Q9BTL4	P17950
Q22687	Q22687
Q8LBA0	Q8LBA0
Q5AG43	Q5AG43
Q5AG43	P26783
A4IIC5	A4IIC5
Q6DGH9	Q6DGH9
Q6CLN0	Q6CLN0
A8GNL2	A8GNL2
A8GNL2	Q9ZD37
Q0VC22	Q0VC22
P36673	P36673
P77324	P77324
D0C9N8	D0C9N8
D0C9N8	F0KFI7
O95007	O95007
Q9C8V2	Q9C8V2
Q8NGM9	Q8NGM9
Q02896	Q02896
F4HZZ4	F4HZZ4
F4HZZ4	F4HZZ5
Q7VHH1	Q7VHH1
O62515	O62515
Q7NIT2	Q7NIT2
A1SJI9	A1SJI9
A7LKB2	A7LKB2
Q9HNX6	Q9HNX6
Q9HNX6	D4GWJ7
P39199	P39199
O82200	O82200
O82200	Q9FJU4
Q5U2W9	Q5U2W9
P31097	P31097
Q2NL34	Q2NL34
Q2NL34	Q8K1Z0
Q2NL34	O75208
Q2NL34	Q68FT1
B7WN96	B7WN96
Q8NGK2	Q8NGK2
Q38YB1	Q38YB1
Q6BT38	Q6BT38
Q12125	Q12125
P13982	P13982
E9ENC6	E9ENC6
E9ENC6	Q6QDR4
Q85FU3	Q85FU3
Q14BV6	Q14BV6
Q9H344	Q9H344
P52577	P52577
P52577	B2WSN0
P52577	B9HRL7
P52577	B2WSN1
Q133X3	Q133X3
Q133X3	Q211U0
Q133X3	A4YZK1
Q133X3	Q89FU9
Q133X3	A5EPK0
A4T8B7	A4T8B7
A4T8B7	Q1B5E3
Q2GKR7	Q2GKR7
Q38HX2	Q38HX2
P0DV86	P0DV86
P48512	P48512
P48512	Q9SS44
Q97VT7	Q97VT7
B4RL47	B4RL47
Q54PY7	Q54PY7
Q8BX51	Q8BX51
Q8BX51	Q96LD1
Q8NI38	Q8NI38
B1KFY6	B1KFY6
B1KFY6	B0TUN8
B1KFY6	A8H4Q7
B1KFY6	A0KX28
B1KFY6	A8FVF7
B1KFY6	A1RJP0
B1KFY6	Q88MD2
B1KFY6	Q48FG8
B1KFY6	B0KT32
B1KFY6	B3PID5
Q96EU7	Q96EU7
Q96EU7	Q499P3
Q96EU7	Q9JMG2
Q7M826	Q7M826
Q8N2R0	Q8N2R0
Q8N2R0	Q3T135
Q8N2R0	Q6AY34
Q8N2R0	Q32NK7
Q8N2R0	Q91ZD1
P37580	P37580
C4R3U0	C4R3U0
A9NA46	A9NA46
Q9JLM2	Q9JLM2
P9WMB5	P9WMB5
P9WMB5	A0QWG5
Q18909	Q18909
Q84R43	Q84R43
P22643	P22643
Q9IA95	Q9IA95
O00214	O00214
O00214	Q9JL15
O00214	Q62665
Q980D2	Q980D2
P68698	P68698
Q8RCN8	Q8RCN8
E2RU97	E2RU97
Q1R155	Q1R155
Q9HZK1	Q9HZK1
O32259	O32259
Q7U4U9	Q7U4U9
Q6X3W5	Q6X3W5
Q5N1T9	Q5N1T9
O06965	O06965
P42797	P42797
Q08788	Q08788
Q9FYE6	Q9FYE6
P23446	P23446
P60941	P60941
Q9R1S4	Q9R1S4
Q9R1S4	O35426
Q9R1S4	Q3SZZ2
Q9R1S4	P17861
P0DV52	P0DV52
Q9SZ06	Q9SZ06
P14020	P14020
Q54GP3	Q54GP3
A4SYE9	A4SYE9
Q2YBT6	Q2YBT6
A1SSG9	A1SSG9
Q6A6N2	Q6A6N2
A0A1D8PLT8	A0A1D8PLT8
A5HEG9	A5HEG9
Q9HR73	Q9HR73
Q03392	Q03392
Q0BKP7	Q0BKP7
Q0BKP7	B0TZ54
Q5V4Q5	Q5V4Q5
Q9XH75	Q9XH75
Q7W850	Q7W850
Q7W850	Q7WLJ8
Q7W850	Q7VX83
B0SC03	B0SC03
Q8L9Y2	Q8L9Y2
P56904	P56904
Q56A20	Q56A20
Q56A20	Q7TMJ8
Q56A20	Q96FE7
Q56A20	Q1RMT9
Q9C998	Q9C998
A4FBM6	A4FBM6
Q8GY25	Q8GY25
Q9I5U5	Q9I5U5
A9BQY3	A9BQY3
O02611	O02611
H6LBB0	H6LBB0
Q6FLB8	Q6FLB8
Q1LY84	Q1LY84
Q9K4B1	Q9K4B1
Q71AW2	Q71AW2
Q9L4V5	Q9L4V5
Q66GR8	Q66GR8
Q49402	Q49402
Q487K8	Q487K8
Q6PBY1	Q6PBY1
Q6PBY1	B0KW94
Q6PBY1	P49242
Q6PBY1	Q4R4Z6
Q6PBY1	P97351
Q6PBY1	P61247
Q6PBY1	B5FZS9
Q6PBY1	P61246
Q6PBY1	P49397
Q6PBY1	Q9CAV0
Q6PBY1	Q42262
P32200	P32200
P32200	P0A722
P06951	P06951
P06951	P03681
P45543	P45543
P77467	P77467
A7S5D9	A7S5D9
Q12395	Q12395
Q92LF7	Q92LF7
O34406	O34406
Q5QXL5	Q5QXL5
Q0K7S5	Q0K7S5
Q0K7S5	Q474P5
Q0K7S5	A1W7D2
C0QWJ2	C0QWJ2
A0A2H3D8Y2	A0A2H3D8Y2
Q96LT6	Q96LT6
O52338	O52338
O25584	O25584
O95813	O95813
Q72KN9	Q72KN9
P39822	P39822
O34627	O34627
Q1IX39	Q1IX39
Q5ZVY6	Q5ZVY6
Q94KK6	Q94KK6
B6YXQ1	B6YXQ1
B6YXQ1	Q5JIZ8
Q40407	Q40407
Q40407	P18212
Q40407	P29795
P14511	P14511
P14511	P0AG05
P9WJ63	P9WJ63
P42270	P42270
P19018	P19018
Q9LXC9	Q9LXC9
A0A0R4IGV4	A0A0R4IGV4
C3PB71	C3PB71
C3PB71	Q81D33
Q2RK43	Q2RK43
A0A6P3R0Z0	A0A6P3R0Z0
A0A6P3R0Z0	P0DUJ2
A0A6P3R0Z0	L5KM50
Q937P0	Q937P0
Q937P0	Q56062
Q937P0	P77541
Q9VMC9	Q9VMC9
Q9YEA1	Q9YEA1
Q6KZM5	Q6KZM5
P55042	P55042
P55042	O88667
P55042	P55043
Q02PI7	Q02PI7
Q5B0C9	Q5B0C9
Q9PNU6	Q9PNU6
P36659	P36659
Q7NBU2	Q7NBU2
P25605	P25605
Q94715	Q94715
Q9FNR1	Q9FNR1
Q61450	Q61450
Q8ZW59	Q8ZW59
Q9ZPV9	Q9ZPV9
B8GIB2	B8GIB2
Q91424	Q91424
Q83A37	Q83A37
Q83A37	A9KDC4
A2XMJ1	A2XMJ1
A2XMJ1	Q10CT5
Q5L6I4	Q5L6I4
Q50755	Q50755
P48283	P48283
Q0C7M4	Q0C7M4
O77769	O77769
O77769	O75911
O77769	O88876
Q05636	Q05636
Q8NGZ4	Q8NGZ4
O74388	O74388
Q67TP9	Q67TP9
P22685	P22685
Q96RB7	Q96RB7
B0CCD5	B0CCD5
O14579	O14579
O14579	O89079
O14579	Q28104
Q9W0H3	Q9W0H3
Q46769	Q46769
Q46769	P26392
Q46769	P37778
Q46769	P37760
Q8Y7F3	Q8Y7F3
O56773	O56773
Q0VAA5	Q0VAA5
Q8EUY2	Q8EUY2
P49017	P49017
C0QYH6	C0QYH6
Q822D9	Q822D9
Q822D9	B0BAX0
P50933	P50933
P75959	P75959
P75959	B7LPQ4
P75959	Q8FIM5
P75959	Q8ZPZ9
B2RLA0	B2RLA0
P12298	P12298
Q20365	Q20365
Q44056	Q44056
Q969I3	Q969I3
Q9SGS4	Q9SGS4
Q9M038	Q9M038
Q5YQ00	Q5YQ00
B1YIR7	B1YIR7
Q2Y641	Q2Y641
P32469	P32469
Q9QYE9	Q9QYE9
Q9QYE9	Q9UF11
A9M3A0	A9M3A0
A9M3A0	A1KT06
A9M3A0	Q9K075
A9M3A0	B4RK11
O80327	O80327
Q7NDJ2	Q7NDJ2
A0A1U8QIH0	A0A1U8QIH0
Q9R109	Q9R109
Q9R109	A1BPI0
Q9R109	Q9UMX2
A4FFQ6	A4FFQ6
Q8BVP6	Q8BVP6
Q8A8R2	Q8A8R2
Q8A8R2	Q8A765
Q8A8R2	B2RHB7
Q8A8R2	B2KBU4
B8E5F4	B8E5F4
B8E5F4	Q8EG24
B8E5F4	B0TLV4
B8E5F4	A0KYM4
B8E5F4	A6WLP6
Q53W92	Q53W92
P50541	P50541
Q9LMM8	Q9LMM8
F1M928	F1M928
F1M928	Q9EQF4
P39064	P39064
P30713	P30713
P30713	P0CG30
P30713	Q61133
P30713	P0CG29
O49743	O49743
Q4KLJ8	Q4KLJ8
Q4KLJ8	Q9H2J4
Q4KLJ8	Q0VCW8
Q4KLJ8	Q8BVF2
Q4KLJ8	Q6P268
Q84K52	Q84K52
P77499	P77499
Q0JB92	Q0JB92
P54700	P54700
P54700	P0AC05
Q76CE6	Q76CE6
Q76CE6	Q76CE8
Q84XB3	Q84XB3
Q84XB3	Q9LW50
O28486	O28486
A0PYW1	A0PYW1
Q8LDF9	Q8LDF9
P38774	P38774
P38774	P38773
Q9PC88	Q9PC88
Q9PC88	B0U2F2
Q9PC88	B0RQR7
Q9PC88	Q2P5R0
Q9PC88	Q3BR53
Q8L7U4	Q8L7U4
A8MFY0	A8MFY0
B9EJG8	B9EJG8
B9EJG8	B5DFH9
B9EJG8	A5D7C9
B9EJG8	Q8C8S3
Q9XWS0	Q9XWS0
P53281	P53281
Q17QN3	Q17QN3
Q17QN3	P27048
Q17QN3	P17136
Q17QN3	Q9PV94
Q17QN3	Q9N1Q0
Q17QN3	Q9TU66
Q17QN3	Q58DW4
Q17QN3	P63162
Q17QN3	P14678
Q17QN3	Q9TU67
Q57NV3	Q57NV3
Q57NV3	B5F565
Q57NV3	A7FI10
A5DUA7	A5DUA7
A5FK26	A5FK26
Q92567	Q92567
P44068	P44068
P44068	Q0I1Q0
A1KVH8	A1KVH8
A1KVH8	A9M276
Q8SSH0	Q8SSH0
P19335	P19335
P19335	Q3YFL6
P19335	Q7YS80
P19335	P23409
P19335	Q01795
P19335	P15375
O74496	O74496
Q81QD6	Q81QD6
Q81QD6	Q81DD1
P69228	P69228
Q9SJ12	Q9SJ12
Q3ZBI9	Q3ZBI9
Q3ZBI9	Q9BVT8
Q3ZBI9	Q9JMG3
Q3ZBI9	Q53AQ4
B1KX15	B1KX15
B1KX15	C1FUP2
B1KX15	A7FS72
B1KX15	B1IGK6
A5GJ90	A5GJ90
P03515	P03515
Q3HXX9	Q3HXX9
Q3HXX9	Q3HXZ1
Q3HXX9	Q3HXX8
Q3HXX9	Q3HXY9
Q3HXX9	Q3HXZ0
Q3HXX9	Q3HXX6
Q3HXX9	Q5YF90
Q3HXX9	P34128
Q3HXX9	Q3HXY0
Q3HXX9	Q3HXY8
Q3HXX9	Q3I5F4
Q3HXX9	Q3HXX4
Q3HXX9	Q1W7Q6
Q3HXX9	Q9DEZ9
Q3HXX9	B8QCG6
Q3HXX9	Q90W38
Q3HXX9	Q3HXY5
Q3HXX9	Q3HXY4
Q3HXX9	Q3HXY7
Q3HXX9	Q3HXY6
Q3HXX9	F8RKW5
Q3HXX9	Q3HXY3
Q3HXX9	Q3HXY1
Q3HXX9	Q3HXX5
Q3HXX9	Q3HXX7
Q3HXX9	A6MFL7
Q3HXX9	A6MFL5
Q3HXX9	A6MFL6
Q3HXX9	Q3HXY2
Q3HXX9	Q5YF89
Q3HXX9	P25428
Q73M14	Q73M14
Q9MZR1	Q9MZR1
P0A7V0	P0A7V0
P82612	P82612
P82612	P00950
P35382	P35382
Q2S081	Q2S081
A3PEG2	A3PEG2
A3PEG2	Q7V0D8
A3PEG2	A8G6D9
Q92979	Q92979
Q92979	O35130
Q8RXH8	Q8RXH8
Q8JH55	Q8JH55
P54108	P54108
P54108	P16562
P54108	P16563
Q90YR8	Q90YR8
Q90YR8	P62753
Q90YR8	Q5E995
Q90YR8	P29327
B2RKY9	B2RKY9
Q9USZ6	Q9USZ6
A9IUY4	A9IUY4
P0AFP6	P0AFP6
Q5I0J5	Q5I0J5
Q5I0J5	Q8WV92
Q5I0J5	Q8VDV8
P10252	P10252
B8D185	B8D185
Q9WUL5	Q9WUL5
Q8IEJ0	Q8IEJ0
Q26998	Q26998
D0ZWT5	D0ZWT5
Q32LN5	Q32LN5
Q32LN5	Q99PD2
Q32LN5	Q9CQE0
Q32LN5	Q8WVD3
A4VJ44	A4VJ44
Q95Y12	Q95Y12
P40165	P40165
Q8GUK7	Q8GUK7
A0A1B7YCX1	A0A1B7YCX1
Q6ANL3	Q6ANL3
P0A0V3	P0A0V3
P0A0V3	P07050
P9WMH5	P9WMH5
Q7W575	Q7W575
Q9FK43	Q9FK43
Q9FK43	Q9M8W5
P55473	P55473
A3KNX6	A3KNX6
P10908	P10908
P23724	P23724
Q28105	Q28105
Q28105	Q9UNN8
Q9NNZ3	Q9NNZ3
Q86XK3	Q86XK3
O15305	O15305
O15305	Q9Z2M7
O15305	Q3SZJ9
Q97MB4	Q97MB4
Q9UFN0	Q9UFN0
Q3V870	Q3V870
Q3V870	Q3V7G1
Q2T2A4	Q2T2A4
Q2T2A4	A0KBJ0
Q2T2A4	Q39BV2
Q2T2A4	A2S8H7
Q893H3	Q893H3
Q08182	Q08182
O77751	O77751
O77751	Q6AYQ4
O77751	Q3UBX0
O77751	Q9BVC6
Q9FKN4	Q9FKN4
Q0DJY3	Q0DJY3
B0BNF8	B0BNF8
B0BNF8	Q9Z2G9
B0BNF8	Q9BUP3
A5CD80	A5CD80
A9KPF8	A9KPF8
O45952	O45952
A8A9K6	A8A9K6
P12020	P12020
A5V9E5	A5V9E5
A5D7U1	A5D7U1
O47496	O47496
P50754	P50754
P50754	P23693
P50754	P19429
P50754	P48787
Q96GX9	Q96GX9
Q96GX9	C1C4M8
Q96GX9	Q9WVQ5
Q96GX9	C1BJB1
Q96GX9	Q0VCJ2
Q96GX9	Q66I75
A5EVK4	A5EVK4
Q8PH63	Q8PH63
Q8PH63	A1WVN7
Q8PH63	B8GPB2
Q8PH63	B2IA38
Q8PH63	Q8P5T5
Q8PH63	Q3BPR8
Q8PH63	A1TY30
Q8PH63	B1KL12
Q8TUX2	Q8TUX2
Q0ALQ9	Q0ALQ9
Q3BQP8	Q3BQP8
Q3BQP8	Q8P6V1
Q3BQP8	Q8PI51
Q3BQP8	Q5H1V9
B4MQT3	B4MQT3
B4MQT3	B4I2A8
B4MQT3	B4LP08
B4MQT3	B4PAR6
B4MQT3	Q9U915
A5GMI5	A5GMI5
A5GMI5	Q0IC33
Q8XJ55	Q8XJ55
Q8XJ55	Q0SRS4
Q9LN95	Q9LN95
Q6P0F4	Q6P0F4
O84385	O84385
P06717	P06717
P06717	P01555
P28174	P28174
A3LZW1	A3LZW1
Q00813	Q00813
G1T7E7	G1T7E7
Q03S83	Q03S83
P97027	P97027
A4YJH0	A4YJH0
A4YJH0	Q6NDM2
A4YJH0	Q13EN8
Q10474	Q10474
Q9ZLT0	Q9ZLT0
A0R610	A0R610
A0R610	P9WGS9
Q9SD96	Q9SD96
B1ZJ09	B1ZJ09
B1ZJ09	B1LXR9
B1ZJ09	A9VY48
Q6LYK1	Q6LYK1
Q6LYK1	A6VFS5
Q96T66	Q96T66
Q96T66	Q99JR6
Q91154	Q91154
Q91154	P24700
Q9FXE3	Q9FXE3
Q4UH15	Q4UH15
Q6G029	Q6G029
Q6G029	A1US90
Q6G029	Q8L1Z5
Q9H3Y0	Q9H3Y0
Q9H3Y0	A2A5I3
P24728	P24728
A6Q782	A6Q782
C8WMP0	C8WMP0
A6LJI3	A6LJI3
Q5LA59	Q5LA59
O94682	O94682
O15692	O15692
Q7VRJ1	Q7VRJ1
Q7VRJ1	Q491V7
Q9JMI7	Q9JMI7
Q9JMI7	Q924B5
Q5FVV3	Q5FVV3
A6Q1X8	A6Q1X8
A0LCF3	A0LCF3
S7RK00	S7RK00
A8IGU8	A8IGU8
A8IGU8	A4YLY9
Q59787	Q59787
Q9BLB6	Q9BLB6
Q8NSM4	Q8NSM4
Q8NSM4	Q8FRV5
Q99811	Q99811
Q99811	Q06348
Q186R1	Q186R1
Q186R1	Q8XK02
A6WVK9	A6WVK9
A6WVK9	A9M7F3
A6WVK9	Q2YP58
A6WVK9	C0RGR3
A6WVK9	B0CJ70
A6WVK9	A1AY12
A0A142I729	A0A142I729
B8G513	B8G513
G0YF19	G0YF19
Q6GLX4	Q6GLX4
Q15527	Q15527
P31112	P31112
Q6GIL6	Q6GIL6
Q6GIL6	Q5HQV2
Q6GIL6	Q49W01
Q6GIL6	Q4L4K5
P06008	P06008
P99121	P99121
Q215B4	Q215B4
Q215B4	Q89KU3
C5D2V7	C5D2V7
Q9HPD3	Q9HPD3
Q9HPD3	P12735
P79891	P79891
P79891	P47835
P79891	P02350
P79891	Q5R465
P79891	Q06559
P79891	Q9FJA6
P79891	P23396
P79891	Q9M339
P79891	Q90YS2
P79891	P62909
P79891	Q9SIP7
P79891	P05750
P79891	O60128
P57784	P57784
P57784	P09661
Q96BD8	Q96BD8
Q96BD8	Q0V7M7
Q96BD8	Q9CPV1
Q96BD8	B0BN28
Q9ZW84	Q9ZW84
O83787	O83787
Q9HZS1	Q9HZS1
Q40637	Q40637
Q40637	P0C1Y4
D4GP33	D4GP33
B5L3F2	B5L3F2
Q5VSB7	Q5VSB7
A6WYK9	A6WYK9
A6WYK9	A9WW43
Q6NMK6	Q6NMK6
Q10PZ9	Q10PZ9
Q8AVK2	Q8AVK2
Q8AVK2	Q6ZN17
Q8AVK2	Q45KJ4
Q8AVK2	Q45KJ6
Q8AVK2	Q5EB47
Q48436	Q48436
Q69P88	Q69P88
Q7VIW7	Q7VIW7
P37774	P37774
B8JI67	B8JI67
Q0JNR2	Q0JNR2
A0A1A9TAK5	A0A1A9TAK5
C5CG17	C5CG17
B4EZQ3	B4EZQ3
Q84BQ9	Q84BQ9
P11402	P11402
Q03798	Q03798
Q96FF9	Q96FF9
O34447	O34447
Q0B0N9	Q0B0N9
Q9LX82	Q9LX82
Q9LX82	Q4JL84
Q8VZ95	Q8VZ95
Q8VZ95	Q9SHC8
P39650	P39650
P0A6J3	P0A6J3
Q9HJH3	Q9HJH3
A9CF16	A9CF16
Q9PN59	Q9PN59
Q9S4D5	Q9S4D5
Q9S4D5	Q49492
Q8CJY7	Q8CJY7
P50199	P50199
Q4V9P3	Q4V9P3
B8DDR8	B8DDR8
B8DDR8	Q8Y666
Q9XI47	Q9XI47
P0DO19	P0DO19
P0DO19	P93664
Q2LTG0	Q2LTG0
Q5FMM1	Q5FMM1
Q5FMM1	Q1GC08
Q72E85	Q72E85
B7GZ27	B7GZ27
B7GZ27	Q6FCV6
B7GZ27	B0VUE2
A1DBJ7	A1DBJ7
A1DBJ7	Q5B7Z3
Q8BU85	Q8BU85
A5F1V0	A5F1V0
B8ZQ37	B8ZQ37
B8ZQ37	B1IBW1
B8ZQ37	A3CN38
B8ZQ37	A8AXH8
B8ZQ37	Q04KF4
B8ZQ37	C1CKQ7
Q9Y738	Q9Y738
P0DTT6	P0DTT6
Q75WM6	Q75WM6
Q9JXT8	Q9JXT8
P06282	P06282
Q609V0	Q609V0
P45769	P45769
A8E7D2	A8E7D2
Q09065	Q09065
P36523	P36523
C3P655	C3P655
Q1IKB2	Q1IKB2
Q8RYD9	Q8RYD9
P0ACL5	P0ACL5
Q2RPI7	Q2RPI7
A5II90	A5II90
Q9X015	Q9X015
O51132	O51132
K4REZ6	K4REZ6
Q9C639	Q9C639
P48802	P48802
P48802	P36386
P48802	P48801
Q8RDX7	Q8RDX7
Q94AU7	Q94AU7
O67292	O67292
Q8ZGA4	Q8ZGA4
Q8ZGA4	P04951
Q6G1L3	Q6G1L3
P12758	P12758
P12758	P43770
P12758	P0A1F7
Q3B2V8	Q3B2V8
Q9I7C1	Q9I7C1
Q29RT9	Q29RT9
B3H2Z8	B3H2Z8
B3H2Z8	Q7VN28
O66098	O66098
Q9LYT7	Q9LYT7
Q9QY33	Q9QY33
Q9QY33	O60637
P16433	P16433
Q9JPD1	Q9JPD1
Q898R2	Q898R2
Q898R2	Q8XKU1
F4ITL6	F4ITL6
Q8ZJD0	Q8ZJD0
A6NCN2	A6NCN2
P10355	P10355
Q980C3	Q980C3
P80371	P80371
Q8PB40	Q8PB40
Q8PB40	Q87BR7
P58884	P58884
Q50940	Q50940
Q7FRS8	Q7FRS8
Q5VPE5	Q5VPE5
P00733	P00733
A0RNY9	A0RNY9
C0HKW2	C0HKW2
Q58833	Q58833
D2ATV0	D2ATV0
Q937L4	Q937L4
Q5MIT9	Q5MIT9
O32210	O32210
Q6J1Z5	Q6J1Z5
Q8CGF5	Q8CGF5
Q8CGF5	Q96MV1
O74683	O74683
B1Y4W6	B1Y4W6
Q5WH44	Q5WH44
P52940	P52940
B6YW76	B6YW76
P47259	P47259
A5FR69	A5FR69
Q95332	Q95332
I6YA50	I6YA50
A5F384	A5F384
Q32LJ4	Q32LJ4
Q32LJ4	Q9DBS2
Q32LJ4	A8WCF8
Q32LJ4	Q5T0D9
Q898B8	Q898B8
P0C7X2	P0C7X2
O94903	O94903
A2WTQ5	A2WTQ5
A2WTQ5	Q0JKG7
A1U749	A1U749
Q70FD1	Q70FD1
A3M2B3	A3M2B3
Q5U5E5	Q5U5E5
Q5U5E5	Q5HZN9
Q5LPG8	Q5LPG8
A6T2R7	A6T2R7
A6T2R7	A4G916
Q9FJX3	Q9FJX3
Q8S9N6	Q8S9N6
Q4JFW8	Q4JFW8
Q7VLG6	Q7VLG6
D3YUE4	D3YUE4
Q03D58	Q03D58
Q9JLJ5	Q9JLJ5
Q9JLJ5	Q9BW60
Q9KCP8	Q9KCP8
W0T4V8	W0T4V8
Q9H5J8	Q9H5J8
A1B8Z4	A1B8Z4
P36125	P36125
Q83WC8	Q83WC8
J0MXK0	J0MXK0
F9UST4	F9UST4
Q6NPD7	Q6NPD7
A6NDY0	A6NDY0
A3EZ53	A3EZ53
A3EZ53	Q4PNJ1
B2HTR5	B2HTR5
B2HTR5	Q6FAS9
B2HTR5	B0V782
K4BIZ9	K4BIZ9
Q10205	Q10205
O61887	O61887
O23717	O23717
O23717	O24361
O23717	Q9LIP2
D3YT16	D3YT16
A8MTA8	A8MTA8
A8MTA8	Q2TBR5
A8MTA8	A2AIP0
P39075	P39075
Q9ZJ31	Q9ZJ31
Q8Z1W6	Q8Z1W6
Q08071	Q08071
Q08071	Q08072
Q08071	P28172
Q5ACW6	Q5ACW6
Q2UHT9	Q2UHT9
A7MNQ4	A7MNQ4
A7MNQ4	E8Y6Y6
A7MNQ4	Q324S0
Q479M0	Q479M0
O75596	O75596
P0A9K9	P0A9K9
Q9Y3B7	Q9Y3B7
A6LD69	A6LD69
A7GU36	A7GU36
Q9Z2P3	Q9Z2P3
Q6A8K9	Q6A8K9
Q5XKK7	Q5XKK7
W0T4C1	W0T4C1
Q3YLA4	Q3YLA4
O48707	O48707
O48707	Q8W108
O48707	A1L4T4
B4RK78	B4RK78
Q9LBW5	Q9LBW5
Q87NE7	Q87NE7
P21781	P21781
P21781	P36363
Q2GD69	Q2GD69
Q8CTV0	Q8CTV0
Q06198	Q06198
P49414	P49414
Q7YRH6	Q7YRH6
Q06504	Q06504
Q1QED6	Q1QED6
Q8HXK9	Q8HXK9
Q8HXK9	Q9ULZ3
Q8HXK9	Q9EPB4
Q28553	Q28553
Q5X551	Q5X551
P68892	P68892
H2B3G5	H2B3G5
O88846	O88846
Q7Z4R8	Q7Z4R8
Q9S7L9	Q9S7L9
A0A1D8PT02	A0A1D8PT02
Q8TBK6	Q8TBK6
P70380	P70380
B0BUD1	B0BUD1
Q58CU0	Q58CU0
Q9VV43	Q9VV43
Q54KD9	Q54KD9
P22354	P22354
O42196	O42196
P45761	P45761
P03606	P03606
Q92G95	Q92G95
Q8PIX4	Q8PIX4
Q8PIX4	Q8P7K1
B3E8I3	B3E8I3
Q15669	Q15669
Q10353	Q10353
Q253S7	Q253S7
Q253S7	Q5L6G5
B2RIJ1	B2RIJ1
Q92C68	Q92C68
Q3A8Q0	Q3A8Q0
Q5HYR2	Q5HYR2
Q9UST6	Q9UST6
Q9ZRD6	Q9ZRD6
Q9ZRD6	Q9LVM9
Q9Y3B2	Q9Y3B2
Q38Q39	Q38Q39
Q9CTH6	Q9CTH6
B9EBV6	B9EBV6
Q08586	Q08586
Q8D218	Q8D218
P03402	P03402
P03402	P04596
P03402	Q1A248
P03402	P12504
P03402	P05900
P03402	O70897
P03402	P0C1K6
P03402	P35964
P03402	Q9QSR2
Q0P9D1	Q0P9D1
Q8IBP3	Q8IBP3
Q9CQU3	Q9CQU3
P19465	P19465
Q8V3U4	Q8V3U4
Q2G3T3	Q2G3T3
Q2G3T3	Q2RU45
Q2G3T3	B9KJU9
Q53EK2	Q53EK2
Q8WWA1	Q8WWA1
P52108	P52108
O29807	O29807
Q3T123	Q3T123
Q3T123	O43513
Q3T123	Q2F7Z4
Q3T123	Q9CZB6
Q4JB16	Q4JB16
P97466	P97466
P97466	Q13253
P97466	P49011
P97466	O93525
A1U4A9	A1U4A9
Q18336	Q18336
Q7M8H4	Q7M8H4
E5G0U4	E5G0U4
Q8GYW0	Q8GYW0
P07347	P07347
Q93Z96	Q93Z96
B3PR74	B3PR74
Q9YEA9	Q9YEA9
Q86YN1	Q86YN1
Q86YN1	Q9JMF7
Q8TG90	Q8TG90
Q1RS89	Q1RS89
Q9SV73	Q9SV73
Q10MR0	Q10MR0
O06737	O06737
B4F7B7	B4F7B7
B4F7B7	Q8R4V2
Q8IWL3	Q8IWL3
Q8IWL3	Q8K3A0
A0A2R8RY99	A0A2R8RY99
Q99801	Q99801
O31523	O31523
P50553	P50553
P50553	P19359
P50553	Q02067
Q8LB65	Q8LB65
Q9NA25	Q9NA25
P0C765	P0C765
P0C765	Q06428
Q8BGG6	Q8BGG6
Q8BGG6	O75425
Q42539	Q42539
Q99P30	Q99P30
P07743	P07743
Q988D0	Q988D0
F4K687	F4K687
P28319	P28319
P97950	P97950
P97950	Q14088
Q0P8S7	Q0P8S7
P22549	P22549
P74653	P74653
Q8D385	Q8D385
D9PWM7	D9PWM7
P0A6E9	P0A6E9
P0A6E9	Q8Z6X9
P0A6E9	Q8ZPK6
Q9FH51	Q9FH51
O05509	O05509
A6NLX3	A6NLX3
P50924	P50924
P50924	C1CD54
P50924	C0ME50
P50924	A8AXM8
P50924	C0M7X0
P50924	Q8P1C0
P50924	Q5XCK8
P50924	P0CB75
P50924	Q04LJ3
P50924	P0DC81
P50924	Q5LZW9
P50924	A4W1D9
P50924	C1C651
Q07NH5	Q07NH5
Q07NH5	B6JG34
Q07NH5	A4YVE6
Q07NH5	A5EK34
Q07NH5	B3Q6P2
Q9LIQ6	Q9LIQ6
Q7MA77	Q7MA77
Q750X7	Q750X7
Q8IUX1	Q8IUX1
P14183	P14183
O13774	O13774
Q31GC7	Q31GC7
O74503	O74503
Q4W9I3	Q4W9I3
Q9NUL5	Q9NUL5
Q9NUL5	Q8CAK3
Q9NUL5	Q32L09
A4XK06	A4XK06
P33073	P33073
Q39529	Q39529
B8DE89	B8DE89
B8DE89	Q8Y776
P43613	P43613
J4WMI6	J4WMI6
O22227	O22227
A8LK35	A8LK35
Q6CUE5	Q6CUE5
Q6BXG6	Q6BXG6
A0A6A6H402	A0A6A6H402
A5IXQ6	A5IXQ6
Q5JNC0	Q5JNC0
Q5JNC0	Q9LVC8
P28155	P28155
B9ME57	B9ME57
B9ME57	A1WGS0
F4IK01	F4IK01
Q67KD3	Q67KD3
A0LDX4	A0LDX4
Q54BF6	Q54BF6
P50093	P50093
Q9FNY3	Q9FNY3
P04551	P04551
C7PVV3	C7PVV3
Q9NYW4	Q9NYW4
A4IJB8	A4IJB8
A4IJB8	B7HIK9
A4IJB8	A8F909
A4IJB8	Q65PH9
A4IJB8	B7HPV2
A4IJB8	P37468
A4IJB8	C1ESX0
Q92NN0	Q92NN0
Q92NN0	C3MEL7
P0DX76	P0DX76
P37382	P37382
A3DIF0	A3DIF0
Q9UJH8	Q9UJH8
Q9UJH8	Q5Q0T9
Q9UJH8	Q8C1Q4
P84623	P84623
Q6P5X7	Q6P5X7
Q6UWI4	Q6UWI4
Q6UWI4	Q2WFL8
Q6UWI4	A6QPA0
Q6UWI4	Q8QZV2
Q30Y32	Q30Y32
Q1GRY1	Q1GRY1
Q1GRY1	Q2G993
O48767	O48767
Q9LQK9	Q9LQK9
P33185	P33185
P33185	P09989
A5DQE4	A5DQE4
A6WFI5	A6WFI5
B0UR68	B0UR68
B0UR68	B8IIZ9
Q2KWX8	Q2KWX8
Q0VRH4	Q0VRH4
Q93WG3	Q93WG3
Q7Z7J5	Q7Z7J5
Q6LM21	Q6LM21
Q6LM21	Q7MGZ5
Q6LM21	Q9KV19
O87170	O87170
Q8C4A0	Q8C4A0
Q8C4A0	Q9WTY0
Q8C4A0	Q13520
Q69XJ0	Q69XJ0
Q3A1V5	Q3A1V5
Q3KPI0	Q3KPI0
F4JTE7	F4JTE7
F4JTE7	Q8VZP1
Q9LVL4	Q9LVL4
Q8VYF5	Q8VYF5
Q47VZ2	Q47VZ2
Q03VI2	Q03VI2
O75628	O75628
O75628	O35929
Q38929	Q38929
Q38929	O48964
Q38929	Q42553
Q38929	A0A7C9FSB8
Q38929	Q39471
Q38929	Q39664
P20052	P20052
Q821X0	Q821X0
Q821X0	Q5L568
Q1CVJ4	Q1CVJ4
Q09545	Q09545
Q09545	O44074
Q09545	A8WPF0
Q09545	P21914
Q04796	Q04796
Q04796	A7Z4U8
P0DY82	P0DY82
Q05852	Q05852
Q05852	Q2G1T6
Q9XZL8	Q9XZL8
Q8NRY1	Q8NRY1
Q8NRY1	Q8FQZ5
Q1EC69	Q1EC69
Q1EC69	Q8L7W5
Q1EC69	F4JLZ6
A5FIF5	A5FIF5
B1IHD1	B1IHD1
B1IHD1	A7FSG8
A9MAB2	A9MAB2
B0RR87	B0RR87
B0RR87	B4SQU5
A9KL97	A9KL97
Q9FZ47	Q9FZ47
P32643	P32643
Q9JM90	Q9JM90
Q9JM90	Q9ULZ2
P38837	P38837
J3TRC5	J3TRC5
Q71YJ7	Q71YJ7
B9KIR5	B9KIR5
Q9RR27	Q9RR27
P50279	P50279
P50279	Q00262
P50279	P32856
P25311	P25311
A9KKE9	A9KKE9
Q9SV61	Q9SV61
P36519	P36519
B9EB66	B9EB66
B2J5G0	B2J5G0
B2J5G0	Q8YP80
B2J5G0	Q3MDP1
Q74NE4	Q74NE4
P28821	P28821
P30967	P30967
P06229	P06229
Q47141	Q47141
Q46IH4	Q46IH4
B4UHY1	B4UHY1
Q1CVR6	Q1CVR6
A7IKJ3	A7IKJ3
Q9FYG0	Q9FYG0
Q9LFH6	Q9LFH6
C1F8U3	C1F8U3
A6VXA6	A6VXA6
Q1MPZ8	Q1MPZ8
Q9H115	Q9H115
Q9H115	P54921
Q9H115	P81125
Q9H115	P54920
Q9H115	Q9DB05
Q9H115	P81126
Q9H115	P85969
Q9HTH7	Q9HTH7
Q8Y766	Q8Y766
Q8Y766	B8DE74
Q3YRS0	Q3YRS0
Q3YRS0	Q5FFN4
O67422	O67422
Q5PBM3	Q5PBM3
Q88939	Q88939
Q568T5	Q568T5
A9WM40	A9WM40
C1BL82	C1BL82
B1VAJ9	B1VAJ9
Q4JVN6	Q4JVN6
P42420	P42420
P42420	A7ZAH2
Q2J886	Q2J886
B0BAT9	B0BAT9
Q8WQA4	Q8WQA4
P79400	P79400
A6TWC9	A6TWC9
Q9BSH4	Q9BSH4
Q9BSH4	Q8K0Z7
Q9BSH4	B2RYT9
P0A3Q5	P0A3Q5
Q9SHU7	Q9SHU7
O94298	O94298
Q5Z402	Q5Z402
P0C423	P0C423
P0C423	P45794
A0A2Z4LIS9	A0A2Z4LIS9
Q12515	Q12515
P32605	P32605
Q7XI96	Q7XI96
P9WJ71	P9WJ71
Q30ST0	Q30ST0
Q8PXL7	Q8PXL7
Q8PXL7	Q46DC4
I6YBZ8	I6YBZ8
Q1LTH3	Q1LTH3
P0A8P8	P0A8P8
P0A8P8	P0A2P6
P0A8P8	Q8X574
Q9KUA9	Q9KUA9
A9NFE8	A9NFE8
A0A1L8ENT6	A0A1L8ENT6
O45717	O45717
Q94B60	Q94B60
A0A0H3B1Q8	A0A0H3B1Q8
O94321	O94321
A3DE17	A3DE17
O14318	O14318
D4Z2G1	D4Z2G1
Q9FVR6	Q9FVR6
Q9U3C8	Q9U3C8
A5D673	A5D673
P38486	P38486
P38486	P17931
P38486	P08699
P38486	P16110
Q6F1S1	Q6F1S1
Q6F1S1	Q6MU25
Q5V225	Q5V225
Q7F1U0	Q7F1U0
Q7F1U0	Q0D3N0
Q7F1U0	A2YPX3
Q7F1U0	P27337
Q7F1U0	Q05855
P35202	P35202
P62054	P62054
Q6IF42	Q6IF42
Q6IF42	Q96R48
Q6IF42	Q96R47
Q6IF42	Q8NGT7
E1C7T6	E1C7T6
E1C7T6	A2RUC4
E1C7T6	A2RSX7
C0R5F9	C0R5F9
C0R5F9	Q73IQ8
Q12145	Q12145
P94440	P94440
Q54T27	Q54T27
A5D2S3	A5D2S3
C0HKD7	C0HKD7
Q6MC11	Q6MC11
P0C041	P0C041
Q9KWL3	Q9KWL3
Q8NGE3	Q8NGE3
A3PGR9	A3PGR9
Q8NGT2	Q8NGT2
Q8VFK2	Q8VFK2
Q8VFK2	Q9QY00
Q8VFK2	Q8VF76
Q8VFK2	P0C626
Q642J4	Q642J4
Q7L5L3	Q7L5L3
O84080	O84080
Q8DFM2	Q8DFM2
Q1GAT7	Q1GAT7
A0A2I1BT09	A0A2I1BT09
Q67Q01	Q67Q01
Q05867	Q05867
P55112	P55112
P92953	P92953
Q9Y385	Q9Y385
Q2T9S3	Q2T9S3
Q2T9S3	Q9H1D9
Q2T9S3	Q921X6
B2GKG9	B2GKG9
A9WQ48	A9WQ48
O74544	O74544
Q9BX67	Q9BX67
Q9BX67	Q9D8B7
O57314	O57314
O70497	O70497
O70497	Q15485
Q8GY55	Q8GY55
Q8GY55	Q7XA73
P73033	P73033
Q9BYD3	Q9BYD3
Q9BYD3	Q32PI6
Q9BYD3	Q9DCU6
Q6PD74	Q6PD74
Q6PD74	Q9R0Z7
Q8SQG9	Q8SQG9
A0A8M9PDM1	A0A8M9PDM1
B9JVI4	B9JVI4
B9JVI4	A7IMA0
B9JVI4	A4YWG4
B9JVI4	A6U811
B9JVI4	Q215Y5
B9JVI4	C3MA97
B9JVI4	A9W737
B9JVI4	B2IEN5
B9JVI4	Q6N565
B9JVI4	Q3SR25
B9JVI4	B6JFV4
A0A1C3KYI2	A0A1C3KYI2
A0A1C3KYI2	O77389
A0A1C3KYI2	A0A679KXN5
A0A1C3KYI2	A0A1D3TGZ2
A0A1C3KYI2	A0A1G4GWI6
Q91WW2	Q91WW2
Q91WW2	Q91ZC4
Q91WW2	Q91WW4
Q91WW2	Q91ZC7
Q91WW2	Q91WW3
Q91WW2	Q91WW5
Q91WW2	Q7TN49
Q46855	Q46855
Q8NGS1	Q8NGS1
Q8NGS1	Q60879
Q8NGS1	Q8NGS2
Q8NGS1	Q8VGK5
Q8SRU0	Q8SRU0
P66700	P66700
P66700	Q035A9
P66700	A7Z0R5
P66700	Q8ETV9
P66700	P66705
P66700	Q6HPN2
P66700	Q839D9
Q6K602	Q6K602
Q2RY21	Q2RY21
P47802	P47802
P22292	P22292
P22292	Q9CR62
P22292	Q02978
P22292	P90992
Q99747	Q99747
Q99747	P81127
Q99747	Q9CWZ7
P40409	P40409
Q869K3	Q869K3
Q9ZU65	Q9ZU65
Q8NGD0	Q8NGD0
Q8NGD0	Q8NGB6
Q9SWC2	Q9SWC2
P59922	P59922
Q3B8B2	Q3B8B2
Q9S7Z2	Q9S7Z2
Q5KVI4	Q5KVI4
O28174	O28174
Q7PCC6	Q7PCC6
Q9UKD2	Q9UKD2
Q9UKD2	Q9D0I8
Q9UKD2	A4FV84
Q5D013	Q5D013
Q9SI38	Q9SI38
Q6GQM0	Q6GQM0
A7HS32	A7HS32
Q8DAR7	Q8DAR7
P30907	P30907
P31113	P31113
B0U235	B0U235
B0U235	Q9PEI7
J7FIJ6	J7FIJ6
A9KIR8	A9KIR8
P81296	P81296
A0KNV5	A0KNV5
A3M508	A3M508
A3M508	B0VN04
P40275	P40275
P40275	P40276
P40275	P40277
Q7W8T0	Q7W8T0
B8D7J7	B8D7J7
B8D7J7	Q8K9N1
B8D7J7	P57390
A0A0B4J1L0	A0A0B4J1L0
Q4L2X9	Q4L2X9
Q3IGA7	Q3IGA7
Q949U7	Q949U7
P9WMT5	P9WMT5
P0AE88	P0AE88
P0AE88	A0A0H3GGB5
Q03796	Q03796
A7HU88	A7HU88
C7AE94	C7AE94
P44938	P44938
P0DUD7	P0DUD7
Q9D7P7	Q9D7P7
Q9D7P7	O95833
A2BX94	A2BX94
A2BX94	A8G5H7
A2BX94	Q31AB8
Q6GPA8	Q6GPA8
Q6GPA8	Q17QF8
Q6GPA8	Q6P0C7
Q6GPA8	Q9JKE3
Q6GPA8	Q9JKD3
Q6GPA8	Q8TAC9
Q6GPA8	Q28F21
O27230	O27230
O27230	P80183
E7FHF8	E7FHF8
Q9DCK3	Q9DCK3
Q9DCK3	O14817
P29988	P29988
C0HLV6	C0HLV6
C0HLV6	C0HLV7
B9DG24	B9DG24
L7NCS1	L7NCS1
P38331	P38331
P70245	P70245
P70245	Q15125
P70245	Q9JJ46
Q9LYD3	Q9LYD3
P21846	P21846
P21846	O42767
Q2JPF1	Q2JPF1
Q96EC8	Q96EC8
Q96EC8	A6QLC6
Q96EC8	Q8BR70
Q96EC8	Q4QQU5
Q6H6M5	Q6H6M5
Q6YPZ6	Q6YPZ6
P27197	P27197
Q6BYU0	Q6BYU0
Q39262	Q39262
A6WWW9	A6WWW9
A6WWW9	Q2YQS1
Q53726	Q53726
Q53726	B9DMR9
Q53726	Q5HN28
Q68D42	Q68D42
P22203	P22203
Q9Z9C7	Q9Z9C7
Q9Z9C7	Q253V2
Q9FZ76	Q9FZ76
Q9FZ76	Q9C9C6
Q9FZ76	Q9C9C5
Q2FXC8	Q2FXC8
P03034	P03034
Q5FUX5	Q5FUX5
P07629	P07629
P07629	P23680
H2KZ72	H2KZ72
Q5P1A7	Q5P1A7
Q5P1A7	A1K7M0
P70955	P70955
O50129	O50129
Q9CPE3	Q9CPE3
Q6G1R9	Q6G1R9
P38771	P38771
O79417	O79417
O79417	O47428
Q27488	Q27488
C6E5I4	C6E5I4
Q2J6H9	Q2J6H9
Q2J6H9	A8L2N1
P14916	P14916
P14916	Q08715
P14916	Q17VS7
P14916	B2UW71
P14916	P42822
Q0TDT9	Q0TDT9
Q0TDT9	P0A7Z0
Q0TDT9	Q8ZHH8
Q0TDT9	A1RGR8
Q0TDT9	A1JPP4
Q84T68	Q84T68
Q9QZL9	Q9QZL9
Q8EB02	Q8EB02
Q9HXE9	Q9HXE9
Q56352	Q56352
Q56352	Q53178
Q8KGC0	Q8KGC0
Q7VSF4	Q7VSF4
Q94F39	Q94F39
Q8L856	Q8L856
A8A9P0	A8A9P0
A8A9P0	A2BJD9
Q9S750	Q9S750
O82169	O82169
O82169	Q9C7Y2
Q9Y4P9	Q9Y4P9
Q9Y4P9	Q58DA1
Q9Y4P9	Q99JL1
C9R7B6	C9R7B6
Q8GYD2	Q8GYD2
A0A1L4BJ46	A0A1L4BJ46
Q9ZX92	Q9ZX92
P38684	P38684
C5D7L1	C5D7L1
P38872	P38872
Q2JWS5	Q2JWS5
Q86WH2	Q86WH2
Q86WH2	Q99P51
Q7CEG3	Q7CEG3
P0CU49	P0CU49
P01732	P01732
P10415	P10415
P10415	P49950
P10415	P10417
P10415	Q6R755
P10415	Q9JJV8
P10415	Q00709
B5FAL1	B5FAL1
B5FAL1	C3LQF1
P35897	P35897
Q8CHQ9	Q8CHQ9
Q8CHQ9	P85118
Q6PKN7	Q6PKN7
O36972	O36972
O36972	P0C966
O36972	Q76U48
Q8VYF7	Q8VYF7
Q8ZU54	Q8ZU54
B6IWJ6	B6IWJ6
Q54R45	Q54R45
Q38ZH8	Q38ZH8
A0A4P8PKE4	A0A4P8PKE4
Q1MQH1	Q1MQH1
Q9RX88	Q9RX88
O31711	O31711
P75746	P75746
P26672	P26672
G8XHD5	G8XHD5
Q56691	Q56691
Q91848	Q91848
Q9P031	Q9P031
Q9P031	Q8R2N0
Q9LNC9	Q9LNC9
Q18235	Q18235
Q0VN37	Q0VN37
Q89AN4	Q89AN4
P0C214	P0C214
Q9SVL0	Q9SVL0
Q7WI90	Q7WI90
P39605	P39605
B8ENG8	B8ENG8
Q9NWZ8	Q9NWZ8
Q5JJY5	Q5JJY5
Q13XD0	Q13XD0
Q13XD0	A4JF61
A1DCY5	A1DCY5
O74844	O74844
P9WIX7	P9WIX7
B7KR63	B7KR63
B7KR63	A8IMX7
B7KR63	Q07ML3
B7KR63	A5EJ03
B7KR63	Q136L0
B7KR63	Q89LP8
B7KR63	Q1QM87
B7KR63	Q213Y7
Q7XI85	Q7XI85
Q5PBQ6	Q5PBQ6
Q5PBQ6	Q3YR64
Q5PBQ6	Q5FG65
Q96L46	Q96L46
O76735	O76735
Q9HDB8	Q9HDB8
Q1MA49	Q1MA49
Q1MA49	Q2K2U9
P26623	P26623
Q47RU3	Q47RU3
P32980	P32980
O94584	O94584
Q84TV4	Q84TV4
Q84TV4	Q8H383
O14141	O14141
P36057	P36057
Q8WVN6	Q8WVN6
Q9SGE3	Q9SGE3
Q01WL4	Q01WL4
P0A0H3	P0A0H3
Q65V94	Q65V94
Q6UXN8	Q6UXN8
P97382	P97382
Q08865	Q08865
A0A5J6BJP2	A0A5J6BJP2
Q4L6A1	Q4L6A1
Q4L6A1	A5ISS8
Q4L6A1	Q6G9G5
Q4L6A1	Q5HG24
Q4L6A1	Q6GH12
Q4L6A1	P63894
Q5D525	Q5D525
Q9ALP0	Q9ALP0
Q9ZUV1	Q9ZUV1
Q6LT69	Q6LT69
Q1GRP7	Q1GRP7
P0C128	P0C128
Q31GD8	Q31GD8
B8FN99	B8FN99
Q66JD7	Q66JD7
Q9C5W7	Q9C5W7
G5EG44	G5EG44
P27241	P27241
Q5NGF3	Q5NGF3
Q96E09	Q96E09
Q96E09	Q6AYT4
Q96E09	Q9DB52
B9LIH9	B9LIH9
Q5AJ71	Q5AJ71
O22841	O22841
O22841	O22842
P9WQA5	P9WQA5
Q9FZ42	Q9FZ42
Q6F6W3	Q6F6W3
Q6F6W3	B0VP52
Q6F6W3	B0V9W1
Q6F6W3	A3MA23
Q6F6W3	B2I1N9
Q3JCP8	Q3JCP8
P9WJI5	P9WJI5
A4SD85	A4SD85
A4SD85	A1BI17
A4SD85	B3QL38
A4SD85	B3EFW3
Q47W59	Q47W59
P76173	P76173
Q9BXJ2	Q9BXJ2
Q2EEX9	Q2EEX9
O87016	O87016
C8XAQ4	C8XAQ4
A0A1D8PT03	A0A1D8PT03
Q8G695	Q8G695
Q2IYS5	Q2IYS5
Q0B0P5	Q0B0P5
Q9USQ0	Q9USQ0
C0HK98	C0HK98
P35848	P35848
B5RQC4	B5RQC4
B1ITB3	B1ITB3
B1ITB3	Q0T107
A1SJB1	A1SJB1
P11588	P11588
P11588	B5X0G2
Q19705	Q19705
P18103	P18103
Q9NV31	Q9NV31
Q4VWQ3	Q4VWQ3
P05100	P05100
O31608	O31608
Q9W3W8	Q9W3W8
P75915	P75915
Q70PR8	Q70PR8
A4J0G0	A4J0G0
P18613	P18613
P18613	P08645
P33343	P33343
P28030	P28030
Q3SZB5	Q3SZB5
P35589	P35589
Q9UUG5	Q9UUG5
Q08537	Q08537
Q08537	P38575
B2SL46	B2SL46
P40899	P40899
Q47N41	Q47N41
Q1QV64	Q1QV64
Q1QV64	Q3IF89
Q9V4X2	Q9V4X2
P64604	P64604
P0ADV1	P0ADV1
Q5MJ10	Q5MJ10
P82147	P82147
Q6FDX8	Q6FDX8
B0VCA5	B0VCA5
Q8IV16	Q8IV16
Q57146	Q57146
Q4PFA5	Q4PFA5
Q9JK41	Q9JK41
O22290	O22290
O22290	Q9M060
O62106	O62106
P13386	P13386
P13386	P20490
Q9LU85	Q9LU85
Q7VIA9	Q7VIA9
Q94516	Q94516
F4IHR4	F4IHR4
P77202	P77202
Q9FK29	Q9FK29
Q9FK29	Q9SHI7
Q6AXU5	Q6AXU5
Q6AXU5	Q8BSU2
Q9ZVB5	Q9ZVB5
Q0MQI9	Q0MQI9
Q0MQI9	Q9D6J6
Q0MQI9	Q0MQI7
Q0MQI9	P19404
Q0MQI9	P19234
Q0MQI9	P04394
Q5V325	Q5V325
Q15P28	Q15P28
P76079	P76079
A1WY18	A1WY18
Q9FZ90	Q9FZ90
Q5R0V3	Q5R0V3
Q87BG5	Q87BG5
Q87BG5	B2SHS9
Q87BG5	Q8P8H2
Q6P3D7	Q6P3D7
Q5W9T8	Q5W9T8
Q00393	Q00393
Q7JYV2	Q7JYV2
Q38837	Q38837
O22230	O22230
Q9LXT4	Q9LXT4
Q9LXT4	Q9SJI9
A0A1R3RGK4	A0A1R3RGK4
A5US49	A5US49
A3KPR5	A3KPR5
P51858	P51858
P51858	Q8VHK7
P51858	Q9XSK7
P51858	P51859
Q72RR0	Q72RR0
B0TDZ7	B0TDZ7
Q9KFQ8	Q9KFQ8
Q2RSY8	Q2RSY8
Q2RSY8	Q74FW9
Q2RSY8	B9M0M7
Q93561	Q93561
A7HKV8	A7HKV8
P13299	P13299
P40574	P40574
Q8S8F9	Q8S8F9
Q46Y42	Q46Y42
Q46Y42	Q2SY32
Q46Y42	B1JXR2
Q46Y42	Q3JPX1
Q46Y42	B2T641
Q46Y42	B4EB49
Q46Y42	B1YV26
Q46Y42	B2JEZ6
Q46Y42	A4JCG7
P25349	P25349
O74734	O74734
P09126	P09126
D4AD02	D4AD02
D4AD02	Q8BRU4
P29737	P29737
P29737	P29738
Q99171	Q99171
Q1MGQ9	Q1MGQ9
Q1MGQ9	Q9KJY8
Q9UXC2	Q9UXC2
Q3V812	Q3V812
Q3V812	Q2JP46
Q3V812	Q8Z080
Q3V812	Q8DKM1
Q3V812	Q3M9L4
Q3V812	B3DF93
Q3V812	Q10X41
Q3V812	Q7NPF2
A4J804	A4J804
Q8CMX3	Q8CMX3
Q8CMX3	Q49UL7
Q9FK35	Q9FK35
Q9FK35	Q08479
Q9FK35	Q08480
Q9FK35	O82514
P51601	P51601
Q65EX3	Q65EX3
Q65EX3	O34351
B3QY46	B3QY46
P72704	P72704
P20114	P20114
Q9UHQ4	Q9UHQ4
Q9UHQ4	Q32KL9
Q9UHQ4	Q61334
Q8CXQ1	Q8CXQ1
B9M4Z4	B9M4Z4
B9M4Z4	C6E582
B9M4Z4	A5G4S8
A0LLI5	A0LLI5
P08166	P08166
P08166	P29410
P08166	Q9WTP6
P08166	P54819
P08166	Q28F55
P08166	Q1L8L9
Q9D8N6	Q9D8N6
Q9D8N6	Q96GY3
Q9C6H5	Q9C6H5
Q32KY9	Q32KY9
Q32KY9	Q91VT1
Q32KY9	Q96MF7
Q32KY9	Q4V8A0
B1LB32	B1LB32
B1LB32	Q9X1X6
Q9SJX8	Q9SJX8
Q8VZI9	Q8VZI9
Q8VZI9	Q9FFG0
Q8IJV6	Q8IJV6
Q9VSL3	Q9VSL3
Q8KCH7	Q8KCH7
C4R7D9	C4R7D9
Q8IW40	Q8IW40
Q8IW40	Q9D9P2
Q4WCX9	Q4WCX9
O22210	O22210
Q8PXE7	Q8PXE7
Q8JI39	Q8JI39
Q8JI39	Q7ZT98
Q8JI39	Q7ZT99
Q8JI39	P84805
Q8JI39	Q7T1K6
Q8JI39	Q09GJ9
P42171	P42171
Q6L5B5	Q6L5B5
Q8ZP19	Q8ZP19
Q8ZP19	P76010
P0A4T0	P0A4T0
Q08954	Q08954
Q8R5L7	Q8R5L7
Q8R5L7	P70379
Q8R5L7	Q92915
Q8R5L7	P61328
P06207	P06207
P06207	P06205
P06207	P06206
Q0TML8	Q0TML8
G3G8W7	G3G8W7
A5N6V8	A5N6V8
Q31S42	Q31S42
Q31S42	Q55890
Q06323	Q06323
Q06323	Q63797
Q06323	Q64L94
Q06323	Q4U5R3
Q06323	P97371
Q5YYS5	Q5YYS5
Q8GT74	Q8GT74
Q8GT74	Q8GT75
P79288	P79288
P79288	O35739
P79288	Q13886
P79288	Q01713
Q9VBV3	Q9VBV3
P17937	P17937
Q9LYK8	Q9LYK8
Q8N5U1	Q8N5U1
Q7NWC0	Q7NWC0
P31825	P31825
Q9PHQ1	Q9PHQ1
O69830	O69830
Q9S7M2	Q9S7M2
Q7NSA6	Q7NSA6
A7N805	A7N805
Q10MN2	Q10MN2
P9WN89	P9WN89
Q8N4B1	Q8N4B1
C6BV77	C6BV77
Q9GZY6	Q9GZY6
Q32LB5	Q32LB5
Q660L2	Q660L2
Q660L2	B7J2L3
Q9D8N3	Q9D8N3
Q9D8N3	Q3MHQ7
Q9D8N3	Q8N2M4
Q584D5	Q584D5
Q9LU18	Q9LU18
Q1LTK2	Q1LTK2
Q80QL5	Q80QL5
Q70IA6	Q70IA6
Q70IA6	Q8VI63
Q95SS8	Q95SS8
Q6QUN5	Q6QUN5
Q7ZXH2	Q7ZXH2
Q3AC76	Q3AC76
Q9DCI3	Q9DCI3
Q9DCI3	O95772
Q89KN0	Q89KN0
Q89KN0	Q6N5P8
Q89KN0	Q135Z8
P94465	P94465
Q7N3A6	Q7N3A6
Q7N3A6	P75957
Q7N3A6	P61481
Q7N3A6	Q1CI46
Q7N3A6	Q669P3
Q7N3A6	Q8X8E3
Q7N3A6	Q83RS0
Q7N3A6	Q0TIV6
B6JYT1	B6JYT1
B0TGW4	B0TGW4
Q8GWE1	Q8GWE1
Q7SHI7	Q7SHI7
Q8L4B2	Q8L4B2
Q8L4B2	Q9ZVL3
Q4QMG1	Q4QMG1
Q4QMG1	P44046
A2RI67	A2RI67
A2RI67	P0A3Y4
A2RI67	Q5XB88
A2RI67	A8AW46
A2RI67	Q9CIM0
A2RI67	B9DUS6
B0BNF0	B0BNF0
B0BNF0	Q497J1
B0BNF0	Q8N661
Q9RYE6	Q9RYE6
C4L559	C4L559
Q8Q0R3	Q8Q0R3
Q8Q0R3	Q8TQ69
P76561	P76561
A0LXJ4	A0LXJ4
A0LXJ4	A6GWS3
P94633	P94633
P0C7R1	P0C7R1
Q3T168	Q3T168
Q3T168	Q6AYK6
Q3T168	Q5R6Z8
Q3T168	Q9HB71
P38340	P38340
Q6DHQ1	Q6DHQ1
P08182	P08182
P08182	P28021
P08182	P28548
A2VE33	A2VE33
B0BRS0	B0BRS0
B0BRS0	B0UVP8
B0BRS0	A5UFJ9
B0BRS0	Q0I1H7
Q1M7F4	Q1M7F4
Q3AHX1	Q3AHX1
Q3AHX1	A5GNH7
Q3AHX1	Q7VA25
Q3AHX1	Q7V5N8
Q3AHX1	A5GVF8
Q3AHX1	A9BCI0
Q9Z5B6	Q9Z5B6
Q8ZGM2	Q8ZGM2
Q8ZGM2	P0AA43
Q8ZGM2	P65841
A0DUC3	A0DUC3
P0AFT5	P0AFT5
Q54SV1	Q54SV1
Q9SK08	Q9SK08
P43615	P43615
Q1QYT5	Q1QYT5
Q2G6Q5	Q2G6Q5
Q2G6Q5	Q2NA93
Q7NWC4	Q7NWC4
A2WSZ6	A2WSZ6
A2WSZ6	Q5VM82
P57616	P57616
P39796	P39796
P50945	P50945
P17596	P17596
Q5BL33	Q5BL33
B7GG21	B7GG21
Q99174	Q99174
Q99174	P00590
Q8EDL3	Q8EDL3
Q10430	Q10430
A0QWU8	A0QWU8
B3EU56	B3EU56
Q8UEY9	Q8UEY9
Q9GZP9	Q9GZP9
Q9GZP9	Q8BNI4
Q9GZP9	Q96Q80
Q28783	Q28783
Q28783	Q05066
Q28783	Q28778
Q28783	Q28798
Q28783	P51501
B0R633	B0R633
Q21RG9	Q21RG9
Q21RG9	A1VIU0
Q6PJE2	Q6PJE2
Q9P383	Q9P383
O04885	O04885
Q4WTN9	Q4WTN9
P52491	P52491
Q8ZLS0	Q8ZLS0
Q8ZLS0	P0ABZ4
Q08553	Q08553
Q8W4C8	Q8W4C8
Q8W4C8	Q93Y31
Q6NY82	Q6NY82
Q6NY82	Q5U203
Q6NY82	Q5M8Y2
P62256	P62256
Q9SDY5	Q9SDY5
B4SI37	B4SI37
A9A909	A9A909
Q1IYX1	Q1IYX1
B8DBZ3	B8DBZ3
Q6L589	Q6L589
B2SHR3	B2SHR3
Q91ZE9	Q91ZE9
Q91ZE9	Q96LC9
C5A5R8	C5A5R8
C5A5R8	P83194
C5A5R8	Q9UXW3
Q28W10	Q28W10
Q28W10	Q16CY0
P55002	P55002
P55002	P55001
A8GKG1	A8GKG1
P27164	P27164
Q56JV3	Q56JV3
Q48AU1	Q48AU1
Q2FXG9	Q2FXG9
P10798	P10798
P10798	P10795
P10798	P05349
P10798	P07180
P95257	P95257
P47714	P47714
Q5M9P8	Q5M9P8
Q9WV41	Q9WV41
Q12425	Q12425
Q5E9J4	Q5E9J4
Q5E9J4	Q9DAI2
P54455	P54455
B8LIX8	B8LIX8
P0A8X0	P0A8X0
Q1RMH4	Q1RMH4
P37171	P37171
P06809	P06809
C1ABE1	C1ABE1
A3KPP3	A3KPP3
P47952	P47952
P47952	Q56JW4
Q9SLE0	Q9SLE0
P50561	P50561
C0HKG8	C0HKG8
P83673	P83673
P21641	P21641
P79522	P79522
P04939	P04939
Q8ZH57	Q8ZH57
P29649	P29649
B4UT01	B4UT01
P07591	P07591
P0C558	P0C558
Q69NY7	Q69NY7
A8GMZ9	A8GMZ9
Q49AH0	Q49AH0
B1YBH2	B1YBH2
Q9PEV9	Q9PEV9
B0ULY3	B0ULY3
P06290	P06290
Q53123	Q53123
Q9GLF3	Q9GLF3
A1K2Y3	A1K2Y3
A1K2Y3	A4G1U7
O14076	O14076
Q559R0	Q559R0
Q9NZ72	Q9NZ72
O55003	O55003
Q59DY6	Q59DY6
Q8L6Z5	Q8L6Z5
Q9D7X3	Q9D7X3
B0SRX6	B0SRX6
O01901	O01901
B6JNZ5	B6JNZ5
Q03FU3	Q03FU3
Q03FU3	A5VJB8
A2ZRY8	A2ZRY8
Q9NX70	Q9NX70
Q9NX70	Q9DB91
B9IUZ8	B9IUZ8
B9IUZ8	A0RBM0
B9IUZ8	P61778
Q7G8V2	Q7G8V2
O53504	O53504
P50425	P50425
A0A0K3AUJ9	A0A0K3AUJ9
A0A0K3AUJ9	Q9NL98
A0A0K3AUJ9	Q9JKY1
A0A0K3AUJ9	Q61171
A0A0K3AUJ9	P35704
A4QCC4	A4QCC4
P40063	P40063
P0AFR4	P0AFR4
Q8Y585	Q8Y585
Q73GE2	Q73GE2
Q9R1P3	Q9R1P3
P27597	P27597
Q9D0P0	Q9D0P0
P09527	P09527
P09527	Q3T0F5
P09527	C8VQY7
P09527	P36411
B4RK50	B4RK50
Q4KEN7	Q4KEN7
Q30NW0	Q30NW0
Q89AR7	Q89AR7
Q9SSM7	Q9SSM7
P84157	P84157
P53872	P53872
Q9N4V0	Q9N4V0
Q97RQ3	Q97RQ3
Q97RQ3	Q49Z59
Q97RQ3	Q927V5
Q97RQ3	Q93CX7
P49728	P49728
C1CXX6	C1CXX6
Q9MTQ6	Q9MTQ6
A1RU67	A1RU67
A1RU67	B1YB90
Q8N8N0	Q8N8N0
A5UAH7	A5UAH7
A5UAH7	A5UGC9
A5UAH7	Q7VKV4
Q5FRF4	Q5FRF4
P03047	P03047
P62241	P62241
P62241	P62247
P16168	P16168
Q602P0	Q602P0
Q14761	Q14761
Q5SHN8	Q5SHN8
Q9CWT3	Q9CWT3
Q3ZC64	Q3ZC64
Q3ZC64	P52793
Q3ZC64	Q06AS9
O62583	O62583
P93280	P93280
D1FNJ7	D1FNJ7
Q11RP3	Q11RP3
Q50LE9	Q50LE9
Q8Y6T6	Q8Y6T6
Q8Y6T6	P21466
Q8Y6T6	P81288
Q5FPK0	Q5FPK0
Q15528	Q15528
O43399	O43399
P24408	P24408
P24408	Q8BHH2
P28007	P28007
O82803	O82803
P16409	P16409
P16409	A0JNJ5
P16409	P02600
P16409	P02604
Q0P4J3	Q0P4J3
Q5EB77	Q5EB77
Q5EB77	Q6DHC1
Q5EB77	Q5ZLG1
Q5EB77	Q0IIG8
U3KRG1	U3KRG1
Q08116	Q08116
B8DA60	B8DA60
B8DA60	Q8Y9G3
A1SUA7	A1SUA7
P40112	P40112
P40112	P33672
P40112	P49720
Q5NRP9	Q5NRP9
Q5NRP9	P17322
Q5NRP9	P22387
Q5NRP9	P29560
Q8ZMF9	Q8ZMF9
Q8ZMF9	P0A7A5
Q03389	Q03389
Q03389	P48600
Q895H6	Q895H6
Q5USN7	Q5USN7
Q5Z8S0	Q5Z8S0
P0ADP7	P0ADP7
Q9SB37	Q9SB37
Q38896	Q38896
Q9HF54	Q9HF54
D3ZYW7	D3ZYW7
Q8MIH8	Q8MIH8
Q8MIH8	Q8MI03
Q94733	Q94733
B1AIC4	B1AIC4
Q5SD28	Q5SD28
Q5SD28	Q2PMR0
Q5SD28	Q85FJ8
Q5SD28	Q06GN5
Q5SD28	Q2MIG3
Q5SD28	A6MME7
Q5SD28	Q5QA83
F1NLH9	F1NLH9
F1NLH9	Q7Q4F5
Q9LT93	Q9LT93
P49703	P49703
P49703	Q0VC18
P34443	P34443
P34443	A8XAD0
Q5L4W7	Q5L4W7
Q5L4W7	Q821M0
A8AGG0	A8AGG0
Q8VY91	Q8VY91
Q6PEX7	Q6PEX7
Q8Y6Z7	Q8Y6Z7
P97428	P97428
Q6CMG6	Q6CMG6
Q6NJ91	Q6NJ91
P0C034	P0C034
P0C034	Q6NML0
P0C034	Q94BY6
Q1QEI9	Q1QEI9
P46913	P46913
B1M6N9	B1M6N9
B1M6N9	B1ZGA6
B1M6N9	B0UP40
P56824	P56824
Q55FE0	Q55FE0
Q24WI0	Q24WI0
O42334	O42334
Q9AFF7	Q9AFF7
Q9AFF7	Q6J4G7
Q9AFF7	Q9F7P4
Q6MMH0	Q6MMH0
Q31G71	Q31G71
Q3TYR5	Q3TYR5
Q3TYR5	A6NFK2
P91641	P91641
Q9JTR9	Q9JTR9
Q9JTR9	B4RLX9
Q2KJ10	Q2KJ10
Q2KJ10	Q9D1H0
B2VD79	B2VD79
B2VD79	Q5FNT5
P54361	P54361
Q11HU4	Q11HU4
Q500Z2	Q500Z2
P37454	P37454
Q8TBF5	Q8TBF5
Q8TBF5	Q60GF7
Q8TBF5	Q99LV7
Q42695	Q42695
Q049Z9	Q049Z9
A9B1D4	A9B1D4
Q46668	Q46668
Q73NB9	Q73NB9
Q10KL8	Q10KL8
P0A9W0	P0A9W0
Q6J1A5	Q6J1A5
Q8CX07	Q8CX07
Q6AWT8	Q6AWT8
Q4FMW6	Q4FMW6
Q381V1	Q381V1
P17839	P17839
Q52KL1	Q52KL1
P19056	P19056
B9KCG6	B9KCG6
Q9YES5	Q9YES5
C5D5M7	C5D5M7
C5D5M7	B9IZ73
C5D5M7	B7JQ74
C5D5M7	A4IRI5
C5D5M7	P28619
A1UEV1	A1UEV1
A1UEV1	Q9CBW3
A1UEV1	P9WG57
A1UEV1	A1T7Q0
A1UEV1	A0QIT4
A1UEV1	A0QVT0
Q9LLC1	Q9LLC1
Q94165	Q94165
B8EI29	B8EI29
P28257	P28257
P28257	Q1XDC9
B1VH88	B1VH88
A5DE01	A5DE01
Q7UVG8	Q7UVG8
Q9XWN9	Q9XWN9
Q7MAJ5	Q7MAJ5
A7I854	A7I854
A7I854	A3CVI6
P0DP56	P0DP56
Q01402	Q01402
Q01402	P47923
Q01402	O64903
Q01402	Q852S5
P46908	P46908
Q10D34	Q10D34
B6HLP3	B6HLP3
Q1QVV7	Q1QVV7
A5CXD7	A5CXD7
A5FIL6	A5FIL6
A5FIL6	A6GYW1
P0A115	P0A115
Q2RGU4	Q2RGU4
Q82KE0	Q82KE0
Q8KWT0	Q8KWT0
Q8KWT0	P39639
Q22707	Q22707
Q67R57	Q67R57
Q567J8	Q567J8
Q2YIT5	Q2YIT5
O65515	O65515
Q94529	Q94529
Q7VJ02	Q7VJ02
Q04170	Q04170
Q8WTV1	Q8WTV1
Q9D1R1	Q9D1R1
Q9D1R1	B2RZD2
A7N1L9	A7N1L9
Q2SCG0	Q2SCG0
Q5UX95	Q5UX95
B0K889	B0K889
Q6BDI9	Q6BDI9
Q468N4	Q468N4
Q9Y821	Q9Y821
Q86IG3	Q86IG3
P38564	P38564
Q8C7B6	Q8C7B6
Q8C7B6	Q6P050
P0A7D7	P0A7D7
Q8VXQ7	Q8VXQ7
Q38851	Q38851
B1M272	B1M272
P27805	P27805
P35200	P35200
B2AWZ9	B2AWZ9
B2AWZ9	A4RM80
Q93W77	Q93W77
P35127	P35127
P42196	P42196
Q04031	Q04031
A5V230	A5V230
A5V230	A7NGC5
P10240	P10240
Q54UU3	Q54UU3
A6VQW6	A6VQW6
A6VQW6	A5UCR9
A6VQW6	Q7VNH6
A6VQW6	B3H1X8
A6VQW6	A3N1A3
A6VQW6	A9M1Y9
P14138	P14138
A0QX51	A0QX51
Q7N6F5	Q7N6F5
Q9PPX6	Q9PPX6
A5D7N9	A5D7N9
A5D7N9	Q9NYP9
A5D7N9	Q68UT5
A5D7N9	B5SNH4
Q1QVK2	Q1QVK2
P21617	P21617
P08056	P08056
A1B1H5	A1B1H5
E0CYC6	E0CYC6
E0CYC6	Q9JIY7
E0CYC6	Q9QXT4
E0CYC6	Q9JIY6
P42869	P42869
Q8ISF8	Q8ISF8
Q9FM14	Q9FM14
Q5JTD7	Q5JTD7
Q9M2U2	Q9M2U2
Q01319	Q01319
Q01319	P50645
Q74BP1	Q74BP1
Q9FX43	Q9FX43
Q9FX43	Q9LPQ3
P57456	P57456
Q1M7W6	Q1M7W6
Q1GS64	Q1GS64
Q1GS64	A5V3X0
A1SJ19	A1SJ19
A1SJ19	A0QEY6
A1SJ19	P9WK91
A1SJ19	A0R075
Q5JQS5	Q5JQS5
P39265	P39265
Q47RR4	Q47RR4
P53727	P53727
P52279	P52279
Q8K3K9	Q8K3K9
A4X4W1	A4X4W1
Q54UD0	Q54UD0
Q3ACF5	Q3ACF5
A3QMC6	A3QMC6
B8GQR4	B8GQR4
Q6F0L9	Q6F0L9
Q10484	Q10484
O06926	O06926
Q8IXY8	Q8IXY8
Q9P6K9	Q9P6K9
P10163	P10163
Q894B9	Q894B9
Q0AUK9	Q0AUK9
P9WF33	P9WF33
Q38906	Q38906
Q2RI40	Q2RI40
Q91XB0	Q91XB0
Q8VGQ7	Q8VGQ7
P9WJM7	P9WJM7
A2C236	A2C236
Q7TN79	Q7TN79
P29703	P29703
Q05473	Q05473
Q9ZPQ3	Q9ZPQ3
Q7M9C2	Q7M9C2
Q6PFS7	Q6PFS7
Q6PFS7	Q9CPX6
Q6PFS7	Q6AZ50
Q6PFS7	Q0VCL3
Q6PFS7	Q9NT62
Q6PFS7	Q6GQE7
Q6PFS7	Q5I0S6
P9WIL9	P9WIL9
Q1J129	Q1J129
Q03028	Q03028
O58038	O58038
Q5BJH7	Q5BJH7
Q5BJH7	Q9CX30
Q5BJH7	Q6PEC3
Q5BJH7	Q6P301
Q5BJH7	Q5U3G6
P24173	P24173
P24173	P26469
Q9ZVJ6	Q9ZVJ6
P41409	P41409
B9LZ61	B9LZ61
Q48A23	Q48A23
Q9BVV2	Q9BVV2
Q03047	Q03047
Q03047	P18548
Q73WB6	Q73WB6
Q9LNL0	Q9LNL0
P10151	P10151
Q9SFX6	Q9SFX6
Q9SFX6	Q9C6M9
Q9SFX6	O64773
A5GF41	A5GF41
A5GF41	B3E3I2
A5GF41	A1AS13
P53239	P53239
Q12458	Q12458
B2FMD7	B2FMD7
B2FMD7	Q8PK31
B2FMD7	Q8P8J8
B2FMD7	B0RS54
B2FMD7	Q2P2F6
B2FMD7	Q4UVI5
B2FMD7	Q3BSI7
Q54F73	Q54F73
Q03976	Q03976
P0CU19	P0CU19
Q8NGC6	Q8NGC6
Q5SF93	Q5SF93
Q31YJ6	Q31YJ6
Q31YJ6	Q5PN73
Q31YJ6	B4SYX8
Q31YJ6	A8ADX2
Q31YJ6	P29208
Q31YJ6	B7NNU1
Q31YJ6	B7MXE4
Q31YJ6	B5FPE5
Q31YJ6	Q83QT6
Q31YJ6	B5RCD1
Q31YJ6	B7LM69
Q31YJ6	B4TPI9
Q31YJ6	B7UFS4
Q31YJ6	B5YXQ5
Q31YJ6	B7M5U4
Q31YJ6	Q3YZU5
Q31YJ6	B7N5M7
B9KSE2	B9KSE2
B9KSE2	A5EIM5
B9KSE2	Q214R4
B9KSE2	A7IM78
B9KSE2	B3QIL2
B9KSE2	A9IS79
B2UZX8	B2UZX8
B2UZX8	B2TQR6
B2UZX8	O08308
B2UZX8	A7FYW7
B2UZX8	Q8XNH2
B2UZX8	Q890Z2
Q1LTT2	Q1LTT2
Q1LTT2	C6DHK2
Q1LTT2	Q7VRK9
Q1LTT2	Q2NQX2
Q1LTT2	Q8K9N0
Q1LTT2	B7UNN6
Q1LTT2	B2VF62
Q1LTT2	Q6LVK2
Q1LTT2	P0A796
Q1LTT2	Q6CZ46
Q1LTT2	Q9Z6C3
Q1LTT2	P57391
Q1LTT2	C5BC26
Q1LTT2	A6TGB8
Q1LTT2	A9MI50
Q1LTT2	A8AL13
Q1LTT2	B7LVC9
Q1LTT2	A8GLB0
Q1LTT2	B5RFA9
Q1LTT2	P59563
Q1LTT2	Q9KNP2
Q1LTT2	A7MQ83
Q1LTT2	A4WG81
Q9C7T4	Q9C7T4
B6EMS4	B6EMS4
B6EMS4	C4LEQ5
B6EMS4	A7MX59
B6EMS4	Q5E2B1
B6EMS4	Q7MGW6
B6EMS4	C5BNR1
B6EMS4	Q87KX0
Q3TZX3	Q3TZX3
P0DOA3	P0DOA3
P0DOA3	P0DKW8
P0DOA3	P0DKW7
P0DOA3	P0DKW5
P0DOA3	P0DUZ0
P0DOA3	P0DUY7
P0DOA3	P0DUY5
P0DOA3	P0DUY3
P0DOA3	P23529
P0DOA3	Q28502
P0DOA3	P0DUY6
P0DOA3	P0DUZ1
P0DOA3	G5CBM7
P0DOA3	P0DUY4
P0DOA3	P0DUZ9
P0DOA3	P0DUY8
P0DOA3	P0DV00
P0DOA3	A0A6P6DKR7
P0DOA3	P0DSE0
P0DOA3	P02649
P0DOA3	P10517
P0DOA3	Q9GLM7
P0DOA3	P0DTR8
P0DOA3	P0DO95
P0DOA3	P0DKU9
P0DOA3	P0DO94
P0DOA3	Q9GJU3
P0DOA3	P0DUZ7
P0DOA3	P0DUZ5
P0DOA3	P08226
P0DOA3	P0DUZ6
P0DOA3	P0DUY9
P0DOA3	P0DUZ8
P0DOA3	P0DUZ3
P0DOA3	P0DUZ4
P0DOA3	P0DUY2
P0DOA3	P18287
P0DOA3	P0DUI7
P0DOA3	P0DUP8
P0DOA3	P0DUP7
P0DOA3	P18650
P0DOA3	P0DMM1
P0DOA3	P0DML8
P0DOA3	P0DN38
P0DOA3	Q7M2U8
P0DOA3	P0DN39
P0DOA3	P0DML9
P0DOA3	P0DN41
P0DOA3	Q03247
P0DOA3	P0DMM0
P0DOA3	Q9GLC0
P0DOA3	P0DML7
Q5AP66	Q5AP66
P26904	P26904
P00155	P00155
P00155	Q0ZJ07
P00155	A1E9T7
P00155	P36438
P00155	P16013
P00155	P05151
P00155	P0C389
P00155	P56771
P00155	P46617
P47973	P47973
P47973	P22893
Q5IS35	Q5IS35
Q5IS35	Q29RM1
Q5IS35	Q9DAM5
Q5IS35	Q6AYL0
Q5IS35	Q5NVC1
Q5IS35	Q9HC21
A0A5B8YUX5	A0A5B8YUX5
Q8S3F1	Q8S3F1
Q12117	Q12117
A0A2H3CZZ2	A0A2H3CZZ2
Q96C36	Q96C36
Q96C36	Q922W5
Q96C36	Q6AY23
Q96C36	Q17QJ7
Q96C36	Q5RAQ3
Q96C36	Q58DT4
Q96C36	Q922Q4
Q5UE94	Q5UE94
Q5UE94	P28148
Q5UE94	P26355
Q5UE94	Q1JPY4
Q5UE94	P26356
Q5UE94	P91809
Q5UE94	O17488
Q00023	Q00023
O75821	O75821
O75821	Q9Z1D1
O75821	Q5RK09
O75821	Q3ZC12
O75821	Q6DRC4
O75821	Q641B2
A0A2P1GIW3	A0A2P1GIW3
Q9BT76	Q9BT76
Q94AH9	Q94AH9
Q94AH9	Q9FEF8
Q94AH9	Q9FHB3
Q94AH9	P35551
Q94AH9	Q80WS3
Q16CW4	Q16CW4
Q00056	Q00056
Q00056	P06798
B2U4S8	B2U4S8
B2U4S8	B4TMG7
B2U4S8	P23871
B2U4S8	B7NIF5
B2U4S8	B5Y0N2
B2U4S8	Q0T7B0
B2U4S8	Q8FK83
B2U4S8	B1LJN3
B2U4S8	Q3Z4S4
B2U4S8	A9MW82
B2U4S8	B5EXN2
Q9P373	Q9P373
O65378	O65378
O65378	Q09052
O65378	Q41931
O65378	P05116
O65378	P54847
O65378	Q00985
Q9SFV2	Q9SFV2
Q9SFV2	Q9SFV6
Q02046	Q02046
Q5I0L4	Q5I0L4
Q5I0L4	Q3KQF0
Q5I0L4	Q24K00
Q5I0L4	P53384
Q5I0L4	Q9R060
Q9CAH5	Q9CAH5
Q87B82	Q87B82
Q87B82	Q8PEX0
Q87B82	B0U456
Q1LVQ7	Q1LVQ7
Q66H59	Q66H59
Q66H59	Q9DCJ9
Q66H59	Q5RDY1
Q66H59	Q29RY9
Q66H59	Q9BXD5
A0A5N6UWA3	A0A5N6UWA3
P30954	P30954
P30954	Q8NGY7
P30954	Q62007
P30954	Q8NHC4
P19464	P19464
G5EFS2	G5EFS2
P30177	P30177
P40154	P40154
Q9LTC7	Q9LTC7
Q8NH53	Q8NH53
P53123	P53123
Q0CUL0	Q0CUL0
Q0CUL0	Q5BGA7
Q0CUL0	B0XNR0
Q0CUL0	Q2UKD0
Q13155	Q13155
Q13155	Q0II26
Q13155	Q8R010
Q13155	Q32PX2
P82349	P82349
P82349	Q16585
P82349	A6QP70
P82349	Q5R9U1
A5ETC9	A5ETC9
A5ETC9	Q2J2R7
A5ETC9	Q07VD3
A5ETC9	B0UBU9
A5ETC9	A7ICM4
Q55C77	Q55C77
Q3MFH9	Q3MFH9
B2HDJ9	B2HDJ9
B2HDJ9	P9WKG7
O35682	O35682
O35682	Q6VBQ5
Q0AYW2	Q0AYW2
P15172	P15172
P15172	P49811
P15172	P29331
P15172	Q02346
P15172	P10085
Q68WT6	Q68WT6
Q68WT6	A8GUW7
Q9RUD2	Q9RUD2
Q7Z1Y7	Q7Z1Y7
Q7Z1Y7	C0JAY8
Q7Z1Y7	C0JAZ0
Q7Z1Y7	C0JAU2
Q7Z1Y7	C0JAR2
Q7Z1Y7	C0JAU3
Q7Z1Y7	C0JB03
Q7Z1Y7	C0JAV5
Q7Z1Y7	Q5YD77
Q7Z1Y7	C0JAX9
Q7Z1Y7	C0JAW9
Q7Z1Y7	C0JAW6
Q7Z1Y7	C0JAX2
Q7Z1Y7	C0JAY1
Q7Z1Y7	C0JAW2
Q7Z1Y7	C0JAV2
Q7Z1Y7	C0JAR7
Q7Z1Y7	C0JAS4
Q7Z1Y7	C0JAV0
Q7Z1Y7	C0JAV1
Q7Z1Y7	C0JAS1
Q7Z1Y7	C0JAS2
Q7Z1Y7	C0JAY9
Q7Z1Y7	C0JAU1
Q7Z1Y7	C0JAW7
Q7Z1Y7	C0JAW0
Q7Z1Y7	C0JAV4
Q7Z1Y7	C0JAY0
Q7Z1Y7	C0JAS0
Q7Z1Y7	C0JAY4
Q7Z1Y7	C0JAZ1
Q7Z1Y7	C0JB01
Q7Z1Y7	C0JAR8
Q7Z1Y7	C0JAX1
Q7Z1Y7	C0JAT8
Q7Z1Y7	C0JAZ9
Q7Z1Y7	C0JAT5
Q7Z1Y7	C0JAS8
Q7Z1Y7	C0JAZ3
Q7Z1Y7	C0JAY2
Q7Z1Y7	C0JAY3
Q7Z1Y7	C0JAZ2
Q7Z1Y7	C0JAR0
Q7Z1Y7	C0JAX4
Q7Z1Y7	C0JB00
Q7Z1Y7	C0JAV8
Q7Z1Y7	C0JAT4
Q7Z1Y7	C0JAX7
Q7Z1Y7	C0JAV7
Q7Z1Y7	C0JAW8
Q7Z1Y7	C0JAT6
Q7Z1Y7	C0JAS7
Q7Z1Y7	C0JAT9
Q7Z1Y7	C0JAQ8
Q7Z1Y7	Q5YD75
Q7Z1Y7	C0JAS3
Q7Z1Y7	C0JAR3
Q7Z1Y7	C0JAV9
Q7Z1Y7	C0JAT3
Q7Z1Y7	C0JAW4
Q7Z1Y7	C0JAX0
Q7Z1Y7	P0CE78
Q7Z1Y7	C0JB04
Q7Z1Y7	C0JAW5
Q7Z1Y7	C0JAS6
Q7Z1Y7	C0JAY5
Q7Z1Y7	C0JAW3
Q7Z1Y7	C0JAV3
Q7Z1Y7	C0JAQ5
Q7Z1Y7	C0JB02
Q7Z1Y7	C0JAX5
Q7Z1Y7	C0JAQ9
Q7Z1Y7	C0JAR9
Q7Z1Y7	C0JAX3
Q7Z1Y7	C0JAV6
Q7Z1Y7	K9USW8
Q7Z1Y7	Q56JA9
Q7Z1Y7	P0CE84
Q7Z1Y7	Q4VDB5
Q7Z1Y7	B2KKV6
Q7Z1Y7	P0CE79
Q7Z1Y7	P0CE82
Q7Z1Y7	B2KKV7
Q7Z1Y7	P0CE80
Q7Z1Y7	Q4ZFU1
Q7Z1Y7	P0CE83
Q7Z1Y7	B2KKV8
Q7Z1Y7	P0CE81
Q7Z1Y7	Q4ZFU2
Q7Z1Y7	C0JAU9
Q7Z1Y7	C0JAU7
Q7Z1Y7	C0JAU8
Q7Z1Y7	C0JAU5
Q7Z1Y7	C0JAZ6
Q7Z1Y7	C0JAZ4
Q7Z1Y7	C0JAZ5
Q7Z1Y7	C0JAZ7
Q7Z1Y7	C0JAZ8
Q7Z1Y7	C0JAU6
Q7Z1Y7	C0JAU4
Q758K0	Q758K0
Q5F4X5	Q5F4X5
Q9AQQ8	Q9AQQ8
Q505J6	Q505J6
Q505J6	Q9H1K4
Q505J6	Q9DB41
P32520	P32520
A8YV22	A8YV22
A8YV22	Q043V2
A8YV22	Q74JM8
A8YV22	P80019
A8YV22	Q5FKG6
Q62703	Q62703
Q62703	Q14257
Q62703	Q8BP92
Q9FKT9	Q9FKT9
Q9FKT9	Q9FF79
Q2YDS5	Q2YDS5
Q8TJK1	Q8TJK1
Q00924	Q00924
A2T733	A2T733
A2T733	P56915
A2T733	Q02591
A2T733	P53544
A5V602	A5V602
B7V1G0	B7V1G0
B7V1G0	Q87WQ1
B7V1G0	P95576
B7V1G0	A5W991
B7V1G0	Q1IF47
B7V1G0	A6VCK5
Q5XX02	Q5XX02
Q5XX02	Q05322
P0C996	P0C996
P0C996	P0C998
P0C996	P0C997
P0C996	P32092
Q5HJQ7	Q5HJQ7
Q0WSX8	Q0WSX8
P08232	P08232
P08232	P08231
P50842	P50842
Q3IIR9	Q3IIR9
Q96S44	Q96S44
Q96S44	Q99PW4
A5G381	A5G381
Q5RBK3	Q5RBK3
Q5RBK3	Q9D3B1
Q5RBK3	Q2KIP8
Q5RBK3	Q6Y1H2
B8JKV0	B8JKV0
Q9HE10	Q9HE10
Q9UMY1	Q9UMY1
Q9UMY1	Q9D7Z3
P32860	P32860
Q8LBH4	Q8LBH4
P58422	P58422
P58422	Q5PLX6
P58422	P32662
P58422	Q8ZLK5
P58422	Q31VP9
P58422	Q32AJ7
O75888	O75888
O75888	Q9D777
O95336	O95336
O95336	Q2TBQ8
O95336	P85971
O95336	Q9CQ60
P02255	P02255
A9A8T4	A9A8T4
A9A8T4	Q58647
A9A8T4	A4G0J0
Q8P1W3	Q8P1W3
Q8P1W3	P0DG10
Q8P1W3	Q5XD48
Q8P1W3	Q03LW9
Q8P1W3	B1ICZ4
Q8P1W3	Q8E0H0
Q8P1W3	A2RFQ3
Q8P1W3	A4VZZ4
Q8P1W3	Q1WSX9
Q8P1W3	Q38Y19
Q8BS03	Q8BS03
Q8BS03	O43692
Q5N9Q7	Q5N9Q7
B9M0M0	B9M0M0
B9M0M0	A5G8S9
B9M0M0	Q39YP2
B9M0M0	B5EDR4
B9M0M0	C6E7F4
A4GCJ9	A4GCJ9
A4GCJ9	A8C8J6
A4GCJ9	Q67202
A4GCJ9	Q2LG20
A4GCJ9	Q0A435
A4GCJ9	P03487
A4GCJ9	Q6XU11
A4GCJ9	P03488
A4GCJ9	A8C8W5
A4GCJ9	Q0A457
A4GCJ9	P05776
A4GCJ9	A4GBX9
A4GCJ9	P05777
A4GCJ9	Q77ZK7
A4GCJ9	Q0A3Q7
A4GCJ9	Q2PIM4
A4GCJ9	A4GCH7
A4GCJ9	Q0HD58
A4GCJ9	Q809Z8
A4GCJ9	Q67204
A4GCJ9	P0DOF7
A4GCJ9	Q67167
A4GCJ9	Q6XT42
A4GCJ9	Q2PI08
A4GCJ9	Q6DPU0
A4GCJ9	Q8QV58
A4GCJ9	Q67180
A4GCJ9	Q3YPZ3
A4GCJ9	Q0A2H4
A4GCJ9	P05775
A4GCJ9	Q67187
A4GCJ9	Q80A06
A4GCJ9	P03485
A4GCJ9	Q6XTU9
A4GCJ9	P36347
A4GCJ9	Q9IQ48
A4GCJ9	Q67177
A4GCJ9	Q07FI3
A9KHE4	A9KHE4
A9HE99	A9HE99
Q8Y678	Q8Y678
Q9FFS0	Q9FFS0
Q9FFS0	Q9SH59
Q3B7T3	Q3B7T3
Q3B7T3	Q9EQG5
A1B962	A1B962
A1B962	Q1GHF1
A1B962	Q28QW4
A1B962	Q5LSB0
A1B962	A3PJK8
Q9LRJ4	Q9LRJ4
Q8XE10	Q8XE10
Q8XE10	B7USB4
Q8XE10	B7MAU4
Q8XE10	A6T7U7
Q8XE10	Q8ZPU1
Q8XE10	Q8Z6H0
Q8XE10	B5RAY7
Q8XE10	B5XT26
Q8XE10	A9N261
Q8XE10	Q8FH10
Q8XE10	P59746
Q8XE10	B7LQ59
Q8XE10	B4T4L5
Q8XE10	A7ZMK0
Q8XE10	B6IBF3
Q8XE10	B4TUD7
Q8XE10	B5QWH6
Q8XE10	A8AHC4
Q8XE10	P37794
Q88FF3	Q88FF3
Q88FF3	Q1I7T2
Q8SPW2	Q8SPW2
Q8SPW2	O75015
Q8SPW2	Q09TM2
Q8SPW2	A3RFZ7
Q8SPW2	P08637
B2I9J0	B2I9J0
B2I9J0	Q2P0T9
B2I9J0	B4SQV6
B2I9J0	B0RR81
B4STP2	B4STP2
B4STP2	Q2P3J8
B4STP2	B0U3A8
B4STP2	Q3BUF2
B4STP2	B2FPM4
Q06661	Q06661
Q06661	P21945
A9VLH7	A9VLH7
A9VLH7	B9IV00
A9VLH7	A7GMV0
A9VLH7	A0RBM2
A9VLH7	B7HKD4
A9VLH7	B7HHG5
A9VLH7	Q6HLE3
A9VLH7	Q92E88
A9VLH7	Q722Y7
Q3ZWN4	Q3ZWN4
F4IDW9	F4IDW9
O88630	O88630
O88630	Q5RBL6
O88630	Q62931
O88630	Q2TBU3
O88630	O08522
O88630	O95249
Q5JDI0	Q5JDI0
P0A9P9	P0A9P9
Q6MZT1	Q6MZT1
Q6MZT1	Q5FVH8
Q6MZT1	Q08DH5
Q6MZT1	Q8BQP9
Q6MZT1	Q08BU8
P20108	P20108
P20108	Q9Z0V6
P20108	P30048
P20108	P35705
P20108	Q5REY3
Q6P073	Q6P073
Q6P073	Q8N2K1
Q6P073	Q2TA03
Q9STF9	Q9STF9
A6ZWC8	A6ZWC8
A6ZWC8	P33419
Q9N2I5	Q9N2I5
Q4L904	Q4L904
Q4L904	B9DKG1
Q4L904	Q49UF2
Q92QJ0	Q92QJ0
Q9DCW4	Q9DCW4
Q9DCW4	Q2TBV3
Q9DCW4	P38117
Q9DCW4	Q68FU3
Q9DCW4	Q5RFK0
Q057N9	Q057N9
P45434	P45434
Q4R6L7	Q4R6L7
Q4R6L7	P07952
Q4R6L7	P07738
Q4R6L7	P15327
Q4R6L7	Q3T014
P0DXO6	P0DXO6
P0DXO6	P0DXO5
P0DXO6	P0DJW4
P0DXO6	P0DJR6
P0DXO6	P0DJV4
P0DXO6	P0CK79
P0DXO6	P0DJU4
P0DXO6	P0DJW2
P0DXO6	P0DJV3
P0DXO6	P0DJU6
P0DXO6	P0DJT0
P0DXO6	P0CK69
P0DXO6	P0CK65
P0DXO6	P0CK80
P0DXO6	P0CK83
P0DXO6	P0DJS3
P0DXO6	P0DXO4
P0DXO6	P0CK81
P0DXO6	P0DJU3
P0DXO6	P0DJU7
P0DXO6	P0CK76
P0DXO6	P0DJT8
P0DXO6	P0DJW6
P0DXO6	P0CK85
P0DXO6	P0DJT3
P0DXO6	P0CK73
P0DXO6	P0DJU1
P0DXO6	P0DJS2
P0DXO6	P0DJV1
P0DXO6	P0DJW8
P0DXO6	P0CK74
P0DXO6	P0CK71
P0DXO6	P0CK88
Q14331	Q14331
Q14331	P97376
Q1JFE3	Q1JFE3
Q1JFE3	C1CPT7
Q1JFE3	Q5M174
Q1JFE3	Q5M5R1
Q1JFE3	C0ME08
Q1JFE3	A3CQ50
Q1JFE3	A8AYV4
Q1JFE3	Q1JKF0
Q54IX6	Q54IX6
Q8D249	Q8D249
Q81WK7	Q81WK7
Q81WK7	P39779
Q81WK7	Q819X8
Q8GBB2	Q8GBB2
P04228	P04228
P04228	P14438
P04228	P14435
P04228	P14437
P04228	P14436
P04228	P14434
P04228	P01910
P04228	P23150
P04228	P20037
P04228	P01906
P04228	P15981
P04228	P01909
P04228	P15980
P34684	P34684
Q93GX3	Q93GX3
Q9SSQ8	Q9SSQ8
Q38716	Q38716
A1S7A2	A1S7A2
P05904	P05904
P05904	P27974
Q6ANS2	Q6ANS2
Q95ZW1	Q95ZW1
Q95ZW1	A8XLW0
O00780	O00780
Q93UV7	Q93UV7
Q9NS28	Q9NS28
Q9NS28	Q99PG4
Q8N9N7	Q8N9N7
Q96CF2	Q96CF2
Q96CF2	Q9D7F7
Q96CF2	Q569C1
Q96CF2	Q6GNN8
A5UJL1	A5UJL1
Q8HEC3	Q8HEC3
Q8HEC3	P24894
E7FHP1	E7FHP1
P56118	P56118
P56118	B2UTG4
P87014	P87014
A3AJ77	A3AJ77
A3AJ77	Q10B63
Q566R0	Q566R0
Q566R0	Q3UUI3
Q1DNB0	Q1DNB0
Q4U5R4	Q4U5R4
Q4U5R4	Q6J1I8
Q4U5R4	Q6J212
P96716	P96716
Q9D979	Q9D979
Q9D979	Q86WR6
Q5V4H7	Q5V4H7
P14057	P14057
A7GT52	A7GT52
A7GT52	B7IYM7
A7GT52	O32028
A7GT52	Q634H0
A7GT52	A7Z721
C3MEJ1	C3MEJ1
C3MEJ1	Q8YEV2
C3MEJ1	B2S8G4
C3MEJ1	Q1MMD1
C3MEJ1	Q11B42
C3MEJ1	Q13E56
C3MEJ1	Q6NCY8
C3MEJ1	A5E8I9
C3MEJ1	Q21CI6
C3MEJ1	A8HV93
C3MEJ1	A7HZ45
C3MEJ1	B0UP55
Q5U1X1	Q5U1X1
Q5U1X1	A2VE52
Q5U1X1	Q9Y3B8
Q5U1X1	Q9D8S4
B0T3I0	B0T3I0
B0T3I0	Q9A805
O09116	O09116
Q51575	Q51575
Q86XR7	Q86XR7
Q86XR7	Q8BJQ4
Q86XR7	Q2LGB7
P67080	P67080
P35837	P35837
P32972	P32972
Q9SRS3	Q9SRS3
Q1JM69	Q1JM69
Q1JM69	A8AXN4
Q1JM69	C1CDI3
Q1JM69	B2INV3
Q1JM69	B8ZNN8
Q1JM69	A2RF09
Q1JM69	O32810
Q1JM69	A4W2M2
Q6G9I1	Q6G9I1
Q6G9I1	Q2FYQ8
P0A8V6	P0A8V6
P57337	P57337
Q54R42	Q54R42
B2I023	B2I023
B2I023	B7IBN2
Q72DA1	Q72DA1
A5W059	A5W059
A5W059	Q88JX9
Q2N612	Q2N612
Q2GG43	Q2GG43
P01194	P01194
P01194	P01193
P0AFK2	P0AFK2
Q5WV28	Q5WV28
P76204	P76204
A1B475	A1B475
Q66K80	Q66K80
A0A1D5NY17	A0A1D5NY17
A0A1D5NY17	B2RVY9
A0A1D5NY17	Q6ZP80
P0CU08	P0CU08
A0A2H5AIZ6	A0A2H5AIZ6
A0A2H5AIZ6	A0A077EWA5
B2UBJ4	B2UBJ4
B2UBJ4	Q8XZC2
A1K8Q1	A1K8Q1
A1K8Q1	Q3SK91
Q9AYZ3	Q9AYZ3
P48310	P48310
Q9VQ29	Q9VQ29
B8I164	B8I164
B8I164	A3DGI7
O00743	O00743
O00743	Q27884
O00743	Q9CQR6
Q7XA87	Q7XA87
P9WIK1	P9WIK1
D4GYE6	D4GYE6
G4WJD3	G4WJD3
A9FHA5	A9FHA5
O75144	O75144
Q9P1Q5	Q9P1Q5
Q9P1Q5	Q9Y585
P02642	P02642
P02642	P50753
P02642	P13789
P02642	P09741
P02642	P50752
P02642	P45379
C0HLU5	C0HLU5
P04670	P04670
P04670	P53763
Q5CT19	Q5CT19
P41008	P41008
P41008	Q5L0U6
Q9SZ63	Q9SZ63
Q01X76	Q01X76
O67883	O67883
Q8YXD1	Q8YXD1
Q8YXD1	Q8DLC2
Q02115	Q02115
Q6P0E5	Q6P0E5
P37487	P37487
Q9VQG4	Q9VQG4
Q5GC92	Q5GC92
Q5GC92	Q5GC94
Q5GC92	Q5GC91
Q38442	Q38442
Q9BRL7	Q9BRL7
Q9BRL7	Q8BXT9
Q6G1D3	Q6G1D3
Q6G1D3	Q8YE58
Q6G1D3	Q57AF3
Q6G1D3	C6AB58
Q9FJG2	Q9FJG2
Q6DBP8	Q6DBP8
A7NKU8	A7NKU8
C4XRH9	C4XRH9
A7H8W2	A7H8W2
A7H8W2	Q2IPE3
Q5PQS4	Q5PQS4
Q5PQS4	Q8K2A1
Q5PQS4	Q9UBP9
Q5PQS4	Q32PV0
A4SE82	A4SE82
Q9LVJ7	Q9LVJ7
Q8BWF2	Q8BWF2
Q8BWF2	Q99MI6
P0CM83	P0CM83
Q53W83	Q53W83
A0A0U5CNN8	A0A0U5CNN8
Q92GV0	Q92GV0
Q92GV0	C3PPC3
Q92GV0	C4K2J5
Q92GV0	A8GPG7
Q92GV0	Q1RK29
Q92GV0	O05952
Q5S260	Q5S260
Q5S260	Q44185
Q9LAI0	Q9LAI0
A5VAA8	A5VAA8
A5VAA8	Q1GNH1
Q9SI03	Q9SI03
P52580	P52580
P02840	P02840
B1L271	B1L271
Q2JQ67	Q2JQ67
Q2JQ67	Q2JWL7
Q0ACJ6	Q0ACJ6
Q0ACJ6	Q603M3
P10718	P10718
O57601	O57601
O57601	Q504H8
A1WHP5	A1WHP5
O74736	O74736
Q9RAH6	Q9RAH6
Q59M70	Q59M70
Q38VZ2	Q38VZ2
A7EAA1	A7EAA1
E9FR69	E9FR69
Q550F6	Q550F6
Q6NGP4	Q6NGP4
Q6NGP4	Q8RQM8
Q6NGP4	P19808
P9WP25	P9WP25
P9WP25	B8ZRR3
Q5BL29	Q5BL29
Q5BL29	Q3KR82
Q5BL29	Q8BFU1
Q5BL29	Q9NUM3
Q5BL29	Q95JP5
Q5BL29	Q5RE57
Q5BL29	Q6NRM1
Q5BL29	Q640S1
Q5BL29	Q6NTL1
Q5BL29	Q5ZIU9
Q22495	Q22495
P0AFH2	P0AFH2
P0AFH2	P08005
P9WMY3	P9WMY3
Q9SRR0	Q9SRR0
Q10QR9	Q10QR9
P0AAJ5	P0AAJ5
P0AAJ5	P0AAJ3
Q96PS8	Q96PS8
Q9LL41	Q9LL41
Q9LL41	M1T9X3
Q8L730	Q8L730
P76045	P76045
Q9L4T8	Q9L4T8
Q9FDW1	Q9FDW1
Q0QLF5	Q0QLF5
A5DXE2	A5DXE2
A5DXE2	Q5AEF2
A5DXE2	P53024
Q9C6E4	Q9C6E4
Q9CQC8	Q9CQC8
Q9CQC8	Q5XIC4
Q9CQC8	Q9NZD8
P0AEP3	P0AEP3
Q6NXP2	Q6NXP2
Q6NXP2	B2RXB0
Q8R9R5	Q8R9R5
Q6S5C2	Q6S5C2
Q6S5C2	Q58CS8
Q6S5C2	Q9UJJ9
Q1GZ04	Q1GZ04
Q890Y6	Q890Y6
B1WBW4	B1WBW4
B1WBW4	Q9D0L7
Q4JQV7	Q4JQV7
Q7S6M9	Q7S6M9
P37878	P37878
Q93PS7	Q93PS7
Q7L190	Q7L190
M4BMH6	M4BMH6
Q99034	Q99034
H9JTG9	H9JTG9
Q9M330	Q9M330
O35881	O35881
A1B0E7	A1B0E7
A1B0E7	A4WWI7
P34803	P34803
A1WZ50	A1WZ50
Q9V3G3	Q9V3G3
Q9XYL0	Q9XYL0
Q5BH31	Q5BH31
O69782	O69782
Q9HC97	Q9HC97
Q9HC97	Q9ES90
A6WVC7	A6WVC7
A6WVC7	O07308
A6WVC7	A5G8G3
A6WVC7	Q39RP7
A6WVC7	Q2SBG0
A6WVC7	Q57FI5
A6WVC7	Q21IS4
A6WVC7	P72338
A6WVC7	A9M7D7
A6WVC7	C0RGP5
P0DQV6	P0DQV6
Q9Z6N5	Q9Z6N5
Q8VWK4	Q8VWK4
Q8NGZ6	Q8NGZ6
Q8N0Z8	Q8N0Z8
Q8N0Z8	A2ADA5
Q67ZM7	Q67ZM7
P05847	P05847
Q9SVB7	Q9SVB7
P46363	P46363
Q4A734	Q4A734
Q5WRN1	Q5WRN1
Q9WWU5	Q9WWU5
Q5JHT1	Q5JHT1
Q5JHT1	Q9V262
Q9NZP5	Q9NZP5
Q9NZP5	P0C628
P30715	P30715
Q604W0	Q604W0
P69834	P69834
Q8NT90	Q8NT90
P40169	P40169
P32732	P32732
Q2W2Q1	Q2W2Q1
Q2VEQ7	Q2VEQ7
Q9W138	Q9W138
B9LE80	B9LE80
B8FWT4	B8FWT4
A3Q9U4	A3Q9U4
Q9CXX0	Q9CXX0
Q9CXX0	Q96M11
Q59121	Q59121
A8PUY3	A8PUY3
P94390	P94390
P31313	P31313
P31313	O43248
D3K0N9	D3K0N9
Q7Z692	Q7Z692
P75799	P75799
P20668	P20668
A8FPN0	A8FPN0
A8FPN0	Q089F2
A8FPN0	A3Q941
A8FPN0	Q8E8P7
O68031	O68031
P20459	P20459
P39824	P39824
Q9P6Q6	Q9P6Q6
A8HZA5	A8HZA5
Q9CHV0	Q9CHV0
Q17XN9	Q17XN9
Q17XN9	Q9ZM81
Q17XN9	Q1CUE2
Q8NHV1	Q8NHV1
Q047M3	Q047M3
O29323	O29323
P35667	P35667
O59185	O59185
Q9CEB7	Q9CEB7
Q8ZPK2	Q8ZPK2
P0DN22	P0DN22
B1YLU8	B1YLU8
P70352	P70352
P70352	Q96L15
P70352	Q5XHY4
Q0C570	Q0C570
B9JXV8	B9JXV8
B9JXV8	C6B119
B9JXV8	A6UEI3
B9JXV8	B3PVV4
B9JXV8	Q2KE80
Q7N9D8	Q7N9D8
Q7N9D8	Q9KVE0
Q7N9D8	Q7MBS3
A0A0F7TZD6	A0A0F7TZD6
A0A0F7TZD6	Q5AR34
A0A0F7TZD6	A0A0U5GHG9
A0A0F7TZD6	A0A1E1FFL0
Q3AW68	Q3AW68
Q3AW68	Q7TUP1
Q3AW68	A2CC53
Q18CS8	Q18CS8
Q3ZFI7	Q3ZFI7
Q54B67	Q54B67
Q9SRI1	Q9SRI1
Q9SRI1	O64740
P86029	P86029
Q86IJ1	Q86IJ1
P0A9J6	P0A9J6
A9NGD7	A9NGD7
P50222	P50222
P50222	P39020
P50222	P32443
Q48211	Q48211
O67547	O67547
C4L3C2	C4L3C2
Q4JM65	Q4JM65
Q9KWQ5	Q9KWQ5
Q9KWQ5	P9WNW7
Q6NYD4	Q6NYD4
Q6NYD4	Q9BXY0
Q6NYD4	Q8BGS0
Q5FKK7	Q5FKK7
Q9M6A3	Q9M6A3
Q07841	Q07841
B2IKE2	B2IKE2
Q1D607	Q1D607
A4QFR6	A4QFR6
P32587	P32587
B0T130	B0T130
B0T130	Q9ABE5
P37711	P37711
Q28165	Q28165
Q28165	Q8CCS6
Q28165	Q86U42
O14214	O14214
C3XR70	C3XR70
Q1M4T3	Q1M4T3
A5UQC0	A5UQC0
A5UQC0	A7NIE9
Q9X9J3	Q9X9J3
B9Q1V7	B9Q1V7
P80679	P80679
A3MY92	A3MY92
Q6AGD1	Q6AGD1
P02686	P02686
P02686	P04370
P96116	P96116
Q8BPG6	Q8BPG6
Q8BPG6	Q8NBJ7
Q8BPG6	Q58CP2
Q801E1	Q801E1
A7HK75	A7HK75
Q5RIU9	Q5RIU9
P14653	P14653
P14653	P17919
A7E2U8	A7E2U8
P9WQ09	P9WQ09
P9WQ09	A0R567
P77171	P77171
O27481	O27481
Q8K2T1	Q8K2T1
Q8K2T1	Q9HBL8
Q8K2T1	Q0VCN1
C4K708	C4K708
Q8LDR0	Q8LDR0
Q08686	Q08686
Q988C8	Q988C8
Q8F132	Q8F132
Q8F132	Q04U80
Q8F132	Q053P3
C0QZV6	C0QZV6
B5YA17	B5YA17
Q58070	Q58070
Q8NGJ3	Q8NGJ3
P9WJN3	P9WJN3
Q969T7	Q969T7
Q969T7	Q3UFY7
Q969T7	Q6AYP7
Q6P9U1	Q6P9U1
Q6P9U1	Q9DD16
Q6P9U1	Q9BRQ3
B8F4V1	B8F4V1
B8F4V1	A6VKY9
B8F4V1	P44862
B8F4V1	A3N2I4
B8F4V1	B0UW11
A2RVS6	A2RVS6
B1HPV0	B1HPV0
Q82IY7	Q82IY7
O94457	O94457
Q042G6	Q042G6
Q042G6	Q74K66
Q042G6	Q5FL42
Q042G6	Q04BG3
B1XT16	B1XT16
P38072	P38072
F4JML5	F4JML5
Q1RKK5	Q1RKK5
P28550	P28550
Q10290	Q10290
Q9SHQ9	Q9SHQ9
Q9FJJ3	Q9FJJ3
P38988	P38988
Q68CL5	Q68CL5
Q68CL5	Q66JT5
C3MXF3	C3MXF3
C3MXF3	C3MR64
Q10113	Q10113
P39376	P39376
A8LLE0	A8LLE0
Q3BYC8	Q3BYC8
Q2W0H0	Q2W0H0
Q0STC3	Q0STC3
Q9NYW2	Q9NYW2
P05029	P05029
D5K228	D5K228
A8FD14	A8FD14
A8FD14	P05654
Q8Q0J1	Q8Q0J1
P36060	P36060
P36060	A6ZZH2
Q5L1H7	Q5L1H7
Q9T091	Q9T091
Q9T091	Q9FJD0
Q767K7	Q767K7
Q767K7	Q58CX6
Q9T030	Q9T030
Q3A311	Q3A311
Q8YVC1	Q8YVC1
Q8YVC1	Q3M8H2
Q1D6H4	Q1D6H4
O42364	O42364
A6NMN3	A6NMN3
Q9BWC9	Q9BWC9
Q9BWC9	Q3ULM0
B4S5G6	B4S5G6
Q3A6L1	Q3A6L1
Q97W92	Q97W92
O87877	O87877
Q5GTB0	Q5GTB0
B5YJ91	B5YJ91
Q2V0V2	Q2V0V2
Q9XY92	Q9XY92
O43396	O43396
O43396	Q920J4
O43396	Q8CDN6
Q6WLH3	Q6WLH3
P57292	P57292
Q2N659	Q2N659
P21259	P21259
Q59127	Q59127
P70396	P70396
P70396	P56178
P70396	P50575
P70396	P50576
P70396	P50577
P0C0X1	P0C0X1
P0C0X1	P9WND1
Q9UWY6	Q9UWY6
Q6NYK8	Q6NYK8
Q6NYK8	Q5ZJ41
Q6NYK8	Q9NX47
Q8R9E1	Q8R9E1
A6TRF9	A6TRF9
Q2RMQ2	Q2RMQ2
Q2VYT6	Q2VYT6
Q9IR51	Q9IR51
Q9IR51	Q9WIJ5
Q9IR51	O39828
Q9IR51	Q9ICP7
A9JS49	A9JS49
A9JS49	Q8BGB8
A9JS49	Q05B52
A9JS49	Q9Y3A0
A9JS49	Q4FZU1
Q5LWT9	Q5LWT9
Q5LWT9	Q3IY64
Q5LWT9	Q28JI5
F6SZT2	F6SZT2
P43586	P43586
Q6UX39	Q6UX39
O66554	O66554
A7HVA3	A7HVA3
Q9H741	Q9H741
Q9H741	Q8BTG6
Q2YY57	Q2YY57
Q2YY57	Q8CP75
Q2YY57	P68815
Q2YY57	Q49XQ5
A0KCF0	A0KCF0
A0KCF0	B4EPK7
A0KCF0	Q39LI8
B7FAL5	B7FAL5
P49914	P49914
P49914	Q9D110
P49914	P80405
A3CN88	A3CN88
Q9S7M9	Q9S7M9
Q8N131	Q8N131
P81546	P81546
P81546	P35624
P81546	Q95KL9
P81546	P20414
Q06672	Q06672
Q24439	Q24439
Q82HE5	Q82HE5
Q96MN5	Q96MN5
B3DV19	B3DV19
A1SBC7	A1SBC7
A1SBC7	A8H9S0
A1SBC7	B0TNT3
A1SBC7	A8FPP0
A1SBC7	A4STB3
A1SBC7	A1JRT9
A1SBC7	C5B718
A1SBC7	Q04596
A1SBC7	B7LL15
Q72GR0	Q72GR0
Q2J3F7	Q2J3F7
A9IU29	A9IU29
Q9H3V2	Q9H3V2
Q8IZJ0	Q8IZJ0
L7R9Z0	L7R9Z0
Q711S8	Q711S8
Q8ZYN0	Q8ZYN0
Q1J141	Q1J141
Q1J141	Q9RTY2
Q9CG29	Q9CG29
Q9A298	Q9A298
Q67MJ3	Q67MJ3
P30107	P30107
Q6D7S0	Q6D7S0
Q6D7S0	B6EJU2
Q6D7S0	A8FUD4
Q6D7S0	A9N2Y1
Q6D7S0	Q0HTW9
Q6D7S0	A3D3D2
Q6D7S0	Q2NS69
Q6D7S0	A1RKQ4
P38428	P38428
Q3Z7F2	Q3Z7F2
P0AEG4	P0AEG4
Q743Z2	Q743Z2
Q743Z2	P9WN56
Q743Z2	A0PV57
Q743Z2	A0QA85
P49492	P49492
Q9Y693	Q9Y693
P46671	P46671
P29917	P29917
Q9I7K0	Q9I7K0
Q9I7K0	B4JUG8
P37530	P37530
Q9W1Y1	Q9W1Y1
Q8BR26	Q8BR26
Q2FG49	Q2FG49
Q2FG49	Q8CS70
Q2FG49	Q4L730
Q8SXY6	Q8SXY6
Q6K9C3	Q6K9C3
Q2LEC2	Q2LEC2
Q2LEC2	P02522
Q2LEC2	P43320
A4XYX4	A4XYX4
P27862	P27862
Q96EN9	Q96EN9
P9WPJ9	P9WPJ9
Q99075	Q99075
Q99075	Q06175
C1FSC1	C1FSC1
C1FSC1	C3L061
C1FSC1	B1KV12
Q99437	Q99437
Q99437	Q91V37
Q99437	Q2TA24
P70354	P70354
Q12328	Q12328
Q6PQK2	Q6PQK2
Q9Z2Q5	Q9Z2Q5
O35565	O35565
Q86BF9	Q86BF9
A8H0A6	A8H0A6
A8H0A6	Q8EB13
P59479	P59479
Q6HCU7	Q6HCU7
Q28747	Q28747
Q0RQV5	Q0RQV5
Q5HWB0	Q5HWB0
Q5HWB0	A1VY78
Q16619	Q16619
Q3SIT9	Q3SIT9
Q9D8C2	Q9D8C2
P34746	P34746
B5XQ85	B5XQ85
B5XQ85	P0C960
Q3Z8J8	Q3Z8J8
Q9LNK1	Q9LNK1
P71009	P71009
Q94KK7	Q94KK7
Q94KK7	Q9SA23
P09781	P09781
P09781	P17798
Q9NX09	Q9NX09
Q9NX09	Q8VHZ9
Q9NX09	Q08E62
Q9BQD7	Q9BQD7
Q9LTV4	Q9LTV4
Q9C5D0	Q9C5D0
P19476	P19476
Q05900	Q05900
P50472	P50472
P52688	P52688
P52485	P52485
P08242	P08242
P08242	A7M8Z3
Q9FVZ7	Q9FVZ7
O84123	O84123
P9WK45	P9WK45
P25052	P25052
Q6Q9H6	Q6Q9H6
F8D9F4	F8D9F4
Q5UP71	Q5UP71
Q66PJ3	Q66PJ3
Q66PJ3	Q4V8I5
P0AEN1	P0AEN1
P0A7L0	P0A7L0
Q98FG8	Q98FG8
Q9CA57	Q9CA57
O56129	O56129
Q88WK0	Q88WK0
Q9FNH6	Q9FNH6
Q8YVS7	Q8YVS7
Q18FC4	Q18FC4
Q5YQZ4	Q5YQZ4
P41847	P41847
P20035	P20035
P20035	P07833
P09279	P09279
Q9HFA4	Q9HFA4
Q9HFA4	P55332
Q9HFA4	Q4WG11
Q9HFA4	A1CCU0
P39871	P39871
A7H9V8	A7H9V8
F4JIE8	F4JIE8
B5L3X1	B5L3X1
Q10BU2	Q10BU2
Q2Y6Z3	Q2Y6Z3
Q2Y6Z3	Q81ZZ2
P53215	P53215
P53215	Q6FPX3
Q9SUC5	Q9SUC5
B7K7J4	B7K7J4
P98173	P98173
P98173	Q9D8T0
Q942A7	Q942A7
O74955	O74955
P9WKZ3	P9WKZ3
P39333	P39333
Q2JKC2	Q2JKC2
A6WC54	A6WC54
Q8JIR6	Q8JIR6
Q81G27	Q81G27
Q81G27	A0RBJ8
B7GKQ7	B7GKQ7
Q7MPS3	Q7MPS3
Q7MPS3	Q9KVC5
Q7MPS3	B7VHK6
Q7MPS3	Q87T81
P0AAH8	P0AAH8
P0AAH8	P36638
A2BXX8	A2BXX8
A0A067XR63	A0A067XR63
Q8TCZ2	Q8TCZ2
Q8TCZ2	Q8BIF0
P93654	P93654
P93654	O04378
Q21H39	Q21H39
P21828	P21828
Q9M9P0	Q9M9P0
Q8CRI6	Q8CRI6
P9WKZ7	P9WKZ7
Q8ZH36	Q8ZH36
Q8ZH36	P30863
Q93841	Q93841
Q8ZPX9	Q8ZPX9
Q8GPG1	Q8GPG1
Q38847	Q38847
Q3J7B5	Q3J7B5
B5Z7K9	B5Z7K9
B5Z7K9	O25516
A2SF76	A2SF76
B5RR78	B5RR78
Q2JPW6	Q2JPW6
P32645	P32645
P55830	P55830
O31612	O31612
O31612	Q73BU7
O31612	Q6HLY2
O31612	Q9K904
P36566	P36566
P36566	Q8XDG3
Q7VJA8	Q7VJA8
Q568I2	Q568I2
P19329	P19329
Q6XYU1	Q6XYU1
Q3KRB8	Q3KRB8
A0A2G0QDP0	A0A2G0QDP0
Q12286	Q12286
Q1RH28	Q1RH28
A2BWT5	A2BWT5
A1VXT4	A1VXT4
Q1G3L1	Q1G3L1
Q8NC06	Q8NC06
P57353	P57353
B5ZCB5	B5ZCB5
B4XH86	B4XH86
Q6M0K2	Q6M0K2
Q96PM5	Q96PM5
Q96PM5	Q9CR50
Q85Q99	Q85Q99
Q85Q99	P00854
V5JFY4	V5JFY4
B2LXS7	B2LXS7
Q5QWQ5	Q5QWQ5
O34934	O34934
O66952	O66952
Q8PQW6	Q8PQW6
Q8PQW6	Q4V093
Q8PQW6	Q5GU80
Q8PQW6	Q87CN8
Q8PQW6	B2FHB6
Q8VC04	Q8VC04
Q8VC04	Q5BK83
Q2V0W1	Q2V0W1
Q2V0W1	O23512
P0ADG4	P0ADG4
Q8EYK8	Q8EYK8
P41417	P41417
O13684	O13684
M9XB82	M9XB82
C0QWM9	C0QWM9
Q69XV9	Q69XV9
Q168R5	Q168R5
Q168R5	Q5LTT5
Q168R5	Q1GF74
B1XQ35	B1XQ35
O29751	O29751
G5EGA6	G5EGA6
Q5IBH6	Q5IBH6
Q5BPF3	Q5BPF3
B1HPR7	B1HPR7
Q37896	Q37896
C4IZI7	C4IZI7
Q6UXZ0	Q6UXZ0
Q6UXZ0	Q9D7L8
Q6UXZ0	Q3T113
Q3IFD1	Q3IFD1
Q92506	Q92506
Q92506	P50171
Q92506	Q5TJF5
Q92506	Q6MGB5
Q92506	Q9XT00
Q1LSU0	Q1LSU0
Q75CC2	Q75CC2
Q9NCL8	Q9NCL8
P42911	P42911
B7FNA9	B7FNA9
B7FNA9	C6TKZ5
Q7XCK6	Q7XCK6
P32379	P32379
G5BQH5	G5BQH5
A0A059ZRB8	A0A059ZRB8
A0A3G9JYH7	A0A3G9JYH7
A0A3G9JYH7	A0A3G9JTR4
B2G7Q2	B2G7Q2
Q1WSL8	Q1WSL8
Q92871	Q92871
Q92871	O35621
Q9H0X6	Q9H0X6
P37212	P37212
P37212	Q36918
P37212	P14862
P37212	P00852
Q12731	Q12731
Q12731	O43133
Q12731	P17871
Q12731	P13393
Q8VZU9	Q8VZU9
Q9C9W0	Q9C9W0
O49255	O49255
A0QYC2	A0QYC2
P27701	P27701
P27701	P40237
P27701	O70352
P9WGT1	P9WGT1
Q43675	Q43675
P23102	P23102
O94252	O94252
Q5FL98	Q5FL98
Q9KC93	Q9KC93
A4WKY7	A4WKY7
A4WKY7	B1YDX0
A4WKY7	A1RW13
Q00982	Q00982
Q00982	Q06778
Q00982	P14489
Q06209	Q06209
Q06209	O24658
Q06209	O24598
Q52430	Q52430
O67506	O67506
B6YQI6	B6YQI6
Q8RX71	Q8RX71
Q04JG7	Q04JG7
Q2RXU5	Q2RXU5
A1A1N2	A1A1N2
Q5V450	Q5V450
Q9Z9J0	Q9Z9J0
Q3ABL4	Q3ABL4
A9F3N2	A9F3N2
Q0WW55	Q0WW55
B1XT71	B1XT71
Q8L4N1	Q8L4N1
Q8L4N1	Q8VYN9
P9WK21	P9WK21
O81788	O81788
Q8NAU1	Q8NAU1
Q8NAU1	Q8K4Z2
Q8NAU1	Q8K3V5
F4IPK2	F4IPK2
O26153	O26153
P17685	P17685
P17685	P17686
Q0D3I7	Q0D3I7
F4IL05	F4IL05
A9KMP0	A9KMP0
P39405	P39405
Q8K9Q6	Q8K9Q6
A3DC28	A3DC28
B8I942	B8I942
Q3SH83	Q3SH83
Q54QR2	Q54QR2
P0C0Y5	P0C0Y5
P0C0Y5	Q8NK50
P0C0Y5	A0A223HDI5
P0C0Y5	P0C0Y4
O59487	O59487
O27229	O27229
O27229	P80185
Q8GZ13	Q8GZ13
P34935	P34935
Q9V4Q8	Q9V4Q8
Q71MM5	Q71MM5
Q2W3J9	Q2W3J9
O80662	O80662
Q8YMT3	Q8YMT3
P0AFR9	P0AFR9
G4NEA9	G4NEA9
C0QRP9	C0QRP9
O74841	O74841
Q3SJS2	Q3SJS2
Q3IF40	Q3IF40
P57931	P57931
P57931	Q57233
P57931	A5UGS9
P57931	Q4QNC8
P57931	A5UA73
P19940	P19940
B0T1Q2	B0T1Q2
B0T1Q2	B8GX52
Q7M9F6	Q7M9F6
V6F2C2	V6F2C2
A4QE51	A4QE51
P36188	P36188
Q9LMX8	Q9LMX8
Q2IPT3	Q2IPT3
O05412	O05412
C8WGQ3	C8WGQ3
Q8PUP4	Q8PUP4
Q9ZU38	Q9ZU38
Q74KF9	Q74KF9
Q8VCC1	Q8VCC1
Q8VCC1	O08699
Q8VCC1	P70684
Q8VCC1	Q3T0C2
Q8VCC1	P15428
Q8VCC1	Q8MJY8
Q47746	Q47746
Q7ZYZ7	Q7ZYZ7
Q7ZYZ7	Q6DLV9
Q7ZYZ7	Q2YDF9
Q7ZYZ7	Q8R023
Q7ZYZ7	Q9BSM1
Q24050	Q24050
C5CGT6	C5CGT6
O14113	O14113
Q0CS97	Q0CS97
Q6X7J3	Q6X7J3
Q1MIN0	Q1MIN0
A1S262	A1S262
A1S262	A6WTS2
A1S262	Q12SM9
A1S262	A3Q9C7
Q42430	Q42430
A0A182BSR9	A0A182BSR9
G5ED00	G5ED00
Q9SIP1	Q9SIP1
P11401	P11401
I1S2J8	I1S2J8
P46670	P46670
P32387	P32387
Q55195	Q55195
Q55195	Q5N1G5
P23498	P23498
Q5JJB8	Q5JJB8
Q5JJB8	Q8U2I1
Q26616	Q26616
C0QUE5	C0QUE5
C4KZ18	C4KZ18
Q5L6H5	Q5L6H5
Q9LZF5	Q9LZF5
Q06543	Q06543
Q06543	Q6FSS0
Q8S9K8	Q8S9K8
P61654	P61654
P61654	A1VDL1
Q2G2P8	Q2G2P8
Q9PAM0	Q9PAM0
Q9PAM0	Q87BG1
P53177	P53177
Q8CHK7	Q8CHK7
Q8CHK7	Q64669
Q8CHK7	Q5RD31
Q8CHK7	P15559
Q8CHK7	P05982
Q8GHB1	Q8GHB1
Q7VL22	Q7VL22
Q7VL22	A3N0K4
Q7VL22	B0BPC7
Q7VL22	B3H1I1
P21825	P21825
Q5FPX3	Q5FPX3
P09888	P09888
Q8DWR3	Q8DWR3
Q8DWR3	Q48QM2
Q8DWR3	Q5X9B5
P33399	P33399
B4TI56	B4TI56
B4TI56	A4WEI9
B4TI56	Q5PC81
B4TI56	P60932
B4TI56	B7LQD5
B4TI56	A7ZRT8
B4TI56	B7UIW5
B4TI56	B2VGJ3
B4TI56	C6DDL8
B4TI56	A7MJT8
B4TI56	A4THT4
Q8NET5	Q8NET5
Q3YBM2	Q3YBM2
A0A0S2DNG5	A0A0S2DNG5
O43035	O43035
O74443	O74443
P0DV09	P0DV09
Q92373	Q92373
Q9UBW8	Q9UBW8
Q9UBW8	Q9CZ04
B2HUM5	B2HUM5
Q5UXW0	Q5UXW0
Q9M1K9	Q9M1K9
P09377	P09377
G0FUS0	G0FUS0
Q9FHR8	Q9FHR8
Q6K9U2	Q6K9U2
Q8CF98	Q8CF98
Q8CF98	Q9Y6Z7
Q1JBT2	Q1JBT2
Q1JBT2	P0DD16
Q1JBT2	Q5LYV4
P79340	P79340
P79340	P01583
P79340	P46647
P79340	P48089
Q9PD67	Q9PD67
A0LY29	A0LY29
A0LY29	Q64PV5
Q5M627	Q5M627
Q5M627	C1CGA5
Q5M627	Q8DSQ5
Q5M627	B5XJX3
Q5M627	Q5XDP9
Q5M627	A3CPR2
Q5M627	C0M7R0
Q5M627	B9DTR9
Q5M627	P0CZ88
Q5M627	Q1JIG0
Q5M627	Q48V50
Q5M627	Q8DY92
P29986	P29986
P27177	P27177
Q9I321	Q9I321
P9WQK9	P9WQK9
Q1IGD3	Q1IGD3
Q1IGD3	Q88CS6
Q1IGD3	Q3K587
Q1IGD3	Q4ZM55
Q8LAU9	Q8LAU9
Q60WT2	Q60WT2
Q60WT2	O45145
Q28740	Q28740
P49957	P49957
Q9FJV5	Q9FJV5
B1ZHG6	B1ZHG6
B1ZHG6	B1LTL1
Q4DHY2	Q4DHY2
Q9HUT5	Q9HUT5
Q8TYA2	Q8TYA2
Q9PPN8	Q9PPN8
P9WG77	P9WG77
B9KLD3	B9KLD3
Q9QZE9	Q9QZE9
Q9QZE9	Q86TG1
Q9QZE9	Q91WN2
Q3ZC25	Q3ZC25
Q3ZC25	Q80X71
Q3ZC25	Q9NUM4
Q3ZC25	Q6AYA5
Q3ZC25	Q1LWC2
A5CSW0	A5CSW0
A9BHU3	A9BHU3
C7AU21	C7AU21
Q2TJ95	Q2TJ95
Q2TJ95	Q1RMU1
Q2TJ95	Q9BXY4
Q3HS83	Q3HS83
Q3HS83	A1E960
A1W7L8	A1W7L8
A1W7L8	B9MJK9
Q9BQ75	Q9BQ75
P0CI31	P0CI31
P0CI31	B7M7P4
P0CI31	B5Z114
P0CI31	B1LNJ7
P0CI31	B6I5B4
B2RJI6	B2RJI6
B2RJI6	Q7MVU8
Q81EK9	Q81EK9
A7ZFR4	A7ZFR4
Q03029	Q03029
E3SU11	E3SU11
P38869	P38869
Q76NM1	Q76NM1
J9VWW9	J9VWW9
A6Q2C1	A6Q2C1
Q8NDY6	Q8NDY6
Q8NDY6	Q8BGW3
Q2JNF7	Q2JNF7
P82151	P82151
Q92PC8	Q92PC8
Q06PM8	Q06PM8
P0ABL8	P0ABL8
P00912	P00912
Q7NW10	Q7NW10
A3DMG3	A3DMG3
Q820K1	Q820K1
Q9SB61	Q9SB61
A1SSM8	A1SSM8
F4NYQ2	F4NYQ2
Q8A626	Q8A626
Q9ZVQ4	Q9ZVQ4
O32168	O32168
O29758	O29758
P04978	P04978
P21220	P21220
Q44613	Q44613
P39151	P39151
P64636	P64636
A5UK92	A5UK92
P0CAX7	P0CAX7
A4G0L4	A4G0L4
A4G0L4	A9A8V8
A4G0L4	A6VHX1
Q9LW12	Q9LW12
Q94AL8	Q94AL8
Q7T339	Q7T339
Q7T339	Q4QQV8
P0A761	P0A761
P0AFM6	P0AFM6
Q6GN98	Q6GN98
P59596	P59596
Q8JN68	Q8JN68
Q927A7	Q927A7
A4XG66	A4XG66
D5MTT1	D5MTT1
Q8BFZ6	Q8BFZ6
Q6DET9	Q6DET9
Q6DET9	A6IPG1
Q6DET9	O70251
Q6DET9	Q5E983
Q6DET9	P30151
Q9VHD2	Q9VHD2
A0RXT6	A0RXT6
Q8WWG9	Q8WWG9
A6VQW4	A6VQW4
A6VQW4	Q0I2N7
A6VQW4	A5UCY8
A6VQW4	P57937
A6VQW4	P44430
Q7T3C6	Q7T3C6
Q7T3C6	Q6DJE4
Q5QT56	Q5QT56
Q5QT56	Q9ET38
Q5QT56	Q8N6F1
Q9V6Q2	Q9V6Q2
O00233	O00233
O00233	Q9WTV5
O00233	Q3SZ19
P00885	P00885
Q1IE06	Q1IE06
Q1IE06	Q3K7J7
P25007	P25007
P25007	P29117
A4W7Z3	A4W7Z3
A4W7Z3	B5XZU3
Q4L8T0	Q4L8T0
Q4L8T0	Q6GE17
Q4L8T0	A6QJQ5
Q9LK95	Q9LK95
Q9LK95	Q9SPG9
A3PGF8	A3PGF8
A3PGF8	Q52698
P21159	P21159
Q167J3	Q167J3
Q167J3	Q1GGM0
Q8GWH3	Q8GWH3
P36121	P36121
P74290	P74290
Q08079	Q08079
O34825	O34825
Q6KIQ6	Q6KIQ6
Q7L8S5	Q7L8S5
Q9D0S4	Q9D0S4
Q9D0S4	Q9BR09
A9HI30	A9HI30
Q9D7A8	Q9D7A8
Q9D7A8	Q9NVT9
O04846	O04846
Q9JK23	Q9JK23
Q9JK23	O95456
Q9JK23	B0KW86
Q9JK23	Q0P5F2
F4KBF5	F4KBF5
Q9M643	Q9M643
Q0SWH9	Q0SWH9
P78795	P78795
B9L1Z5	B9L1Z5
O35387	O35387
O35387	Q7TSE9
O35387	O00165
O35387	Q2KIE2
P62593	P62593
A9BJ15	A9BJ15
P0CY49	P0CY49
Q64RE6	Q64RE6
Q64RE6	Q8ABB0
P33378	P33378
Q08DY6	Q08DY6
Q08DY6	O54917
Q08DY6	O75461
P67087	P67087
O82768	O82768
P05637	P05637
Q5ACM9	Q5ACM9
Q9SEU4	Q9SEU4
Q9SEU4	Q9LHP2
P0DUD0	P0DUD0
P0DUD0	O68718
Q1ISV1	Q1ISV1
C1CZ84	C1CZ84
Q6FYC7	Q6FYC7
Q18GX8	Q18GX8
Q79V62	Q79V62
Q8GXF8	Q8GXF8
P37634	P37634
Q3IIT0	Q3IIT0
P51079	P51079
F9UPU7	F9UPU7
Q1G9H1	Q1G9H1
Q54C49	Q54C49
G0RH19	G0RH19
P0AGB3	P0AGB3
Q9F437	Q9F437
Q03477	Q03477
B0K9L0	B0K9L0
A8M661	A8M661
A8M661	A4X4F8
P59414	P59414
Q8R138	Q8R138
B0SE58	B0SE58
A0QNI7	A0QNI7
B3EEG6	B3EEG6
B3EEG6	Q3ATC0
B3EEG6	Q3B5P9
B3EEG6	B4S3H1
B3EEG6	A4SDF5
P32263	P32263
Q12634	Q12634
Q12634	F9XMW6
Q12634	P50161
Q12634	Q00791
Q0VM18	Q0VM18
Q7M8B4	Q7M8B4
P97586	P97586
P97586	Q8R1U2
Q9NPF0	Q9NPF0
O32153	O32153
Q54NC1	Q54NC1
Q8YI59	Q8YI59
Q8YI59	B0CHL2
Q03CB3	Q03CB3
B9E106	B9E106
B3QPX7	B3QPX7
P21242	P21242
Q9USH7	Q9USH7
P27105	P27105
P27105	P54116
Q7X9H9	Q7X9H9
Q7X9H9	Q7X9N2
Q9ZVH3	Q9ZVH3
B6HJU2	B6HJU2
A6UNU0	A6UNU0
A6UNU0	A6VFM7
P0CT46	P0CT46
Q07560	Q07560
A1YF08	A1YF08
A1YF08	P70118
A1YF08	P52947
A1YF08	A2T756
A1YF08	P52945
A1YF08	P52946
P27426	P27426
A2SKU4	A2SKU4
Q4JC35	Q4JC35
Q96A28	Q96A28
Q1QDK8	Q1QDK8
P52841	P52841
A9MIE1	A9MIE1
A9MIE1	Q0T281
A9MIE1	A7ZPM7
A9MIE1	B1IX45
A9MIE1	Q8XBJ3
A9MIE1	B7LKK8
A9MIE1	B7LCH1
A9MIE1	B1LMM1
A9MIE1	C5W7D8
A9MIE1	P77245
A9MIE1	A8ADG3
A9MIE1	Q31Y52
A9MIE1	Q32DC7
Q86IL5	Q86IL5
Q1D5Q0	Q1D5Q0
A0A455LJ99	A0A455LJ99
B9MFP8	B9MFP8
P55925	P55925
P29219	P29219
P29219	O77591
P29219	P20456
P29219	P29218
P29219	O55023
P29219	P97697
P29219	Q5R4X0
P43569	P43569
A1WUU4	A1WUU4
A1ALZ9	A1ALZ9
A6VJM9	A6VJM9
A6VJM9	A4FYQ3
A6VJM9	Q57695
A6VJM9	A9A656
Q59M56	Q59M56
F4J7A7	F4J7A7
O29352	O29352
Q04549	Q04549
Q8K305	Q8K305
A1B0G4	A1B0G4
A1B0G4	A8LI73
A1B0G4	Q164G1
A1B0G4	Q3J2B9
Q9ZVL6	Q9ZVL6
E1JIB2	E1JIB2
A5GFQ5	A5GFQ5
A5GFQ5	Q9DAU1
A5GFQ5	Q9BT09
A5GFQ5	Q0P5N1
P20632	P20632
Q4X158	Q4X158
M4VQY9	M4VQY9
Q8TRK8	Q8TRK8
P81379	P81379
B2RI95	B2RI95
B2RI95	Q7MUH6
Q567X1	Q567X1
A5U5T4	A5U5T4
A5U5T4	A1KLT2
A5U5T4	A0QWJ5
P40516	P40516
Q5E965	Q5E965
Q5E965	Q9WUE3
Q5E965	O14569
Q9LHS9	Q9LHS9
F4IA73	F4IA73
F4IA73	Q9ZRW8
F4IA73	Q9SHH7
Q8LEM7	Q8LEM7
Q8LEM7	Q8LAS7
Q8LEM7	Q3HRP5
Q8TBE3	Q8TBE3
A2SZW8	A2SZW8
A2SZW8	P52572
A2SZW8	P0C5C9
A2SZW8	P0C5C8
A2SZW8	P0C5D1
Q8VZ52	Q8VZ52
B7K1G1	B7K1G1
B7K1G1	P0A385
B7K1G1	Q0ZIY9
B7K1G1	Q2L933
B7K1G1	Q8M9Z4
B7K1G1	Q7V2X6
B7K1G1	Q8WHZ3
B7K1G1	P00165
B7K1G1	P48121
B7K1G1	Q7U4U6
B7K1G1	Q7VDK9
B7K1G1	O78416
B7K1G1	Q57038
B7K1G1	B0JM94
Q9I8G4	Q9I8G4
B8GWW6	B8GWW6
A9I769	A9I769
Q3T004	Q3T004
Q3T004	P49255
Q9N5A8	Q9N5A8
Q64625	Q64625
Q3IMR2	Q3IMR2
Q8LET2	Q8LET2
P41914	P41914
P93830	P93830
Q0I3C2	Q0I3C2
Q0I3C2	P45247
P53256	P53256
Q9CQ10	Q9CQ10
Q9CQ10	Q6NY88
Q9CQ10	Q8CGS4
Q9CQ10	Q5RAU5
Q9CQ10	Q6NRM7
Q9CQ10	Q4R574
Q69K55	Q69K55
Q69K55	A0A498JQK2
Q69K55	Q9SWE5
P83690	P83690
A0A2U7R6V5	A0A2U7R6V5
Q9ESG3	Q9ESG3
Q9ESG3	Q9ESG4
Q9ESG3	Q0VCT4
Q9ESG3	Q9HBJ8
Q9BRT9	Q9BRT9
Q9BRT9	Q7ZT48
Q9BRT9	Q499W2
Q9CR11	Q9CR11
P23673	P23673
Q9YGK2	Q9YGK2
Q474K5	Q474K5
P19748	P19748
P36218	P36218
Q8CFU8	Q8CFU8
Q8CFU8	Q8IXH6
Q9LUR3	Q9LUR3
Q9LUR3	Q93ZE5
P9WI51	P9WI51
Q15005	Q15005
Q15005	Q28250
Q15005	Q9CYN2
B2KES3	B2KES3
P12827	P12827
O67786	O67786
Q5NCY3	Q5NCY3
Q9LSS7	Q9LSS7
Q602R3	Q602R3
P08287	P08287
P08287	P08284
P08287	P16402
P08287	P02253
P08287	A7MAZ5
A6NI61	A6NI61
A6NI61	Q9D1N4
A6NI61	Q6IQ69
Q8TS37	Q8TS37
A3Q145	A3Q145
A3Q145	A1UHM2
A3DMM2	A3DMM2
O61790	O61790
B8GMB3	B8GMB3
P28094	P28094
Q1RML1	Q1RML1
Q1RML1	Q16763
Q1RML1	B5DFI8
Q1RML1	Q921J4
Q1RML1	Q28F89
P9WGL9	P9WGL9
Q8VXU6	Q8VXU6
Q8BGU2	Q8BGU2
Q8BGU2	P98087
Q8BGU2	Q8IUK8
Q8BGU2	Q8BME9
Q8BGU2	Q9R171
Q8BGU2	P86437
Q9BRV3	Q9BRV3
Q9BRV3	Q9CXK4
P32489	P32489
A0PYX5	A0PYX5
P17509	P17509
P17509	P09023
Q9Y3A3	Q9Y3A3
Q8L5T5	Q8L5T5
Q68W16	Q68W16
Q12981	Q12981
B0KP28	B0KP28
B0KP28	A6W2V3
B0KP28	Q9I6G1
B0KP28	B1J2A2
P56748	P56748
P56748	Q9Z260
Q1L721	Q1L721
Q10171	Q10171
P76318	P76318
Q9UBS3	Q9UBS3
Q9UBS3	Q9QYI6
B8HXS4	B8HXS4
A5VVQ3	A5VVQ3
Q6Z6W2	Q6Z6W2
O24362	O24362
O24362	O23715
P11226	P11226
P11226	Q66S62
P11226	Q66S37
P11226	Q66S63
P11226	Q66S41
P11226	Q66S61
P11226	Q66S60
P11226	Q66S50
P11226	Q66S58
P11226	Q66S45
P11226	Q66S54
P11226	Q66S64
A6GW45	A6GW45
P0DTF8	P0DTF8
P0DTF8	D7Y2H5
A3DJK8	A3DJK8
Q886L5	Q886L5
Q886L5	Q1I654
Q886L5	B0KSC7
Q886L5	C1DSR8
Q886L5	Q48F87
Q886L5	Q02R97
Q886L5	A6V1G3
Q886L5	B7V8C4
P47150	P47150
Q8BH50	Q8BH50
B0SK77	B0SK77
Q9AGK2	Q9AGK2
Q7NB93	Q7NB93
C0NN85	C0NN85
P9WQ11	P9WQ11
P9WQ11	Q9CB92
B1KTJ6	B1KTJ6
B1KTJ6	A7FQN8
B1KTJ6	B2UY22
B1KTJ6	A5N2N7
A0QVY5	A0QVY5
A0QVY5	A1KM58
A0QVY5	A0QIQ3
A0QVY5	P9WHR7
A0QVY5	A1T7V4
A0QVY5	A3PYG6
A0QVY5	B8ZQU5
A1ASL7	A1ASL7
Q8MR62	Q8MR62
P17055	P17055
O74914	O74914
O70456	O70456
O70456	P31947
O70456	Q0VC36
Q9H446	Q9H446
Q9H446	Q9CQK7
Q9H446	Q99ND9
Q8TF63	Q8TF63
Q38825	Q38825
Q38825	Q38832
P45073	P45073
P45073	P0A9V1
Q6NGP2	Q6NGP2
Q6NGP2	Q8RQN0
Q99JY1	Q99JY1
Q99JY1	P58753
Q4Q9X8	Q4Q9X8
Q5P5I4	Q5P5I4
O30297	O30297
P9WK55	P9WK55
P28861	P28861
P28861	P28901
O14222	O14222
Q2VF17	Q2VF17
Q17QK9	Q17QK9
Q17QK9	A3KPA3
Q17QK9	Q9DBU2
Q17QK9	Q9H7X0
Q17QK9	Q3MHC1
Q17QK9	A8E5V7
O59640	O59640
O59640	Q8TU03
Q9BPW5	Q9BPW5
Q9BPW5	Q922H7
P24061	P24061
P24061	P02830
P24061	P31268
P0ABM1	P0ABM1
P9WEX1	P9WEX1
P07669	P07669
Q1QVV3	Q1QVV3
Q33DL3	Q33DL3
A8FST3	A8FST3
A8FST3	Q8EBR5
A8FST3	Q0HL67
A8FST3	B8E8T6
A8FST3	B1KPT1
O34817	O34817
Q8VSR1	Q8VSR1
Q8VSR1	O52623
Q9M022	Q9M022
Q9ET35	Q9ET35
B0U1D6	B0U1D6
B0U1D6	Q3BMA4
B0U1D6	Q8PER4
B0U1D6	Q2P8Z6
B0U1D6	Q4UNV9
Q93899	Q93899
Q8NHG8	Q8NHG8
Q8NHG8	Q71FD5
Q9ABM9	Q9ABM9
O35000	O35000
Q0C4U8	Q0C4U8
Q9SP08	Q9SP08
A4GYZ0	A4GYZ0
A4SE87	A4SE87
P45610	P45610
P45610	P02929
P45610	P25945
P45610	P46383
P46948	P46948
P00335	P00335
A1APM0	A1APM0
Q5DT36	Q5DT36
Q5DT36	Q5DT37
Q9FUT1	Q9FUT1
Q9FUT1	Q9FUS6
Q9U3N5	Q9U3N5
P23670	P23670
Q9SSW1	Q9SSW1
Q8N9E0	Q8N9E0
Q9QUM9	Q9QUM9
Q9QUM9	P60900
A0A0H3JN63	A0A0H3JN63
C5BPP8	C5BPP8
Q04618	Q04618
Q04618	P10000
P0DW07	P0DW07
Q12318	Q12318
O60499	O60499
Q9HJT5	Q9HJT5
Q9S720	Q9S720
Q9KJF1	Q9KJF1
Q9LM93	Q9LM93
Q9LDE4	Q9LDE4
P51831	P51831
Q2KHN1	Q2KHN1
Q2KHN1	Q9CQ29
Q0RWC9	Q0RWC9
O48950	O48950
P09417	P09417
P09417	Q8BVI4
P09417	P11348
P09417	Q3T0Z7
Q9M1E6	Q9M1E6
Q27562	Q27562
P42252	P42252
B9MP52	B9MP52
Q7PQD1	Q7PQD1
Q2RPW9	Q2RPW9
C1A1H0	C1A1H0
C1A1H0	C1AUL1
Q9UKA8	Q9UKA8
Q9UKA8	Q9JKK0
Q9UKA8	Q2KIA1
G5EBR8	G5EBR8
Q02U31	Q02U31
Q02U31	Q48CM0
A8GQY1	A8GQY1
A8GQY1	Q68XL3
A8GQY1	A8F0R3
A8GQY1	A8GMC4
Q9B6D5	Q9B6D5
Q16653	Q16653
Q16653	Q61885
Q16653	P55803
Q16653	Q63345
Q16653	Q29ZQ1
O46101	O46101
Q3AB79	Q3AB79
Q3AB79	Q65JJ7
Q3AB79	Q5WFT0
Q3AB79	Q9KA65
Q3AB79	Q819Y0
Q3AB79	Q2FZ22
Q3AB79	Q8CSU1
Q3AB79	A7Z4S2
Q3AB79	O31749
Q3AB79	Q831V1
Q11LD0	Q11LD0
P10235	P10235
J4KLK4	J4KLK4
Q28V29	Q28V29
P08773	P08773
Q757H6	Q757H6
Q2J302	Q2J302
Q38876	Q38876
Q0VD27	Q0VD27
Q0VD27	Q9UHY7
Q0VD27	Q5PPH0
Q0VD27	Q8BGB7
Q8W4J8	Q8W4J8
Q5X1M8	Q5X1M8
Q5X1M8	A5IAR5
Q5X1M8	Q5ZS58
A6LEL8	A6LEL8
A6LEL8	Q8A2U3
P38632	P38632
A0AK12	A0AK12
A0AK12	Q92AA1
A0AK12	Q71YA8
A0AK12	C1KWK7
P40936	P40936
Q98DM7	Q98DM7
Q98DM7	Q11CA6
Q42379	Q42379
P68613	P68613
P76469	P76469
P76469	B5BCQ6
P76469	Q3YZW1
P76469	B7NN63
P76469	Q0TFJ7
P76469	B5R262
P76469	Q8FFN0
P76469	Q8Z549
P76469	B4TPH2
P76469	Q8XE09
P75096	P75096
Q03768	Q03768
P46299	P46299
P46299	Q93VH9
P46299	P49204
P46299	Q8VYK6
B6ENC8	B6ENC8
B6ENC8	Q87SF5
B6ENC8	Q6LUK7
B6ENC8	Q8DEM0
Q9EQR5	Q9EQR5
A4WWP7	A4WWP7
A4WWP7	B9KP40
Q06991	Q06991
Q9BRJ9	Q9BRJ9
Q899H1	Q899H1
Q899H1	A5N4K7
Q899H1	A0PXN1
Q899H1	C1FNC9
Q8XKQ7	Q8XKQ7
Q8XKQ7	Q0STA0
Q8L3X8	Q8L3X8
Q9D1J1	Q9D1J1
Q9D1J1	Q5E9Q4
Q9D1J1	Q9NVZ3
Q9D1J1	Q6P756
Q24UB4	Q24UB4
Q24UB4	B8FRK8
P0AFK6	P0AFK6
Q3URF8	Q3URF8
Q3URF8	Q4G0X4
O31156	O31156
O31156	A7GML9
O31156	A9VKQ2
Q8IVQ6	Q8IVQ6
Q8IVQ6	Q9D270
Q8IVQ6	A2VDT6
Q8YNJ3	Q8YNJ3
P09079	P09079
P09079	P09067
Q12ZG1	Q12ZG1
P0AEU0	P0AEU0
P0AEU0	P02910
H1VN83	H1VN83
O08343	O08343
P57304	P57304
P57304	B8D907
P57304	C6DC59
P57304	B5BL96
P57304	Q7N893
P57304	Q2NVS2
P57304	Q32K91
P57304	B7MNY2
P57304	A6T4R5
P57304	P0A7F6
P57304	A7FM34
P57304	B5F814
P57304	C4K3X2
P57304	A9MPN4
P57304	B7MBA3
Q30154	Q30154
Q30154	P04231
Q30154	P04230
Q30154	P18469
Q30154	P18468
Q30154	P13762
Q30154	P01915
Q30154	P20040
Q30154	P01911
Q30154	P79483
Q30154	P18211
Q13156	Q13156
Q8EPB4	Q8EPB4
Q6NYT1	Q6NYT1
Q6CI62	Q6CI62
A1AW91	A1AW91
A0A0D1DPX0	A0A0D1DPX0
P53262	P53262
Q5EBA3	Q5EBA3
Q5EBA3	O35906
Q5EBA3	Q01892
Q8WUE5	Q8WUE5
Q9EST4	Q9EST4
Q9EST4	Q969U7
Q9UZQ4	Q9UZQ4
Q9UZQ4	Q8U191
Q63190	Q63190
Q63190	O08579
Q63190	P50402
Q87C88	Q87C88
Q87C88	Q4UT63
Q87C88	Q2P2Y5
Q8U377	Q8U377
Q8U377	O58456
P69052	P69052
P69052	P29563
Q1LW01	Q1LW01
P14141	P14141
P14141	Q5S1S4
P14141	P07451
P14141	P07450
P14141	Q3SZX4
P14141	P16015
B5EL84	B5EL84
B5EL84	B7J3R3
Q99394	Q99394
O24408	O24408
Q54TC9	Q54TC9
C3PHK5	C3PHK5
A5FS34	A5FS34
Q00853	Q00853
P49401	P49401
P49401	P22090
P49401	Q9USW5
P49401	G1TK17
P49401	P0CX36
P49401	P87158
P49401	P41042
P49401	Q6PBC4
P49401	Q642H9
P49401	P62701
P49401	A0A1D8PCI6
P66923	P66923
P66923	Q6GEY3
P66923	Q2FWG2
F7FQM7	F7FQM7
F7FQM7	M3XYN3
F7FQM7	P0DMS6
F7FQM7	A0A2Y9HRR8
F7FQM7	P0DTQ9
F7FQM7	F7HUS6
F7FQM7	P0DP49
F7FQM7	P02647
F7FQM7	P0DJG1
F7FQM7	A0A2K5QCI5
F7FQM7	P02648
F7FQM7	P0DM91
F7FQM7	P0DTR0
F7FQM7	P0DMS4
F7FQM7	P0DMC1
F7FQM7	A0A2K5EJU6
F7FQM7	D2HC77
F7FQM7	I3M072
F7FQM7	D7PGV9
F7FQM7	P0DTU8
F7FQM7	P09809
F7FQM7	O18759
F7FQM7	P0DTU5
F7FQM7	P0DTU6
F7FQM7	P18648
F7FQM7	P0DMA9
F7FQM7	P0DMA6
F7FQM7	P15497
F7FQM7	P0DMB0
F7FQM7	P0DTU9
F7FQM7	Q9Z2L4
F7FQM7	P0DTV1
F7FQM7	P0DTV2
F7FQM7	P0DMS3
F7FQM7	P0DMS2
F7FQM7	P0DMC0
F7FQM7	A0A2K6TRM6
F7FQM7	P0DMA8
F7FQM7	P0DMS5
P28067	P28067
P28067	P28078
Q11QI8	Q11QI8
P62722	P62722
P62722	P07545
Q60DX1	Q60DX1
Q60DX1	Q5JK24
Q9FMX0	Q9FMX0
F4IMK2	F4IMK2
F4IMK2	O80474
F4IMK2	F4IMK4
F4IMK2	O80472
Q30TG0	Q30TG0
P26936	P26936
A6NJ46	A6NJ46
A6NJ46	Q3UHX8
A5IME8	A5IME8
O91275	O91275
O91275	P30737
O91275	P69513
O91275	P03583
Q6CXB9	Q6CXB9
P55866	P55866
P50591	P50591
Q814N9	Q814N9
Q814N9	Q81JR5
Q2YWE7	Q2YWE7
Q2YWE7	Q2FV59
Q9LSV0	Q9LSV0
Q9VIP7	Q9VIP7
P40961	P40961
P40961	H1VPS8
P57052	P57052
Q4L976	Q4L976
C0QFJ2	C0QFJ2
Q9FNI3	Q9FNI3
A6ZVM6	A6ZVM6
A6ZVM6	P38626
A1L3X0	A1L3X0
A1L3X0	Q9D2Y9
A1L3X0	A0JNC4
A1L3X0	D4ADY9
Q9DE06	Q9DE06
Q9DE06	Q9DG10
C3LJV5	C3LJV5
C3LJV5	B7HNU4
C3LJV5	A0RIH3
B3QYG7	B3QYG7
A4FV27	A4FV27
A4FV27	Q9UJQ1
A4FV27	Q9D387
A4FV27	Q5PPI4
A4FV27	Q5R5V2
Q6PK04	Q6PK04
F4IJ79	F4IJ79
Q295T3	Q295T3
O57437	O57437
O57437	Q4V7Y4
O57437	Q76CY5
Q8LE43	Q8LE43
Q8CBG9	Q8CBG9
Q8CBG9	F1MK05
Q8CBG9	Q96K19
Q8CBG9	Q28DS3
P38855	P38855
Q1XID0	Q1XID0
Q1XID0	P52955
Q1XID0	P52954
Q1XID0	Q0P4H6
Q16270	Q16270
Q16270	Q61581
Q96F24	Q96F24
Q96F24	Q9QYK3
Q96F24	Q8VCQ3
Q46IA2	Q46IA2
P43756	P43756
Q64ZA1	Q64ZA1
Q64ZA1	Q8ABH7
P30279	P30279
P30279	Q04827
P30279	P30280
P30279	Q0P5D3
P30279	Q8WNW2
B3PJN8	B3PJN8
A1U4D6	A1U4D6
P9WPF9	P9WPF9
O08584	O08584
O08584	Q99612
O08584	O35819
Q9BEA8	Q9BEA8
Q9BEA8	P48023
Q9BEA8	Q861W5
Q9BEA8	P63307
Q9BEA8	Q9BDN1
Q9BEA8	P41047
Q9BEA8	P36940
Q1GGU4	Q1GGU4
A1DEZ0	A1DEZ0
Q2JLR0	Q2JLR0
Q2JLR0	Q2JUV6
B8NWE1	B8NWE1
Q057D3	Q057D3
Q86SM5	Q86SM5
O49460	O49460
O49460	Q9FFH5
O49460	Q9SIL6
O49460	Q9ZNT7
C6WID8	C6WID8
Q5XJ85	Q5XJ85
B4EVF5	B4EVF5
B4EVF5	P75960
B4EVF5	Q8ZFR1
B4EVF5	Q83RR8
B4EVF5	P0A2F2
B4EVF5	Q8FIM4
B4EVF5	Q8X8E0
Q8W2F2	Q8W2F2
Q989T9	Q989T9
Q95Q39	Q95Q39
P14190	P14190
A9BN40	A9BN40
A9BN40	B4EDA2
A9BN40	Q7WD73
A9BN40	A3ML78
A9BN40	A9IIP6
A9BN40	Q1BHS1
A9BN40	A2SJR1
A9BN40	Q13X06
A9BN40	Q7W5N7
A9BN40	A1VLH2
A9BN40	A1K7F7
A9BN40	B2FK85
A9BN40	Q9PDU0
A9BN40	B0U657
A9BN40	B0RUK2
A9BN40	Q8PLS2
A9BN40	Q2P1K6
A9BN40	B1Y4K5
P67477	P67477
P67477	P13243
P67477	Q5HM97
Q5E982	Q5E982
Q5E982	Q9H2P9
Q5E982	Q9CWQ0
Q9EPA7	Q9EPA7
Q9EPA7	Q9HAN9
Q9EPA7	Q0VD50
Q9QXP7	Q9QXP7
Q9QXP7	Q5XIG2
Q9QXP7	Q9BXJ1
Q86K86	Q86K86
B2IM77	B2IM77
B2IM77	A3CQ79
Q91DD6	Q91DD6
Q91DD6	Q8JPX6
Q7Z991	Q7Z991
Q6CAB5	Q6CAB5
B7HHU4	B7HHU4
B7HHU4	B7JHQ7
B7HHU4	Q63DJ2
B7HHU4	Q81FN6
B7HHU4	B7IPB8
B7HHU4	C3L8P9
B7HHU4	B7HL54
B7HHU4	A9VMF0
A6UEF5	A6UEF5
A6UEF5	B3PVT4
A6UEF5	Q92TF0
A6UEF5	B9JG24
P35196	P35196
Q8H1Q1	Q8H1Q1
Q1G3U6	Q1G3U6
P94592	P94592
O84530	O84530
B0V3F8	B0V3F8
A4TPX1	A4TPX1
A4TPX1	B1JK18
A4TPX1	A7FM05
Q9FM19	Q9FM19
Q9FM19	Q9SRH6
Q9FM19	Q9CAR7
Q9C909	Q9C909
Q9UPY8	Q9UPY8
Q9UPY8	Q5XIT1
A6Q1P1	A6Q1P1
A6Q1P1	Q30PH2
P43563	P43563
Q3ACZ8	Q3ACZ8
Q12WC7	Q12WC7
Q11TY6	Q11TY6
A1B5V3	A1B5V3
A1B5V3	A4WVZ4
Q54FE6	Q54FE6
Q4PR49	Q4PR49
B6ZK72	B6ZK72
Q47R98	Q47R98
Q9VBN7	Q9VBN7
P93740	P93740
O35043	O35043
Q9KTK0	Q9KTK0
Q9KTK0	Q5E7A3
Q9KTK0	Q87RS6
Q9KTK0	B7VIV4
Q7NQS8	Q7NQS8
A8MLM9	A8MLM9
A8MLM9	A6M1N9
A8MLM9	B2TMY2
A8MLM9	Q0TTQ7
A8MLM9	Q0SVK7
A0A0M0ELU2	A0A0M0ELU2
B7NTU4	B7NTU4
B7NTU4	P0A6D5
B7NTU4	B7M0P8
B7NTU4	B7MAQ2
B7NTU4	Q8ZPR4
B7NTU4	B4T4Q4
Q9SCY5	Q9SCY5
P0C0S1	P0C0S1
P81781	P81781
P81781	P37322
P81781	P16897
P81781	Q03170
Q86UF1	Q86UF1
Q86UF1	Q8R3S2
Q86UF1	Q3SYV5
Q86UF1	Q5RH71
Q8L7I4	Q8L7I4
P19499	P19499
Q68XB5	Q68XB5
Q68XB5	A8EY05
Q68XB5	Q4UKP8
Q68XB5	Q92IT1
B8HU20	B8HU20
Q4DUK7	Q4DUK7
A0A7J6KBZ0	A0A7J6KBZ0
Q9H9H4	Q9H9H4
Q9H9H4	Q8R0J7
Q3T062	Q3T062
Q3T062	Q9Y3B9
Q3T062	Q9CYX7
Q3T062	Q5M947
A5WCV5	A5WCV5
A5WCV5	Q4FR05
Q5NL15	Q5NL15
Q11F82	Q11F82
Q11F82	A1B2L0
P60588	P60588
P60588	O14494
P60588	Q61469
P60588	O08564
P60588	O88956
P77379	P77379
Q9FKD9	Q9FKD9
Q9D780	Q9D780
Q1CR79	Q1CR79
Q1CR79	B5Z9F8
A8F7T6	A8F7T6
A8F7T6	Q9X0G6
A8F7T6	O86953
A8F7T6	A5IN99
Q5FWM2	Q5FWM2
A7NET5	A7NET5
A2C243	A2C243
Q8W036	Q8W036
C4LBL2	C4LBL2
Q2FUB7	Q2FUB7
Q9C7U7	Q9C7U7
P9WJJ7	P9WJJ7
Q96SI1	Q96SI1
Q96SI1	Q8R4G8
Q96SI1	Q719H9
Q96SI1	Q6DC02
Q96SI1	Q5XJ34
Q96SI1	Q8K0E1
Q6PHW0	Q6PHW0
Q6PHW0	Q6TA49
Q6PHW0	Q5REW1
Q6PHW0	Q5BK17
Q6PHW0	Q9DCX8
A7GCL0	A7GCL0
A7GCL0	A5I112
A7GCL0	C1FKP7
A7GCL0	B1KZC8
P38921	P38921
Q9P4D8	Q9P4D8
Q5FRN1	Q5FRN1
Q556N5	Q556N5
O34760	O34760
Q2HJC0	Q2HJC0
B2AUV0	B2AUV0
Q86XI6	Q86XI6
Q86XI6	A6QNP3
Q86XI6	Q8C767
Q86XI6	Q6IN01
Q73N18	Q73N18
Q6LN10	Q6LN10
B5EAS8	B5EAS8
Q9Y275	Q9Y275
Q4J6M6	Q4J6M6
F4IEY4	F4IEY4
A0AAT9JA24	A0AAT9JA24
A0AAT9JA24	E9Q3D4
A0AAT9JA24	A0A8I6GJ95
A0AAT9JA24	Q9MYP6
A0AAT9JA24	Q9BPX1
Q6ZM63	Q6ZM63
Q6ZM63	Q9UHW5
Q6ZM63	Q6R518
Q6ZM63	Q9D3W4
Q6ZM63	Q0P5E2
A3N0Q7	A3N0Q7
A3N0Q7	B3GXP3
A3N0Q7	Q9CJR1
A3N0Q7	A5UAS4
A3N0Q7	Q0I3S5
B0S9V0	B0S9V0
Q6PC24	Q6PC24
F4JNX3	F4JNX3
Q5AV79	Q5AV79
Q03994	Q03994
Q03994	Q99317
Q03994	Q99320
Q03994	P50498
Q03994	P19260
Q5BJJ7	Q5BJJ7
Q3Z663	Q3Z663
Q6FQU6	Q6FQU6
Q7UFW7	Q7UFW7
O29362	O29362
Q21109	Q21109
B7G267	B7G267
Q9XUK2	Q9XUK2
P16430	P16430
P0A9G2	P0A9G2
Q1G9W6	Q1G9W6
Q06188	Q06188
Q8NGZ3	Q8NGZ3
P9WKD3	P9WKD3
Q9HTB6	Q9HTB6
P75798	P75798
P15028	P15028
Q9VDD1	Q9VDD1
Q3URY0	Q3URY0
Q9C9K7	Q9C9K7
Q9SXA6	Q9SXA6
Q42538	Q42538
C4Z0T6	C4Z0T6
Q2YA46	Q2YA46
P51086	P51086
Q9BLM6	Q9BLM6
Q9BLM6	Q5J7P3
Q5F4B1	Q5F4B1
P13051	P13051
P13051	P97931
Q89DJ1	Q89DJ1
Q89DJ1	Q0BPP0
Q89DJ1	Q92N73
Q89DJ1	Q8UDA9
Q89DJ1	Q8YIG1
Q89DJ1	Q98HW3
P0AG40	P0AG40
B3ES47	B3ES47
Q8DTN6	Q8DTN6
B1LAF5	B1LAF5
B1LAF5	P16115
B5XKW0	B5XKW0
B5XKW0	Q8DUP5
B5XKW0	Q5M0X1
B5XKW0	A4VUG7
Q3V7Z9	Q3V7Z9
Q3V7Z9	Q3IMI0
Q3V7Z9	Q18KP1
Q3V7Z9	D4GSS5
Q42588	Q42588
Q6NWG1	Q6NWG1
Q6AYQ2	Q6AYQ2
Q60887	Q60887
B8JB61	B8JB61
Q54YN3	Q54YN3
Q8NGR6	Q8NGR6
Q1PDI1	Q1PDI1
P15029	P15029
P0DX69	P0DX69
Q8WVL7	Q8WVL7
Q8WVL7	Q8VE42
Q875I9	Q875I9
A1RXJ4	A1RXJ4
A0SIF1	A0SIF1
A0SIF1	A0SIX6
Q9D309	Q9D309
Q9D309	P58499
A8MVS5	A8MVS5
Q9V2I3	Q9V2I3
Q8JGT9	Q8JGT9
A1RY04	A1RY04
P34599	P34599
Q9F466	Q9F466
Q11L51	Q11L51
O22788	O22788
Q47R19	Q47R19
B8GXJ5	B8GXJ5
B8GXJ5	B0T410
Q40476	Q40476
B1MH53	B1MH53
Q2RZ59	Q2RZ59
P37478	P37478
P37478	Q9RDT5
O76908	O76908
Q9NZC2	Q9NZC2
P48307	P48307
P48307	Q7YRQ8
B3E693	B3E693
Q2P5R1	Q2P5R1
Q2P5R1	B0RQR6
Q2P5R1	Q8PIM0
C7YJ02	C7YJ02
G2X0L1	G2X0L1
G2X0L1	I1S2K3
Q8EUY3	Q8EUY3
Q2G2Y0	Q2G2Y0
Q9NSI2	Q9NSI2
P28971	P28971
Q8U1G7	Q8U1G7
Q8U1G7	Q6LZE9
Q6G253	Q6G253
Q8EUD0	Q8EUD0
G5EDQ9	G5EDQ9
O69730	O69730
Q9VQG2	Q9VQG2
Q9LSN7	Q9LSN7
O60248	O60248
O60248	P43267
Q7XTV3	Q7XTV3
O48646	O48646
B4SCU3	B4SCU3
P16448	P16448
A6VHF2	A6VHF2
P95993	P95993
Q8IZS5	Q8IZS5
P38064	P38064
Q60961	Q60961
Q60961	Q15012
A2SS66	A2SS66
A3CUB9	A3CUB9
Q7Z444	Q7Z444
Q7Z444	Q7TN89
O80927	O80927
P28493	P28493
A3QET2	A3QET2
Q4JAQ2	Q4JAQ2
Q4JAQ2	Q976J6
Q92P97	Q92P97
Q92P97	A6U9W5
Q3ZXV5	Q3ZXV5
Q9LZT4	Q9LZT4
Q9LZT4	Q9LZT5
A0R756	A0R756
A8JHD7	A8JHD7
O45100	O45100
Q0AXU4	Q0AXU4
Q8ZRX5	Q8ZRX5
Q8ZRX5	Q8XA35
Q8ZRX5	Q8FLA6
Q8ZRX5	P31551
Q20716	Q20716
Q8YLG0	Q8YLG0
P44332	P44332
A0A161CKG1	A0A161CKG1
Q67J19	Q67J19
Q6UE05	Q6UE05
C0H582	C0H582
P35548	P35548
P35548	Q03358
P35548	Q0P5C3
O97863	O97863
Q5AFP3	Q5AFP3
A6UVA8	A6UVA8
P43038	P43038
P43038	Q6MUM4
P50112	P50112
Q6YYW5	Q6YYW5
O26739	O26739
O51477	O51477
O51477	Q660Z6
O66496	O66496
Q8C8K3	Q8C8K3
Q8YCN7	Q8YCN7
Q8YCN7	Q8FVN0
P73335	P73335
Q18248	Q18248
Q0JHF1	Q0JHF1
Q2RJD1	Q2RJD1
Q4PSU4	Q4PSU4
Q6RYA0	Q6RYA0
P32400	P32400
O43561	O43561
A6Q3Y6	A6Q3Y6
Q8RGM4	Q8RGM4
P59025	P59025
P59025	Q5QGT7
P59025	Q8C8C1
P59025	Q80ZI2
B5XLK7	B5XLK7
B5XLK7	P0DF17
Q6AKP0	Q6AKP0
Q2G2L1	Q2G2L1
A4IG53	A4IG53
A4IG53	F4ZGF2
Q9LSE4	Q9LSE4
Q9VWA8	Q9VWA8
Q31FF5	Q31FF5
Q69V10	Q69V10
O44156	O44156
Q8VZK0	Q8VZK0
A5JTM5	A5JTM5
P53570	P53570
Q10322	Q10322
Q46669	Q46669
A9WW74	A9WW74
A9WW74	B9J7S8
A9WW74	Q2KDB0
A9WW74	C3MCY6
A9WW74	Q8UIH5
A9WW74	A6WYI0
A9WW74	Q92SK7
K7UPS5	K7UPS5
Q04567	Q04567
P0C2C4	P0C2C4
P0C2C4	Q7Z7H8
P0C2C4	Q3MHY7
P0C2C4	Q3TBW2
A0A0E3NFS5	A0A0E3NFS5
A0A0E3NFS5	P96796
A0A0E3NFS5	Q8PVW4
Q9LX31	Q9LX31
Q03QF3	Q03QF3
P37524	P37524
P0A894	P0A894
P54721	P54721
Q9VTH4	Q9VTH4
O31544	O31544
P25613	P25613
P25613	P32907
O60930	O60930
O60930	Q5BK46
O60930	O70338
O36024	O36024
P77716	P77716
P87219	P87219
Q8CWZ1	Q8CWZ1
Q9P7C6	Q9P7C6
Q7X7N3	Q7X7N3
Q2N9C8	Q2N9C8
Q2N9C8	B1LWQ9
Q2N9C8	Q6N4V0
Q2N9C8	Q28UT7
Q2N9C8	Q5NQ48
Q9P451	Q9P451
B8GNA8	B8GNA8
A0LG64	A0LG64
B3VMP4	B3VMP4
Q05323	Q05323
Q9CES7	Q9CES7
P0C2W1	P0C2W1
P0C2W1	P0CH38
P0C2W1	B4F739
P0C2W1	Q8K3B1
P0C2W1	Q9V6L9
P0C2W1	B4KNC5
P0C2W1	B4LMQ3
P0C2W1	B4GBN7
O14627	O14627
O14627	Q07424
P66835	P66835
P66835	B9DUY3
Q1J5U5	Q1J5U5
Q035B3	Q035B3
A8FH15	A8FH15
A8FH15	O32114
Q9KYV7	Q9KYV7
P53965	P53965
A5N5B5	A5N5B5
Q3SZW3	Q3SZW3
Q3SZW3	Q9D0U9
Q3SZW3	Q9H2C2
Q9XI99	Q9XI99
Q84X53	Q84X53
O44740	O44740
P37051	P37051
P0DKL3	P0DKL3
Q96HS1	Q96HS1
Q96HS1	Q8BX10
Q96HS1	Q562B5
Q9RR45	Q9RR45
P39731	P39731
B8DKP2	B8DKP2
J4KLY0	J4KLY0
Q64770	Q64770
O91254	O91254
O91254	Q87009
O91254	Q9Z0D4
Q767J3	Q767J3
Q767J3	P11937
Q767J3	P00639
Q767J3	O18998
Q767J3	P24855
Q767J3	Q4AEE3
Q767J3	P49183
Q767J3	P11936
Q767J3	P21704
Q4JV03	Q4JV03
Q6BNL6	Q6BNL6
A2R7Z2	A2R7Z2
A2R7Z2	Q2U002
A2R7Z2	Q0CPF9
Q4WQZ0	Q4WQZ0
A9GQU6	A9GQU6
Q91ZB5	Q91ZB5
B8D8F1	B8D8F1
A0L3K8	A0L3K8
Q9NPL8	Q9NPL8
Q9NPL8	Q8BUY5
Q15SQ6	Q15SQ6
Q700X4	Q700X4
Q2TR58	Q2TR58
B2GAH2	B2GAH2
A1SYB5	A1SYB5
Q9LV17	Q9LV17
Q0U6E7	Q0U6E7
B9MKW9	B9MKW9
B9MKW9	A4XID4
Q4PR44	Q4PR44
Q4PR44	Q4PR52
Q4PR44	Q4PR43
Q4PR44	Q4PR51
Q4PR44	Q4PR42
Q4PR44	Q4PR39
P0C277	P0C277
P0C277	Q7NWQ6
Q30S99	Q30S99
O43688	O43688
O43688	Q2HJ61
O43688	Q9DAX2
O43688	Q8K593
Q8N954	Q8N954
Q8N954	Q3UFS4
Q1D7Y2	Q1D7Y2
Q2SUW7	Q2SUW7
Q2SUW7	P0AAH0
Q2SUW7	Q57HY8
Q2SUW7	Q4QK92
Q2SUW7	Q9AML4
Q2SUW7	Q6CYN3
Q2SUW7	Q7NZI7
Q2SUW7	Q7WMC3
Q2SUW7	Q2KVN7
Q2SUW7	P63365
Q2SUW7	Q1Q8K4
Q2SUW7	Q1C0A2
Q2SUW7	Q4FQD1
Q2SUW7	Q12BB2
Q2SUW7	Q62L74
Q2SUW7	Q3JTS8
Q2SUW7	Q20WP4
Q2SUW7	Q2J220
Q2SUW7	Q89VF2
Q2SUW7	Q6N0I5
Q46H41	Q46H41
Q9VIQ0	Q9VIQ0
Q9W769	Q9W769
Q8GYJ3	Q8GYJ3
P96210	P96210
Q7XM13	Q7XM13
O53664	O53664
P32524	P32524
B8E2T7	B8E2T7
Q9SJC4	Q9SJC4
Q94920	Q94920
Q7NXD4	Q7NXD4
Q84LH3	Q84LH3
Q1WUR6	Q1WUR6
P53703	P53703
P17211	P17211
Q0TMD6	Q0TMD6
Q9W2N0	Q9W2N0
B8IZX7	B8IZX7
E3VWI6	E3VWI6
E3VWI6	Q82IY9
B2UND0	B2UND0
A5DQ25	A5DQ25
Q3SX64	Q3SX64
P45873	P45873
B9E8V7	B9E8V7
P38759	P38759
Q9LU01	Q9LU01
Q05871	Q05871
Q0SFS2	Q0SFS2
P23839	P23839
Q58414	Q58414
K7TLS0	K7TLS0
B1WTF7	B1WTF7
B1WTF7	B7K1T1
P13022	P13022
Q16DW6	Q16DW6
A7TT36	A7TT36
A7TT36	Q74ZK8
Q5LWR2	Q5LWR2
Q5LGU6	Q5LGU6
Q5LGU6	A6LE09
Q5LGU6	A6L1U8
P21989	P21989
A0LLU7	A0LLU7
Q9C9L4	Q9C9L4
Q9C9L4	O48782
Q9C9L4	I3SL57
Q9LSX7	Q9LSX7
P35428	P35428
P35428	Q5PPM5
P35428	Q8AVU4
P35428	Q6IRB2
P35428	Q04666
P35428	Q3ZBG4
P35428	Q14469
Q21752	Q21752
Q0ZQ43	Q0ZQ43
Q0E1I7	Q0E1I7
P20428	P20428
B0JPM6	B0JPM6
Q9BQE6	Q9BQE6
Q6GN30	Q6GN30
A0QV09	A0QV09
Q9XF89	Q9XF89
Q06667	Q06667
Q8W119	Q8W119
A7NQM8	A7NQM8
A7NQM8	A5UUN1
P30656	P30656
B9M4N1	B9M4N1
Q9D061	Q9D061
Q9D061	Q5RJK8
Q9D061	Q9BR61
P25478	P25478
P42540	P42540
Q9SVD5	Q9SVD5
B6EGG7	B6EGG7
O52866	O52866
A0LE04	A0LE04
Q2JMQ3	Q2JMQ3
P26937	P26937
A9WJ10	A9WJ10
C1B393	C1B393
Q9P0V8	Q9P0V8
Q9P0V8	Q9D3G2
Q7Y1Z0	Q7Y1Z0
Q7Y1Z0	O04138
Q5CZ37	Q5CZ37
Q54UT2	Q54UT2
Q73FX5	Q73FX5
Q7UIR4	Q7UIR4
Q8F9F8	Q8F9F8
Q9S9P2	Q9S9P2
B3QSB4	B3QSB4
B0KC91	B0KC91
O44126	O44126
O44126	P36573
P12980	P12980
P12980	P27792
P12980	Q66HH3
Q9X2A4	Q9X2A4
Q8N8Q3	Q8N8Q3
Q833S6	Q833S6
Q88P32	Q88P32
P94951	P94951
Q99020	Q99020
Q60654	Q60654
P45856	P45856
Q12057	Q12057
Q91VU0	Q91VU0
Q91VU0	A5PKI3
Q91VU0	Q92520
Q91VU0	Q810F4
Q8RFG9	Q8RFG9
Q09154	Q09154
Q9TTD8	Q9TTD8
Q9TTD8	P97458
P04525	P04525
P79769	P79769
P79769	Q62348
P79769	P97891
P79769	Q5R7P2
P79769	Q08DM8
Q5M0M2	Q5M0M2
Q5M0M2	Q03LH6
P0DUM8	P0DUM8
O79406	O79406
O79406	Q35920
O79406	P48178
Q58297	Q58297
O30108	O30108
Q9LMP7	Q9LMP7
O81864	O81864
Q9VG93	Q9VG93
P96856	P96856
Q9ZVE0	Q9ZVE0
Q29RZ1	Q29RZ1
Q81CG8	Q81CG8
Q81CG8	Q81PL1
Q74NC6	Q74NC6
Q057V1	Q057V1
B3VBK9	B3VBK9
A9A5K8	A9A5K8
Q8FYT4	Q8FYT4
Q12454	Q12454
P10736	P10736
A0Q7V5	A0Q7V5
Q6ALZ3	Q6ALZ3
Q9SMB8	Q9SMB8
A0A7W3N5X5	A0A7W3N5X5
A1KFV2	A1KFV2
Q9LJV9	Q9LJV9
Q8NCR9	Q8NCR9
O35228	O35228
Q3B5V8	Q3B5V8
Q3B5V8	Q3ATL3
Q2MJQ7	Q2MJQ7
Q2MJQ7	Q08DE1
Q2MJQ7	O70578
Q2MJQ7	P19518
P36543	P36543
P36543	Q96A05
P36543	Q9D593
Q92914	Q92914
Q04H28	Q04H28
Q96AT9	Q96AT9
Q96AT9	Q5R5Y2
O81223	O81223
A0R904	A0R904
A0R904	Q81ZG3
A0R904	A7GKI9
Q8CNK1	Q8CNK1
Q6AXU7	Q6AXU7
Q6AXU7	Q3UBZ5
O95661	O95661
Q6NT89	Q6NT89
Q6NT89	Q80ZI1
B0U0S6	B0U0S6
B0U0S6	A0Q635
B0U0S6	Q2A2V6
B0U0S6	Q14HR7
B3EQ72	B3EQ72
B3EQ72	B4SH30
B3EQ72	Q3B151
Q2S2A8	Q2S2A8
Q8A5K8	Q8A5K8
P15867	P15867
P15867	P06893
P70202	P70202
A5VI94	A5VI94
Q8GWK1	Q8GWK1
Q9RND6	Q9RND6
Q9VV74	Q9VV74
Q7NNK4	Q7NNK4
A1RU26	A1RU26
Q6UW56	Q6UW56
Q6UW56	Q6PGD0
Q99727	Q99727
P9WI97	P9WI97
Q5R7E0	Q5R7E0
Q5R7E0	O08709
Q5R7E0	Q2PFL9
Q5R7E0	O77834
Q5R7E0	P30041
B2S6L0	B2S6L0
B2S6L0	A9M642
Q8X5W0	Q8X5W0
Q8X5W0	P06611
Q8X5W0	B2U358
Q8X5W0	A1ABP5
Q8X5W0	B1IPL8
Q8X5W0	P63352
Q8X5W0	B5BA33
Q4V7W8	Q4V7W8
Q2RFT1	Q2RFT1
P20942	P20942
P20942	P41686
P20942	O77560
P20942	Q9QW08
P20942	P19632
P20942	P20941
Q9M0A5	Q9M0A5
P06836	P06836
P06836	P06837
P06836	P07936
P06836	P17677
P06836	Q5NVP7
P06836	Q95K78
P06836	Q6S9D9
F7J1C8	F7J1C8
Q9SYL9	Q9SYL9
P12282	P12282
Q2NET5	Q2NET5
A6RCS8	A6RCS8
A6RCS8	Q5B0W4
A6RCS8	Q1E910
Q8N4E4	Q8N4E4
Q8N4E4	Q78Y63
Q6NZ63	Q6NZ63
P06300	P06300
P06300	O35417
Q16NX0	Q16NX0
Q16NX0	Q9VY93
Q9ESY9	Q9ESY9
Q9ESY9	Q499T2
Q87CJ5	Q87CJ5
Q8K9S6	Q8K9S6
Q5B5E0	Q5B5E0
O81146	O81146
O81146	O81147
A7Z0S0	A7Z0S0
A7Z0S0	A8F9B7
A7Z0S0	P70973
P20396	P20396
Q17533	Q17533
P9WKL5	P9WKL5
P26275	P26275
P39147	P39147
A0A0H2XEK8	A0A0H2XEK8
Q0III6	Q0III6
Q9VSH3	Q9VSH3
Q86XT9	Q86XT9
Q86XT9	Q9D123
Q6G1G9	Q6G1G9
Q6G1G9	Q6G547
Q6G1G9	A9ILJ7
Q3AZD9	Q3AZD9
Q3AZD9	Q0I824
Q3AZD9	Q3AHU2
Q3AZD9	A5GN53
P01068	P01068
Q8BFU0	Q8BFU0
Q8BFU0	Q6UXX9
Q8BFU0	Q5M7L6
Q8BFU0	Q5UE90
Q04566	Q04566
A9KFW4	A9KFW4
A9KFW4	B6IZL5
A8XI75	A8XI75
P17268	P17268
Q97FL9	Q97FL9
Q7G737	Q7G737
Q9VPW8	Q9VPW8
P40075	P40075
Q9SUP1	Q9SUP1
Q06KA2	Q06KA2
P50919	P50919
B7J9K4	B7J9K4
D0N118	D0N118
Q83RE8	Q83RE8
Q83RE8	P69935
Q83RE8	Q8FHD2
Q83RE8	P39831
Q9ER80	Q9ER80
P20618	P20618
P20618	Q6DRF3
P20618	O09061
P20618	Q2TBX6
P20618	P18421
Q9I2V0	Q9I2V0
Q9I2V0	Q88IU7
Q9I2V0	B1J842
Q9I2V0	A5W461
Q9I2V0	B0KUU3
B7IFS1	B7IFS1
Q38850	Q38850
P60495	P60495
Q6FU96	Q6FU96
Q5E317	Q5E317
Q5E317	Q7MHP1
Q5E317	Q87LP2
Q5E317	Q3V7I6
Q5E317	Q3IDK9
Q9NPA0	Q9NPA0
Q9NPA0	Q0IHY5
Q9NPA0	Q9EP72
Q9NPA0	Q4R5V2
Q9NPA0	A5PJA8
Q9NPA0	Q5TYV0
Q9SEZ1	Q9SEZ1
P42736	P42736
A0A024SC78	A0A024SC78
A0A024SC78	A8QPD8
Q9ZRT5	Q9ZRT5
P24592	P24592
P24592	Q05718
P24592	P47880
P24592	P35572
Q0VSN1	Q0VSN1
B4EW04	B4EW04
B4EW04	C6DK13
B4EW04	Q31ZX5
B4EW04	Q3Z131
B4EW04	P58640
B4EW04	B7MLV7
B4EW04	Q6D5T3
B4EW04	P08244
Q9BYG7	Q9BYG7
Q91642	Q91642
C3L2N7	C3L2N7
C3L2N7	A5I5R9
Q6IPT2	Q6IPT2
P12353	P12353
P12353	Q9SA56
P12353	P32869
Q9VG96	Q9VG96
Q82U06	Q82U06
A4ISR4	A4ISR4
A4ISR4	Q5KVC8
A1ST38	A1ST38
A1ST38	B0TQB0
A1ST38	A8FYS8
A1ST38	Q8EHM3
A1ST38	A9N744
A1ST38	A8G900
A1ST38	P0C0R7
Q79F14	Q79F14
A0A125YY17	A0A125YY17
A0A125YY17	Q15907
Q9FHG8	Q9FHG8
C3PBW1	C3PBW1
Q9FGP8	Q9FGP8
Q049E6	Q049E6
A0B796	A0B796
Q8THH4	Q8THH4
Q5SP50	Q5SP50
Q5SP50	Q9CZ96
Q5SP50	Q499V6
P0C5D5	P0C5D5
C5BLH1	C5BLH1
A5U7G9	A5U7G9
A5U7G9	A0LRI9
Q9V3U9	Q9V3U9
G1SKZ8	G1SKZ8
Q27650	Q27650
Q90479	Q90479
A1VK09	A1VK09
Q9DB20	Q9DB20
Q3M4P0	Q3M4P0
P96686	P96686
G5EDB8	G5EDB8
Q8DM88	Q8DM88
Q22619	Q22619
P0DH75	P0DH75
Q13TY2	Q13TY2
Q13TY2	A2S5V5
Q86YS6	Q86YS6
P16948	P16948
Q5BK85	Q5BK85
Q5BK85	Q5R7E6
Q5BK85	Q2TBK5
Q5BK85	Q3V009
Q9NRH1	Q9NRH1
Q06346	Q06346
P03591	P03591
P03591	P03590
Q9JI51	Q9JI51
Q9DCM2	Q9DCM2
Q9DCM2	Q9Y2Q3
Q9Y3A6	Q9Y3A6
Q9Y3A6	Q5R809
Q9Y3A6	Q9CXE7
Q3E9B4	Q3E9B4
Q8RXX5	Q8RXX5
Q8RXX5	Q8W463
Q6GEY1	Q6GEY1
Q6GEY1	Q2FWG0
Q6GEY1	Q7A4F3
Q9Z1L4	Q9Z1L4
Q9Z1L4	O15537
A8GYE2	A8GYE2
A8GYE2	Q92JB0
A8GYE2	A8GQT8
B1H2P7	B1H2P7
B1H2P7	Q4KL94
B1H2P7	D2H163
B1H2P7	Q9BV86
B1H2P7	Q8R2U4
B1H2P7	Q2T9N3
B1H2P7	Q5BJX0
B1H2P7	Q4KLE6
Q0I0L4	Q0I0L4
Q0I0L4	A3DAG6
Q0I0L4	Q8EKK8
P0A7Y0	P0A7Y0
P0A7Y0	B4F047
P0A7Y0	Q57LD0
P0A7Y0	Q6LMS2
P0A7Y0	Q8Z4K4
P0A7Y0	P59476
P0A7Y0	Q8ZD72
P0A7Y0	Q8K9R1
P0A7Y0	D4GKM1
P0A7Y0	B5XNH0
O25533	O25533
A4XLW0	A4XLW0
B0B8U8	B0B8U8
B0B8U8	Q9PLK4
P38483	P38483
P38483	Q9EQP0
O18883	O18883
O18883	O14530
O43633	O43633
O43633	Q5ZHN1
O43633	Q6DFS6
Q8N8Q1	Q8N8Q1
Q8N8Q1	A2AE42
P33049	P33049
P33049	P02663
P65904	P65904
O18879	O18879
O18879	P81706
O18879	P09210
O18879	P00502
O18879	P04903
O18879	P10648
O18879	P30115
O18879	P13745
O18879	Q7RTV2
O18879	Q28035
Q6NLA5	Q6NLA5
Q03144	Q03144
Q9FFB3	Q9FFB3
Q9FFB3	Q9LXH5
P0AF32	P0AF32
P0AF32	P11350
Q7Z6K5	Q7Z6K5
Q7Z6K5	Q9D0A3
Q6K5P9	Q6K5P9
Q6K5P9	Q6K5P8
Q2KHU0	Q2KHU0
Q2KHU0	Q99LS3
Q2KHU0	P78330
Q5X4E4	Q5X4E4
Q2R352	Q2R352
P59831	P59831
A5I7Y4	A5I7Y4
P31334	P31334
B4RKE5	B4RKE5
P73265	P73265
Q1D402	Q1D402
Q88FY3	Q88FY3
P56405	P56405
P56405	O94778
P56405	P56404
P56405	Q5I4F8
O13829	O13829
Q9PWM3	Q9PWM3
Q7W510	Q7W510
Q9M0R0	Q9M0R0
Q9M0R0	Q9C8P8
O14753	O14753
O14753	Q9WTJ2
Q8EE27	Q8EE27
Q8EE27	A0KXS9
A6H784	A6H784
A6H784	Q8VCL2
A6H784	O43819
P0DB08	P0DB08
S0DRI2	S0DRI2
P0CL50	P0CL50
P0CL50	P31678
A8IEY6	A8IEY6
Q8RHX8	Q8RHX8
Q556Y7	Q556Y7
Q8BG84	Q8BG84
Q8BG84	P0C1X9
Q0P424	Q0P424
A5VQ44	A5VQ44
A5VQ44	C0RIJ9
A5VQ44	Q57DP0
Q53WD3	Q53WD3
A0A160PB22	A0A160PB22
P31533	P31533
Q7UKJ9	Q7UKJ9
Q17QK8	Q17QK8
Q17QK8	Q64105
Q17QK8	P35270
Q17QK8	P18297
Q925D4	Q925D4
Q925D4	Q9R1Q6
P20036	P20036
P06946	P06946
Q08DS3	Q08DS3
Q08DS3	Q8TAX0
Q08DS3	Q9WVG7
Q08DS3	P86413
Q08DS3	Q66JF8
Q08DS3	Q5XJQ7
Q4VA44	Q4VA44
Q4VA44	Q60493
Q4VA44	Q8N3J9
P03256	P03256
Q830V0	Q830V0
C7J2Z1	C7J2Z1
P58740	P58740
P58740	C3MCT9
P65778	P65778
P53853	P53853
Q8GWK7	Q8GWK7
Q9L9F8	Q9L9F8
A1KRN3	A1KRN3
A1KRN3	C1D7H9
Q04BY4	Q04BY4
A0A0D2H023	A0A0D2H023
Q8BIG7	Q8BIG7
Q8BIG7	Q86VU5
Q9WUJ8	Q9WUJ8
Q9WUJ8	Q9Y5N6
A0L3M6	A0L3M6
B0SBH6	B0SBH6
Q65XX7	Q65XX7
Q8IYS5	Q8IYS5
Q8IYS5	Q8VBT3
B5Y863	B5Y863
Q4R856	Q4R856
Q4R856	Q8NG50
Q4R856	Q9CQK3
Q38V25	Q38V25
Q0WP96	Q0WP96
O25609	O25609
O64614	O64614
O64614	Q93VH1
Q7TSP5	Q7TSP5
Q7TSP5	Q501W4
Q7TSP5	Q7Z7D3
P0DXX2	P0DXX2
Q9VKH6	Q9VKH6
O49404	O49404
Q8FSF0	Q8FSF0
Q8FSF0	A4QB65
Q8FSF0	Q9X5C9
Q94CE4	Q94CE4
Q94CE4	Q9ZUC2
P24071	P24071
B3STP1	B3STP1
O31856	O31856
Q04751	Q04751
E3HDJ8	E3HDJ8
P9WK19	P9WK19
O28098	O28098
B1V9I5	B1V9I5
B8GWW0	B8GWW0
Q3AAN2	Q3AAN2
Q28PI4	Q28PI4
Q4VAA2	Q4VAA2
Q4VAA2	Q9UKY7
P45798	P45798
Q9C9G7	Q9C9G7
Q8DQD3	Q8DQD3
Q8DQD3	Q8E168
Q8DQD3	C0M7V0
Q8DQD3	Q5M0P7
Q8DQD3	Q5M583
Q8DQD3	A4VZV9
Q8DQD3	A4VTM4
Q8NML3	Q8NML3
Q65I57	Q65I57
Q2RME8	Q2RME8
Q75AC3	Q75AC3
Q2TBH8	Q2TBH8
Q2TBH8	O95229
Q3JDL8	Q3JDL8
A6TRX5	A6TRX5
Q9HNX7	Q9HNX7
Q8GYX9	Q8GYX9
B4RC43	B4RC43
Q8PV96	Q8PV96
Q8TAM6	Q8TAM6
Q8TAM6	Q3ZBR9
Q2SZ16	Q2SZ16
Q2SZ16	Q3JNX1
Q7VDK6	Q7VDK6
Q9SZP1	Q9SZP1
Q7X7H9	Q7X7H9
Q09438	Q09438
Q09438	A8XGS6
Q9M0D2	Q9M0D2
Q9M0D2	Q9M0D1
Q9M0D2	O80803
Q9M0D2	Q9FI31
G5EE07	G5EE07
Q4JWH1	Q4JWH1
B2G7K3	B2G7K3
B2G7K3	A5VK70
P73248	P73248
P82970	P82970
Q1LQB5	Q1LQB5
Q96IY1	Q96IY1
Q74J95	Q74J95
A9ND23	A9ND23
Q54DU1	Q54DU1
Q0TNU5	Q0TNU5
Q0TNU5	B2TMB9
Q6H676	Q6H676
P0A6Y5	P0A6Y5
Q9LS24	Q9LS24
Q9LS24	O49697
P43002	P43002
Q9M161	Q9M161
Q2SLA0	Q2SLA0
C5D4R0	C5D4R0
C5D4R0	Q9KD33
C5D4R0	Q4L6Q7
C5D4R0	Q65HA0
C5D4R0	B9DNM8
C5D4R0	B7GH81
C5D4R0	Q5HNZ1
C5D4R0	P54476
C5D4R0	Q2FGG6
C5D4R0	Q6GGE2
C5D4R0	A5IT85
C5D4R0	Q49Y00
Q43385	Q43385
Q5UKY4	Q5UKY4
O74382	O74382
A4IPI2	A4IPI2
Q03070	Q03070
O48722	O48722
Q1J201	Q1J201
P75794	P75794
B8NM78	B8NM78
Q1QTP6	Q1QTP6
Q0C347	Q0C347
Q4L6X7	Q4L6X7
Q58519	Q58519
A6TYW7	A6TYW7
A6TYW7	Q49V02
A6TYW7	Q5HRR2
Q8BR90	Q8BR90
Q8BR90	A6NDU8
Q54SS0	Q54SS0
D4GYY1	D4GYY1
C1A383	C1A383
Q7SY31	Q7SY31
Q9C5M0	Q9C5M0
P27024	P27024
P27024	P27022
P27024	P27023
P27024	P27021
P27024	P27025
P27024	P03423
P27024	P27026
P27024	P20895
Q2RW96	Q2RW96
Q9NYW7	Q9NYW7
P30012	P30012
P30012	P30011
Q6CVQ9	Q6CVQ9
B5Y8Q4	B5Y8Q4
P34117	P34117
P54137	P54137
Q48447	Q48447
Q48447	P0AAB6
Q99XR4	Q99XR4
Q57761	Q57761
A5G0G0	A5G0G0
P18598	P18598
P18598	P50992
P18598	P18434
P18598	P33704
P18598	P18597
P18598	P51164
Q8TR06	Q8TR06
P0ACS7	P0ACS7
Q7T3L1	Q7T3L1
Q8E919	Q8E919
Q54RA8	Q54RA8
B5YKK1	B5YKK1
Q21252	Q21252
Q9M0X8	Q9M0X8
Q40478	Q40478
O80952	O80952
O80952	Q9M2W3
O14466	O14466
P50060	P50060
Q1K8B6	Q1K8B6
Q1K8B6	A0A1C9CXI0
P53220	P53220
Q10SM7	Q10SM7
Q10SM7	Q9LQ73
Q10SM7	O80845
Q10SM7	Q84JW1
A6USD4	A6USD4
Q14BQ3	Q14BQ3
Q6L8H2	Q6L8H2
P0A9Q1	P0A9Q1
Q9BRQ6	Q9BRQ6
Q94A16	Q94A16
A5EV74	A5EV74
P05226	P05226
P05226	P01357
Q38717	Q38717
Q06398	Q06398
Q3Z643	Q3Z643
Q3Z643	Q3ZW79
D4ANU4	D4ANU4
A9BML8	A9BML8
A9BML8	A2SH85
Q8YHP0	Q8YHP0
Q9V579	Q9V579
A1A4L1	A1A4L1
P52653	P52653
Q479J6	Q479J6
Q569R5	Q569R5
P47006	P47006
Q6C830	Q6C830
P53558	P53558
A5I4L0	A5I4L0
A5I4L0	Q0TPQ5
A5I4L0	A3DE57
A5I4L0	A8MHH1
K1XT82	K1XT82
A0LLU8	A0LLU8
Q6UX82	Q6UX82
P86795	P86795
P29928	P29928
A8H619	A8H619
Q38156	Q38156
Q9BQQ7	Q9BQQ7
P48006	P48006
P48006	Q9SI20
P48006	Q40680
P48006	Q40682
P09233	P09233
P09233	P11796
P09233	Q43008
P09233	O81235
P09233	P41979
P09233	P41978
Q9LPZ1	Q9LPZ1
P40380	P40380
Q03A83	Q03A83
Q5BUB4	Q5BUB4
Q44843	Q44843
Q712K3	Q712K3
Q712K3	Q8CFI2
Q712K3	P49427
Q32L77	Q32L77
Q2RRZ2	Q2RRZ2
Q10153	Q10153
H1AE14	H1AE14
Q1GWJ5	Q1GWJ5
Q1GWJ5	Q5NRL6
O23252	O23252
P52797	P52797
P52797	O08545
A0A4P9I8G4	A0A4P9I8G4
P40582	P40582
Q6V702	Q6V702
G5EG59	G5EG59
Q9BV47	Q9BV47
Q9BV47	Q5FVI9
Q54NW7	Q54NW7
Q9V968	Q9V968
P84346	P84346
Q0P3Z8	Q0P3Z8
Q02816	Q02816
P16440	P16440
O64645	O64645
Q5SLQ3	Q5SLQ3
Q941D5	Q941D5
P38234	P38234
Q975Z7	Q975Z7
Q94JX9	Q94JX9
P19219	P19219
P0CU79	P0CU79
P38307	P38307
B6YX10	B6YX10
P24369	P24369
P24369	P24367
P24369	P24368
P24369	P80311
Q03778	Q03778
A8AH19	A8AH19
A8AH19	A1JNV9
A8AH19	A6T9Y6
A8AH19	B2VEN4
A8AH19	Q8X647
A9WLN5	A9WLN5
A9WLN5	B2GFU4
P0DOX8	P0DOX8
O93657	O93657
Q31PW0	Q31PW0
Q5M7U5	Q5M7U5
Q3IDD2	Q3IDD2
A1BE07	A1BE07
P39304	P39304
B3H7A9	B3H7A9
P06348	P06348
P06348	P22492
C3NHF1	C3NHF1
C3NHF1	C3N5N4
Q5V0G6	Q5V0G6
Q9C0K3	Q9C0K3
B1AJM6	B1AJM6
B1AJM6	B5ZCA0
A4Z112	A4Z112
Q0MQI2	Q0MQI2
P0C7P6	P0C7P6
Q9UUD2	Q9UUD2
Q39M29	Q39M29
Q8S8E3	Q8S8E3
Q7T381	Q7T381
O44739	O44739
A6SXJ3	A6SXJ3
Q31E41	Q31E41
Q1MRJ6	Q1MRJ6
P0AFV2	P0AFV2
Q20201	Q20201
P0C8Z0	P0C8Z0
I3R636	I3R636
Q607B2	Q607B2
Q4JX01	Q4JX01
P37665	P37665
Q99176	Q99176
Q99LP6	Q99LP6
Q99LP6	Q9HAV7
O70302	O70302
A6LLN4	A6LLN4
P35719	P35719
P82929	P82929
P47991	P47991
Q6CTH8	Q6CTH8
Q3T0V3	Q3T0V3
Q1J188	Q1J188
O95816	O95816
O95816	Q3ZBG5
Q9P299	Q9P299
J9HGJ1	J9HGJ1
P36017	P36017
Q20967	Q20967
B5EHU9	B5EHU9
Q54QR3	Q54QR3
Q2JDQ9	Q2JDQ9
P08179	P08179
P76459	P76459
P47055	P47055
Q3KNI6	Q3KNI6
Q27774	Q27774
Q9SCY3	Q9SCY3
Q8X724	Q8X724
Q6ALS1	Q6ALS1
Q9RDX2	Q9RDX2
P71063	P71063
B3DHU2	B3DHU2
Q552L5	Q552L5
Q9FG89	Q9FG89
Q6KI35	Q6KI35
Q9SV19	Q9SV19
Q40381	Q40381
Q942X4	Q942X4
Q8VWI1	Q8VWI1
Q969X0	Q969X0
Q969X0	Q6AYA0
Q3HRP2	Q3HRP2
B1Y0J8	B1Y0J8
P01005	P01005
P01005	P68390
B0TK10	B0TK10
O51917	O51917
Q6INW9	Q6INW9
P0CX44	P0CX44
P52484	P52484
P19141	P19141
O14355	O14355
Q1QZ94	Q1QZ94
Q1QZ94	Q2SL21
Q5M332	Q5M332
Q5M332	A4VXH8
Q5M332	B1IA75
A0A0H2VA12	A0A0H2VA12
Q9SUE0	Q9SUE0
Q8WZJ8	Q8WZJ8
P56599	P56599
Q8ZBP3	Q8ZBP3
Q8ZBP3	P0A6J1
Q8ZBP3	B2TZI1
Q8ZBP3	B7MKM4
Q8ZBP3	A7MJ70
Q4FMX4	Q4FMX4
Q89753	Q89753
B1KDX2	B1KDX2
B1KDX2	Q087L4
P15312	P15312
Q5HC01	Q5HC01
Q5HC01	Q2GFP8
Q4ZML8	Q4ZML8
Q99JX1	Q99JX1
Q99JX1	Q5U1X0
P76344	P76344
Q9EST9	Q9EST9
Q9EST9	Q9ESL9
B0C079	B0C079
Q54BQ8	Q54BQ8
B0RZT0	B0RZT0
D3Z8D9	D3Z8D9
Q12999	Q12999
Q12657	Q12657
Q2PGY1	Q2PGY1
Q59VQ3	Q59VQ3
P10929	P10929
P41923	P41923
O88878	O88878
Q2TBL9	Q2TBL9
A0A9Y1LQX3	A0A9Y1LQX3
P18043	P18043
P0AF28	P0AF28
O04437	O04437
Q8EWL4	Q8EWL4
Q92522	Q92522
Q8VCR7	Q8VCR7
Q6PDS0	Q6PDS0
Q6PDS0	Q96N03
Q9ERR2	Q9ERR2
Q9ERR2	Q9GZQ3
Q9ERR2	Q8R395
Q5R615	Q5R615
Q5R615	Q5ZHV1
Q5R615	O35963
Q8UFA0	Q8UFA0
F1RMN2	F1RMN2
Q2S2H7	Q2S2H7
Q12159	Q12159
Q18969	Q18969
Q9FJN8	Q9FJN8
Q9FJN8	Q9SMQ6
Q9FJN8	P25766
Q9FJN8	Q9FE79
Q85TA0	Q85TA0
Q85TA0	P50693
Q85TA0	P29874
Q85TA0	P67798
Q85TA0	P84288
Q85TA0	P00408
Q85TA0	P29877
Q85TA0	P29870
Q7T346	Q7T346
Q7VL75	Q7VL75
P15861	P15861
Q9SE33	Q9SE33
Q46I95	Q46I95
P98038	P98038
P98038	P68297
P98038	P98020
P98038	P98037
P98038	P98044
Q01130	Q01130
Q01130	Q06A98
Q01130	P30352
Q01130	Q5R1W5
A5HEH4	A5HEH4
A5HEH4	Q6AVI1
Q0P426	Q0P426
Q9ASY9	Q9ASY9
Q037U8	Q037U8
Q9FKJ9	Q9FKJ9
A3KNW0	A3KNW0
A8FJH9	A8FJH9
A8FJH9	P0C634
Q865X0	Q865X0
Q865X0	P54349
Q865X0	Q9TU27
Q865X0	Q28233
Q865X0	O02743
Q6LVF1	Q6LVF1
C1FR34	C1FR34
C1FR34	A7GFJ8
C1FR34	A5I426
P17572	P17572
F1Q506	F1Q506
Q91XQ6	Q91XQ6
Q91XQ6	Q4R6E8
Q04272	Q04272
O34534	O34534
O78752	O78752
O78752	Q35915
O78752	O03200
O78752	Q94UY0
O78752	P05504
O78752	P00848
O78752	P00846
O78752	P00847
O78752	P48894
O78752	Q36454
O78752	P41291
O78752	P41313
O78752	Q8W9N1
Q9ZB07	Q9ZB07
Q9UHE5	Q9UHE5
Q9UHE5	Q9UHF3
P48774	P48774
P48774	P09488
P30121	P30121
P30121	P16035
P30121	Q9WUC6
Q9LMC9	Q9LMC9
Q9LMC9	P92995
B4EYT7	B4EYT7
Q851K1	Q851K1
Q851K1	Q851J8
Q851K1	Q851K0
Q851K1	P45851
Q851K1	P26759
Q851K1	P15290
Q8Y691	Q8Y691
Q8Y691	A0AJR0
B5XP57	B5XP57
B5XP57	B5EYP3
B5XP57	B1JQJ4
B5XP57	Q5E4E4
B5XP57	A1S2C7
B5XP57	B8E4J0
B5XP57	B6EGN8
Q91X86	Q91X86
O74025	O74025
Q17QF2	Q17QF2
Q8ZL65	Q8ZL65
Q8IV03	Q8IV03
Q88QT2	Q88QT2
Q8T0Q4	Q8T0Q4
Q1J2B6	Q1J2B6
Q9JL99	Q9JL99
Q8WZ82	Q8WZ82
Q8WZ82	Q9D7E3
A7HWU9	A7HWU9
Q8AWY9	Q8AWY9
Q3E7L7	Q3E7L7
Q6DFI2	Q6DFI2
Q6DFI2	Q6DGL7
Q6DFI2	A0A8I3MKU8
Q6DFI2	Q9CQG6
Q6DFI2	I6VSD2
O31432	O31432
B7I740	B7I740
B7I740	Q4FU63
B7I740	Q6FE70
Q28001	Q28001
Q0ARD7	Q0ARD7
Q8ND25	Q8ND25
Q8ND25	F1MM41
A1AVQ5	A1AVQ5
O34814	O34814
A7I1D0	A7I1D0
Q3KFI7	Q3KFI7
Q3KFI7	B7UV36
Q7UK67	Q7UK67
Q7F7I7	Q7F7I7
Q7F7I7	P54766
Q7F7I7	Q9YGC0
Q7F7I7	P52301
Q7F7I7	P62826
Q7F7I7	Q6FR65
Q7F7I7	Q8H156
Q7F7I7	P38546
Q7F7I7	P41916
Q7F7I7	Q7GD79
O34742	O34742
O34742	P39775
Q9Z0L2	Q9Z0L2
Q4J9K9	Q4J9K9
Q7M7Q9	Q7M7Q9
Q0AKD6	Q0AKD6
Q87013	Q87013
Q87013	Q9Z0D3
Q6R0H0	Q6R0H0
P9WPB1	P9WPB1
Q8LAV5	Q8LAV5
A3DEE6	A3DEE6
P09378	P09378
Q8KZ94	Q8KZ94
Q8DPI7	Q8DPI7
Q57757	Q57757
P59065	P59065
A3DHD2	A3DHD2
Q4J8J2	Q4J8J2
Q8L467	Q8L467
O34870	O34870
D2Z026	D2Z026
Q4JVP1	Q4JVP1
A0R1Y1	A0R1Y1
Q9LXV2	Q9LXV2
A0JWX7	A0JWX7
P41958	P41958
Q2S4L6	Q2S4L6
P43605	P43605
Q8N3Z3	Q8N3Z3
B2V5V9	B2V5V9
Q9VVT5	Q9VVT5
Q6N5B4	Q6N5B4
Q6N5B4	B6JGM4
Q6N5B4	Q215S4
Q6N5B4	A4YT90
Q5YUX2	Q5YUX2
Q0BN99	Q0BN99
Q0BN99	B0TZM7
B3QQ95	B3QQ95
P38790	P38790
Q39VU8	Q39VU8
Q8SR66	Q8SR66
Q0DWF2	Q0DWF2
Q502L2	Q502L2
Q60660	Q60660
Q5XVG3	Q5XVG3
A3KMZ6	A3KMZ6
A3KMZ6	Q9Y6N1
A3KMZ6	Q6P8I6
O32102	O32102
Q0TZT0	Q0TZT0
Q9V3N8	Q9V3N8
Q31Q60	Q31Q60
P80901	P80901
P11450	P11450
Q8EAR4	Q8EAR4
A0A1B5L6A5	A0A1B5L6A5
P07364	P07364
Q46845	Q46845
Q5E345	Q5E345
A6LU50	A6LU50
P77733	P77733
A9KGQ5	A9KGQ5
B2GGU8	B2GGU8
Q6NQL6	Q6NQL6
Q5JFG9	Q5JFG9
Q5JFG9	B6YXJ9
A0A0U1LQE2	A0A0U1LQE2
Q51161	Q51161
Q51161	P57696
Q51161	Q9JT70
Q7U4Z9	Q7U4Z9
Q5RJL0	Q5RJL0
Q5RJL0	Q5EBJ4
A8FEH6	A8FEH6
O59586	O59586
O59586	Q8U458
O59586	Q9UY08
O59586	O52958
Q8TC26	Q8TC26
Q8TC26	A6QQX9
Q8TC26	A9CMA6
Q8TC26	Q8C996
Q8TC26	F2Z4R5
B9LII0	B9LII0
Q9C8L2	Q9C8L2
Q8EXA3	Q8EXA3
P9WNP7	P9WNP7
B6A8R8	B6A8R8
P38634	P38634
A3MZB7	A3MZB7
A3MZB7	B0BTQ4
A3MZB7	A5U9U3
A3MZB7	B0URM7
Q7WLL4	Q7WLL4
P24817	P24817
Q5RE15	Q5RE15
Q5RE15	Q3SYT7
A4XCQ4	A4XCQ4
P40056	P40056
P95727	P95727
P57305	P57305
Q0PA50	Q0PA50
P32436	P32436
P46961	P46961
Q5ZXN3	Q5ZXN3
Q5ZXN3	Q5X752
Q5ZXN3	A9NCM4
Q5ZXN3	A9KE14
Q8WV48	Q8WV48
P69805	P69805
A6W915	A6W915
Q9ZGF0	Q9ZGF0
P21161	P21161
C4ZCY4	C4ZCY4
O42914	O42914
B5E1N0	B5E1N0
Q8NNK5	Q8NNK5
Q8NNK5	Q6NGA1
Q6L5I5	Q6L5I5
P9WMS1	P9WMS1
P29191	P29191
Q969W9	Q969W9
Q969W9	Q9D7R2
P32788	P32788
Q3SRG9	Q3SRG9
Q8F142	Q8F142
Q6DGB6	Q6DGB6
Q652Q1	Q652Q1
Q03257	Q03257
Q03257	Q7JGF9
Q03257	Q863C2
Q03257	Q863B7
Q03257	Q863D9
Q03257	Q03255
Q03257	Q67EX6
Q3SLJ6	Q3SLJ6
P75914	P75914
Q9XHZ3	Q9XHZ3
Q4WXE9	Q4WXE9
Q9SLB7	Q9SLB7
Q73G93	Q73G93
Q7NZI3	Q7NZI3
Q1M7A6	Q1M7A6
Q84WN3	Q84WN3
A3DN81	A3DN81
G1JSL4	G1JSL4
Q47UY5	Q47UY5
B5YHS9	B5YHS9
Q8TDB4	Q8TDB4
B8ZRW3	B8ZRW3
A1JJA0	A1JJA0
A1JJA0	Q327L2
A1JJA0	B5FTC8
A1JJA0	Q8FA51
A1JJA0	A5UH23
A1JJA0	B4T4H3
A1JJA0	Q0HXQ1
A1JJA0	B4EWA1
A1JJA0	Q8KRT5
A1JJA0	Q66EV7
A1JJA0	P44417
A1JJA0	A7MIG7
A1JJA0	Q9CLE6
A1JJA0	Q086F7
A1JJA0	A6WRB5
A1JJA0	A5U9X5
A1JJA0	P0ABP8
A1JJA0	Q7VMS8
A1JJA0	Q1CMY7
A1JJA0	B0UVM2
A1JJA0	Q6D989
A1JJA0	Q8ZJV7
A1JJA0	B0BPV3
A1JJA0	Q6LLA7
A1JJA0	Q5E0H4
A1JJA0	Q8D3Z2
A1JJA0	Q59482
A1JJA0	A4W6A1
Q5ZRQ0	Q5ZRQ0
A2C0K7	A2C0K7
A7HMT2	A7HMT2
Q8N6F8	Q8N6F8
Q6C2A3	Q6C2A3
Q9SRQ3	Q9SRQ3
Q9SRQ3	Q94EI3
Q9HBH1	Q9HBH1
Q9HBH1	S4R2K0
Q83HF6	Q83HF6
A1A546	A1A546
P41088	P41088
O43557	O43557
O43557	Q9QYH9
Q8R1R5	Q8R1R5
Q6MJP3	Q6MJP3
P0AE39	P0AE39
P96715	P96715
Q7MAX2	Q7MAX2
Q7MAX2	P0CG19
Q7MAX2	Q87T93
Q7MAX2	B2TTV7
Q7MAX2	A8A6A5
Q7MAX2	B0UWM2
Q7MAX2	P50597
Q7MAX2	B5FFE2
Q7MAX2	Q7VP10
Q7MAX2	Q6LVN8
Q7MAX2	Q3IJI0
Q7MAX2	Q15MV7
Q7MAX2	B0BRL3
Q7MAX2	Q0I4U1
Q7MAX2	A4Y0L7
Q7MAX2	A8ARN1
Q7MAX2	B6EPI9
Q7MAX2	B3GZP5
Q7MAX2	P0CG18
Q7MAX2	A6VEE1
Q7MAX2	C4L818
Q7MAX2	B4SXE4
Q7MAX2	Q7MPT3
Q7MAX2	A9R668
Q7MAX2	A6TFN5
Q7MAX2	B5RG80
Q7MAX2	Q65W01
Q7MAX2	Q4K3R6
Q7MAX2	Q88BE0
Q7MAX2	Q3K4M0
Q7MAX2	C3K479
Q7MAX2	C4K3X0
Q7MAX2	A0L1S6
Q7MAX2	A6WI99
Q7MAX2	A1S2C5
Q7MAX2	Q07WF3
Q7MAX2	Q12SG2
Q7MAX2	A3QIQ6
Q84ZM7	Q84ZM7
A0A3G9H8P0	A0A3G9H8P0
Q9ZTC3	Q9ZTC3
Q9ZTC3	Q9FE25
Q9ZTC3	Q9FNV9
P53237	P53237
Q8L9W8	Q8L9W8
A6XIG6	A6XIG6
Q8EPH7	Q8EPH7
Q9K4Y9	Q9K4Y9
B8DWI2	B8DWI2
B8DWI2	B3DTC8
Q8WZ71	Q8WZ71
Q8WZ71	Q6F5E0
Q8WZ71	Q91XV7
B2U8Z4	B2U8Z4
Q9UKM9	Q9UKM9
Q9LYP4	Q9LYP4
Q9UWG6	Q9UWG6
O67083	O67083
Q9UUB6	Q9UUB6
B5EBQ4	B5EBQ4
Q80ZM8	Q80ZM8
Q80ZM8	Q5U2V5
Q80ZM8	Q9UJA2
Q829B4	Q829B4
Q6D234	Q6D234
A8FZE2	A8FZE2
O54794	O54794
O54794	P56403
Q6GMD3	Q6GMD3
G2QZK6	G2QZK6
B7V0Q9	B7V0Q9
B7V0Q9	B1J4A2
B7V0Q9	Q88RQ6
B7V0Q9	Q7P012
A0A244CMP0	A0A244CMP0
Q5EAC0	Q5EAC0
Q5EAC0	Q96DW6
Q12106	Q12106
B7ICE3	B7ICE3
B7ICE3	B2I1J3
B7ICE3	B0VNZ7
A6Q2Y9	A6Q2Y9
Q9Z0J6	Q9Z0J6
Q9Z0J6	Q9Z0J7
Q8W405	Q8W405
Q8W405	Q8W404
Q812A3	Q812A3
Q812A3	Q86SG2
O65896	O65896
Q8NGP4	Q8NGP4
Q6FNA9	Q6FNA9
A0LV66	A0LV66
A0PYB4	A0PYB4
O74557	O74557
P23280	P23280
A2C3L3	A2C3L3
Q9ZUM2	Q9ZUM2
Q9ZUM2	Q402F3
Q9ZUM2	Q948R8
P53942	P53942
Q9D0C1	Q9D0C1
Q9D0C1	Q9Y4L5
P32166	P32166
Q58D08	Q58D08
Q58D08	Q9DCC4
Q58D08	Q53H96
Q58D08	Q5PQJ6
Q5LD54	Q5LD54
Q5LD54	Q7MX58
Q9BU64	Q9BU64
Q96A73	Q96A73
Q96A73	Q5U2R6
Q96A73	Q9DBN4
P42082	P42082
C1KVA9	C1KVA9
P54167	P54167
B9KGA9	B9KGA9
B9KGA9	A8FKW8
B9KGA9	A1VYQ4
O51575	O51575
Q72G11	Q72G11
Q72G11	B8DQN1
Q3SWY5	Q3SWY5
Q3SWY5	Q9Y314
Q3SWY5	Q9D6T0
Q10282	Q10282
P54528	P54528
Q7NBA9	Q7NBA9
A9KSS1	A9KSS1
A0QGK1	A0QGK1
D4GUZ4	D4GUZ4
Q8A018	Q8A018
Q8A018	Q64XX2
Q8A018	Q5LH18
Q9HAY2	Q9HAY2
A3KPA0	A3KPA0
A8GCG3	A8GCG3
P54664	P54664
P54664	Q06309
P54664	P38973
Q57UP6	Q57UP6
O01427	O01427
O01427	Q61XD3
Q60893	Q60893
P40065	P40065
P34234	P34234
Q5SM23	Q5SM23
B2KDR9	B2KDR9
Q0VC53	Q0VC53
Q0VC53	Q5PPJ4
Q0VC53	Q99LN9
Q0VC53	Q9BU89
Q0VC53	Q5ZIP3
P50045	P50045
Q67ET1	Q67ET1
O76036	O76036
P09438	P09438
P9WMF5	P9WMF5
Q7M718	Q7M718
Q7M718	Q67ES5
O14311	O14311
B8M072	B8M072
Q9LVZ7	Q9LVZ7
Q9SAI4	Q9SAI4
Q9FKM5	Q9FKM5
Q53TZ2	Q53TZ2
Q9ST69	Q9ST69
Q8EUQ9	Q8EUQ9
Q48899	Q48899
Q48899	P46841
Q5L078	Q5L078
Q2LC47	Q2LC47
P41817	P41817
Q75DK1	Q75DK1
Q75DK1	P24280
P54003	P54003
A8GSS6	A8GSS6
P21573	P21573
Q57849	Q57849
Q891L4	Q891L4
Q8IJS6	Q8IJS6
P94398	P94398
A2AXG5	A2AXG5
Q5B563	Q5B563
Q5B563	Q2UG43
Q5B563	A2QHM1
Q5B563	Q7RZF5
Q5B563	Q1DZQ0
Q8VYP5	Q8VYP5
P0ACR0	P0ACR0
Q4WBI8	Q4WBI8
P33182	P33182
P33182	P56839
B1MZ77	B1MZ77
O82632	O82632
U9W802	U9W802
A8RG82	A8RG82
M2SNN6	M2SNN6
O89113	O89113
Q6FM81	Q6FM81
Q6FM81	P32345
Q6FM81	Q6CNT6
Q83GF8	Q83GF8
P56223	P56223
Q9YAW0	Q9YAW0
Q09751	Q09751
A4J560	A4J560
B8DH71	B8DH71
Q06702	Q06702
Q9KSC2	Q9KSC2
O49459	O49459
Q8NEY3	Q8NEY3
Q8NEY3	Q8K3V1
Q72IB8	Q72IB8
Q52086	Q52086
Q9ASQ2	Q9ASQ2
O31207	O31207
Q28NP1	Q28NP1
Q20024	Q20024
P10233	P10233
P39399	P39399
Q96CW6	Q96CW6
Q96CW6	Q7TPE5
Q72C18	Q72C18
Q72C18	Q30ZT4
Q1IHU1	Q1IHU1
P32740	P32740
A5E7T4	A5E7T4
A5E7T4	Q12009
A5E7T4	A3LS77
Q59752	Q59752
Q59752	C3MCY7
Q59752	Q2KDA9
Q55DL2	Q55DL2
P0CO85	P0CO85
Q74IF3	Q74IF3
A0DTY1	A0DTY1
A0DTY1	A0BLX0
A0DTY1	P49444
Q90423	Q90423
Q8NH90	Q8NH90
Q8NH90	Q8NH89
Q57UP8	Q57UP8
Q9C589	Q9C589
Q17428	Q17428
A0Q055	A0Q055
Q897P8	Q897P8
Q54FJ9	Q54FJ9
F6TQD1	F6TQD1
Q32KP0	Q32KP0
Q32KP0	Q2MH31
Q32KP0	Q8NCR6
Q32KP0	Q95LU0
Q29000	Q29000
Q2IPK1	Q2IPK1
A6TVI5	A6TVI5
Q5HAK8	Q5HAK8
A6TVF6	A6TVF6
Q10KX8	Q10KX8
Q8NH19	Q8NH19
P53332	P53332
Q0TRA5	Q0TRA5
Q8W1X2	Q8W1X2
A0A1L8FZ98	A0A1L8FZ98
Q9H3H9	Q9H3H9
Q9ESP1	Q9ESP1
P08760	P08760
P08760	Q5RDZ0
Q9D2Z4	Q9D2Z4
Q55843	Q55843
Q2N682	Q2N682
Q2N682	Q1GP88
Q54520	Q54520
Q5NKN2	Q5NKN2
Q5NKN2	A4KWA1
O23429	O23429
Q9M8X1	Q9M8X1
Q9M8X1	Q9M8X4
Q9M8X1	Q9M8X5
C1A0S6	C1A0S6
Q1LZ95	Q1LZ95
Q1LZ95	P58044
Q1LZ95	Q5R8R6
Q1LZ95	Q4R4W5
Q1LZ95	Q13907
Q1LZ95	O35760
Q2QXJ0	Q2QXJ0
Q2QXJ0	Q2QXJ4
Q2QXJ0	Q6YZA1
Q2QXJ0	Q6YZA6
Q2QXJ0	Q6YZ97
Q2QXJ0	Q6YZA9
O57173	O57173
P21850	P21850
Q9UBD9	Q9UBD9
Q9UBD9	Q9QZM3
Q03322	Q03322
Q28M30	Q28M30
Q28M30	Q3IZT1
Q7JWP6	Q7JWP6
Q40875	Q40875
Q839H4	Q839H4
Q839H4	Q5F7C0
Q839H4	Q65Q32
Q839H4	A6VLV0
Q839H4	A9M1A2
Q8CJC7	Q8CJC7
Q8CJC7	Q80ZC8
Q4KHT1	Q4KHT1
Q4KHT1	A4XSC4
Q4KHT1	Q48EV3
Q4KHT1	B0KV27
Q4KHT1	Q4ZPE1
Q4KHT1	A5W8F2
Q21UZ2	Q21UZ2
Q8CNH7	Q8CNH7
Q8CNH7	P61084
Q05175	Q05175
Q3ANX8	Q3ANX8
Q9C4Z7	Q9C4Z7
Q96CS7	Q96CS7
Q96CS7	Q9QZC7
P27811	P27811
P27811	P27814
P27811	P27812
P27811	Q99JB4
P42815	P42815
Q8DUW4	Q8DUW4
Q1GFI8	Q1GFI8
Q2NEL4	Q2NEL4
Q2TBV6	Q2TBV6
Q2TBV6	Q96CT7
Q2TBV6	Q68EY7
A4SXL6	A4SXL6
Q3SWY9	Q3SWY9
Q3SWY9	P51158
A5FRZ6	A5FRZ6
Q8TWG9	Q8TWG9
B5IEU6	B5IEU6
Q2FS65	Q2FS65
Q6DLR9	Q6DLR9
Q8PXE2	Q8PXE2
A9H1G5	A9H1G5
A9H1G5	Q5FU81
Q0Q463	Q0Q463
Q82CA5	Q82CA5
Q8VC88	Q8VC88
Q4A729	Q4A729
Q885T2	Q885T2
Q885T2	Q88M04
Q885T2	Q4K8N2
Q5XJW2	Q5XJW2
Q5XJW2	Q9CR59
Q5XJW2	A1A4P4
Q5XJW2	Q8TAE8
Q5XJW2	Q8SPE7
P35122	P35122
Q1QST3	Q1QST3
Q1QST3	B2VIV4
Q1QST3	A4XV03
Q1QST3	C5B8I5
Q1QST3	B0KMX9
Q1QST3	Q8EI30
Q1QST3	A6V4E8
Q1QST3	A5W191
Q1QST3	P0AFC7
Q8U122	Q8U122
Q48F73	Q48F73
Q48F73	A6V1E6
Q48F73	B1JBP6
Q48F73	A4XWS7
Q48F73	Q4ZWR4
Q48F73	Q3KH98
Q48F73	B2VHY0
Q48F73	P10442
Q48F73	Q0TLF0
Q48F73	Q6LN38
P31161	P31161
Q9SHH8	Q9SHH8
Q58998	Q58998
Q2GC80	Q2GC80
P31377	P31377
Q9LSS3	Q9LSS3
Q9LSS3	Q9M1E8
O66810	O66810
P90489	P90489
P35631	P35631
P35631	Q6R4S3
P35631	Q39081
Q9VL18	Q9VL18
Q10B19	Q10B19
B2S3K6	B2S3K6
A0CIS3	A0CIS3
Q556Q0	Q556Q0
I1S039	I1S039
A9KEG8	A9KEG8
O43822	O43822
O43822	Q8C6G1
Q97SR4	Q97SR4
Q1PER6	Q1PER6
Q1PER6	Q05431
Q1PER6	Q9FE01
Q1PER6	P48534
Q1PER6	Q10N21
Q9PM72	Q9PM72
Q9PM72	A7H5V4
Q9BTK6	Q9BTK6
Q9BTK6	Q99L02
Q9BTK6	Q1LZ80
Q9BTK6	Q5M865
Q9VIT0	Q9VIT0
Q9Y7K8	Q9Y7K8
Q6M0G7	Q6M0G7
A0A8M2B5N2	A0A8M2B5N2
A0A8M2B5N2	Q80WR1
A0A8M2B5N2	Q96SJ8
A0A8M2B5N2	A0A8V0ZLT4
Q9KJE7	Q9KJE7
P21243	P21243
O74510	O74510
Q9T0A4	Q9T0A4
Q1QW62	Q1QW62
Q65JP3	Q65JP3
Q9CA59	Q9CA59
Q9CA59	Q8LC68
Q9C7G6	Q9C7G6
O65100	O65100
O65100	P25699
O65100	P19975
O65100	P19976
Q8TAA3	Q8TAA3
Q8TAA3	P48004
Q8TAA3	Q3ZBG0
Q8TAA3	Q9Z2U0
Q8TAA3	O14818
Q8TAA3	Q9CWH6
P29506	P29506
Q186A6	Q186A6
Q9XUC2	Q9XUC2
Q9XWF4	Q9XWF4
C4LJY5	C4LJY5
C4LJY5	Q8FMU8
C4LJY5	Q6NFN6
A6LF90	A6LF90
O94626	O94626
P22575	P22575
A7MSZ6	A7MSZ6
A7MSZ6	A7MJ65
A7MSZ6	A1JJS4
A7MSZ6	Q6D1A3
A7MSZ6	B5FGJ0
A7MSZ6	Q5E839
A7MSZ6	A9N2E4
A7MSZ6	B7LXH5
A7MSZ6	A6TD47
A7MSZ6	Q8X7U3
A7MSZ6	P17854
A7MSZ6	Q31XM6
A7MSZ6	Q7UBT0
A7MSZ6	B2VG05
A7MSZ6	B4T473
A7MSZ6	B1JJG7
A7MSZ6	Q6LM60
A7MSZ6	B5XV26
B0SX50	B0SX50
B0SX50	B8H3X3
B0SX50	Q0ARS7
Q0D4G3	Q0D4G3
P23638	P23638
Q9W1X9	Q9W1X9
Q93352	Q93352
Q14B98	Q14B98
Q14B98	Q1RMU7
Q14B98	Q6ICB4
Q9D1H9	Q9D1H9
Q9D1H9	P55918
Q9D1H9	P55083
P20851	P20851
B3PLS2	B3PLS2
P12993	P12993
P12993	P0A0L2
O09164	O09164
O09164	Q08420
P35327	P35327
Q9X9J5	Q9X9J5
Q3IDD3	Q3IDD3
Q05716	Q05716
Q05716	Q28893
Q05716	P22692
Q05716	P47879
Q05716	P21744
A5UJF1	A5UJF1
P04462	P04462
P25443	P25443
P25443	Q5A900
P24613	P24613
Q9XT47	Q9XT47
O32125	O32125
C4Z3C6	C4Z3C6
P39644	P39644
Q68EH7	Q68EH7
Q68EH7	P31273
Q68EH7	P09025
Q8LFD3	Q8LFD3
Q5JEP9	Q5JEP9
Q5JEP9	Q8U242
Q5JEP9	Q9UZU7
A5VRR6	A5VRR6
A8FMF7	A8FMF7
O31435	O31435
Q55BD5	Q55BD5
A7MVV6	A7MVV6
Q8TUC1	Q8TUC1
Q4V888	Q4V888
Q4V888	Q3SZ48
Q4V888	Q5EAU3
Q4V888	Q8N4L2
Q4V888	Q9CZX7
A8MXZ3	A8MXZ3
P30828	P30828
B7GN27	B7GN27
B7GN27	Q8G7I1
B7GN27	B3DTK7
Q09918	Q09918
D7PI11	D7PI11
Q9SZM1	Q9SZM1
A8G6C1	A8G6C1
A8G6C1	A2BY17
A8G6C1	A2BSN1
A8G6C1	Q7TU60
P16678	P16678
B2IR75	B2IR75
B2IR75	B5E6K0
B2IR75	Q03M29
B2IR75	C1CFE0
B2IR75	A4VUK5
B3EPH5	B3EPH5
A0ZWU1	A0ZWU1
Q4JSW4	Q4JSW4
Q4JSW4	Q6NJL2
Q4JSW4	Q8FSH0
Q4JSW4	Q0SF09
Q4JSW4	B2HQV4
Q4JSW4	A0QLK3
Q4JSW4	P53531
Q4JSW4	P9WIC9
Q9I2F2	Q9I2F2
P14984	P14984
Q67PD4	Q67PD4
P07860	P07860
Q491Y3	Q491Y3
B1I1B5	B1I1B5
A4KWA6	A4KWA6
P33498	P33498
P33498	P0DTM5
P33498	P0DTM6
P15490	P15490
P15490	P10743
Q31GL4	Q31GL4
Q6K4V2	Q6K4V2
Q8G9C6	Q8G9C6
O34779	O34779
Q7TQB8	Q7TQB8
P20232	P20232
Q9H7P6	Q9H7P6
Q0V7X4	Q0V7X4
Q8KN33	Q8KN33
Q8NGI1	Q8NGI1
A0A0H3JQ59	A0A0H3JQ59
Q3MFT6	Q3MFT6
Q8NGJ6	Q8NGJ6
Q8NGJ6	Q8NGJ7
Q8NGJ6	Q8NH64
Q4D3W2	Q4D3W2
Q4D3W2	Q57U83
O57854	O57854
A0LUZ6	A0LUZ6
B7JA34	B7JA34
Q6BUE3	Q6BUE3
A0R580	A0R580
A0R580	A3Q6Y5
A0R580	P9WIL5
A0R580	Q743Y5
A0R580	A0QA93
Q8VFR8	Q8VFR8
Q58980	Q58980
P15244	P15244
Q5ZLL5	Q5ZLL5
Q5ZLL5	Q4V7R3
Q9C932	Q9C932
Q9C932	Q9LDY8
Q0IWF3	Q0IWF3
Q0IWF3	Q9SV84
P0DUB9	P0DUB9
D7Y2H4	D7Y2H4
Q99MT6	Q99MT6
Q99MT6	Q6IYF9
P0C9E1	P0C9E1
P0C9E1	P0C9E0
P0C9E1	Q8V9T7
P0C9E1	Q65164
P0C9E1	P0C9E2
Q0JMR0	Q0JMR0
P50085	P50085
B2S3D3	B2S3D3
Q9SBA5	Q9SBA5
Q8NGA1	Q8NGA1
Q8NGA1	Q8VFM9
O22130	O22130
A4IHR0	A4IHR0
A4IHR0	Q4V7N8
Q03GY5	Q03GY5
A3KFT3	A3KFT3
A3KFT3	Q8NG83
A3KFT3	Q8NG81
A3KFT3	Q96R27
Q8N0Y3	Q8N0Y3
Q8N0Y3	Q8IXE1
Q8N0Y3	Q8NGD1
Q5TZ20	Q5TZ20
Q8IUN9	Q8IUN9
Q0A9A0	Q0A9A0
Q0A9A0	Q1QY40
Q59KY8	Q59KY8
Q59KY8	P36614
Q59KY8	P20604
P51640	P51640
P51640	O57672
P51640	Q00301
P97544	P97544
P97544	Q99JY8
P97544	O14495
Q9FVQ6	Q9FVQ6
Q9FVQ6	Q9SVP6
Q8NGZ2	Q8NGZ2
A8G6G0	A8G6G0
A8G6G0	A2BSS2
A7TTE6	A7TTE6
O34600	O34600
Q6AJL7	Q6AJL7
Q3KLL2	Q3KLL2
C0QPF4	C0QPF4
Q8LDS4	Q8LDS4
O49472	O49472
P94541	P94541
P94541	A7Z7F1
P29509	P29509
P29509	Q75CM8
C3MHJ3	C3MHJ3
C3MHJ3	A6U6U6
P94388	P94388
B0JLU4	B0JLU4
B9E7A4	B9E7A4
Q8LG64	Q8LG64
Q8LG64	Q8LF80
Q8LG64	Q38775
Q8LG64	Q8L4P8
B7GIA2	B7GIA2
P31867	P31867
P31867	O94735
Q8NGS9	Q8NGS9
Q8NGS9	Q8NGT0
Q8NGS9	Q8NGS8
Q645T2	Q645T2
Q645T2	Q646F4
Q645T2	Q9NYV8
Q9H343	Q9H343
D0VWT0	D0VWT0
D0VWT0	B2WSM8
Q66677	Q66677
Q8ZQC8	Q8ZQC8
P9WP21	P9WP21
P9WP21	A0R2G5
Q9LM18	Q9LM18
P23472	P23472
P23472	P19172
P43360	P43360
P43360	P43356
P43360	P43365
P43360	P43357
Q0VCR4	Q0VCR4
Q0VCR4	Q7TMB3
Q0VCR4	Q9UQK1
Q0VCR4	Q5U2R5
Q2QXB3	Q2QXB3
Q2QXB3	Q2QLW3
Q2QXB3	Q94JW0
B3R1I4	B3R1I4
B3R1I4	Q0K979
B3R1I4	A9AIJ8
B3R1I4	B2T236
B3R1I4	Q62ID7
B4ULC6	B4ULC6
Q9Y448	Q9Y448
Q82TQ4	Q82TQ4
Q82TQ4	Q7WNY4
Q82TQ4	Q7VUH1
Q2NB51	Q2NB51
B1HPA1	B1HPA1
P84294	P84294
P84294	P18929
P65444	P65444
P65444	P0DC40
P65444	Q8P046
P65444	Q5XAX5
Q10PE7	Q10PE7
Q10PE7	A0A1X9QHJ0
Q10PE7	Q0PCF4
Q1D0T2	Q1D0T2
Q2A587	Q2A587
Q2A587	A4IYW2
Q6M183	Q6M183
Q3ZC62	Q3ZC62
Q525E4	Q525E4
Q54QD9	Q54QD9
P9WPJ1	P9WPJ1
P38413	P38413
Q3I5G5	Q3I5G5
Q8NGE9	Q8NGE9
Q8NGE9	Q8NGQ5
Q7VDN6	Q7VDN6
Q5ZHY5	Q5ZHY5
Q5ZHY5	A6HD62
Q5ZHY5	Q9WUD1
Q5ZHY5	Q9UNE7
A1CHQ0	A1CHQ0
A1CHQ0	P56588
Q13607	Q13607
Q13607	O95006
Q0II22	Q0II22
Q0II22	Q91YL2
Q9P7N4	Q9P7N4
Q866R9	Q866R9
Q866R9	Q08E39
Q866R9	Q5R959
Q866R9	O43597
Q866R9	Q9QXV8
Q866R9	Q2PFN5
Q7TPJ0	Q7TPJ0
Q7TPJ0	P16967
Q7TPJ0	Q9CY50
Q7TPJ0	A6QLP7
Q7TPJ0	P43307
Q7TPJ0	Q5R4X4
O82799	O82799
B2GB76	B2GB76
Q6UDJ1	Q6UDJ1
Q2AB83	Q2AB83
Q5P3T7	Q5P3T7
B1WNK3	B1WNK3
B1WNK3	B2IVE7
B1WNK3	Q54776
Q6PJQ5	Q6PJQ5
O82756	O82756
B3PND6	B3PND6
Q9LXR8	Q9LXR8
Q9W625	Q9W625
Q58487	Q58487
B0BTY5	B0BTY5
B0BTY5	A3N3P8
B0BTY5	B3H330
B0BTY5	A5UB70
B0BTY5	Q7U338
B0BTY5	Q65SD6
Q9UD57	Q9UD57
Q9UD57	P42580
P13063	P13063
P07307	P07307
B3DQ80	B3DQ80
Q9C9N3	Q9C9N3
Q81E05	Q81E05
Q81E05	Q38WX8
Q81E05	A7GP90
Q81E05	Q03F96
Q8VFL5	Q8VFL5
Q8VFL5	Q8NGP6
Q47083	Q47083
Q0SWR1	Q0SWR1
Q0SWR1	Q8XP62
Q821X8	Q821X8
Q821X8	Q255Q8
B4S9J4	B4S9J4
C5P0Z4	C5P0Z4
Q5FJB7	Q5FJB7
Q8N8G2	Q8N8G2
P56580	P56580
P70314	P70314
P70314	Q99NA7
P70314	P56673
P62055	P62055
P62055	P06150
P62055	Q5SJA1
P62055	P13715
Q8TB03	Q8TB03
Q202B1	Q202B1
Q8YZ37	Q8YZ37
P34688	P34688
B3FHT4	B3FHT4
B3FHT4	P36967
B3FHT4	Q4ULQ8
B3FHT4	Q9YGD2
P52576	P52576
P52576	I1LHU6
O63623	O63623
Q8BM88	Q8BM88
Q8R7Y2	Q8R7Y2
P33186	P33186
Q9P1W9	Q9P1W9
B3PBR5	B3PBR5
Q9P7N5	Q9P7N5
Q8GXR5	Q8GXR5
Q8GXR5	Q9LZM3
B1YL84	B1YL84
Q7WGU8	Q7WGU8
O25901	O25901
Q66JE4	Q66JE4
Q66JE4	Q6GQD5
Q9D6J3	Q9D6J3
Q15617	Q15617
Q15617	Q60884
Q9L393	Q9L393
A9Y0K8	A9Y0K8
P39988	P39988
Q9P6N3	Q9P6N3
O34391	O34391
P11862	P11862
P11862	O43903
F2MMN9	F2MMN9
F2MMN9	P0DH74
F2MMN9	Q9CFW8
F2MMN9	P54322
B2HTT5	B2HTT5
O97336	O97336
Q2KI79	Q2KI79
Q2KI79	Q99PE2
Q2KI79	Q9H9E1
Q2JHF7	Q2JHF7
P9WIY3	P9WIY3
Q54BE5	Q54BE5
Q52QH4	Q52QH4
Q7WS85	Q7WS85
Q7WS85	P61889
Q7WS85	Q7X3X5
Q7WS85	P44427
P0A6I3	P0A6I3
P29175	P29175
P29175	P03333
Q6SJQ0	Q6SJQ0
Q6SJQ0	A2TGX5
Q0JEB7	Q0JEB7
Q96LJ7	Q96LJ7
Q96LJ7	Q99L04
P39582	P39582
Q82M29	Q82M29
Q9UGF7	Q9UGF7
P65194	P65194
P65194	Q8PBG4
Q6CE48	Q6CE48
A1B8Z2	A1B8Z2
Q5Z0G1	Q5Z0G1
P44482	P44482
P05340	P05340
Q4FQY8	Q4FQY8
Q4FQY8	B0VQ53
Q4FQY8	Q3K6L8
Q4FQY8	Q88Q89
Q4FQY8	Q48NK3
Q4FQY8	B1JF80
Q4FQY8	Q21HK6
Q4FQY8	A5VY55
Q4FQY8	Q4K5U7
Q4FQY8	Q9HVM7
Q4FQY8	Q0VSD8
Q4L6D7	Q4L6D7
Q4L6D7	A6U1P7
Q4L6D7	P0C0M5
Q9TYT3	Q9TYT3
Q6IEU7	Q6IEU7
Q6IEU7	Q8NGP8
Q5WGC3	Q5WGC3
Q8AVI9	Q8AVI9
Q8AVI9	Q0P4J9
Q86KU6	Q86KU6
A6LC32	A6LC32
Q988B7	Q988B7
Q4Q2Y6	Q4Q2Y6
Q8IAX8	Q8IAX8
G3XCY6	G3XCY6
I1S1Q3	I1S1Q3
Q9LKA1	Q9LKA1
Q8RB32	Q8RB32
O13709	O13709
Q91ZW1	Q91ZW1
Q91ZW1	P40630
Q8IYL3	Q8IYL3
B8NI24	B8NI24
Q6FKA1	Q6FKA1
O65036	O65036
A0A060LAL9	A0A060LAL9
A0A060LAL9	A0A1I9R3Y5
P23926	P23926
P23926	O85222
Q9RI72	Q9RI72
Q9RI72	P26220
Q5YSW2	Q5YSW2
Q5YSW2	A3PYA0
Q5YSW2	A0PQF8
Q5YSW2	A4TCI6
Q5YSW2	A0QVR3
Q5YSW2	P9WP23
Q5YSW2	A1UEU3
Q9HUI2	Q9HUI2
Q9CBI6	Q9CBI6
Q9CBI6	P9WGE9
P0DW82	P0DW82
C5M5Z6	C5M5Z6
P40881	P40881
Q9XZJ4	Q9XZJ4
Q8TUT2	Q8TUT2
P24121	P24121
Q8CG08	Q8CG08
Q8CG08	Q96CG8
Q8CG08	Q9D1D6
O34125	O34125
O34125	Q7UZK7
O34125	Q7V992
O34125	Q7UA36
O34125	Q2IEW1
O34125	Q3AF96
O34125	Q8DLI2
O34125	Q1DAT0
A7H426	A7H426
A7H426	A8FLN6
Q64695	Q64695
Q64695	Q4V8I1
Q8IUA0	Q8IUA0
Q96DX8	Q96DX8
P54356	P54356
P01731	P01731
Q5T1C6	Q5T1C6
Q9SIB4	Q9SIB4
O84685	O84685
O84685	Q824U5
Q65200	Q65200
W4KMP1	W4KMP1
P9WQK1	P9WQK1
Q5DWG2	Q5DWG2
C4XIQ5	C4XIQ5
Q17413	Q17413
Q6BTP9	Q6BTP9
D0NMF6	D0NMF6
O07595	O07595
P33663	P33663
Q09604	Q09604
Q8VCE6	Q8VCE6
Q02TR2	Q02TR2
Q27896	Q27896
P50086	P50086
P17219	P17219
O55101	O55101
O55101	O43760
Q9FX83	Q9FX83
Q9FX83	Q42599
Q9D8P7	Q9D8P7
Q8IWZ4	Q8IWZ4
Q72DU5	Q72DU5
Q4FQB9	Q4FQB9
Q4FQB9	Q1Q8J2
P10747	P10747
P10747	Q28071
Q99JV5	Q99JV5
Q8Y342	Q8Y342
Q8Y342	Q1LS40
Q8Y342	B2UD27
Q2RXI1	Q2RXI1
P30941	P30941
P30941	P58514
P30941	P17979
A0A2N6JFX7	A0A2N6JFX7
A2BLM0	A2BLM0
P11373	P11373
P31170	P31170
Q9BSN7	Q9BSN7
Q9BSN7	Q5M962
Q9BSN7	Q7TQI0
Q61728	Q61728
Q1QXA4	Q1QXA4
Q69J40	Q69J40
O80339	O80339
Q96S90	Q96S90
B9MQ23	B9MQ23
Q9WYT0	Q9WYT0
Q8U207	Q8U207
P0C127	P0C127
C4QW04	C4QW04
Q58849	Q58849
Q9HIW7	Q9HIW7
Q62393	Q62393
Q62393	P55327
P38957	P38957
P31467	P31467
O07431	O07431
Q8R0W6	Q8R0W6
Q8R0W6	Q9BT67
Q9ZQI2	Q9ZQI2
A0A0H3MDW1	A0A0H3MDW1
Q7U635	Q7U635
Q47TD1	Q47TD1
B5DEN9	B5DEN9
B5DEN9	Q9D1C8
B5DEN9	Q3T178
O21400	O21400
O21400	P50684
O32218	O32218
Q96262	Q96262
Q9VA83	Q9VA83
B4UGH8	B4UGH8
B2V5L9	B2V5L9
Q9C8Z9	Q9C8Z9
Q7XU74	Q7XU74
P52198	P52198
P52198	Q9QYM5
Q47C66	Q47C66
A8ANB2	A8ANB2
A8ANB2	P58494
P52744	P52744
Q3T0P7	Q3T0P7
Q3T0P7	O89051
Q3T0P7	Q5XIE8
Q3T0P7	Q9Y287
Q3T0P7	O42204
Q4WQZ1	Q4WQZ1
Q94JU3	Q94JU3
P0CG28	P0CG28
P0CG28	Q8PV16
P0CU93	P0CU93
P9WG43	P9WG43
P9WG43	B1MC85
P9WG43	Q741C5
P9WG43	A1T8L2
P9WG43	Q5YTQ6
P9WG43	A4TC25
P9WG43	A1UFP1
A0A166ACJ5	A0A166ACJ5
Q0DGU2	Q0DGU2
Q01625	Q01625
Q9W5N0	Q9W5N0
Q14681	Q14681
Q14681	A5PKG7
Q14681	B5DEL1
Q14681	Q8VC57
Q14681	Q9NXV2
Q6X7K1	Q6X7K1
O25096	O25096
O25096	B6JKQ6
O25096	Q1CUH2
O25096	Q9ZMB0
O25096	Q17X65
B1H0E6	B1H0E6
Q46FL1	Q46FL1
Q46FL1	Q8TJZ9
Q9CAE4	Q9CAE4
Q8U1S4	Q8U1S4
P57515	P57515
P57515	B8D9L8
P57515	Q8K9C3
Q7UID0	Q7UID0
P08283	P08283
Q9UTI1	Q9UTI1
O77506	O77506
O77506	Q99MZ8
O77506	Q61792
O77506	Q14847
O77506	Q3B7M5
Q9SX99	Q9SX99
P24103	P24103
P24103	P12447
P24103	P18038
P24103	P20868
P24103	P18092
P24103	P17753
P24103	P04600
P24103	Q74127
Q96PG2	Q96PG2
Q13571	Q13571
Q13571	Q5REZ0
Q13571	Q61168
A3PM38	A3PM38
C4XIR5	C4XIR5
P51163	P51163
P51163	P10746
P46947	P46947
O88838	O88838
O88838	Q99619
O88838	Q5M877
Q7L2Z9	Q7L2Z9
P70689	P70689
P70689	P29033
P70689	Q00977
P70689	A2VE67
P70689	Q5E9Z5
P70689	O95452
P97947	P97947
P97947	Q15466
P97947	Q62227
C4KJ93	C4KJ93
C4KJ93	C3MJP7
C4KJ93	P95989
C4KJ93	B8YB56
Q8LGS1	Q8LGS1
Q61500	Q61500
Q61500	O43736
P39483	P39483
P39483	P40288
P39483	P12310
P39483	P39482
P39483	P39485
P39483	P39484
Q8VY98	Q8VY98
Q6AZM3	Q6AZM3
Q6AZM3	Q5BL63
P40496	P40496
Q9KA05	Q9KA05
Q9KA05	Q5L0Q3
Q9KA05	C5D8T6
Q9KA05	A4IM67
Q9KA05	Q5WFM6
F1SWA0	F1SWA0
O70439	O70439
O70439	O70257
O70439	Q3ZBT5
O70439	O15400
Q9UUM7	Q9UUM7
Q7XC51	Q7XC51
Q84T08	Q84T08
Q84T08	Q69WS3
C3P5Q2	C3P5Q2
C3P5Q2	B7HL46
C3P5Q2	B7HHT6
Q0AVE3	Q0AVE3
Q5V2X8	Q5V2X8
Q5V2X8	Q9V2V6
Q8RYD3	Q8RYD3
P06574	P06574
D2ZZC1	D2ZZC1
Q96BQ5	Q96BQ5
P50163	P50163
P50163	P50164
Q6AXW8	Q6AXW8
Q6AXW8	Q9D5K1
Q6ZUX7	Q6ZUX7
Q6ZUX7	Q8BGA2
Q9F4F7	Q9F4F7
Q9F4F7	P39135
Q64UP8	Q64UP8
C6A2Q1	C6A2Q1
Q96HZ4	Q96HZ4
O62238	O62238
P0CR54	P0CR54
Q21824	Q21824
B2INW0	B2INW0
B2INW0	B8ZNP4
B2INW0	B9DS93
B2INW0	A4W1L5
B2INW0	C1C6H7
B2INW0	Q8DQC4
Q28ZX3	Q28ZX3
Q28ZX3	Q7KNF2
Q9BXS1	Q9BXS1
A4T9L2	A4T9L2
A4T9L2	A1T8U7
Q08E08	Q08E08
Q08E08	Q8IWT1
P42742	P42742
F9USS8	F9USS8
Q87QN3	Q87QN3
Q87QN3	Q7MLU7
A0A384K474	A0A384K474
Q96BQ1	Q96BQ1
Q96BQ1	P97805
Q9ZXX9	Q9ZXX9
Q93V72	Q93V72
A4YGQ6	A4YGQ6
A0A0A7HIF0	A0A0A7HIF0
O75446	O75446
O75446	O88574
O75446	Q9HAJ7
Q9C8T1	Q9C8T1
Q5PB43	Q5PB43
A0KIC9	A0KIC9
Q39T41	Q39T41
Q39T41	Q74AT2
Q9W2D9	Q9W2D9
D0VX24	D0VX24
Q9AE11	Q9AE11
O29319	O29319
Q9FEN9	Q9FEN9
Q08747	Q08747
Q8MXQ2	Q8MXQ2
P0AGJ2	P0AGJ2
Q9V3V7	Q9V3V7
P86226	P86226
P0CG37	P0CG37
P0CG37	P0CG36
O82083	O82083
A3CXN3	A3CXN3
A3N0J2	A3N0J2
A3N0J2	A5UDW8
A3N0J2	A5UHR1
Q2JCJ1	Q2JCJ1
Q3UA16	Q3UA16
Q3UA16	Q5M856
Q3UA16	Q3ZBK3
Q3UA16	Q9HBM1
Q5SIR5	Q5SIR5
Q5SIR5	Q72J47
P28772	P28772
Q8VZB2	Q8VZB2
Q8VZB2	Q5ZEJ0
Q8VZB2	Q7XSZ4
P69506	P69506
Q0WP12	Q0WP12
O75934	O75934
Q24155	Q24155
B8MKZ0	B8MKZ0
Q9UBK7	Q9UBK7
Q9UBK7	Q9UNT1
P50539	P50539
P50539	P50540
D3JTC1	D3JTC1
D3JTC1	Q9X6Z2
P0C8G5	P0C8G5
P0C8G5	P0C8G4
P0C8G5	P27949
Q3J8A0	Q3J8A0
P38555	P38555
P38555	P51996
Q5TYW6	Q5TYW6
Q9PIB8	Q9PIB8
Q9PIB8	A1VYA4
A0KJM0	A0KJM0
A0KJM0	B4TMB2
A0KJM0	Q7ZAP3
A0KJM0	B5EXH2
A0KJM0	Q57SD2
O24603	O24603
Q9SZT0	Q9SZT0
Q661V4	Q661V4
Q7K4Z4	Q7K4Z4
Q830Y9	Q830Y9
Q830Y9	C0MGX1
Q830Y9	B1ICL9
Q830Y9	C1CF07
Q830Y9	Q02Z86
Q830Y9	B5E5S7
Q830Y9	Q5XAM5
Q830Y9	Q99YK9
Q830Y9	A4VX00
Q830Y9	Q03MI7
P64154	P64154
A7DY56	A7DY56
A7DY56	Q9ZW19
A7DY56	Q9ZW18
A7DY56	Q9ZW03
Q27272	Q27272
Q07LY2	Q07LY2
Q0VMX9	Q0VMX9
Q0VMX9	Q1QZ38
P34766	P34766
A9WDC2	A9WDC2
A9WDC2	B8G9X1
Q9V447	Q9V447
A2CI36	A2CI36
A2CI36	Q2JJA9
A2CI36	Q2JT69
A2CI36	B0C6I1
A2CI36	Q9XBL7
A2CI36	Q10YT4
A2CI36	B2J6S6
A2CI36	P19050
A2CI36	B0JSV5
A2CI36	B1XMK4
A0A3Q8GLE8	A0A3Q8GLE8
C4L6Q1	C4L6Q1
Q503U3	Q503U3
Q8XMZ0	Q8XMZ0
Q8XMZ0	A8MLM7
P0C6Q8	P0C6Q8
Q9FKM2	Q9FKM2
Q2IGX0	Q2IGX0
Q2IGX0	B4UHF2
Q2IGX0	B8JAN4
Q832G5	Q832G5
Q832G5	Q838L9
Q9CQ56	Q9CQ56
Q9CQ56	Q9NZ43
Q92V71	Q92V71
P26212	P26212
A6T009	A6T009
D1ZJC1	D1ZJC1
D1ZJC1	A4RK52
P30655	P30655
G5ECI1	G5ECI1
B1XIV9	B1XIV9
Q90YI1	Q90YI1
P0DTU3	P0DTU3
Q74C12	Q74C12
Q1MW86	Q1MW86
P26569	P26569
A1S1K8	A1S1K8
P0CV60	P0CV60
O23346	O23346
O23346	P34047
P9WG01	P9WG01
Q6LZY8	Q6LZY8
Q9L4P2	Q9L4P2
B1ZP50	B1ZP50
P53195	P53195
P21829	P21829
A0A0D3MJQ5	A0A0D3MJQ5
Q6F6R2	Q6F6R2
Q6F6R2	B0VPZ8
Q6F6R2	A3MA87
A2C1W8	A2C1W8
Q8VCZ2	Q8VCZ2
Q8VCZ2	Q96B21
P69682	P69682
P69682	Q5R630
P69682	Q3T093
P69682	Q8NC96
P69682	Q9CR95
B8EIQ3	B8EIQ3
Q03GC2	Q03GC2
A0A163UT06	A0A163UT06
P54544	P54544
P31420	P31420
A4VLQ5	A4VLQ5
A3MXJ5	A3MXJ5
O86062	O86062
O86062	A6V6Z8
O86062	B7VB54
O86062	Q02KW6
Q10482	Q10482
O85078	O85078
O85078	Q9LCU3
B1YKA0	B1YKA0
Q9GV41	Q9GV41
Q84VT7	Q84VT7
Q8ZTB2	Q8ZTB2
Q08015	Q08015
Q2W8Q1	Q2W8Q1
Q2W8Q1	Q93DZ0
Q6L046	Q6L046
P34686	P34686
Q12164	Q12164
Q1QSV1	Q1QSV1
B6J5I5	B6J5I5
B6J5I5	Q83F02
B7KFS2	B7KFS2
B7KFS2	Q55746
Q9LEU4	Q9LEU4
Q9LEU4	Q9SAI2
Q9LEU4	Q9SKZ2
P07383	P07383
P32447	P32447
Q8LEF6	Q8LEF6
Q9PWB0	Q9PWB0
Q6N6C1	Q6N6C1
Q6N6C1	O69161
Q6N6C1	Q3SRB3
D1I234	D1I234
Q7U363	Q7U363
Q7U363	Q7U376
Q73MV2	Q73MV2
Q7NAU0	Q7NAU0
P15807	P15807
P9WKC5	P9WKC5
B0S9E8	B0S9E8
X1WBB5	X1WBB5
O95944	O95944
C4PYP8	C4PYP8
P06136	P06136
F4KAS1	F4KAS1
Q4VBV9	Q4VBV9
Q4VBV9	Q9NQR4
Q4VBV9	Q9JHW2
Q4VBV9	Q2T9R6
Q4VBV9	Q497B0
Q4VBV9	Q28IE5
Q6KHS0	Q6KHS0
A0A0D4WV12	A0A0D4WV12
A0A0D4WV12	C0JB33
A0A0D4WV12	C0JB35
A0A0D4WV12	C0JB39
A0A0D4WV12	C0JB36
A0A0D4WV12	C0JB37
A0A0D4WV12	C0JB38
A0A0D4WV12	C0JB34
A0A0H3MD02	A0A0H3MD02
A0A0H3MD02	P0DPS5
A0A0H3MD02	P0CI27
P39043	P39043
O13416	O13416
O13416	Q1E9A1
O13416	Q4VWW3
O13416	P10652
Q16740	Q16740
Q16740	Q2KHU4
Q16740	O88696
Q3J7U5	Q3J7U5
B0K172	B0K172
B0K172	Q8RA94
Q7U4V2	Q7U4V2
Q888H1	Q888H1
Q888H1	Q88NN6
P48873	P48873
P53580	P53580
P00642	P00642
A8FIR7	A8FIR7
Q9ZVF5	Q9ZVF5
P50162	P50162
Q148M8	Q148M8
Q148M8	Q9QYL7
Q148M8	Q4KLM5
Q148M8	Q9ULW3
Q148M8	Q5R9Y3
A7H9A5	A7H9A5
Q5M755	Q5M755
K7SGN7	K7SGN7
K7SGN7	C0SPG1
Q47VR7	Q47VR7
B6IPH3	B6IPH3
Q604V9	Q604V9
Q45480	Q45480
Q9Z130	Q9Z130
Q9Z130	Q7ZX83
B0REI2	B0REI2
Q7TR96	Q7TR96
Q7TR96	Q8NH87
Q6QLL4	Q6QLL4
Q6QLL4	P16232
Q6QLL4	P28845
Q6QLL4	Q7M3I4
Q6QLL4	Q29608
Q6QLL4	P51975
Q6QLL4	Q8HZJ8
Q6QLL4	Q6R0J2
Q6QLL4	P50172
Q829U3	Q829U3
Q0JPT5	Q0JPT5
B8E328	B8E328
B8E328	B5YEL6
Q20027	Q20027
P31665	P31665
B1GYY3	B1GYY3
A7Z0U6	A7Z0U6
A7Z0U6	Q45582
Q9LQM8	Q9LQM8
Q9FLP3	Q9FLP3
P41878	P41878
Q92537	Q92537
Q92537	Q8BGE4
P41155	P41155
P67662	P67662
Q64VR0	Q64VR0
Q64VR0	Q8DE72
Q64VR0	A6LA51
Q7VE18	Q7VE18
C3NEA8	C3NEA8
C3NEA8	Q9UXE4
Q8TUZ4	Q8TUZ4
P0CW96	P0CW96
P53768	P53768
P0C7T2	P0C7T2
C0ZIY1	C0ZIY1
P43558	P43558
B1MXB1	B1MXB1
Q9N2K7	Q9N2K7
Q8DZQ5	Q8DZQ5
P73962	P73962
Q55BF4	Q55BF4
F4JJE0	F4JJE0
P38874	P38874
W8JNL4	W8JNL4
W8JNL4	A0A1G9FQX8
W8JNL4	W0W999
W8JNL4	Q70GK9
B0Y6Z7	B0Y6Z7
A7Y7W3	A7Y7W3
P21627	P21627
P19802	P19802
O21043	O21043
Q12455	Q12455
B5YJH1	B5YJH1
Q74DC4	Q74DC4
Q8N4L8	Q8N4L8
Q47AB0	Q47AB0
Q6MDD9	Q6MDD9
Q54IK1	Q54IK1
A7GNP0	A7GNP0
Q1W694	Q1W694
Q1W694	A0A0D4WTV1
F1NV61	F1NV61
Q24046	Q24046
P46250	P46250
Q8NGA8	Q8NGA8
Q8NGA8	Q96R69
Q1GNW5	Q1GNW5
P50005	P50005
Q9HI69	Q9HI69
A0AAW1NHX6	A0AAW1NHX6
Q6UXT6	Q6UXT6
Q87DT0	Q87DT0
Q87DT0	B0RXJ1
Q87DT0	Q8PFU4
Q87DT0	Q5GV87
Q6AUG0	Q6AUG0
Q6AUG0	Q9ZQW8
Q9P6S5	Q9P6S5
A3PHT2	A3PHT2
Q9LZ23	Q9LZ23
A5WDY2	A5WDY2
P34804	P34804
P55299	P55299
Q8NSL2	Q8NSL2
Q8NSL2	Q8NSH8
P0A9F6	P0A9F6
Q6CUC3	Q6CUC3
Q19264	Q19264
Q96H79	Q96H79
C4L5D6	C4L5D6
Q9XPI8	Q9XPI8
Q9VIM5	Q9VIM5
Q9VIM5	Q3MHR7
Q9VIM5	Q6IRB1
Q9VIM5	O15144
Q9VIM5	Q9CVB6
Q9VIM5	P85970
Q9VIM5	Q0IH88
Q556R7	Q556R7
B0UA74	B0UA74
B0UA74	B3QCH9
B0UA74	Q07TX9
B0UA74	A5ESP9
Q64TN0	Q64TN0
Q9C5T3	Q9C5T3
A6LLV6	A6LLV6
M1V4Y8	M1V4Y8
P77293	P77293
Q3M9K5	Q3M9K5
Q2LTI8	Q2LTI8
Q28PY7	Q28PY7
Q0VN94	Q0VN94
P74040	P74040
Q9C9F5	Q9C9F5
P75682	P75682
W0T6B6	W0T6B6
A6NHA9	A6NHA9
A6NHA9	Q8NGP0
Q4IQT8	Q4IQT8
Q87KE2	Q87KE2
Q72I25	Q72I25
K0J4Q8	K0J4Q8
Q9T017	Q9T017
Q7JR71	Q7JR71
Q5PNZ7	Q5PNZ7
Q9HU21	Q9HU21
B8NR71	B8NR71
Q8K288	Q8K288
Q99M66	Q99M66
Q79FA4	Q79FA4
P32393	P32393
D0RLZ2	D0RLZ2
Q5XIB9	Q5XIB9
A5N4J0	A5N4J0
Q9W0C1	Q9W0C1
B3W9W2	B3W9W2
A0AF11	A0AF11
A5E1A0	A5E1A0
Q96MX0	Q96MX0
Q67KN6	Q67KN6
Q9D8I1	Q9D8I1
Q8IX19	Q8IX19
M4C367	M4C367
Q9SZY7	Q9SZY7
Q9LJZ5	Q9LJZ5
P16225	P16225
A6QLY2	A6QLY2
Q9CR30	Q9CR30
P82159	P82159
P9WJM5	P9WJM5
P82805	P82805
P83886	P83886
Q9ZWS6	Q9ZWS6
A7FMF9	A7FMF9
A7FMF9	B2K3K4
Q9WYU3	Q9WYU3
B3CQP5	B3CQP5
Q9M0U9	Q9M0U9
A1WYU0	A1WYU0
A0A2Z5U507	A0A2Z5U507
B2G5A1	B2G5A1
Q2LVR8	Q2LVR8
Q0CS68	Q0CS68
A5N8M0	A5N8M0
Q8L5C6	Q8L5C6
P37321	P37321
Q07981	Q07981
Q9VEP1	Q9VEP1
P07273	P07273
Q496A3	Q496A3
P27955	P27955
Q5U2Y0	Q5U2Y0
P10646	P10646
Q15Z15	Q15Z15
Q93K00	Q93K00
Q6NX28	Q6NX28
Q8GXU5	Q8GXU5
Q6ZTR7	Q6ZTR7
Q6ZTR7	Q3V2J0
C6KT50	C6KT50
C6KT50	P0DMS0
A0A161CFW5	A0A161CFW5
A6LQY8	A6LQY8
A8FRR1	A8FRR1
P52652	P52652
Q07534	Q07534
J7FCF0	J7FCF0
Q7TUU2	Q7TUU2
Q7TUU2	A5GJC5
Q7TUU2	Q3AWR0
Q7TUU2	A2C0V9
Q7TUU2	Q46GS3
Q7TUU2	Q7VD84
Q38X22	Q38X22
Q8LB10	Q8LB10
Q8WVZ1	Q8WVZ1
Q7TP90	Q7TP90
Q46896	Q46896
Q9LX93	Q9LX93
B2UZY4	B2UZY4
A1RS58	A1RS58
P30362	P30362
P42941	P42941
B0K2C3	B0K2C3
B9GAG9	B9GAG9
Q758B6	Q758B6
Q9FYK5	Q9FYK5
Q47SX2	Q47SX2
Q0W8E1	Q0W8E1
Q86JP5	Q86JP5
Q94JV5	Q94JV5
Q0IH43	Q0IH43
Q0IH43	Q5F3A6
Q0IH43	Q567B1
A5IAW8	A5IAW8
Q7U365	Q7U365
Q9SJC6	Q9SJC6
A0A0H3LM39	A0A0H3LM39
Q8Y7K0	Q8Y7K0
Q97I21	Q97I21
Q491U9	Q491U9
O94553	O94553
Q04110	Q04110
Q47129	Q47129
B0V3H4	B0V3H4
P52664	P52664
P52664	P80298
Q5XDQ5	Q5XDQ5
Q7W7U0	Q7W7U0
P21684	P21684
B0TGQ8	B0TGQ8
P9WFR5	P9WFR5
Q7NQ01	Q7NQ01
Q9H4F1	Q9H4F1
A0A0H2WZY4	A0A0H2WZY4
Q8K4F5	Q8K4F5
Q8K4F5	Q8NFV4
Q8K4F5	Q3SZ73
B0B8S5	B0B8S5
A1WX34	A1WX34
Q1II13	Q1II13
P0AAX8	P0AAX8
O43060	O43060
O97422	O97422
A6NDP7	A6NDP7
Q5U3S7	Q5U3S7
Q863H2	Q863H2
Q72L59	Q72L59
Q5KXX3	Q5KXX3
Q5KXX3	C5D3B2
Q9NYV9	Q9NYV9
Q5HBA3	Q5HBA3
Q5HBA3	Q5FGW9
Q5HBA3	Q2GGK2
Q5HBA3	Q3YS44
Q6NAZ6	Q6NAZ6
Q6NAZ6	B3QHK8
Q6NAZ6	Q13BU3
Q6NAZ6	Q1QIJ1
Q6NAZ6	A5EEC1
Q6NAZ6	A4YPP8
Q6NAZ6	Q07I86
Q9H8S5	Q9H8S5
Q7XKU5	Q7XKU5
Q47GC9	Q47GC9
P0AEL6	P0AEL6
G3X9R7	G3X9R7
G3X9R7	Q2TA44
G3X9R7	Q8N7C7
B2A4Q0	B2A4Q0
Q9LSL6	Q9LSL6
Q929H1	Q929H1
Q929H1	C0LNR0
B5YJS2	B5YJS2
Q85230	Q85230
P79920	P79920
P14559	P14559
Q9ESE2	Q9ESE2
Q9ESE2	O14788
Q9ESE2	O35235
A5IBB3	A5IBB3
Q5CZR5	Q5CZR5
A8KB34	A8KB34
Q7CYD2	Q7CYD2
Q7CYD2	Q1MG13
Q7CYD2	Q92PH1
Q7CYD2	A5VQ10
Q7CYD2	Q2K7U6
Q7CYD2	A6U9M6
Q12W06	Q12W06
O74368	O74368
Q9SLP4	Q9SLP4
P59551	P59551
Q9SQK3	Q9SQK3
Q8NG97	Q8NG97
P11018	P11018
C1BH56	C1BH56
C1BH56	Q6AZB3
A1AU58	A1AU58
H2L0N3	H2L0N3
P18186	P18186
Q3J5X0	Q3J5X0
Q3J5X0	A1B842
A6QK89	A6QK89
Q9Y4A9	Q9Y4A9
Q9Y4A9	Q8NGA6
Q9Y4A9	O60403
Q9Y4A9	Q8NGA5
Q9Y4A9	Q8VBW9
Q9Y4A9	O60404
P47435	P47435
Q99JW5	Q99JW5
Q99JW5	Q3T0L5
Q99JW5	P16422
Q99JW5	Q75QW1
Q99JW5	Q1WER1
Q892U0	Q892U0
A0R3S7	A0R3S7
A0R3S7	P9WKD9
Q47317	Q47317
Q9FRV4	Q9FRV4
Q834G2	Q834G2
Q0E3C3	Q0E3C3
P13384	P13384
P13384	P12843
P13384	P47877
P13384	P24853
O06659	O06659
Q15TZ6	Q15TZ6
H6LC31	H6LC31
F1DBA7	F1DBA7
A0LQR5	A0LQR5
F4P6T0	F4P6T0
A6LUQ4	A6LUQ4
P72131	P72131
Q8L970	Q8L970
Q8L970	F4J0A8
E1B836	E1B836
E1B836	A0A4X1TZW7
E1B836	Q6SP97
E1B836	Q8TC29
B1HX32	B1HX32
Q9HK58	Q9HK58
P57393	P57393
B7GUD5	B7GUD5
Q67684	Q67684
K4N0V2	K4N0V2
Q03YX1	Q03YX1
Q757Z8	Q757Z8
A7I2X3	A7I2X3
O70552	O70552
O70552	Q9NY30
Q9D1F4	Q9D1F4
Q9D1F4	Q96B36
O05523	O05523
Q8QZT2	Q8QZT2
B8GRG3	B8GRG3
O60143	O60143
O60143	P25457
P36923	P36923
A5E598	A5E598
A5E598	A3LV51
A5E598	A5DC72
A5E598	Q6BLN9
F8JJ25	F8JJ25
P52705	P52705
P52705	P52704
Q07953	Q07953
Q6ZUV0	Q6ZUV0
Q84WI0	Q84WI0
D1FNK0	D1FNK0
P0A396	P0A396
Q6AY82	Q6AY82
Q7AKQ6	Q7AKQ6
Q7AKQ6	Q828I7
D3SQW0	D3SQW0
Q75I75	Q75I75
Q75I75	Q4PR40
Q75I75	Q7XE35
Q75I75	Q4PR48
Q75I75	Q7G6Z5
Q75I75	Q4PR41
Q59NP1	Q59NP1
Q5JH93	Q5JH93
A3NUS3	A3NUS3
A3NUS3	Q1BWM2
A3NUS3	Q0BFQ8
A3NUS3	B1K0S6
Q9LBV3	Q9LBV3
Q9M1K0	Q9M1K0
Q9M1K0	Q9M1K1
Q9FJF8	Q9FJF8
P76395	P76395
Q08D83	Q08D83
Q08D83	Q5RBL9
O61955	O61955
Q8NNJ1	Q8NNJ1
Q58841	Q58841
Q10S66	Q10S66
Q9N337	Q9N337
Q1G3Q4	Q1G3Q4
Q7VGZ1	Q7VGZ1
Q81XB3	Q81XB3
C0QU08	C0QU08
G4VJD5	G4VJD5
P08833	P08833
Q5WXZ6	Q5WXZ6
Q9RUV0	Q9RUV0
P15328	P15328
P15328	P41439
P15328	P02702
P15328	P35846
P15328	P14207
P15328	Q05685
Q92EU4	Q92EU4
Q8TZH9	Q8TZH9
Q42429	Q42429
Q3ZY29	Q3ZY29
Q3ZY29	Q3Z7F5
Q9SRY6	Q9SRY6
Q9QZ23	Q9QZ23
Q9QZ23	Q9UMS0
A2AA28	A2AA28
A2AA28	Q86XA0
A2AA28	Q5RJL2
Q2G1E1	Q2G1E1
A3NVY2	A3NVY2
A3NVY2	A1V4L3
A3NVY2	A4JEQ1
A3NVY2	Q13Z72
A3NVY2	Q8Y040
A3NVY2	Q0K950
P23639	P23639
B0RAW4	B0RAW4
P17890	P17890
Q9BY71	Q9BY71
Q9NEW6	Q9NEW6
A8M8E8	A8M8E8
Q46XB8	Q46XB8
Q8PNI0	Q8PNI0
A4IL48	A4IL48
Q5NF43	Q5NF43
Q9ASX9	Q9ASX9
Q6L1F5	Q6L1F5
Q11KH2	Q11KH2
P06308	P06308
Q6J9S1	Q6J9S1
P34630	P34630
Q4PR53	Q4PR53
Q4PR53	Q9XHX0
Q07011	Q07011
Q3A4X5	Q3A4X5
B0R7G3	B0R7G3
Q501S4	Q501S4
Q1PCB0	Q1PCB0
Q9SJ81	Q9SJ81
Q9FN50	Q9FN50
Q9FN50	G5DBJ0
Q9D992	Q9D992
Q9D992	Q6AYM7
Q9SQL2	Q9SQL2
Q9SQL2	P27521
Q9SQL2	Q36718
Q2FZ27	Q2FZ27
B1HVQ1	B1HVQ1
B1HVQ1	C5D7N8
B1HVQ1	Q9K6Z6
B1HVQ1	O34727
B1HVQ1	A8FHQ9
B1HVQ1	B7GL45
B1HVQ1	Q5WDI2
Q6HN84	Q6HN84
Q6HN84	B7HWF4
Q6HN84	A7Z3F8
Q6HN84	O31618
Q6HN84	A4IKR6
Q6HN84	C1EYJ3
Q6HN84	Q5L2C0
Q6HN84	Q73DB1
Q6HN84	B7GEY2
Q6HN84	B7JRB1
Q6HN84	B1YES2
Q6HN84	Q65L94
Q93WC4	Q93WC4
B7KMS4	B7KMS4
Q47XK4	Q47XK4
A0A345MJY6	A0A345MJY6
A5ILH3	A5ILH3
Q0A4T1	Q0A4T1
Q834J7	Q834J7
P82597	P82597
B6J3A6	B6J3A6
P0AB01	P0AB01
Q9BV99	Q9BV99
F8QQG5	F8QQG5
P13284	P13284
P42423	P42423
Q2L1G9	Q2L1G9
Q9Z520	Q9Z520
Q83YH3	Q83YH3
Q9SHD1	Q9SHD1
Q9SHD1	F4IBJ3
Q9SHD1	Q6IVU7
P60410	P60410
P60410	P60413
B5FFE9	B5FFE9
A6SV13	A6SV13
Q02073	Q02073
P21215	P21215
Q7Z9I2	Q7Z9I2
Q8WSR7	Q8WSR7
A1TZ53	A1TZ53
Q8G7F4	Q8G7F4
Q46BM0	Q46BM0
Q46BM0	Q8TSA8
C1DMX5	C1DMX5
Q5E331	Q5E331
P32178	P32178
Q655V5	Q655V5
Q99373	Q99373
Q7XSN6	Q7XSN6
Q5VPG8	Q5VPG8
Q8TBR7	Q8TBR7
Q9LSW8	Q9LSW8
A5VLH4	A5VLH4
Q96EY8	Q96EY8
Q96EY8	Q9D273
Q96EY8	Q58D49
Q8TX58	Q8TX58
C5B8V8	C5B8V8
Q9S9K9	Q9S9K9
Q8RA90	Q8RA90
P0ADD5	P0ADD5
P9WNC1	P9WNC1
P9WJ67	P9WJ67
O70514	O70514
O70514	Q9QY10
Q6FVF2	Q6FVF2
Q9AD93	Q9AD93
Q10148	Q10148
Q6MWE5	Q6MWE5
Q6MWE5	P0DO17
Q6MWE5	Q6ERE5
Q6MWE5	Q9ZUA5
P46536	P46536
Q1IMC7	Q1IMC7
A6QQ24	A6QQ24
A6QQ24	Q9Y2B2
A6QQ24	Q5SX19
A6QQ24	O35790
Q30PD7	Q30PD7
A1ZBT5	A1ZBT5
Q62361	Q62361
Q62361	P01150
Q6MLE7	Q6MLE7
Q8G0F7	Q8G0F7
C5BEP2	C5BEP2
Q6NKR1	Q6NKR1
P80491	P80491
Q84MD6	Q84MD6
Q06244	Q06244
Q47SS3	Q47SS3
Q38WY6	Q38WY6
O26314	O26314
Q8AV61	Q8AV61
Q10329	Q10329
P77599	P77599
B1HQC2	B1HQC2
Q7RYW8	Q7RYW8
A9N9U7	A9N9U7
P63363	P63363
P63363	Q180A5
Q5B0Z5	Q5B0Z5
O22456	O22456
O22456	Q03489
O22456	O65874
O34338	O34338
O48549	O48549
O48549	P51430
H9XP47	H9XP47
Q7X7C9	Q7X7C9
Q9VKD7	Q9VKD7
F1B281	F1B281
Q0IDJ3	Q0IDJ3
Q0IDJ3	A3PB15
Q0IDJ3	Q31CN9
Q0IDJ3	Q3AN52
Q0IDJ3	A8G2V4
Q0IDJ3	A5GIB4
Q0IDJ3	A2CCP6
Q0IDJ3	Q7V4Q5
Q0IDJ3	A9BDU0
Q0IDJ3	Q7V303
Q0IDJ3	B7K0X4
B2GBV7	B2GBV7
P41117	P41117
Q0AW41	Q0AW41
Q04744	Q04744
Q04744	Q04743
Q04744	Q17R00
Q23808	Q23808
Q9GKE2	Q9GKE2
B9K7G8	B9K7G8
B9K7G8	A5ILS0
B9K7G8	P96112
B9K7G8	B1LB13
Q54E29	Q54E29
Q7UVM5	Q7UVM5
E2RD63	E2RD63
E2RD63	Q5SWZ9
E2RD63	Q8N2A8
E2RD63	E1BE10
Q58663	Q58663
Q31IM5	Q31IM5
P62450	P62450
Q4WHY8	Q4WHY8
Q928I1	Q928I1
Q9LFD5	Q9LFD5
A7TDM0	A7TDM0
A0LRC9	A0LRC9
Q0JR25	Q0JR25
P03856	P03856
O52353	O52353
A8I066	A8I066
Q7VDR6	Q7VDR6
P09774	P09774
Q53080	Q53080
Q53080	Q53084
Q53080	C1ASP6
Q53080	A4TB55
P57206	P57206
A8AY24	A8AY24
P0CQ54	P0CQ54
Q6EU39	Q6EU39
Q6EU39	Q7XUN2
Q7Z4H9	Q7Z4H9
Q9V3V0	Q9V3V0
P32610	P32610
Q1RHE5	Q1RHE5
Q1RHE5	Q9ZE14
Q1RHE5	A8GMB6
Q9VA12	Q9VA12
A0LFP6	A0LFP6
Q7NG34	Q7NG34
P54398	P54398
Q5R0R3	Q5R0R3
A1SS88	A1SS88
P10805	P10805
Q12L39	Q12L39
P0DUL6	P0DUL6
P95748	P95748
O29757	O29757
Q2NVG1	Q2NVG1
P39408	P39408
B5Z6N2	B5Z6N2
Q9XGP7	Q9XGP7
Q9Y9L0	Q9Y9L0
Q9NCL7	Q9NCL7
Q5ZCL8	Q5ZCL8
Q5ZCL8	Q9M5P4
Q6LAD6	Q6LAD6
A1W3F9	A1W3F9
A1W3F9	Q21SD6
A1W3F9	A1WJV9
A1W3F9	A1VT30
A1W3F9	A1TUS2
Q921N7	Q921N7
A0PYP2	A0PYP2
Q18DH8	Q18DH8
Q7SXP4	Q7SXP4
Q7SXP4	Q07955
Q7SXP4	Q5R7H2
Q7SXP4	Q6NYA0
Q08856	Q08856
Q08856	P13349
Q08856	P24699
Q08856	P17667
Q9CRB5	Q9CRB5
B8H623	B8H623
B8H623	B0T3H6
P86347	P86347
P76506	P76506
Q9BY19	Q9BY19
Q7W5J6	Q7W5J6
Q7W5J6	Q2KWY0
Q96PB8	Q96PB8
P53559	P53559
A6GVR5	A6GVR5
A0A0F7U1Z1	A0A0F7U1Z1
Q8PVJ4	Q8PVJ4
Q7CQM9	Q7CQM9
Q46891	Q46891
Q6ML19	Q6ML19
Q874L8	Q874L8
A0A0H3KNE7	A0A0H3KNE7
P77307	P77307
P36525	P36525
Q9LMA8	Q9LMA8
A8L6K4	A8L6K4
A1B9K8	A1B9K8
Q9ZH79	Q9ZH79
Q5RFU5	Q5RFU5
B0TY41	B0TY41
A4SIM3	A4SIM3
P05707	P05707
O24496	O24496
Q0KBT2	Q0KBT2
Q0KBT2	B2UFW4
Q0KBT2	B3R4T2
Q0A751	Q0A751
Q9HB09	Q9HB09
A8MJ87	A8MJ87
P38975	P38975
P45323	P45323
A4W1C8	A4W1C8
A4W1C8	Q03KX7
O65282	O65282
P42912	P42912
Q135D0	Q135D0
Q135D0	Q07L16
Q135D0	Q1QLD9
Q135D0	Q3SRU9
Q135D0	B6JF54
O45595	O45595
Q8TAT2	Q8TAT2
Q0S7Q0	Q0S7Q0
Q0BWR4	Q0BWR4
Q9ZV02	Q9ZV02
Q8LD98	Q8LD98
Q08383	Q08383
Q9BSH5	Q9BSH5
A6Q117	A6Q117
A6Q117	A7I416
A6Q117	A8EQW5
Q9SIH2	Q9SIH2
A9CES4	A9CES4
Q07821	Q07821
P36039	P36039
P33411	P33411
A5PJS2	A5PJS2
Q10434	Q10434
Q7SBA0	Q7SBA0
Q98GP9	Q98GP9
A0A2P1DP74	A0A2P1DP74
O34900	O34900
O95150	O95150
Q9NPI7	Q9NPI7
Q5Z6F6	Q5Z6F6
O31664	O31664
B8LCD8	B8LCD8
Q9FJA2	Q9FJA2
P30022	P30022
P9WMX7	P9WMX7
Q93TU6	Q93TU6
P77668	P77668
B2V963	B2V963
Q9XA15	Q9XA15
O65333	O65333
P0AF24	P0AF24
A5FYE5	A5FYE5
Q95104	Q95104
Q95104	P01213
Q95104	P01214
Q8G526	Q8G526
A0CY51	A0CY51
B5EQF2	B5EQF2
Q582T2	Q582T2
Q21UL3	Q21UL3
Q9BVX2	Q9BVX2
Q88MH6	Q88MH6
Q41963	Q41963
Q41963	P0DO54
Q41963	P25818
Q41963	Q94CS9
Q41963	O82598
Q41963	P50156
Q41963	O64964
Q2QDF6	Q2QDF6
Q2S5G4	Q2S5G4
Q2PE60	Q2PE60
P12999	P12999
Q8N8F6	Q8N8F6
Q8N8F6	Q9JIM5
Q87EH7	Q87EH7
Q5NAZ9	Q5NAZ9
Q9BQY9	Q9BQY9
Q28VP7	Q28VP7
Q28VP7	B9KPP7
Q69JW2	Q69JW2
P0A924	P0A924
P48499	P48499
Q6X7J9	Q6X7J9
Q9R006	Q9R006
O94663	O94663
Q88VJ8	Q88VJ8
P20723	P20723
P37355	P37355
O86331	O86331
Q99369	Q99369
G8B839	G8B839
Q4KMI4	Q4KMI4
Q4KMI4	Q8BGH4
Q4KMI4	Q9H902
O31775	O31775
Q1ASC4	Q1ASC4
A1S3W8	A1S3W8
A1S3W8	Q12KG8
A1S3W8	A9L5M3
A1S3W8	Q1CAR9
A1S3W8	P0A884
A1S3W8	A4SIW7
A1S3W8	Q1LK81
A1S3W8	Q667F9
A1S3W8	Q7N8U4
A1S3W8	Q8Z412
A1S3W8	B8EBR5
A1S3W8	A8GIH7
A1S3W8	Q0HSH8
A1S3W8	Q32C94
A1S3W8	A5II41
A1S3W8	Q5WSU5
A1S3W8	A9MS82
A1S3W8	B7GI39
A1S3W8	A3D1U3
A1S3W8	A0KZP5
A1S3W8	A4WE03
P56119	P56119
P56119	B6JN89
P56119	Q56S04
P00413	P00413
P00413	P05490
P00413	P04373
P00413	P00412
P00413	P93285
A0A0A1H8I4	A0A0A1H8I4
P43166	P43166
P43166	Q9ERQ8
P11885	P11885
P11885	P06298
P11885	P22923
P11885	P06299
Q6S3I3	Q6S3I3
Q6S3I3	Q70UV1
Q9HYA4	Q9HYA4
A0A1U8QXK4	A0A1U8QXK4
Q5LLW6	Q5LLW6
Q5QGZ9	Q5QGZ9
P43387	P43387
Q921C1	Q921C1
Q9SF29	Q9SF29
Q2GH22	Q2GH22
O07015	O07015
B0SAC5	B0SAC5
P21112	P21112
P21112	P58816
Q9NRE1	Q9NRE1
C6DCC8	C6DCC8
C6DCC8	Q57RM1
C6DCC8	A7ZJ95
C6DCC8	Q3Z489
C6DCC8	B5EZF2
C6DCC8	B7LAC0
C6DCC8	B7NMR0
C6DCC8	A9MTR2
C6DCC8	B5BC82
C6DCC8	P50465
C6DCC8	B7ULJ5
C6DCC8	B4TQ44
P50289	P50289
Q9NVS9	Q9NVS9
Q9NVS9	Q91XF0
Q9NVS9	O88794
Q9NVS9	Q5E9K3
Q586F4	Q586F4
Q03123	Q03123
Q03123	Q8R0A0
Q03123	P13984
Q03123	Q01750
Q03123	Q2T9L9
Q8Z6A7	Q8Z6A7
A0B999	A0B999
Q9FQ25	Q9FQ25
Q9FQ25	Q9FQ24
P22255	P22255
P53915	P53915
B8I1A8	B8I1A8
Q8MPP0	Q8MPP0
Q96288	Q96288
O94444	O94444
P57719	P57719
Q9FVE6	Q9FVE6
A5D7A0	A5D7A0
A5D7A0	Q4FZY0
A5D7A0	Q9D8Y0
A5D7A0	Q96C19
Q9P7T7	Q9P7T7
B8MDN4	B8MDN4
B8MDN4	Q7S2W6
B8MDN4	P56538
B8MDN4	O94476
B8MDN4	Q59L13
B8MDN4	Q12522
B8MDN4	Q3KRD8
B8MDN4	O55135
B8MDN4	P56537
B8MDN4	Q9TU47
B8MDN4	Q6ZM19
P0A382	P0A382
Q9UI43	Q9UI43
Q9UI43	Q9CPY0
A0JUZ2	A0JUZ2
A0JUZ2	A1R556
Q93654	Q93654
P86176	P86176
A1BI80	A1BI80
Q2KZT1	Q2KZT1
Q2KZT1	Q12FK2
Q2KZT1	Q7W0D1
Q6PI78	Q6PI78
Q6PI78	Q4VAE3
Q0SPF2	Q0SPF2
Q0SPF2	P70830
Q0SPF2	Q663A0
Q0SPF2	B5RQJ5
Q0SPF2	B2S1K1
G4N1S3	G4N1S3
P31166	P31166
B0T1S6	B0T1S6
B0T1S6	Q9ABF0
P0C1A0	P0C1A0
P12670	P12670
P12670	Q8LPU1
P12670	Q01591
P12670	P14170
Q6R0C4	Q6R0C4
P53060	P53060
Q9T216	Q9T216
O64425	O64425
O84096	O84096
Q8AXQ4	Q8AXQ4
O31677	O31677
Q9WYW0	Q9WYW0
Q9CQJ0	Q9CQJ0
Q9CQJ0	Q8N1Q8
Q8GTS2	Q8GTS2
A0A0H2ZLL3	A0A0H2ZLL3
Q9H321	Q9H321
Q9H321	Q9H320
C0Z7H6	C0Z7H6
B2KG20	B2KG20
B2KG20	Q5DT39
P87090	P87090
P30859	P30859
A0A075TRL0	A0A075TRL0
A0A075TRL0	A1CFK8
P31783	P31783
A0A6C0M6J9	A0A6C0M6J9
Q9H3R5	Q9H3R5
Q9H3R5	Q3T0L1
Q9H3R5	Q9QYM8
A5FJK8	A5FJK8
Q4AAM8	Q4AAM8
P75809	P75809
P04846	P04846
B3DWQ9	B3DWQ9
Q58435	Q58435
A7GZE9	A7GZE9
A7GZE9	A7ZE20
Q9PIC1	Q9PIC1
Q8LFW5	Q8LFW5
B8JM82	B8JM82
P31579	P31579
A7ZA59	A7ZA59
A7ZA59	P39593
Q94521	Q94521
Q877R9	Q877R9
Q9SRV3	Q9SRV3
Q1CTW0	Q1CTW0
Q1CTW0	B5Z6T7
Q1CTW0	O25290
P31680	P31680
Q4ZTN0	Q4ZTN0
Q4ZTN0	Q48IH8
Q4ZTN0	Q882A9
Q4ZTN0	B1J6H6
P32496	P32496
P35452	P35452
P35452	P23812
Q6L2M4	Q6L2M4
Q94JT5	Q94JT5
C5BMA3	C5BMA3
Q9ZN55	Q9ZN55
Q9ZN55	B6JPA2
P03934	P03934
Q54NC0	Q54NC0
A2RU54	A2RU54
A2RU54	P43687
O32188	O32188
Q112X4	Q112X4
Q112X4	B0C390
Q112X4	Q5N3I3
Q112X4	Q7V9A2
Q112X4	Q7UA46
P87017	P87017
B2V7G0	B2V7G0
P9WNZ5	P9WNZ5
P03195	P03195
B9KBR9	B9KBR9
Q08558	Q08558
Q7VUG7	Q7VUG7
Q7VUG7	A9I6Y3
Q7VUG7	Q2KYB7
P75523	P75523
A6NDR6	A6NDR6
Q63A51	Q63A51
Q63A51	B7H5Z8
Q63A51	Q736G1
Q63A51	B7JSQ5
Q13243	Q13243
Q13243	O35326
Q0AIP9	Q0AIP9
A4X744	A4X744
A4X744	A8M2A3
Q3TEW6	Q3TEW6
Q3TEW6	O95297
Q3TEW6	Q6AYT8
Q3TEW6	Q32PI9
Q9V4S8	Q9V4S8
A9A233	A9A233
A4JBS4	A4JBS4
A4JBS4	A9AGB5
Q14AM7	Q14AM7
Q14AM7	Q14CZ0
Q14AM7	A2BE76
B0SFE6	B0SFE6
P94270	P94270
Q38VS5	Q38VS5
Q9VDM6	Q9VDM6
Q9VDM6	B3NYY7
Q9VDM6	B4PP90
Q9VDM6	B4LVR8
Q9VDM6	B4K7S5
Q9VDM6	B4JXU2
P56909	P56909
Q92J26	Q92J26
Q88RA3	Q88RA3
P0A0Q9	P0A0Q9
Q8L870	Q8L870
Q2YAP0	Q2YAP0
P24808	P24808
A0A3Q8GL18	A0A3Q8GL18
P58380	P58380
Q75JG8	Q75JG8
Q8DPZ3	Q8DPZ3
O18405	O18405
Q9ERA9	Q9ERA9
Q60B18	Q60B18
F4HUC4	F4HUC4
Q15NG5	Q15NG5
Q15NG5	P44859
A6V8P9	A6V8P9
A6V8P9	Q02JF2
A6V8P9	Q8RSQ3
A6V8P9	Q4K9L7
A6V8P9	Q9I433
Q7VCZ3	Q7VCZ3
Q7VCZ3	Q31BF6
Q7VCZ3	Q46L27
Q7VCZ3	Q3AJS9
A2BIU4	A2BIU4
A2BIU4	Q97W94
Q4QK45	Q4QK45
Q4QK45	A6VNL8
A4FXV0	A4FXV0
Q8P8S4	Q8P8S4
P55044	P55044
Q93Q56	Q93Q56
B5VIN9	B5VIN9
B5VIN9	P53153
O34852	O34852
A1WUU5	A1WUU5
Q89YT0	Q89YT0
Q05353	Q05353
Q42565	Q42565
Q42565	Q9FJM5
Q42565	Q764B9
P02872	P02872
C0JB24	C0JB24
C0JB24	C0JB23
P08995	P08995
Q17WP8	Q17WP8
Q17WP8	B6JKW5
Q95SX8	Q95SX8
Q68FU1	Q68FU1
Q68FU1	Q96S99
Q68FU1	Q3TB82
A0A0H3JU78	A0A0H3JU78
A0A4P8GEE8	A0A4P8GEE8
F5BFC8	F5BFC8
Q5XIJ4	Q5XIJ4
Q5XIJ4	Q05B67
Q5XIJ4	Q8BGY7
Q5XIJ4	Q96ND0
Q66862	Q66862
D4GQN4	D4GQN4
Q66H02	Q66H02
Q66H02	Q9CPQ5
Q9HGN5	Q9HGN5
Q927Z7	Q927Z7
Q927Z7	Q71WT2
Q9M1X0	Q9M1X0
Q5WEG7	Q5WEG7
Q5WEG7	P19210
Q93WV6	Q93WV6
P41881	P41881
A0A2I1BSV7	A0A2I1BSV7
Q9HXI4	Q9HXI4
Q4QKM7	Q4QKM7
Q4QKM7	Q7VLM6
Q4QKM7	A5UCB3
O07921	O07921
Q54U72	Q54U72
Q88A30	Q88A30
Q88A30	Q4ZMI2
A1TWN6	A1TWN6
Q3JEA2	Q3JEA2
Q8BTP3	Q8BTP3
Q8BTP3	Q6XJV6
Q8BTP3	Q6XJV4
O01949	O01949
Q9WU84	Q9WU84
Q9WU84	Q9JK72
Q9WU84	O14618
C1D8Q0	C1D8Q0
C1D8Q0	Q47JN0
T2MBC4	T2MBC4
Q9QZ49	Q9QZ49
Q9QZ49	Q2TBH5
Q9QZ49	O00124
B3QM51	B3QM51
B3QM51	B3ELE3
B3QM51	A4SFG4
B3QM51	B4SEZ8
P46769	P46769
Q1AWM0	Q1AWM0
Q95N18	Q95N18
Q95N18	P79368
Q95N18	Q95MD2
Q95N18	Q06220
Q95N18	Q28132
Q95N18	P79169
Q95N18	Q29030
Q95N18	Q95M19
Q95N18	P20826
Q95N18	P21581
Q95N18	P21583
Q96ET8	Q96ET8
P36038	P36038
Q05596	Q05596
Q05596	Q5PDU4
Q32KZ1	Q32KZ1
P54926	P54926
P54926	P54928
P54926	O49071
P54926	Q9M8S8
P54926	P54927
A1K3C4	A1K3C4
A0A3B1EFQ0	A0A3B1EFQ0
Q13XD2	Q13XD2
B1I3G7	B1I3G7
Q49YR9	Q49YR9
Q46JG1	Q46JG1
Q46JG1	A2C476
Q3SFG5	Q3SFG5
M3X9S6	M3X9S6
M3X9S6	P48807
M3X9S6	P12034
M3X9S6	Q20FD0
M3X9S6	A0MTF4
M3X9S6	P15656
P43876	P43876
P43876	A5UE78
P43876	A5UHE8
Q5WCI9	Q5WCI9
Q97R61	Q97R61
Q97R61	Q8DQ33
Q4ZHW1	Q4ZHW1
Q4ZHW1	Q7ZSX3
Q9XTA8	Q9XTA8
Q9XTA8	Q9TTK7
Q9XTA8	P79391
Q9XTA8	P78380
O23207	O23207
Q9VAN6	Q9VAN6
O18282	O18282
Q0RKT0	Q0RKT0
Q8H1R4	Q8H1R4
P75792	P75792
P46891	P46891
Q9ZBQ7	Q9ZBQ7
Q9ZBQ7	Q47S78
Q9ZBQ7	Q82JT9
Q5XDE4	Q5XDE4
Q5XDE4	Q48UU6
Q5XDE4	P0DB15
Q5XDE4	Q9A131
Q5XDE4	Q8P250
Q9I2X0	Q9I2X0
A9H9N2	A9H9N2
Q6K548	Q6K548
B2SXG9	B2SXG9
B2SXG9	A3NRA1
B2SXG9	A9AEZ2
B2SXG9	A1UZN2
B2SXG9	A0KAM1
O94701	O94701
Q55A45	Q55A45
Q9U8P7	Q9U8P7
Q9ZQ19	Q9ZQ19
Q5FIV8	Q5FIV8
Q5FIV8	Q041U1
Q5FIV8	A8YWE6
Q2GQS2	Q2GQS2
P20798	P20798
P35178	P35178
A0R1X0	A0R1X0
A0R1X0	Q8FMU6
P80564	P80564
P36980	P36980
P35731	P35731
Q8RHX2	Q8RHX2
Q9L6V3	Q9L6V3
Q94FT2	Q94FT2
Q0VCB1	Q0VCB1
Q0VCB1	Q6P7N7
Q5XLR4	Q5XLR4
Q3KM32	Q3KM32
Q47Y12	Q47Y12
Q47Y12	Q5QVB0
Q47Y12	Q084V3
Q47Y12	Q51546
Q47Y12	Q8DEW5
Q47Y12	Q0HH38
Q47Y12	Q1C5N7
Q6LLK1	Q6LLK1
P34254	P34254
Q9FJH5	Q9FJH5
Q93W88	Q93W88
A6T2S0	A6T2S0
O74898	O74898
Q9U221	Q9U221
Q4UTV6	Q4UTV6
Q4UTV6	Q3BUL5
Q4UTV6	B2SJL9
O67998	O67998
P39666	P39666
P47977	P47977
Q9Y7R5	Q9Y7R5
P18542	P18542
P36139	P36139
A5IY02	A5IY02
Q7ZVP8	Q7ZVP8
Q9L9E9	Q9L9E9
P0DTV9	P0DTV9
P18777	P18777
Q9LIG6	Q9LIG6
Q9LIG6	Q9C8J2
Q2L1W2	Q2L1W2
Q2L1W2	Q7WL48
Q8LAS8	Q8LAS8
Q8J0K5	Q8J0K5
Q5JCY6	Q5JCY6
Q06651	Q06651
Q58407	Q58407
Q9C7F9	Q9C7F9
Q8GWQ2	Q8GWQ2
P62995	P62995
Q28960	Q28960
Q28960	P16152
Q28960	Q8K354
Q28960	P47727
Q28960	P48758
Q28960	B2GV72
Q28960	Q8MI29
Q28960	Q5RCU5
Q28960	O75828
Q28960	Q3SZD7
Q28960	P47844
Q7NFW7	Q7NFW7
A7ZCB2	A7ZCB2
P0CK60	P0CK60
Q7MWV8	Q7MWV8
Q9HJT3	Q9HJT3
Q9SMM5	Q9SMM5
Q9SMM5	O82587
Q9W5X9	Q9W5X9
Q54DX7	Q54DX7
Q8R6L9	Q8R6L9
P55825	P55825
O60921	O60921
O60921	Q8BQY8
Q54CZ2	Q54CZ2
Q5NHL7	Q5NHL7
Q70DJ5	Q70DJ5
Q9M1V5	Q9M1V5
Q6GNY7	Q6GNY7
Q1QP91	Q1QP91
Q1QP91	Q6N1S9
Q1QP91	Q20YZ3
Q1QP91	Q3SNB4
Q1QP91	Q131U9
Q716G6	Q716G6
P18835	P18835
P18835	P18833
B8DFW8	B8DFW8
B9E1X2	B9E1X2
A8MEE1	A8MEE1
Q8VZJ7	Q8VZJ7
K7Z9Q9	K7Z9Q9
A1SUX5	A1SUX5
Q2LCV6	Q2LCV6
A4TCN3	A4TCN3
Q6TYB1	Q6TYB1
A0L8V0	A0L8V0
B9KDQ8	B9KDQ8
Q869R8	Q869R8
Q5GZR6	Q5GZR6
Q5GZR6	B0RT37
Q5GZR6	Q8P996
Q5GZR6	Q3BTY0
P42095	P42095
P71020	P71020
C0HKW7	C0HKW7
A1BHP6	A1BHP6
A1BHP6	Q8KCB0
A1BHP6	Q3B2Q6
P29036	P29036
P29036	P29390
Q95RA9	Q95RA9
Q5KQI6	Q5KQI6
Q5KQI6	A2Y5T7
Q5KQI6	K7MTW9
Q98879	Q98879
P0DPE1	P0DPE1
P0DPE1	P0DPE0
P0DPE1	P0DPD7
P80869	P80869
Q5HSB7	Q5HSB7
Q05740	Q05740
P50221	P50221
P50221	A2T7T2
P50221	P32442
B1B212	B1B212
Q3U1J1	Q3U1J1
Q3U1J1	Q17QH7
Q3U1J1	Q9JMG6
Q3U1J1	P0C1Z6
Q5B423	Q5B423
O94250	O94250
B8IJ00	B8IJ00
Q5Z293	Q5Z293
Q5Z293	Q82G23
Q5Z293	P9WQL1
Q5Z293	Q1B3B4
Q5Z293	Q9KZW2
Q5Z293	Q8NMK1
Q5Z293	P0C560
Q5Z293	Q0S736
Q5Z293	Q4JXC5
Q5Z293	Q8FMN9
C0HLZ9	C0HLZ9
P79107	P79107
Q9D1B9	Q9D1B9
Q9D1B9	Q13084
Q9D1B9	Q2HJJ1
Q2UUI8	Q2UUI8
Q5QYG2	Q5QYG2
Q5QYG2	A3D9F2
Q5QYG2	Q8E9R7
Q5QYG2	A4Y2Q5
Q5QYG2	Q12S23
Q5QYG2	A3QIE1
Q5QYG2	B8CI06
Q5QYG2	B0TJ16
Q57573	Q57573
Q5HKG6	Q5HKG6
Q56840	Q56840
P80052	P80052
Q0C643	Q0C643
O70431	O70431
O80674	O80674
Q7MLF2	Q7MLF2
Q8F5I5	Q8F5I5
Q8F5I5	Q04TF0
Q8R092	Q8R092
Q8R092	Q9BWL3
Q8R092	Q5E943
Q8R092	Q5XII8
Q3LI83	Q3LI83
Q09KQ6	Q09KQ6
O00322	O00322
O00322	Q9D132
O00322	P38572
Q6LVX7	Q6LVX7
Q6LVX7	Q5E8W6
A3KP85	A3KP85
Q9CQ61	Q9CQ61
Q9CQ61	Q53HI1
Q9CQ61	O55227
Q9CQ61	Q3ZBG6
P17513	P17513
P17513	P17514
P17513	Q05540
P17513	Q05539
Q4JBN2	Q4JBN2
Q4JBN2	Q97VX5
Q8FKF5	Q8FKF5
Q8FKF5	Q32IZ6
Q8FKF5	Q47538
O45201	O45201
P54150	P54150
Q5F378	Q5F378
P26396	P26396
P26396	Q8Z5I4
P42814	P42814
P20489	P20489
P20489	P12371
P33158	P33158
P33158	Q82GB8
P33158	Q0RS35
P33158	B8HCQ9
Q6E3K9	Q6E3K9
P21705	P21705
O23171	O23171
P33316	P33316
P33316	P70583
Q9Y3A5	Q9Y3A5
Q9Y3A5	Q5RK30
Q9Y3A5	Q5ZIY4
Q9Y3A5	Q3SWZ6
Q9Y3A5	P70122
Q9Y3A5	Q6DIT8
Q9VDT6	Q9VDT6
A0A9J9HGY6	A0A9J9HGY6
P16692	P16692
Q4JV62	Q4JV62
Q12MM2	Q12MM2
Q7VRB5	Q7VRB5
P0ACK8	P0ACK8
O95976	O95976
P10346	P10346
B0K5S6	B0K5S6
B0K5S6	Q8R7Y7
Q8T154	Q8T154
P39456	P39456
Q9BVV7	Q9BVV7
Q9BVV7	Q5U2X7
Q9BVV7	Q8CCM6
Q3BPY3	Q3BPY3
Q3BPY3	B2IA30
Q3BPY3	Q9PD82
Q3BPY3	B2SI06
Q3BPY3	Q8PHC7
Q3BPY3	Q8P607
O82316	O82316
P22822	P22822
Q6UWN0	Q6UWN0
Q8GW78	Q8GW78
Q9SQ57	Q9SQ57
Q9SQ57	O81270
Q9SQ57	Q9FLN9
Q15056	Q15056
Q15056	Q9WUK2
Q15056	Q5XI72
Q15056	Q1JPH6
Q84WK5	Q84WK5
Q9VMM6	Q9VMM6
C5D3U9	C5D3U9
P07964	P07964
Q49VB6	Q49VB6
Q8TAZ6	Q8TAZ6
P42088	P42088
Q8TG40	Q8TG40
P51833	P51833
P51833	B7GGE9
P51833	Q81WI8
P51833	B7HLI2
P51833	A9VT87
P51833	Q819V8
P51833	Q65JQ5
Q7MB85	Q7MB85
P0A7H3	P0A7H3
Q9UYR9	Q9UYR9
P38927	P38927
A0A1W2PR19	A0A1W2PR19
A0A1W2PR19	Q9D4P7
A0A1W2PR19	Q4V8E6
Q54GD9	Q54GD9
Q89VI3	Q89VI3
A0A172M4N0	A0A172M4N0
A0A5J6BJN2	A0A5J6BJN2
P0AEQ3	P0AEQ3
Q80ZQ5	Q80ZQ5
Q80ZQ5	Q86VZ6
Q9BXL8	Q9BXL8
Q9BXL8	Q9CWM2
Q98325	Q98325
Q02516	Q02516
M1EBB2	M1EBB2
A9AD42	A9AD42
Q6DBN1	Q6DBN1
O67610	O67610
P69973	P69973
Q9DAS4	Q9DAS4
O34853	O34853
P22606	P22606
O55006	O55006
Q8PW86	Q8PW86
P08761	P08761
A5IHW5	A5IHW5
Q37385	Q37385
Q03973	Q03973
Q9M2Z4	Q9M2Z4
Q139C9	Q139C9
Q139C9	Q6N898
Q139C9	Q216N7
Q139C9	A5EHF4
Q139C9	B6JHT1
Q139C9	B3QCT3
P53630	P53630
P22794	P22794
Q00517	Q00517
P22318	P22318
Q5BG78	Q5BG78
Q04K52	Q04K52
Q04K52	B5E508
P55810	P55810
Q10CE7	Q10CE7
Q8LF65	Q8LF65
Q9A5Z2	Q9A5Z2
A0A140N890	A0A140N890
A0A140N890	P03813
Q9JKE2	Q9JKE2
Q2KJD3	Q2KJD3
Q2KJD3	Q9P013
Q2KJD3	Q5BJP2
Q9NQT4	Q9NQT4
Q9NQT4	Q9CRA8
Q18KP6	Q18KP6
Q9LZR0	Q9LZR0
D4A8G3	D4A8G3
D4A8G3	Q96LR2
D4A8G3	Q9D6I9
Q940H2	Q940H2
Q09385	Q09385
Q8BHE1	Q8BHE1
A2SKU1	A2SKU1
A2SKU1	Q21XW1
A2SKU1	A1TT75
A2SKU1	B9ME46
A2SKU1	A9BP19
Q6BSS8	Q6BSS8
P41735	P41735
Q38XR8	Q38XR8
P0CAN6	P0CAN6
P0CAN6	P40293
P0CAN6	P11911
P0CAN6	P11912
Q9S1G7	Q9S1G7
Q9S1G7	P60000
A9WS39	A9WS39
Q5KZM1	Q5KZM1
Q5KZM1	Q65IE9
Q5KZM1	B7GKU4
Q5KZM1	C5D2F9
Q5KZM1	O34925
Q5KZM1	B7IP41
Q5KZM1	A7GN01
Q5KZM1	Q63DR9
Q5KZM1	A6TVU0
Q8GWQ6	Q8GWQ6
Q212R3	Q212R3
Q212R3	Q1QKB6
Q212R3	Q3SQN7
Q212R3	Q138J5
Q212R3	Q07LH9
Q8VCG9	Q8VCG9
Q5ZYR7	Q5ZYR7
B3EWG9	B3EWG9
B0CAB9	B0CAB9
Q9PEC3	Q9PEC3
Q9PEC3	Q87EC0
P39983	P39983
P25736	P25736
Q27J49	Q27J49
C6TCZ5	C6TCZ5
Q9GZ28	Q9GZ28
B4S0P6	B4S0P6
B3CLF3	B3CLF3
A7H8K2	A7H8K2
A7H8K2	B8JDV1
Q8WVD5	Q8WVD5
Q8WVD5	Q99MB7
O35257	O35257
A4IFA7	A4IFA7
A4IFA7	Q8N4T8
A4IFA7	Q91VT4
A4IFA7	Q7TS56
A4IR66	A4IR66
A4IR66	Q5KWV9
A4IR66	B7GIU7
Q7VF43	Q7VF43
P46852	P46852
D4GW50	D4GW50
Q8VE10	Q8VE10
Q8VE10	Q86UY6
Q8VE10	Q568K5
Q2ITP9	Q2ITP9
Q2ITP9	Q1QMU3
Q2ITP9	Q89IB6
Q2ITP9	Q218N7
Q9HJL6	Q9HJL6
O85093	O85093
P75132	P75132
Q5L5N7	Q5L5N7
Q5L5N7	Q254Z5
A4FZY3	A4FZY3
A4FZY3	A6URL5
Q8N6I1	Q8N6I1
Q8N6I1	Q6X7S9
P09630	P09630
P09630	P14858
P09630	P15862
Q9CCP6	Q9CCP6
Q5YNP9	Q5YNP9
O53604	O53604
Q8ER36	Q8ER36
P57739	P57739
P57739	Q765P1
P57739	Q95KM6
P57739	O88552
Q9U6Y4	Q9U6Y4
Q12483	Q12483
A8YU42	A8YU42
A8YU42	Q5FLF6
Q12679	Q12679
B4RFX6	B4RFX6
Q5E9L0	Q5E9L0
Q5E9L0	Q5R8E5
Q5E9L0	P78369
Q5E9L0	Q9Z0S6
Q2P3W6	Q2P3W6
Q2P3W6	Q4UU49
Q2P3W6	B2SM84
A3PU20	A3PU20
A3PU20	A4T2V6
A3PU20	A1T339
A3PU20	A1UAG5
P38242	P38242
Q8EPD4	Q8EPD4
O69583	O69583
O69583	P63888
Q6FPJ3	Q6FPJ3
Q6ALV3	Q6ALV3
P57004	P57004
P34559	P34559
A5D014	A5D014
Q72CB8	Q72CB8
P75233	P75233
P75233	P47607
Q5ZRA9	Q5ZRA9
Q5ZRA9	Q5X0Q0
P21903	P21903
Q41870	Q41870
Q1GXE6	Q1GXE6
Q6GEL4	Q6GEL4
Q6GEL4	Q99S48
Q8VC49	Q8VC49
Q31QK9	Q31QK9
P71044	P71044
Q99PQ1	Q99PQ1
D1ZSU8	D1ZSU8
B2UER7	B2UER7
O31743	O31743
C3PH91	C3PH91
A3N0D8	A3N0D8
A3N0D8	B0BP57
A3N0D8	Q7VL54
A6Q9C9	A6Q9C9
Q9BQI9	Q9BQI9
P61653	P61653
P61653	Q0I3B9
P61653	P57853
P61653	Q4QKR7
P61653	P0A715
P61653	Q8FHZ8
P61653	P65216
P61653	A7MY69
P61653	O68662
P61653	Q87RN0
P61653	Q6D547
P61653	B8F521
P61653	B5BI79
P61653	A4WBC2
P61653	B5FBX4
P61653	Q6LNB8
P61653	B7VKH7
P61653	A7MKA7
P61653	Q8XDE7
P61653	Q7MMY2
P61653	B2K2Z4
Q757I9	Q757I9
Q9AE87	Q9AE87
Q6F1V0	Q6F1V0
P43607	P43607
B3EWQ9	B3EWQ9
B3EWQ9	P05045
B3EWQ9	P19588
Q050C7	Q050C7
Q050C7	Q8F397
K4BWV2	K4BWV2
K4BWV2	K4BNG7
A3MYW5	A3MYW5
Q60180	Q60180
Q9HI27	Q9HI27
Q9LME4	Q9LME4
P0AER0	P0AER0
P0AER0	P31140
P34685	P34685
Q9D1C9	Q9D1C9
Q9D1C9	Q9Y3A4
Q8L7T9	Q8L7T9
Q9A259	Q9A259
Q9A259	B0T7D1
Q1EBD3	Q1EBD3
Q9FDX1	Q9FDX1
A1TWQ8	A1TWQ8
A1TWQ8	Q2SQU8
B9JH03	B9JH03
P37599	P37599
B7NGZ6	B7NGZ6
P59435	P59435
Q5JHF1	Q5JHF1
A4IH61	A4IH61
A4IH61	Q5RBL5
A4IH61	Q9BZQ4
A4IH61	Q0VC59
A4IH61	Q8BNJ3
A4IH61	Q0HA29
A4IH61	Q6PC93
Q7MNQ0	Q7MNQ0
Q9Z1N4	Q9Z1N4
Q9Z1N4	O95861
Q9Z1N4	Q9Z0S1
Q9Z1N4	Q3ZCK3
Q4R866	Q4R866
Q4R866	Q8BH47
Q4R866	Q642F4
Q4R866	Q96IW7
Q9BY49	Q9BY49
Q9BY49	Q9WVK3
Q9BY49	Q99MZ7
Q9BY49	Q5RCH8
Q9BY49	Q9JIF5
A5JYX5	A5JYX5
Q5QZ01	Q5QZ01
P33759	P33759
P97764	P97764
P97764	Q96G27
Q9H9S0	Q9H9S0
Q9H9S0	Q6NSW7
Q9H9S0	Q3LTE0
Q9H9S0	Q8N7R0
Q98SH9	Q98SH9
Q9GKY0	Q9GKY0
Q9GKY0	Q62632
Q9GKY0	Q12841
Q9GKY0	Q62356
Q9GKY0	Q58D84
A0L1N7	A0L1N7
A0L1N7	A8FQA5
A0L1N7	B8E6A3
A0L1N7	B8CNL6
A0L1N7	A1S2G4
Q8ZC51	Q8ZC51
Q9NXW9	Q9NXW9
Q9NXW9	Q9D8F1
P0AAI9	P0AAI9
B8GW30	B8GW30
Q4K3S0	Q4K3S0
Q4K3S0	Q21EE9
Q4K3S0	A5WB06
Q4K3S0	Q4ZZY1
Q4K3S0	Q9HTN2
Q4K3S0	Q3K4M4
Q2TDY4	Q2TDY4
O80458	O80458
O80458	Q8RX73
O80458	Q8GY03
P0DV77	P0DV77
Q79FX8	Q79FX8
Q47HJ4	Q47HJ4
A6ZX66	A6ZX66
A6ZX66	P0CD89
A6ZX66	P0CD91
Q5F633	Q5F633
Q5F633	A1KRU2
B0Y6Q5	B0Y6Q5
A7GTE5	A7GTE5
A7GTE5	B7IIX5
A7GTE5	Q6HD62
A7GTE5	Q72ZW2
A7GTE5	C3P9E9
A7GTE5	Q817R0
A7GTE5	B7JQ57
A7GTE5	B7HQM4
A0A069AMK2	A0A069AMK2
Q8VWG3	Q8VWG3
Q819Q4	Q819Q4
Q819Q4	Q6HEQ5
Q6NV18	Q6NV18
Q9LCJ4	Q9LCJ4
Q9LCJ4	Q9LCI9
Q49XV1	Q49XV1
Q49XV1	A8Z2D7
Q49XV1	Q2YYA2
Q49XV1	A5IT32
Q6BDR8	Q6BDR8
Q8N386	Q8N386
Q8L4L4	Q8L4L4
Q8L4L4	Q8LBI1
Q8L4L4	P49227
Q8L4L4	Q6UNT2
Q8L4L4	Q0JGY1
Q0SI54	Q0SI54
Q0SI54	Q740I7
Q0SI54	Q9CC13
Q0SI54	P9WQ01
Q0SI54	A0PP75
Q0SI54	Q5YYF7
Q0SI54	A8LY51
Q0SI54	A4X652
Q0SI54	A4T9V7
A5U557	A5U557
A5U557	A3Q264
A5U557	A0R0S7
P79136	P79136
P79136	P48603
P79136	P14315
P79136	P47756
P79136	P47757
Q8BRJ3	Q8BRJ3
Q8BRJ3	Q8NC24
Q8BRJ3	Q5FVJ4
B2HXA8	B2HXA8
B2HXA8	A3M828
Q9SAH7	Q9SAH7
I6PL68	I6PL68
Q148K0	Q148K0
Q148K0	Q9QVN7
Q148K0	Q63799
Q148K0	Q15560
P72579	P72579
P72579	Q96XT4
P72579	Q96Y68
P72579	A0A0E3KBH3
B8DH72	B8DH72
B8DH72	Q929W0
B8DH72	Q8Y5K3
B8DH72	A0AKG3
Q9FGY3	Q9FGY3
Q9BVW5	Q9BVW5
Q9BVW5	Q3ZCC4
Q9BVW5	Q91WA1
Q9BVW5	Q4QR88
Q7MVJ6	Q7MVJ6
P33360	P33360
Q54HG7	Q54HG7
B1IEG9	B1IEG9
B1IEG9	C1FSC4
B1IEG9	A7GAL4
F8L9T9	F8L9T9
P17157	P17157
P17157	Q751E8
P17157	Q6FKD4
Q0AXG6	Q0AXG6
Q4FPK8	Q4FPK8
P00387	P00387
P00387	P83686
P00387	P20070
P00387	Q60HG4
P00387	Q9DCN2
P00387	P07514
P00387	Q0X0E5
Q95NM6	Q95NM6
Q6BWK4	Q6BWK4
B7KSC5	B7KSC5
B7KSC5	B1ZGP6
B7KSC5	A9VWV7
Q54QN2	Q54QN2
Q9A2L5	Q9A2L5
Q9A2L5	B4RCL2
P31316	P31316
P31316	Q9BZM3
Q5HZE0	Q5HZE0
Q5HZE0	Q08DK7
Q5HZE0	Q8N8R3
Q5HZE0	Q8BL03
P0DJO8	P0DJO8
P60344	P60344
O26806	O26806
O15165	O15165
O15165	Q8BWJ4
Q8I4V8	Q8I4V8
Q8CY46	Q8CY46
Q6LY38	Q6LY38
Q9ES53	Q9ES53
Q9ES53	P70362
Q9ES53	Q92890
Q4R5T7	Q4R5T7
Q4R5T7	Q7Z4J2
Q7TQQ0	Q7TQQ0
Q6AYK1	Q6AYK1
Q6AYK1	Q5XG24
Q6AYK1	A6QR16
Q6AYK1	Q15287
Q6AYK1	Q6PG31
Q9SYH4	Q9SYH4
G0S2A3	G0S2A3
Q92EU6	Q92EU6
Q06320	Q06320
Q8U9W1	Q8U9W1
Q27575	Q27575
P35154	P35154
Q46908	Q46908
D0N4K2	D0N4K2
A0R109	A0R109
A0R109	K5BJH8
A0R109	P71725
Q02RL6	Q02RL6
B4U8T3	B4U8T3
Q54XM7	Q54XM7
Q8A0L8	Q8A0L8
Q8A0L8	Q64YA5
Q9KCY6	Q9KCY6
Q5AP52	Q5AP52
O07776	O07776
Q9WX14	Q9WX14
Q8PHA1	Q8PHA1
Q9ATL3	Q9ATL3
P21701	P21701
Q0RB90	Q0RB90
Q93V51	Q93V51
A0A509APT1	A0A509APT1
Q3YSH3	Q3YSH3
Q9JHH2	Q9JHH2
O34705	O34705
B1GZW3	B1GZW3
O42641	O42641
A6Q6T6	A6Q6T6
Q7N545	Q7N545
Q7N545	Q6D4A8
Q7N545	Q1CJG3
Q7N545	Q66AT7
Q7N545	Q83KR7
Q7N545	P0A9X1
Q7N545	Q32HA3
Q7N545	A1JRI2
Q7N545	Q57NA5
Q7N545	Q8Z5W6
O95931	O95931
B5RQN4	B5RQN4
B5RQN4	B5RKV4
B5RQN4	B2S1P0
Q1LTT4	Q1LTT4
Q9W4J5	Q9W4J5
Q47188	Q47188
Q7N3Q4	Q7N3Q4
P25659	P25659
Q9HXJ2	Q9HXJ2
O48533	O48533
Q75IR6	Q75IR6
Q9WXP6	Q9WXP6
Q891S2	Q891S2
P13725	P13725
C4YF50	C4YF50
Q6R567	Q6R567
Q8LEV7	Q8LEV7
Q92UX0	Q92UX0
Q92UX0	Q6RH47
Q9NTM9	Q9NTM9
Q9JXV4	Q9JXV4
O81263	O81263
Q3XZZ9	Q3XZZ9
Q168V8	Q168V8
B6JY16	B6JY16
Q50250	Q50250
Q50250	Q50227
Q55BW0	Q55BW0
Q2J8A4	Q2J8A4
O66839	O66839
Q8GVZ6	Q8GVZ6
Q7M8P7	Q7M8P7
Q5M8X6	Q5M8X6
Q9LYR2	Q9LYR2
Q9LYR2	P51134
Q9LYR2	P49729
Q9LYR2	Q94JS0
Q9LYR2	P37841
Q9LYR2	P49727
Q9LYR2	P51133
Q9LYR2	P51135
Q9LYR2	P51132
P0A3M3	P0A3M3
P60407	P60407
P60407	A0A377
P60407	P18663
P60407	P41096
P60407	Q6L3B9
P60407	Q3BAJ4
P60407	P06509
P60407	P17788
P60407	P0C497
P60407	Q8S8U0
P60407	P56791
P60407	Q0G9F5
Q98876	Q98876
Q4K629	Q4K629
P54800	P54800
A0PK05	A0PK05
B1HTT1	B1HTT1
Q831R1	Q831R1
Q0C444	Q0C444
Q9LL85	Q9LL85
Q7X6J9	Q7X6J9
Q7X6J9	Q0DZ85
Q7X6J9	Q9M0I2
Q7X6J9	Q9SKU2
Q5A4M8	Q5A4M8
P54993	P54993
B1L550	B1L550
A7HYW1	A7HYW1
Q15ZV5	Q15ZV5
O55233	O55233
E3GCF1	E3GCF1
E3GCF1	Q6XBH1
P25627	P25627
P18496	P18496
Q93356	Q93356
Q9M1X2	Q9M1X2
Q2GAT0	Q2GAT0
P0A431	P0A431
P0A431	D0VWR2
Q9FJ81	Q9FJ81
O80475	O80475
O80475	O80476
O80475	Q8S8S9
Q01703	Q01703
Q72KH8	Q72KH8
Q6P0I8	Q6P0I8
Q32LB6	Q32LB6
B6A8C7	B6A8C7
P06632	P06632
Q8Y489	Q8Y489
Q7VQK8	Q7VQK8
Q6FA61	Q6FA61
Q6FA61	B2HUZ6
Q6FA61	B0VUX1
Q6FA61	B7GZQ9
P50113	P50113
B1YHD4	B1YHD4
P46726	P46726
P46726	P9WKJ1
Q7DLS1	Q7DLS1
Q7DLS1	O23710
Q9HWA4	Q9HWA4
Q07730	Q07730
Q12144	Q12144
Q0BSQ3	Q0BSQ3
Q500Z7	Q500Z7
Q500Z7	Q8RXY6
Q6YTY3	Q6YTY3
Q6YTY3	B8B8C5
Q6YTY3	O81488
Q2U8Y3	Q2U8Y3
Q149M0	Q149M0
P75330	P75330
Q8R1H8	Q8R1H8
Q2HGZ8	Q2HGZ8
A0M360	A0M360
A0A482AU66	A0A482AU66
Q6DBV4	Q6DBV4
Q9WXG7	Q9WXG7
Q9GKQ6	Q9GKQ6
Q9LT67	Q9LT67
Q67S99	Q67S99
Q8TY71	Q8TY71
P42419	P42419
A7FJD3	A7FJD3
A7FJD3	A1JTF2
O69762	O69762
Q5SZI1	Q5SZI1
O27600	O27600
A4XKM9	A4XKM9
Q54D07	Q54D07
Q8LCQ4	Q8LCQ4
C0RGW8	C0RGW8
C0RGW8	Q8YF53
C0RGW8	Q2YPC4
Q8N567	Q8N567
A2RKH0	A2RKH0
Q20303	Q20303
P16523	P16523
A9NE96	A9NE96
A7HZ36	A7HZ36
O42636	O42636
P0A8R9	P0A8R9
Q6LYX3	Q6LYX3
P36136	P36136
P55026	P55026
Q2V0P1	Q2V0P1
Q2V0P1	Q40704
A3Q9P7	A3Q9P7
A3Q9P7	A3D9Q0
A3Q9P7	A4YBF7
Q4I2D7	Q4I2D7
Q1MR01	Q1MR01
Q20300	Q20300
P32029	P32029
Q5HRP0	Q5HRP0
Q5HRP0	Q59919
Q5HRP0	Q6GBX4
Q5HRP0	Q8NXZ2
Q5HRP0	P64141
Q5HRP0	O05701
P0C6A0	P0C6A0
A5EY60	A5EY60
Q2RHE9	Q2RHE9
Q6FJZ6	Q6FJZ6
Q9ABE7	Q9ABE7
Q9PQ76	Q9PQ76
Q4WAZ2	Q4WAZ2
Q43295	Q43295
P0AAS5	P0AAS5
Q9LDU5	Q9LDU5
Q44607	Q44607
Q4PEN0	Q4PEN0
P08456	P08456
P70998	P70998
P70998	Q81JT0
P42371	P42371
P42371	Q9CIK4
Q8TAY7	Q8TAY7
P10281	P10281
A0A1L8H579	A0A1L8H579
Q3AIK8	Q3AIK8
Q1LX59	Q1LX59
Q5V474	Q5V474
Q18273	Q18273
Q9HE76	Q9HE76
Q9HE76	B2B0E2
Q9HE76	A7E8H8
Q9HE76	A6RHI1
Q9HE76	Q6FM32
Q9HE76	A6ZYI0
Q9HE76	P07170
Q9HE76	Q0C7Y1
Q9HE76	Q5B2V8
Q9HE76	A1D3M8
Q9HE76	B0XPW9
Q9HE76	Q2UBH0
A0A0H3GM48	A0A0H3GM48
O02008	O02008
O85290	O85290
A0A1H0NKS3	A0A1H0NKS3
A0A0E3USC3	A0A0E3USC3
B8F9X0	B8F9X0
Q4GZF2	Q4GZF2
Q8EPU9	Q8EPU9
Q9LK72	Q9LK72
Q9LK72	Q9LJR2
Q9FYE3	Q9FYE3
A8F450	A8F450
Q94KL7	Q94KL7
Q9M2S6	Q9M2S6
B9MNC2	B9MNC2
Q5MJ68	Q5MJ68
P94368	P94368
C0JB06	C0JB06
P37049	P37049
P39610	P39610
C5A3H8	C5A3H8
C5A3H8	Q8U1V2
C5A3H8	O58801
E4V4I7	E4V4I7
E4V4I7	C5FQJ4
B4UDZ6	B4UDZ6
Q50899	Q50899
O30245	O30245
Q9C7K0	Q9C7K0
A6ULU4	A6ULU4
Q2S012	Q2S012
A8IFY6	A8IFY6
Q5HUU1	Q5HUU1
Q5HUU1	A8FLR4
Q62189	Q62189
Q62189	P09012
Q62189	Q2KIR1
B4JGW7	B4JGW7
P33772	P33772
P33772	P36548
C1D5X9	C1D5X9
A5K3F9	A5K3F9
Q47NZ4	Q47NZ4
Q9M0J5	Q9M0J5
P46116	P46116
Q5QVN7	Q5QVN7
Q3ZZJ0	Q3ZZJ0
Q3ZZJ0	A5FS02
Q5H737	Q5H737
Q15ZT9	Q15ZT9
Q19601	Q19601
A3P6S9	A3P6S9
A3P6S9	B1K5T6
A3P6S9	Q39AM3
A3P6S9	A2RXU4
Q8RLX0	Q8RLX0
Q8RLX0	Q8KDM7
P44937	P44937
O75323	O75323
O75323	O55126
O75323	F6NVH9
O75323	O55125
O75323	Q9BPW8
Q10409	Q10409
B4RBF7	B4RBF7
Q4WMJ1	Q4WMJ1
Q93Y52	Q93Y52
Q0J0G7	Q0J0G7
B7GP38	B7GP38
Q4KLN5	Q4KLN5
Q4KLN5	Q9CPX5
Q95RQ4	Q95RQ4
Q82AW2	Q82AW2
Q43157	Q43157
Q43157	Q9ZTP5
Q43157	Q43843
Q43157	Q9SAU2
P46953	P46953
P46953	Q78JT3
P46953	Q0VCA8
P46953	P46952
Q1W3E4	Q1W3E4
B8FZE0	B8FZE0
Q9FIJ7	Q9FIJ7
Q9ZU94	Q9ZU94
P96741	P96741
O74372	O74372
C4L481	C4L481
Q06602	Q06602
C4M633	C4M633
P53830	P53830
D3ZVR1	D3ZVR1
D3ZVR1	Q5VVY1
D3ZVR1	B2RXM4
Q5ZVZ1	Q5ZVZ1
Q5ZVZ1	A5IBF0
Q5ZVZ1	Q5X5Q9
A0LV85	A0LV85
A9B2U4	A9B2U4
Q20754	Q20754
A7GUE1	A7GUE1
A7GUE1	Q632C7
A9KEZ8	A9KEZ8
Q8IYJ0	Q8IYJ0
Q8IYJ0	Q6P1B3
Q8IYJ0	Q5U2P6
P29023	P29023
P29023	P29022
P0CG22	P0CG22
B0STV8	B0STV8
A0KK26	A0KK26
A4FBW8	A4FBW8
B8G418	B8G418
A8MH77	A8MH77
Q39013	Q39013
Q80VC6	Q80VC6
Q80VC6	Q9QZI7
Q80VC6	Q9NX07
D4GYM0	D4GYM0
A6NLU0	A6NLU0
P0C0Q1	P0C0Q1
A7I254	A7I254
C1C7X7	C1C7X7
C1C7X7	C1CL85
C1C7X7	B8ZKM5
Q4JBV4	Q4JBV4
Q4JBV4	Q97U63
Q3J818	Q3J818
D4ARB8	D4ARB8
D4ARB8	C5FH98
P29692	P29692
P29692	P57776
P29692	Q4R3D4
P29692	Q68FR9
P29692	A5D989
Q58484	Q58484
Q1MPL4	Q1MPL4
Q56P03	Q56P03
Q56P03	Q5BU09
Q1QAR8	Q1QAR8
Q8WTC1	Q8WTC1
Q94JM2	Q94JM2
O14337	O14337
P77395	P77395
Q3J8J2	Q3J8J2
P23710	P23710
Q64205	Q64205
Q64205	O60479
Q47CX0	Q47CX0
Q4WHY5	Q4WHY5
Q4WHY5	Q2UPU5
Q4WHY5	Q7SFY0
Q4WHY5	Q2HFZ9
Q54X86	Q54X86
Q8N6Q1	Q8N6Q1
Q8N6Q1	Q9D9D5
P0DPR0	P0DPR0
Q9ZVI3	Q9ZVI3
Q9ZVI3	Q75GR5
A7FD15	A7FD15
A7FD15	P22634
A7FD15	P40723
A7FD15	P63634
A7FD15	Q8Z315
Q8VPF3	Q8VPF3
Q67NC1	Q67NC1
P21992	P21992
Q13595	Q13595
Q13595	Q6PFR5
Q7VMC4	Q7VMC4
P51050	P51050
Q3Z9E9	Q3Z9E9
Q3Z9E9	Q3ZZE5
A8GS71	A8GS71
A8GS71	Q92HY4
A8GS71	C4K0H2
P27457	P27457
B2UFY4	B2UFY4
B2UFY4	Q21WC0
B2UFY4	A3NBC0
B2UFY4	B1JV19
B2UFY4	A3NX53
B2UFY4	A1V5P2
B2UFY4	Q13WX0
B2UFY4	Q2SXF8
B2UFY4	Q472L4
B2UFY4	B4EDU1
B2UFY4	A9AGS9
B2UFY4	Q12A51
B2UFY4	Q7WAC0
B2UFY4	B2T5N8
B2UFY4	A0K8R4
B2UFY4	A6SVR5
B2UFY4	B1YT42
B2UFY4	A4JG19
B2UFY4	A4SWT5
B2UFY4	A9BWT7
B2UFY4	A1W7S2
B2UFY4	C5CXD8
A0R8K8	A0R8K8
A0R8K8	Q73F67
Q74IM0	Q74IM0
P35801	P35801
P35801	P04116
P35801	P60201
P35801	P23294
P35801	Q8HXW7
P35801	P47789
Q10320	Q10320
Q9SRK5	Q9SRK5
Q7U4Z8	Q7U4Z8
P03069	P03069
P36528	P36528
P99090	P99090
P99090	Q6GFV1
P11746	P11746
A8LL57	A8LL57
P46999	P46999
P93312	P93312
P53895	P53895
A5DR93	A5DR93
A0A0F5HPP7	A0A0F5HPP7
B0TFC9	B0TFC9
P39305	P39305
Q53H82	Q53H82
Q53H82	Q561R9
Q53H82	Q1LZ83
Q53H82	Q99KR3
A1SS95	A1SS95
Q31LW2	Q31LW2
Q4DUK4	Q4DUK4
B0U410	B0U410
Q4A8L3	Q4A8L3
Q2YJ79	Q2YJ79
Q822H0	Q822H0
Q79FW0	Q79FW0
O07597	O07597
A9WAL0	A9WAL0
Q9QZD8	Q9QZD8
Q9QZD8	O89035
Q9QZD8	Q9UBX3
Q748B2	Q748B2
Q9SJW0	Q9SJW0
P0DX41	P0DX41
Q5JQC4	Q5JQC4
A8AP76	A8AP76
A8AP76	A9N3J5
A8AP76	Q8FFX9
A8AP76	P76425
A8AP76	A8A1X1
A8AP76	Q8X3U5
A8AP76	A9MRK2
A2RNZ5	A2RNZ5
A1SSG8	A1SSG8
P9WFF9	P9WFF9
P9WFF9	A5U4G2
P9WFF9	A4TB90
P9WFF9	Q7VEQ2
Q6DDR3	Q6DDR3
Q6DDR3	Q5CZL8
C3PG93	C3PG93
C3PG93	Q9Z472
Q8HEC1	Q8HEC1
Q8HEC1	P24889
P40186	P40186
Q9D8C4	Q9D8C4
Q9D8C4	P80217
Q5M0S7	Q5M0S7
Q5M0S7	P19368
Q5M0S7	Q5XCM3
Q5M0S7	Q1JM80
Q5M0S7	C1CD36
Q5M0S7	P67049
Q5M0S7	Q8E4L6
Q0BSF0	Q0BSF0
Q12437	Q12437
Q823G2	Q823G2
Q823G2	Q9Z8K3
Q8J308	Q8J308
Q8J308	P58314
P97281	P97281
P97281	Q92629
P97281	P82347
B2UZH3	B2UZH3
B2UZH3	A6LQF2
P32773	P32773
P50902	P50902
P50902	P49953
A2BVG1	A2BVG1
O50061	O50061
Q9LN20	Q9LN20
B7GY71	B7GY71
B7GY71	Q6F950
B7GY71	A3M804
P19914	P19914
Q9M1E7	Q9M1E7
Q9YE60	Q9YE60
Q84MB5	Q84MB5
Q7WII1	Q7WII1
Q7WII1	Q7VYK4
P34122	P34122
Q12343	Q12343
Q0WPX7	Q0WPX7
Q9UUF3	Q9UUF3
P17058	P17058
P16404	P16404
P16404	P83410
A4J568	A4J568
Q853W0	Q853W0
Q72B27	Q72B27
Q681X4	Q681X4
Q92956	Q92956
O49691	O49691
A5UA83	A5UA83
Q8NSP8	Q8NSP8
P95778	P95778
Q5PPM8	Q5PPM8
Q5PPM8	Q86T03
Q5PPM8	Q5XKA6
Q5PPM8	Q4R6W2
Q5PPM8	Q3TWL2
Q5PPM8	Q32PR0
Q5PPM8	Q66I51
Q2RMC8	Q2RMC8
Q899A2	Q899A2
Q8W037	Q8W037
Q4FS24	Q4FS24
Q03085	Q03085
A0QEV5	A0QEV5
A0QEV5	A3Q1U4
A0QEV5	P9WIL7
A0QEV5	Q5YZ95
B1N044	B1N044
Q1IKB7	Q1IKB7
P15401	P15401
P34666	P34666
O65220	O65220
P49342	P49342
Q13268	Q13268
Q6P7I0	Q6P7I0
Q6FER7	Q6FER7
Q6FER7	B7I4U0
P47230	P47230
P0AGG2	P0AGG2
Q03ZC9	Q03ZC9
Q03ZC9	B1MX91
A0A172U6X0	A0A172U6X0
Q8CR21	Q8CR21
Q8CR21	Q4LA34
Q8CR21	Q5HCV4
Q8CR21	P65659
Q8CR21	Q6GDK5
Q8CR21	Q6G678
A0A345BJN5	A0A345BJN5
B8GG34	B8GG34
Q8MYP1	Q8MYP1
P54661	P54661
P04395	P04395
Q12QR3	Q12QR3
Q12QR3	Q4ZWQ9
Q12QR3	A4Y3K6
Q12QR3	A4VJU0
Q12QR3	Q8EAR9
Q12QR3	Q9ZFK4
Q12QR3	C3K6H5
Q12QR3	A1SV93
Q12QR3	A1S8Q7
Q12QR3	A1TZ47
Q12QR3	Q48F78
Q12QR3	A3D0G8
Q12QR3	Q3KH93
Q12QR3	B1KDA1
Q12QR3	A6WSE4
Q12QR3	Q0HYK2
Q12QR3	Q087H9
Q12QR3	B0KSB8
Q12QR3	Q886M4
Q12QR3	Q0HFD4
Q12QR3	Q3IK90
Q12QR3	Q6FAT8
Q12QR3	B0VQI5
Q12QR3	B0V676
P52868	P52868
G5ED14	G5ED14
Q9S827	Q9S827
Q9S827	Q8LB02
Q9S827	Q8LBZ7
Q54NF1	Q54NF1
O14175	O14175
B2A532	B2A532
Q5TZ07	Q5TZ07
Q9FKD7	Q9FKD7
Q9ZQ23	Q9ZQ23
Q9ESK4	Q9ESK4
Q9ESK4	Q9H160
Q7VRE8	Q7VRE8
Q8FUC8	Q8FUC8
Q8ZY36	Q8ZY36
Q8ZY36	B1YAM9
Q6PFX2	Q6PFX2
Q6PFX2	Q5SZJ8
O27550	O27550
P33934	P33934
Q9W2I4	Q9W2I4
Q9PIK2	Q9PIK2
Q9PIK2	Q5HWH4
A9G853	A9G853
Q5CW91	Q5CW91
Q90944	Q90944
Q96MM3	Q96MM3
Q9VHM6	Q9VHM6
Q12052	Q12052
O76000	O76000
O76000	P58173
Q8NGM1	Q8NGM1
Q895C4	Q895C4
Q641Q3	Q641Q3
Q641Q3	Q5RJL6
Q641Q3	Q8VE43
P77454	P77454
P75757	P75757
Q2V419	Q2V419
Q2V419	Q38774
Q2V419	P25859
C5B7M7	C5B7M7
C5B7M7	A8G9L7
C5B7M7	Q7N8W9
C5B7M7	A7ZVX7
C5B7M7	Q6D0C6
C5B7M7	A4W6E4
C5B7M7	Q5PKI4
C5B7M7	B5F728
C5B7M7	P62623
C5B7M7	B7MAE9
C5B7M7	Q0T8G5
C5B7M7	B0UV08
C5B7M7	B8F6E6
C5B7M7	Q4QLQ5
C5B7M7	Q65RQ4
C5B7M7	A4SIX8
C5B7M7	C4LD10
C5B7M7	A1SZP0
A9VJL6	A9VJL6
A9VJL6	Q72ZI6
A9VJL6	C3L8T2
A9VJL6	Q817J0
P52403	P52403
P52403	P52406
P52403	P52404
P52403	P52405
P52403	Q05537
P52403	P51613
P77156	P77156
A6W1C7	A6W1C7
A6W1C7	Q9HVC5
A6W1C7	Q888C6
Q9UJJ7	Q9UJJ7
Q698K8	Q698K8
Q698K8	P85420
Q698K8	Q90WC0
Q89AY3	Q89AY3
P38238	P38238
Q9W6C7	Q9W6C7
P49705	P49705
Q6E263	Q6E263
Q89SC2	Q89SC2
Q8NH18	Q8NH18
Q8NH18	Q8VGR8
Q9H8P0	Q9H8P0
Q9H8P0	D2HBV9
Q8BJU0	Q8BJU0
Q8BJU0	O70593
Q8BJU0	Q32LM2
P37058	P37058
P37058	O54939
P37058	P70385
O33948	O33948
Q9FKZ3	Q9FKZ3
Q2ISY9	Q2ISY9
Q2ISY9	B1ZBP2
Q2ISY9	Q07RY2
Q2ISY9	A2C7T4
Q2ISY9	Q7V2D7
Q2ISY9	A2C0Z9
Q2ISY9	A8G3Q8
Q2ISY9	Q31BZ1
Q2ISY9	A2BVK5
Q2ISY9	Q0I8P4
Q2ISY9	Q7U5I2
Q2ISY9	D5ANS3
Q2ISY9	A4WR94
Q2ISY9	Q9RFD6
Q2ISY9	A8LQ30
Q2ISY9	Q16DS2
Q56952	Q56952
Q56952	A4N8V8
B3FK34	B3FK34
Q8E3U9	Q8E3U9
Q8E3U9	Q8DY84
Q97ZC4	Q97ZC4
P13512	P13512
Q3UFD7	Q3UFD7
Q3UFD7	B2GV46
P10655	P10655
P10655	P00344
P10655	A4IKL5
Q5YXD6	Q5YXD6
Q9XF57	Q9XF57
Q15615	Q15615
Q15615	P58180
Q13461	Q13461
Q13461	Q63250
Q13461	Q9QY14
Q9SB52	Q9SB52
Q9SB52	Q9SJY5
B1JV80	B1JV80
B1JV80	A2S5U3
B1JV80	Q2SZI1
B1JV80	A3NDW2
B1JV80	A0K488
B1JV80	B2JHF8
B1JV80	A4JB96
Q7ZT72	Q7ZT72
Q7ZT72	Q7ZT75
B8G1Z4	B8G1Z4
B8G1Z4	B1I1B3
B8G1Z4	B0TC85
Q9LX08	Q9LX08
Q9LX08	Q9XEE2
Q9LX08	Q9LX07
Q6NHG8	Q6NHG8
Q945P1	Q945P1
B7G3Y9	B7G3Y9
P43711	P43711
P43711	A3N232
P43711	Q0I0V6
P43711	B0UUZ0
P43711	Q7U337
Q49118	Q49118
P09385	P09385
A8WGP3	A8WGP3
A8WGP3	O76932
A8WGP3	Q9Y0B7
A8WGP3	P11084
A8WGP3	Q5BJ92
A8WGP3	P60510
A8WGP3	A9JRC7
A8WGP3	Q6IP91
A8WGP3	P48529
A8WGP3	P48528
Q38WT6	Q38WT6
Q7MLD5	Q7MLD5
Q7MLD5	Q8D937
Q7MLD5	B6EKK3
Q2IR91	Q2IR91
Q2IR91	Q6NBJ5
Q2IR91	A4Z2D2
Q2IR91	A5EA98
Q2IR91	Q1QHV7
Q2IR91	Q3SUL3
A1R587	A1R587
A1R587	A9WQ86
A1R587	A0JV22
Q9FYJ6	Q9FYJ6
A4F2N8	A4F2N8
B7VIZ5	B7VIZ5
B7VIZ5	Q9KPF9
B2GBD1	B2GBD1
B2GBD1	B2G6S0
A3DDI1	A3DDI1
Q76KX0	Q76KX0
P77858	P77858
C0Z7W7	C0Z7W7
Q5M876	Q5M876
Q5M876	Q91XE4
O06975	O06975
P39841	P39841
Q6W990	Q6W990
Q6W990	P79724
B2A6Y0	B2A6Y0
Q6Q7J5	Q6Q7J5
Q6Q7J5	Q6P2C8
Q6Q7J5	Q2TBN7
Q6Q7J5	Q9DB40
Q6Q7J5	Q6PFL0
Q9FI55	Q9FI55
Q9UKR8	Q9UKR8
P66815	P66815
P66815	Q6G7B7
Q7U5Z8	Q7U5Z8
A5N807	A5N807
P27051	P27051
P27051	P04957
P27051	P45797
Q12512	Q12512
P47095	P47095
P47095	B5VLI6
Q8L773	Q8L773
P0DUD6	P0DUD6
Q9X0C7	Q9X0C7
Q98877	Q98877
P40202	P40202
P47953	P47953
P47953	P47845
Q9BSJ6	Q9BSJ6
Q9BSJ6	Q8BFY7
Q9LY08	Q9LY08
P56758	P56758
P56758	P0C2Y7
P56758	Q85FN1
P56758	Q85AE6
Q6UWM5	Q6UWM5
Q5SZD1	Q5SZD1
A9NGI4	A9NGI4
Q9ZWA2	Q9ZWA2
Q07412	Q07412
P9WH03	P9WH03
P9WH03	A0QV20
P9WH03	O69469
Q9XUP3	Q9XUP3
C3MZX9	C3MZX9
C3MZX9	Q97WJ8
Q9V5Z7	Q9V5Z7
Q8WWF3	Q8WWF3
Q4QJ85	Q4QJ85
A2XVG1	A2XVG1
Q9M2R1	Q9M2R1
Q16560	Q16560
Q16560	Q9D384
Q16560	Q1LZH0
Q16560	Q5U1W5
Q5F6U7	Q5F6U7
P20938	P20938
P74625	P74625
A8M620	A8M620
Q9HGN2	Q9HGN2
Q01362	Q01362
P42216	P42216
Q03FT4	Q03FT4
Q03FT4	Q88VJ6
Q2R237	Q2R237
P44848	P44848
Q8G7I0	Q8G7I0
P59002	P59002
G3XCR8	G3XCR8
P75989	P75989
Q820Q0	Q820Q0
Q820Q0	Q9K0H4
Q820Q0	A1KSN6
Q9NY35	Q9NY35
Q9NY35	Q9CQX5
Q40359	Q40359
Q40359	Q8LA16
Q40359	Q8S8M9
Q9NP55	Q9NP55
Q9NP55	Q8SPU5
Q9NP55	Q5XW65
P0DV46	P0DV46
O35004	O35004
Q9VJN9	Q9VJN9
Q12339	Q12339
P15031	P15031
Q7MPY0	Q7MPY0
Q7MPY0	Q9KNL4
A9KP30	A9KP30
A9KP30	B8I5V6
A9KP30	Q9RPQ4
A9KP30	A3DJF7
B2U092	B2U092
B2U092	Q5PCB8
B2U092	Q7CPQ8
B2U092	Q8FDB8
B2U092	B7NJZ1
B2U092	P23522
B2U092	B5YS14
B2U092	A8AQ14
B2U092	C0PZ22
A7ZCD9	A7ZCD9
A5VDL9	A5VDL9
B8DCI1	B8DCI1
B8DCI1	C1L005
B8DCI1	Q92EG6
B8DCI1	Q723F8
B8DCI1	Q8Y9N4
Q9Y2W7	Q9Y2W7
Q9Y2W7	Q9QXT8
Q9Y2W7	Q9JM47
Q9Y2W7	Q17QD9
P67257	P67257
P18345	P18345
A4YWD1	A4YWD1
A4YWD1	Q136W2
A4YWD1	O69158
A4YWD1	Q214J9
A4YWD1	Q3V7S0
A4YWD1	B3QJH1
B0KM36	B0KM36
B0KM36	Q4ZZG3
B0KM36	Q1I3T0
B0KM36	Q3KJC5
B0KM36	B1J2S8
B0KM36	C1DHS2
B0KM36	Q87UZ2
B8AX53	B8AX53
B8AX53	Q688U3
B8AE67	B8AE67
B8AE67	Q6H8A9
Q57PS8	Q57PS8
Q57PS8	B7N529
Q57PS8	A1ABN0
Q57PS8	P05194
Q57PS8	P24670
Q57PS8	Q321F0
Q57PS8	P58687
Q57PS8	Q0THD6
Q57PS8	B7L5P5
Q57PS8	B4TUS2
Q57PS8	B5YPY0
Q57PS8	B1IQ63
F1Q4R9	F1Q4R9
Q03KT7	Q03KT7
Q5H6D1	Q5H6D1
Q5H6D1	Q8PQE0
Q5H6D1	Q8PDF3
A9AUN9	A9AUN9
P02887	P02887
P02887	P02888
P02887	P02886
P24937	P24937
P24937	P03274
O25963	O25963
P76038	P76038
P76038	Q8X7G2
P76038	Q83LB6
Q9XEF0	Q9XEF0
B8ERC6	B8ERC6
B7IE73	B7IE73
Q8X5U1	Q8X5U1
Q8X5U1	Q8FCN0
Q8X5U1	P33593
Q8X5U1	Q0SZJ4
Q8X5U1	Q1R5D9
Q6W4T2	Q6W4T2
P53579	P53579
B9LZI6	B9LZI6
B9LZI6	Q39U59
B9LZI6	B3E7Q7
B9LZI6	Q74BU2
B9LZI6	A1ALR6
Q8UDU5	Q8UDU5
Q8UDU5	Q11I86
F8VPY8	F8VPY8
Q6TXG9	Q6TXG9
Q2RZI1	Q2RZI1
P39621	P39621
Q96706	Q96706
Q96706	P0CK41
O08602	O08602
O08602	Q9JI58
O08602	O08603
O08602	O08604
O08602	Q9CZQ6
Q9ER42	Q9ER42
Q9ER42	Q9HBU1
P45753	P45753
Q0P8J8	Q0P8J8
Q9EQQ2	Q9EQQ2
Q9EQQ2	Q969M3
Q9EQQ2	Q5XID0
Q9EQQ2	Q5E9E8
Q9EQQ2	Q4R5M4
P20540	P20540
P20540	P0DOT8
P20540	P07612
Q2INZ4	Q2INZ4
P54717	P54717
O44342	O44342
Q7U356	Q7U356
A4SPI6	A4SPI6
A4SPI6	A0KIK2
Q3UK78	Q3UK78
Q3UK78	Q86SE9
Q3UK78	A0JN86
Q9V2E8	Q9V2E8
B1KX91	B1KX91
B1KX91	C3L127
Q8NQU4	Q8NQU4
B7ZAP0	B7ZAP0
Q9CX63	Q9CX63
A8K830	A8K830
Q9ZST9	Q9ZST9
Q3SZ62	Q3SZ62
Q3SZ62	P16290
Q3SZ62	O70250
Q3SZ62	Q8N0Y7
Q3SZ62	Q5ZLN1
Q3SZ62	P18669
Q3SZ62	Q32KV0
Q3SZ62	Q9DBJ1
Q3SZ62	P15259
Q3SZ62	Q5RFB8
Q9NRX1	Q9NRX1
Q9NRX1	Q6VBQ8
Q9NRX1	Q9CPS7
Q9NRX1	Q6VEU3
P56177	P56177
P56177	Q98875
P56177	Q64317
Q2JB14	Q2JB14
P96121	P96121
B0TG92	B0TG92
B0TG92	Q2RHX4
P32100	P32100
Q9VSU7	Q9VSU7
Q10204	Q10204
A1WE26	A1WE26
A1WE26	C5CUL9
Q9C6C8	Q9C6C8
O57865	O57865
O57865	Q8U4Q8
Q8ZDX6	Q8ZDX6
A0RID0	A0RID0
A0RID0	B7HB02
A0RID0	C3LJQ7
A0RID0	B7HNP7
A0RID0	Q818W1
A0RID0	Q731G5
Q6HI21	Q6HI21
Q6HI21	A0RET0
Q9JI08	Q9JI08
Q9JI08	Q68FW8
Q9JI08	Q9NQY0
Q6NZE7	Q6NZE7
Q6NZE7	Q7Z309
Q74CF3	Q74CF3
Q9LTW9	Q9LTW9
A1B477	A1B477
A1B477	Q5LPT8
A1B477	A4WU16
A1B477	Q163S6
A1B477	A8LIV9
A1B477	Q28T47
C5BV99	C5BV99
Q3T0J3	Q3T0J3
Q3T0J3	Q99N93
Q3T0J3	Q9NX20
P82192	P82192
Q5Z5F2	Q5Z5F2
Q8TWG0	Q8TWG0
Q9Z2N5	Q9Z2N5
Q9Z2N5	O95157
Q9Z2N5	Q91VX5
Q949S5	Q949S5
Q9K8N1	Q9K8N1
Q9BZG1	Q9BZG1
Q9BZG1	Q64008
Q9BZG1	Q06AU4
Q9BZG1	Q5U1Y1
P07318	P07318
P07318	Q9WVJ5
P07318	P02523
P07318	P53674
Q86UD3	Q86UD3
Q86UD3	Q68FA7
Q86UD3	Q0IH10
Q86UD3	A0JN69
Q86UD3	Q5XIE5
E5RQA1	E5RQA1
P50918	P50918
P50918	P72484
Q9SX77	Q9SX77
Q81Y10	Q81Y10
Q9P7R3	Q9P7R3
P29386	P29386
B2V5N9	B2V5N9
O53638	O53638
P57908	P57908
P57908	A6VKY6
Q58DZ9	Q58DZ9
Q58DZ9	Q9H7V2
Q58DZ9	Q08DM6
Q58DZ9	A2ANU3
Q58DZ9	Q4R532
P0ACL0	P0ACL0
Q9ZW85	Q9ZW85
P23558	P23558
Q3T094	Q3T094
Q3T094	O95571
Q3T094	Q9DCM0
Q6P9F5	Q6P9F5
Q6P9F5	Q1XHT8
C1A8T7	C1A8T7
Q57101	Q57101
Q57101	P33972
Q57101	Q5UXY6
Q57101	P94854
Q5HBZ7	Q5HBZ7
Q7XA67	Q7XA67
B4U7M4	B4U7M4
Q88HL1	Q88HL1
P69423	P69423
E6MWF8	E6MWF8
Q5NZF6	Q5NZF6
Q48VC6	Q48VC6
Q48VC6	C1CGR5
Q48VC6	Q8P2N8
Q48VC6	Q03IR2
Q48VC6	Q1JDL6
Q48VC6	B9DVT4
Q48VC6	C1CA29
Q48VC6	Q3JZA5
Q48VC6	P0DF13
Q48VC6	B2IM67
Q48VC6	B5E2H6
Q48VC6	A3CQN5
Q48VC6	B4U0U9
O16616	O16616
P75826	P75826
Q492C6	Q492C6
Q492C6	Q7VRQ5
Q9SKD9	Q9SKD9
Q9LEX0	Q9LEX0
Q9NA75	Q9NA75
F9VPG1	F9VPG1
Q17949	Q17949
O05877	O05877
Q65CQ5	Q65CQ5
A0A8X8M505	A0A8X8M505
P47133	P47133
Q9TXH9	Q9TXH9
Q83QN4	Q83QN4
Q83QN4	Q8XBJ2
Q83QN4	B7LCH2
Q83QN4	B7N618
Q83QN4	B7LKK7
Q83QN4	Q32DC6
Q83QN4	Q8FFB0
Q83QN4	Q31Y51
Q83QN4	B7NPW4
Q83QN4	P76535
Q83QN4	B7MHT0
Q8RWU3	Q8RWU3
Q8RWU3	Q6R0G4
A5EXM4	A5EXM4
Q6NW95	Q6NW95
Q9H019	Q9H019
Q9H019	Q9CWE0
Q99J99	Q99J99
Q99J99	P97532
Q99J99	P25325
P32143	P32143
Q04947	Q04947
Q2LXR2	Q2LXR2
Q0RHR9	Q0RHR9
Q0RHR9	Q2J987
P45204	P45204
Q92482	Q92482
Q92482	Q8R2N1
Q92482	Q08DE6
Q92482	P47862
Q92482	A9Y006
Q20390	Q20390
Q54WT8	Q54WT8
P54856	P54856
O49937	O49937
B2I9I2	B2I9I2
B2I9I2	B4SQW4
B2I9I2	Q3BRK2
B2I9I2	Q8P7Q6
Q5NPL6	Q5NPL6
Q93J06	Q93J06
B2V6F1	B2V6F1
Q9UH92	Q9UH92
Q9UH92	O08609
Q4R599	Q4R599
Q4R599	Q9JHB5
Q4R599	Q99598
Q4R599	Q9QZE7
Q9MZD2	Q9MZD2
A4TMR9	A4TMR9
A4TMR9	Q668B9
Q8KSA6	Q8KSA6
Q8KSA6	O65975
Q8KSA6	A0A5R8T042
Q8KSA6	E1ANH6
Q8KSA6	A0A649V088
Q8KSA6	O65976
Q8KSA6	Q47066
Q8KSA6	P28585
Q8KSA6	P74841
Q8KSA6	Q9RMT4
Q6ZJJ1	Q6ZJJ1
Q6ZJJ1	Q42564
Q6ZJJ1	Q01MI9
Q6ZJJ1	Q0JEQ2
Q3TLP5	Q3TLP5
Q3TLP5	Q86YB7
P71128	P71128
Q9N5R0	Q9N5R0
Q13DT7	Q13DT7
Q13DT7	Q1QHJ3
Q13DT7	B6JAP3
Q13DT7	Q6ND59
Q13DT7	Q21CU6
Q13DT7	A5E915
Q9C7S0	Q9C7S0
Q03161	Q03161
Q55500	Q55500
Q7RYM1	Q7RYM1
B8DWP6	B8DWP6
B8DWP6	B3DT80
B8DWP6	C1CQQ0
B8DWP6	A1A3A5
B8DWP6	A5UF86
B8DWP6	P45293
B8DWP6	Q8G574
B8DWP6	A2SPJ9
O18214	O18214
Q6HMZ5	Q6HMZ5
Q6HMZ5	Q81HH1
Q6HMZ5	B9IR64
Q6HMZ5	A7GLK9
Q6HMZ5	Q63FJ0
Q6HMZ5	A9VGE7
Q6HMZ5	C3P1J8
Q0CUT8	Q0CUT8
Q0CUT8	Q2URN2
P23833	P23833
P55040	P55040
P55040	P55041
Q5HRN5	Q5HRN5
Q5HRN5	A0AKK8
Q5HRN5	P37527
Q5HRN5	Q9CLJ6
Q5HRN5	A3MZT8
Q5HRN5	B7HII3
Q5HRN5	Q8L1A8
Q5HRN5	B9IYH8
Q5HRN5	A5IQ72
Q5HRN5	Q65PL2
Q5HRN5	Q6HQ05
Q5HRN5	C5D337
A7HMA1	A7HMA1
A0A097ZPD5	A0A097ZPD5
Q8SRG2	Q8SRG2
P24734	P24734
Q5N2Y8	Q5N2Y8
Q9USV1	Q9USV1
Q5A5U9	Q5A5U9
A9MC67	A9MC67
A9MC67	Q11M18
F7BWT7	F7BWT7
F7BWT7	Q1JQA4
F7BWT7	O95858
B9K7Z8	B9K7Z8
Q8WWC4	Q8WWC4
Q8WWC4	Q8BHE8
Q0BYG4	Q0BYG4
Q1C3U7	Q1C3U7
Q1C3U7	Q0T879
Q1C3U7	B4SU91
Q1C3U7	A8GJ06
Q1C3U7	A6T4R6
Q1C3U7	B7NI81
Q1C3U7	A1JJM8
Q1C3U7	A8ALG8
Q1C3U7	P09158
Q1C3U7	B4TXL7
Q1C3U7	B7MBA4
Q1C3U7	Q8Z9E2
Q1C3U7	A7FM33
Q1C3U7	C4K3X3
Q0S7P9	Q0S7P9
Q0S7P9	P9WPW1
Q9D8X5	Q9D8X5
Q9D8X5	Q9UIV1
Q9D8X5	Q60809
Q9D8X5	A4II96
Q9D8X5	Q3KQ85
Q9D8X5	Q08BM8
Q9D8X5	Q9UFF9
P09348	P09348
P9WKI9	P9WKI9
P06485	P06485
P06485	P13292
A7IF36	A7IF36
Q8S8F8	Q8S8F8
Q6GIV9	Q6GIV9
Q6GIV9	A5IQN7
Q6GIV9	Q9KIN5
Q6GIV9	Q8NXQ4
Q6GIV9	Q2FIV6
Q6GIV9	Q8CTJ6
Q6GIV9	Q4L4A6
Q64374	Q64374
Q64374	Q15493
Q64374	Q5R837
Q64374	Q9TTJ5
Q64374	Q06AA3
Q64374	Q2PFX5
Q64374	Q9TTJ6
Q64374	Q9I922
Q64374	Q03336
Q6AL12	Q6AL12
Q5QVW0	Q5QVW0
P16945	P16945
P16945	Q663K1
C1KVV7	C1KVV7
Q0QLF4	Q0QLF4
Q1MRI7	Q1MRI7
B3ELA4	B3ELA4
A1UED7	A1UED7
A1UED7	A3PXU1
A1UED7	A1T737
A1UED7	P9WNC3
A1UED7	Q73VL9
A1UED7	A0QV21
A1UED7	A4TE57
A1UED7	B8ZRZ2
A1UED7	B2HJJ6
A1UED7	A0QJ66
A1UED7	A0PQ49
P22939	P22939
Q93YN8	Q93YN8
Q54528	Q54528
Q732K9	Q732K9
Q31CK0	Q31CK0
Q31CK0	A8G2Y9
Q31CK0	A2BUV8
Q31CK0	A3PB53
Q31CK0	A2BPD1
Q31CK0	Q7V2X4
Q73HK3	Q73HK3
Q68XV0	Q68XV0
B6H060	B6H060
Q9SJL9	Q9SJL9
P55253	P55253
P55253	P37744
P55253	P26393
P55253	P37779
Q8K1T1	Q8K1T1
C1CCH0	C1CCH0
C1CCH0	C1CIQ5
C1CCH0	C1C5E1
C1CCH0	Q04M70
C1CCH0	O07874
C1CCH0	B5E7E5
Q92600	Q92600
Q92600	Q6IP65
Q92600	Q5PQL2
Q92600	Q6NWL4
Q92600	Q92368
Q6MRM9	Q6MRM9
P53242	P53242
A0R8K9	A0R8K9
A0R8K9	Q81VQ1
A4WNS1	A4WNS1
Q49606	Q49606
A1A5V9	A1A5V9
Q8NRE3	Q8NRE3
O74306	O74306
Q2FY06	Q2FY06
Q2FY06	Q5HNY0
Q2FY06	A6U239
A8WVD0	A8WVD0
A8WVD0	O16000
A8WVD0	Q24547
A8WVD0	Q5TX47
Q2NHW2	Q2NHW2
Q4FLS1	Q4FLS1
P76143	P76143
Q6C338	Q6C338
P0C606	P0C606
P0C606	Q9DA08
P0C606	Q96ES7
O14836	O14836
Q9S709	Q9S709
Q9S709	Q9FMY5
Q4W9W8	Q4W9W8
O04953	O04953
Q8K1A5	Q8K1A5
Q8K1A5	Q5U4K5
Q8K1A5	A1A5V7
Q8K1A5	Q5FVN2
Q8K1A5	Q5BJD5
B8GXU1	B8GXU1
O14972	O14972
Q9SB92	Q9SB92
P40529	P40529
A0KSQ8	A0KSQ8
A0KSQ8	A8FRC6
A0KSQ8	A1RFQ8
A0KSQ8	B0TU73
A0KSQ8	Q07XV9
Q02974	Q02974
Q02974	P97328
Q02974	P50053
Q3KNW1	Q3KNW1
Q3KNW1	Q9QY31
Q9CA93	Q9CA93
E9Q5L8	E9Q5L8
E9Q5L8	Q5SZD4
Q8FDU8	Q8FDU8
O93367	O93367
O93367	O55144
O93367	O43711
Q6PIV2	Q6PIV2
Q6F9R1	Q6F9R1
Q2J773	Q2J773
Q2J773	Q0RDX5
A5GD89	A5GD89
A5GD89	C6E9Q9
Q3IKR4	Q3IKR4
Q65202	Q65202
Q65202	P0C9C6
Q65202	P0C9C8
P57197	P57197
P57197	Q8KA24
P57197	B1LNC8
P57197	P0A6L2
Q15072	Q15072
Q15072	Q8BQN6
Q15072	Q28151
P13638	P13638
P13638	Q28030
P13638	P14415
P13638	P14231
P13638	Q8WMG3
Q2IMA5	Q2IMA5
Q2IMA5	B8J8T6
O26285	O26285
Q58DH1	Q58DH1
O96650	O96650
Q68XC1	Q68XC1
Q68XC1	A8GMP7
P54000	P54000
Q9FFB6	Q9FFB6
P31129	P31129
Q0AAG2	Q0AAG2
Q9H6K1	Q9H6K1
Q9H6K1	Q3TT38
Q8TAV4	Q8TAV4
Q8TAV4	Q6PE84
Q9XI60	Q9XI60
Q57989	Q57989
Q8X6C5	Q8X6C5
Q8X6C5	Q46800
P38710	P38710
Q10243	Q10243
P93046	P93046
Q84RD0	Q84RD0
Q9ZV08	Q9ZV08
P0DN71	P0DN71
A0AEZ3	A0AEZ3
A0AEZ3	Q8YAE2
Q9FH59	Q9FH59
Q5XIH7	Q5XIH7
Q5XIH7	Q99623
Q5XIH7	Q2HJ97
Q5XIH7	Q5RB19
O43186	O43186
O43186	O54751
O43186	Q9XSK0
Q2NRV8	Q2NRV8
B1XS63	B1XS63
O93366	O93366
A5HNF6	A5HNF6
A5HNF6	B3Y682
A5HNF6	Q6Y1S1
A5HNF6	P22366
A5HNF6	B3Y681
A5HNF6	Q599T9
A5HNF6	Q99836
A5HNF6	B3Y678
A5HNF6	B3Y679
A5HNF6	A2TF48
P22134	P22134
P12254	P12254
Q8RH35	Q8RH35
O31822	O31822
Q12382	Q12382
P18813	P18813
B8G9R5	B8G9R5
A7TDI2	A7TDI2
P65817	P65817
P65817	P23894
P65817	P65813
A8FL79	A8FL79
A8FL79	Q5HVB3
A8FL79	A1VZ20
Q1WSZ5	Q1WSZ5
P50227	P50227
P50227	P0DMN0
P50227	P17988
P50227	P50225
P50227	P50226
P50227	P52840
P50227	P52846
P50227	Q29476
O08358	O08358
P60169	P60169
I5AX50	I5AX50
Q03NE0	Q03NE0
P39173	P39173
Q3Z7V3	Q3Z7V3
Q3Z7V3	Q3ZXV3
B7IF13	B7IF13
Q8ZH09	Q8ZH09
Q8ZH09	B7MYQ3
Q8ZH09	Q57L24
Q8ZH09	P65774
Q8ZH09	B5QUH0
Q8ZH09	P0A7B3
Q8ZH09	Q32CX4
Q8ZH09	A4WDH9
A3MUS8	A3MUS8
Q6FT26	Q6FT26
A4G0C7	A4G0C7
A4G0C7	A9A8M9
A4G0C7	A6UT97
Q9PM78	Q9PM78
Q9PM78	B9KEH8
B0BMY1	B0BMY1
B0BMY1	Q6ZP29
B0BMY1	Q8C4N4
O05970	O05970
O05970	Q9AKE5
Q7T076	Q7T076
Q10357	Q10357
A1SIB6	A1SIB6
Q6D797	Q6D797
Q9X1X7	Q9X1X7
Q9SU86	Q9SU86
Q4WF29	Q4WF29
Q84G06	Q84G06
Q9P0K9	Q9P0K9
Q9P0K9	B1AXV0
Q9P0K9	D3ZE85
G9BY57	G9BY57
Q8N4C7	Q8N4C7
Q8N4C7	Q8R1Q0
Q8N4C7	Q0VCI2
P53004	P53004
P53004	P46844
P53004	Q9CY64
P0CN53	P0CN53
I2C645	I2C645
Q6WS85	Q6WS85
Q6WS85	B4FT40
Q0WPN8	Q0WPN8
C5BQD1	C5BQD1
P0AEB0	P0AEB0
P21533	P21533
P21533	P47911
P21533	G1SKF7
P21533	Q02878
P21533	Q58DQ3
P21533	Q2YGT9
P89116	P89116
Q92BE2	Q92BE2
Q92BE2	A0AJ22
A3MUZ0	A3MUZ0
B0SBH8	B0SBH8
Q91836	Q91836
Q49610	Q49610
Q6GJB7	Q6GJB7
Q6GJB7	A6QEK3
Q6GJB7	P64313
Q6GJB7	Q2YSB0
Q6GJB7	Q8NXY2
B9DRF9	B9DRF9
B9DRF9	Q5XDG3
B9DRF9	P0C0B9
B9DRF9	O24756
B9DRF9	Q1JI67
B9DRF9	C1CDW4
B9DRF9	C0MBF0
B9DRF9	A3CP94
B9DRF9	P0A3C4
B9DRF9	A4VW74
B9DRF9	P37214
B0K4D4	B0K4D4
B0K4D4	Q8R7C0
C4KZ07	C4KZ07
Q96M98	Q96M98
Q96M98	Q9DAK2
Q96M98	A5PK71
P22390	P22390
Q9LXG9	Q9LXG9
Q9CZ16	Q9CZ16
Q9CZ16	Q68FV0
Q9CZ16	Q8NBL3
P0ADP5	P0ADP5
Q3A1U7	Q3A1U7
P51959	P51959
P51959	P51945
P51959	P39950
P46352	P46352
B9IZC8	B9IZC8
B9IZC8	A9VN58
B9IZC8	B7HIL3
B9IZC8	B7JK51
B9IZC8	A8F913
B9IZC8	C3P9J0
B9IZC8	Q5L3V4
B9IZC8	P37550
B6JGA4	B6JGA4
B6JGA4	Q07M65
B1ZDT1	B1ZDT1
Q5E3A4	Q5E3A4
Q5E3A4	B7VJW6
Q5E3A4	Q6LUA9
Q03686	Q03686
Q00725	Q00725
Q476F8	Q476F8
Q476F8	B2AGT9
P0ACR4	P0ACR4
P71319	P71319
P71319	P0AEZ1
P71319	P45208
Q02VL7	Q02VL7
Q02VL7	A2RP65
Q02VL7	Q9CDG3
Q2HJ38	Q2HJ38
Q2HJ38	Q08290
Q2HJ38	Q08091
Q2HJ38	P26932
Q2HJ38	P51911
D9N164	D9N164
Q9SV60	Q9SV60
Q044G6	Q044G6
Q21HE7	Q21HE7
Q21HE7	B3PC19
P54217	P54217
A9WG69	A9WG69
A9BV02	A9BV02
A9BV02	A1WBI7
Q6KHT7	Q6KHT7
Q6FZ96	Q6FZ96
Q8LG58	Q8LG58
Q8LG58	Q38911
Q8LG58	G5DAC6
Q8LG58	P35694
Q9WUW8	Q9WUW8
Q9WUW8	Q9D939
Q9WUW8	Q9WUW9
Q9WUW8	O46503
Q9WUW8	O00338
B3DSS3	B3DSS3
Q9LES3	Q9LES3
P40509	P40509
P24385	P24385
P24385	Q90459
P24385	Q64HP0
P24385	Q5R6J5
P24385	P55169
P24385	P39948
P24385	P50755
P24385	P25322
P24385	Q2KI22
Q4KLN0	Q4KLN0
Q4KLN0	Q9H190
Q4KLN0	Q99JZ0
P53032	P53032
Q6R0A6	Q6R0A6
B0CJW0	B0CJW0
B0CJW0	A6WW03
A2C601	A2C601
Q4L691	Q4L691
Q4L691	Q8ELT4
Q4L691	Q818I7
Q4L691	Q6HDP8
Q4L691	P69878
Q4L691	Q6GH21
Q4L691	Q2YXY2
Q8ER21	Q8ER21
P48609	P48609
P48609	P51166
P48609	Q03114
P48609	G5ECH7
P48609	Q00535
P48609	P49615
Q9S7T5	Q9S7T5
D7REY4	D7REY4
P46922	P46922
A1SY91	A1SY91
Q976H1	Q976H1
Q58G53	Q58G53
P9WFF7	P9WFF7
P9WFF7	P38119
P9WFF7	Q93AU4
P9WFF7	A0R0S4
Q88VR2	Q88VR2
Q9USR1	Q9USR1
A0SVK0	A0SVK0
Q6IMN8	Q6IMN8
Q9SVV2	Q9SVV2
Q96L08	Q96L08
P17413	P17413
Q181F7	Q181F7
P29383	P29383
Q46798	Q46798
P48240	P48240
Q9FY93	Q9FY93
Q9SMN1	Q9SMN1
Q9SMN1	Q9FMV1
Q0TAA1	Q0TAA1
Q0TAA1	A7FD00
Q0TAA1	A4WG52
Q0TAA1	P0A6C8
Q0TAA1	Q3YV17
Q0TAA1	B5RF46
Q0TAA1	B1IVB9
Q0TAA1	B4T0X0
Q0TAA1	C5BC59
Q0TAA1	A9N0G9
B2HGX7	B2HGX7
B2HGX7	P9WP90
B2HGX7	Q7VEN6
Q2K966	Q2K966
Q2K966	B9JEH2
Q2K966	A6U8N9
Q2K966	O08248
Q2K966	Q8UEQ3
Q9JHN8	Q9JHN8
Q9JHN8	P49842
Q8L7K4	Q8L7K4
Q6AF43	Q6AF43
B2TPF2	B2TPF2
B2TPF2	B2UXE0
I1RZ92	I1RZ92
Q4L5U7	Q4L5U7
B5YE90	B5YE90
P0ACK5	P0ACK5
O74926	O74926
Q9PWL6	Q9PWL6
Q12255	Q12255
O31744	O31744
O31744	A7Z4M6
Q7NPW5	Q7NPW5
Q97CW0	Q97CW0
A8MTQ0	A8MTQ0
Q9GZV9	Q9GZV9
Q9GZV9	Q9EPC2
Q9GZV9	Q8VI82
Q5PRC0	Q5PRC0
A6H7B8	A6H7B8
A6H7B8	Q3TQR0
A6H7B8	Q2ABP2
A6H7B8	Q9UHJ9
A6H7B8	Q2ABP3
P28995	P28995
Q04617	Q04617
P00410	P00410
P00410	P47918
P00410	Q7YFV7
P00410	P20387
Q97QZ1	Q97QZ1
Q46871	Q46871
P12319	P12319
Q9BQ13	Q9BQ13
P45324	P45324
P37769	P37769
P46286	P46286
P46286	Q42064
P46286	Q9V3G1
P46286	Q6P0V6
P46286	P62917
Q5JJ65	Q5JJ65
Q5WEM3	Q5WEM3
Q9FMX2	Q9FMX2
Q67SW4	Q67SW4
P27876	P27876
P27876	Q81X76
P27876	B7HW54
P27876	Q72XY3
P27876	Q4MQ55
P53068	P53068
Q93GB7	Q93GB7
Q93GB7	Q5FL49
Q93GB7	Q1GB25
Q93GB7	Q03AK5
Q9GN94	Q9GN94
Q9GN94	P23361
Q9GN94	P48584
Q9GN94	P51551
Q9GN94	P09370
Q9GN94	P22245
Q9GN94	P09369
Q9GN94	Q05114
Q9GN94	P23278
Q9GN94	Q50L96
Q9GN94	P28484
Q9GN94	P10807
Q9GN94	Q6LCE4
Q9GN94	P37473
Q9GN94	P51550
Q9GN94	P48585
Q9GN94	P07160
Q9GN94	P23237
Q9GN94	Q00672
Q9GN94	Q00669
Q9GN94	P00334
Q9GN94	P25721
Q9GN94	P26719
Q9GN94	P07161
A3DDG7	A3DDG7
A5IYV3	A5IYV3
C0ZHH0	C0ZHH0
C6A2A3	C6A2A3
C6A2A3	Q5JDY1
C6A2A3	O58851
Q59188	Q59188
Q06182	Q06182
Q5NG36	Q5NG36
Q5NG36	B0U0B1
Q5NG36	Q0BLV1
Q5NG36	A4IXW8
Q7UC03	Q7UC03
Q6YPM2	Q6YPM2
A5IK72	A5IK72
Q6LTB1	Q6LTB1
Q5FHG1	Q5FHG1
Q5FHG1	Q5HBM5
D4GYZ1	D4GYZ1
Q9S740	Q9S740
Q9R0M5	Q9R0M5
Q9R0M5	Q9H3S4
Q9R0M5	Q5E9T4
Q8N129	Q8N129
Q8N129	Q8BQ47
P33312	P33312
Q9SIL7	Q9SIL7
P0A442	P0A442
Q9XFI1	Q9XFI1
O74386	O74386
Q8L649	Q8L649
Q9CY57	Q9CY57
Q9CY57	Q498T2
Q9CY57	Q9Y3Y2
Q9CY57	Q3SYW9
Q03474	Q03474
Q58952	Q58952
O66188	O66188
O28028	O28028
O43508	O43508
O43508	O54907
Q97AU2	Q97AU2
A7H5P5	A7H5P5
A7H5P5	A8FNJ1
Q6IQ22	Q6IQ22
Q6IQ22	P51152
Q6IQ22	P35283
Q6IQ22	P35284
P56749	P56749
P56749	Q9ET43
P20173	P20173
P20173	P0A4D6
P75289	P75289
Q9EPJ0	Q9EPJ0
Q9EPJ0	Q80XU3
Q9EPJ0	Q29S11
Q9EPJ0	Q9H1E3
Q2L2T5	Q2L2T5
Q9VF59	Q9VF59
Q9BZM4	Q9BZM4
Q6G3I3	Q6G3I3
Q6G3I3	A9IVX0
Q1GDC3	Q1GDC3
A5N4T0	A5N4T0
B0SBG1	B0SBG1
Q10RK1	Q10RK1
D4GWT7	D4GWT7
B2SAD9	B2SAD9
P12360	P12360
P12360	Q01667
P12360	Q9SDM1
Q4PID3	Q4PID3
P21639	P21639
P05524	P05524
P05524	P11487
P13669	P13669
Q8RYE9	Q8RYE9
B9M6W5	B9M6W5
Q57829	Q57829
Q92HU9	Q92HU9
B3EN99	B3EN99
O02659	O02659
Q54SE2	Q54SE2
Q4WUG4	Q4WUG4
Q4WUG4	C0NNH7
Q8R9N6	Q8R9N6
Q10P60	Q10P60
Q9ZWA8	Q9ZWA8
Q9ZWA8	Q9FFH6
Q84TK0	Q84TK0
Q6NWG0	Q6NWG0
P0ACM5	P0ACM5
O32277	O32277
Q0AA73	Q0AA73
K9N643	K9N643
P41932	P41932
P41932	P68254
P41932	P63104
P41932	P27348
P41932	Q5ZKC9
P41932	P63101
P41932	P29361
P41932	Q9CQV8
P41932	P68250
P41932	P31946
P41932	P35213
P41932	Q5ZLQ6
P41932	Q20655
P41932	Q5XGC8
P41932	Q5PRD0
P41932	P29310
P41932	P68252
P41932	Q04917
P41932	P68511
P41932	P61981
P41932	Q6PC29
Q651Z5	Q651Z5
D4GYH1	D4GYH1
P04769	P04769
Q3SM81	Q3SM81
Q3SM81	Q81ZZ8
P33358	P33358
Q0V869	Q0V869
A6L2J2	A6L2J2
P07505	P07505
P07505	P11964
Q8VCH2	Q8VCH2
Q8NP95	Q8NP95
Q8NP95	P0DJL7
Q5YTE0	Q5YTE0
O01833	O01833
Q48A85	Q48A85
Q3K1L6	Q3K1L6
Q9DCA7	Q9DCA7
Q0P8J1	Q0P8J1
Q01796	Q01796
Q9QXS8	Q9QXS8
P0AEF4	P0AEF4
P01152	P01152
P01152	Q00643
Q6L0E8	Q6L0E8
Q9NXI6	Q9NXI6
B1I3W2	B1I3W2
Q9HFH0	Q9HFH0
Q9GYV9	Q9GYV9
Q9RKK6	Q9RKK6
Q9FGK5	Q9FGK5
Q05789	Q05789
Q940P5	Q940P5
Q8TAA5	Q8TAA5
Q8TAA5	O88396
Q86W74	Q86W74
Q9STJ6	Q9STJ6
Q83HD5	Q83HD5
Q14213	Q14213
F4IE21	F4IE21
Q6AFG6	Q6AFG6
P82658	P82658
P27832	P27832
P30843	P30843
Q5E9G0	Q5E9G0
Q944S9	Q944S9
Q1AT14	Q1AT14
Q8VZS8	Q8VZS8
F5L3T3	F5L3T3
P0A8Y1	P0A8Y1
Q6NQP5	Q6NQP5
Q9SR36	Q9SR36
Q6L240	Q6L240
A6VRW7	A6VRW7
P43221	P43221
A4T0F4	A4T0F4
A5D2E1	A5D2E1
Q8DPI6	Q8DPI6
Q1GTU3	Q1GTU3
Q9SJL6	Q9SJL6
Q9WH76	Q9WH76
P37619	P37619
Q18DK8	Q18DK8
Q666M5	Q666M5
Q666M5	P0A8I5
Q666M5	Q7N7H9
Q666M5	A7FEX6
Q666M5	A6TDW8
Q666M5	Q1CEV4
Q666M5	A1JPV4
Q666M5	Q8ZM40
Q666M5	A1AFE6
Q666M5	Q2NRB6
Q666M5	Q31WM2
Q666M5	Q8FE22
Q666M5	A7MLY2
Q0BT08	Q0BT08
Q9FL44	Q9FL44
P85101	P85101
Q99581	Q99581
Q99581	Q8QZW2
P75053	P75053
Q2KIU0	Q2KIU0
Q2KIU0	Q9UEU0
Q2KIU0	O88384
Q2KIU0	P58200
Q96251	Q96251
O34315	O34315
Q0VT66	Q0VT66
P38842	P38842
Q9NX57	Q9NX57
Q9NX57	P35295
P40232	P40232
Q96C74	Q96C74
Q09814	Q09814
Q55468	Q55468
Q55468	Q5N5K7
P0AEM6	P0AEM6
P25813	P25813
Q9SWS1	Q9SWS1
P57030	P57030
Q6DGT7	Q6DGT7
Q8XAU3	Q8XAU3
Q8XAU3	P75897
Q8XAU3	C6EHJ6
Q1ZYL8	Q1ZYL8
B0VTM5	B0VTM5
B0VTM5	F0KKL2
B0VTM5	Q6F9C2
B0VTM5	A3M7P2
P41238	P41238
P41238	P51908
P41238	P47855
P41238	Q694B3
Q2G1C0	Q2G1C0
Q2G1C0	Q2G2C4
Q2G1C0	Q2YV73
Q8EKK0	Q8EKK0
P40710	P40710
Q44342	Q44342
Q9NZS2	Q9NZS2
P30911	P30911
P30911	Q08IG6
P30911	Q04262
P30911	Q0A442
Q8R218	Q8R218
Q8R218	A6NC51
A5VP16	A5VP16
A5VP16	B2S9U3
Q8SRB8	Q8SRB8
B8CLI5	B8CLI5
Q6XSV4	Q6XSV4
Q6XSV4	Q6XTK0
Q6XSV4	Q2ICQ4
Q6XSV4	Q6XTD8
Q6XSV4	Q20NS3
Q6XSV4	Q67256
Q6XSV4	P17042
Q6XSV4	Q6DP68
Q6XSV4	Q30NP5
Q6XSV4	Q6DP64
Q6XSV4	O57267
Q6XSV4	A8C8K0
Q6XSV4	P13142
Q6XSV4	Q1PUD3
Q6XSV4	O41665
Q6XSV4	P69273
Q6XSV4	A4GBY3
Q6XSV4	P03495
Q6XSV4	Q2VC87
Q6XSV4	A4GCK3
Q6XSV4	P69278
Q6XSV4	Q0A3Q3
Q6XSV4	P03494
Q6XSV4	Q77ZM3
Q6XSV4	O89748
Q6XSV4	O57276
Q6XSV4	Q91MA0
Q6XSV4	P69252
Q6XSV4	P08272
Q6XSV4	A4K149
Q6XSV4	P03496
Q6XSV4	P69279
Q6XSV4	Q82506
Q6XSV4	Q76UX6
Q6XSV4	Q809Y0
Q6XSV4	Q809X8
Q6XSV4	Q6J880
Q6XSV4	Q6DP28
Q6XSV4	Q6J871
A4YVG4	A4YVG4
A4YVG4	Q1QMN5
A4YVG4	Q136A6
A4YVG4	Q2IW82
A4YVG4	Q215E7
P00447	P00447
O22533	O22533
B8G2V0	B8G2V0
A9Y0K9	A9Y0K9
Q9MZ06	Q9MZ06
P0AE34	P0AE34
A9KFA0	A9KFA0
A9KFA0	B6IYZ9
A9KFA0	B6J4J9
A9KFA0	P51837
O06978	O06978
Q8BB24	Q8BB24
Q8BB24	P03415
Q8BB24	P08549
Q8BB24	Q91A23
Q8BB24	P69600
P75428	P75428
P75428	P47489
P0A1N8	P0A1N8
P0A1N8	Q8ZFB2
P0A1N8	P0A6S0
Q7JYX0	Q7JYX0
Q6I681	Q6I681
O49203	O49203
O49203	Q8LAH8
O49203	Q8RXA8
O45405	O45405
Q04QY0	Q04QY0
P45124	P45124
Q99KF1	Q99KF1
Q99KF1	Q8R1V4
Q99KF1	Q3T133
Q99KF1	Q9BVK6
Q99KF1	Q5I0E7
Q87QD4	Q87QD4
P50375	P50375
P50375	P50376
P50375	P50374
P50375	P50380
J7M799	J7M799
P27970	P27970
P27970	P05863
Q701N2	Q701N2
Q9JI60	Q9JI60
Q9JI60	O95237
Q9JI60	Q9BGL2
Q9JI60	Q9JI61
B8H8L7	B8H8L7
Q7P0S9	Q7P0S9
Q9BX46	Q9BX46
Q9BX46	Q76LC6
Q9BX46	M0R7T6
Q9BX46	D3Z4I3
Q52081	Q52081
D3YWP0	D3YWP0
D3YWP0	Q96AZ1
D3YWP0	A4FV98
P02665	P02665
P02665	P10598
A2CDE8	A2CDE8
P23709	P23709
P23709	Q9DCT2
P23709	Q0MQG8
P23709	O75489
D4AZC5	D4AZC5
Q8BL97	Q8BL97
Q8BL97	Q3T106
Q8BL97	Q16629
Q9VPD2	Q9VPD2
Q6DHR0	Q6DHR0
P0DV48	P0DV48
B5YL84	B5YL84
D0LDT2	D0LDT2
P27645	P27645
P27645	P08508
P43334	P43334
B5ZYG2	B5ZYG2
O34928	O34928
Q9KWS4	Q9KWS4
Q21MT0	Q21MT0
Q9XXD7	Q9XXD7
Q96266	Q96266
Q69TU6	Q69TU6
P01552	P01552
C9XTA5	C9XTA5
C9XTA5	Q9L6M2
Q6V9I6	Q6V9I6
O97313	O97313
P53347	P53347
P36667	P36667
Q8TD07	Q8TD07
A7H0X7	A7H0X7
P14386	P14386
B0VQB5	B0VQB5
O31575	O31575
Q96EH8	Q96EH8
C6BTW9	C6BTW9
P52997	P52997
O35116	O35116
C6DAH2	C6DAH2
C6DAH2	B7LVW5
C6DAH2	P38506
C6DAH2	B7MLB9
C6DAH2	Q8Z433
C6DAH2	Q1CFD3
C6DAH2	B4TUJ1
C6DAH2	Q8ZMC9
C6DAH2	Q0T161
C6DAH2	B5QWQ6
C6DAH2	B1JQE9
C6DAH2	B7N732
C6DAH2	A6TD79
C6DAH2	C0PXF9
C6DAH2	B7MZ94
C6DAH2	B5BF27
P25043	P25043
Q83WC4	Q83WC4
Q03AS0	Q03AS0
P34465	P34465
Q6NQN5	Q6NQN5
Q7MPK7	Q7MPK7
Q9C6X2	Q9C6X2
Q59112	Q59112
O34632	O34632
Q47YI6	Q47YI6
Q9SZB2	Q9SZB2
P53700	P53700
Q988B9	Q988B9
P11451	P11451
A5IS26	A5IS26
A5IS26	Q6GA74
A5IS26	Q8NX59
Q10QP3	Q10QP3
O84771	O84771
P43358	P43358
P43358	P43355
Q96RD1	Q96RD1
Q5ABC6	Q5ABC6
Q8NGU2	Q8NGU2
Q8NGU2	Q8NGU1
Q8NGU2	Q8NGT5
O49629	O49629
G5EER4	G5EER4
B0TGQ3	B0TGQ3
Q8NH76	Q8NH76
Q82UJ5	Q82UJ5
Q60XN1	Q60XN1
B8DUI5	B8DUI5
Q83AQ1	Q83AQ1
Q8EPD5	Q8EPD5
C8VI80	C8VI80
P48118	P48118
Q10F25	Q10F25
P61325	P61325
Q6CLS8	Q6CLS8
Q8NGQ2	Q8NGQ2
Q8BJ66	Q8BJ66
Q8BJ66	Q96I82
Q80Y75	Q80Y75
Q8H3Q1	Q8H3Q1
Q8NGQ4	Q8NGQ4
A4VX71	A4VX71
A4VX71	Q8E1R8
A4VX71	Q5LY91
A4VX71	Q1JAG5
Q9VLN1	Q9VLN1
Q7WKF5	Q7WKF5
Q7WKF5	Q7VY62
Q925N1	Q925N1
Q6E7F2	Q6E7F2
Q9FX94	Q9FX94
Q9H7M9	Q9H7M9
Q9H7M9	Q9D659
Q92ME2	Q92ME2
Q92ME2	B3PPF4
Q9K8W9	Q9K8W9
Q9K8W9	Q5L1U1
Q9LD13	Q9LD13
B1NY81	B1NY81
Q5ZV75	Q5ZV75
Q2RKV6	Q2RKV6
Q5MJ70	Q5MJ70
Q5MJ70	Q8R496
Q5MJ70	Q5IBH7
O45521	O45521
Q9D7J6	Q9D7J6
Q9D7J6	Q2QDE7
B0KFS4	B0KFS4
B0KFS4	A4XQS6
B0KFS4	Q88N74
B0KFS4	Q1I5C0
B9FU45	B9FU45
B9FU45	A2ZX50
B9FU45	Q5MGA9
P18761	P18761
Q0AXG1	Q0AXG1
Q9Z1L3	Q9Z1L3
Q9Z1L3	Q9Z2K0
Q9Z1L3	O75618
Q8VZ20	Q8VZ20
O29088	O29088
Q8VEY3	Q8VEY3
Q8VEY3	Q8NGN7
Q8VEY3	Q8NH80
F1R4U0	F1R4U0
F1R4U0	P32089
F1R4U0	P79110
F1R4U0	Q8JZU2
F1R4U0	P53007
Q4KJT9	Q4KJT9
Q6Q251	Q6Q251
P0DMK8	P0DMK8
P0DMK8	Q89QW7
Q4KLC4	Q4KLC4
B2I9C0	B2I9C0
Q9EPB5	Q9EPB5
Q9FKF9	Q9FKF9
Q68A21	Q68A21
Q68A21	Q96QR8
Q68A21	Q6PHK6
Q7YZT0	Q7YZT0
Q8N5Z5	Q8N5Z5
Q9AJE3	Q9AJE3
P22990	P22990
Q9NA73	Q9NA73
Q9LMA7	Q9LMA7
Q96TJ5	Q96TJ5
A1SNF6	A1SNF6
Q59516	Q59516
Q3AQS3	Q3AQS3
Q9C8M0	Q9C8M0
O05146	O05146
Q9W0P3	Q9W0P3
Q6UWI2	Q6UWI2
Q2KIB0	Q2KIB0
Q2KIB0	Q96GK7
Q2KIB0	B2RYW9
Q2KIB0	Q3TC72
Q43872	Q43872
Q42529	Q42529
Q42529	O22765
Q6NHF7	Q6NHF7
Q6NHF7	Q8NQM1
Q838C9	Q838C9
Q54RD6	Q54RD6
Q9Z0L8	Q9Z0L8
Q9Z0L8	Q62867
G5ECU7	G5ECU7
P0DO69	P0DO69
P0DO69	P0DO68
Q8IY42	Q8IY42
Q63302	Q63302
Q63302	Q9WTW4
Q9M9S0	Q9M9S0
B3QPY9	B3QPY9
Q92BI0	Q92BI0
Q96R54	Q96R54
D4GP36	D4GP36
A1A5X5	A1A5X5
D4GZ88	D4GZ88
Q9GZR5	Q9GZR5
Q9GZR5	Q9EQC4
Q9GZR5	Q95K73
Q9WY52	Q9WY52
Q9WY52	B1L9U3
Q9WY52	A5IKL2
P0DUE0	P0DUE0
Q84UC7	Q84UC7
Q54QK7	Q54QK7
A1RLI0	A1RLI0
A1RLI0	Q8EGC8
A1RLI0	A0KYY0
A1RLI0	A3D2P8
A1RLI0	B8CRT5
A1RLI0	A9KVF7
P34024	P34024
B4RBV1	B4RBV1
Q60176	Q60176
P80880	P80880
Q0SJD2	Q0SJD2
P80036	P80036
Q3AW70	Q3AW70
Q3AW70	A2BTB5
Q3AW70	Q46IT2
Q3AW70	A5GVY3
Q14GG5	Q14GG5
Q14GG5	Q0BMV6
Q14GG5	A0Q7R6
Q8K9Q2	Q8K9Q2
Q9I8X5	Q9I8X5
Q6GH27	Q6GH27
Q6GH27	Q2FYQ7
Q6GH27	Q2YXY9
Q6GH27	Q8NWT5
Q93JX5	Q93JX5
Q6GJA0	Q6GJA0
Q6GJA0	P99125
Q6GI75	Q6GI75
Q6GI75	Q2FZQ3
Q2KJA4	Q2KJA4
Q2KJA4	Q64693
Q2KJA4	Q16633
P39663	P39663
Q9I3N5	Q9I3N5
Q7W670	Q7W670
Q7W670	Q7VXN2
Q555L5	Q555L5
P34277	P34277
Q6YVX7	Q6YVX7
Q6MEE7	Q6MEE7
O24766	O24766
P53551	P53551
Q2KI30	Q2KI30
Q2KI30	Q8VCD6
Q2KI30	Q9BRK0
Q6TGZ4	Q6TGZ4
Q2LUQ6	Q2LUQ6
P71534	P71534
P71534	P9WGT3
P94549	P94549
B0K5B1	B0K5B1
Q0C8M2	Q0C8M2
Q0C8M2	Q9Y7C9
Q46134	Q46134
P73016	P73016
P73016	Q05069
Q14201	Q14201
Q14201	P50615
Q0A7X8	Q0A7X8
Q9V1J7	Q9V1J7
A1U776	A1U776
Q5PA93	Q5PA93
Q16DB5	Q16DB5
Q9X1Z1	Q9X1Z1
Q9XT98	Q9XT98
Q9XT98	Q925N4
Q9XT98	Q91Y55
Q9XT98	Q9Y5I7
P59098	P59098
P59098	B8D6W1
P59098	P57157
Q0J059	Q0J059
D4YYG1	D4YYG1
A8NFF0	A8NFF0
A8NFF0	Q23126
Q9CG17	Q9CG17
Q8WY22	Q8WY22
Q949S9	Q949S9
A9NB65	A9NB65
A9NB65	A9KGN4
B3MYY4	B3MYY4
B3MYY4	Q29I16
B3MYY4	B4H4I3
B3MYY4	B3P8V8
B3MYY4	O77263
B3MYY4	B4N278
B1VXZ4	B1VXZ4
B1VXZ4	Q82K82
B1VXZ4	O86836
O96011	O96011
O96011	Q9Z210
O96011	Q5RFI0
O31654	O31654
A4QEG0	A4QEG0
Q90472	Q90472
B5EFM8	B5EFM8
B5EFM8	C6E4S9
A7NPB5	A7NPB5
Q54LP3	Q54LP3
Q6MSP2	Q6MSP2
O67939	O67939
P10425	P10425
P10425	P14488
P10425	P04190
B4FUP5	B4FUP5
Q5PBF7	Q5PBF7
P54450	P54450
Q97TZ6	Q97TZ6
Q97TZ6	C3N0R7
Q97TZ6	C3NMG6
Q7XT39	Q7XT39
P41900	P41900
B8I3J5	B8I3J5
Q2G0I9	Q2G0I9
A6U4X9	A6U4X9
A6U4X9	Q931E6
A6U4X9	Q6GDK4
A6U4X9	Q2YWF9
A6U4X9	Q4LA35
A0KQI1	A0KQI1
A0KQI1	A4SHM8
P14148	P14148
P14148	G1SV32
P14148	Q58DT1
P14148	P18124
P14148	Q5R9R4
P14148	P05426
A1YQ93	A1YQ93
Q88FQ8	Q88FQ8
Q88FQ8	A5W1F2
Q88FQ8	Q3KC83
Q88FQ8	Q1IBF8
Q88FQ8	Q4KBL2
Q88FQ8	B0KMR5
A6T2A5	A6T2A5
C1EN36	C1EN36
C1EN36	A4IQ61
C1EN36	C5D3B3
C1EN36	A7Z5Z4
C1EN36	Q81FN7
C1EN36	B7IPB7
C1EN36	P52996
Q00278	Q00278
Q68D91	Q68D91
Q68D91	Q8BL86
Q68D91	A5PJT0
Q68D91	Q5F336
Q8I5I0	Q8I5I0
Q8I5I0	A0A509AT60
C0JB61	C0JB61
C0JB61	C0JB87
C0JB61	C0JB82
C0JB61	C0JB56
C0JB61	C0JB83
C0JB61	C0JB84
C0JB61	C0JB70
C0JB61	C0JB79
C0JB61	C0JB81
C0JB61	C0JB58
C0JB61	C0JB72
C0JB61	C0JB71
C0JB61	C0JB78
C0JB61	C0JB73
C0JB61	C0JB57
C0JB61	C0JB88
C0JB61	C0JB67
C0JB61	C0JB85
C0JB61	C0JB74
C0JB61	C0JB69
C0JB61	C0JB77
C0JB61	C0JB65
C0JB61	C0JB80
C0JB61	C0JB91
C0JB61	C0JB86
C0JB61	C0JB60
C0JB61	C0JB62
C0JB61	C0JB76
C0JB61	C0JB68
C0JB61	C0JB75
C0JB61	C0JB89
C0JB61	C0JB90
P98066	P98066
P98066	O08859
P98066	P98065
B8G177	B8G177
P45523	P45523
Q6BT10	Q6BT10
Q6BT10	A5DNX9
C5BF12	C5BF12
Q8IJH8	Q8IJH8
A4IZZ4	A4IZZ4
A4IZZ4	A7N9I8
A4IZZ4	Q14JH1
A4IZZ4	B2SE44
Q9NPJ6	Q9NPJ6
Q9NPJ6	Q9CQA5
Q9NPJ6	Q561Q8
Q9NPJ6	Q3SYZ9
P58417	P58417
P58417	Q61200
P58417	Q63366
P51504	P51504
Q54W16	Q54W16
Q9BGI2	Q9BGI2
Q9BGI2	O08807
Q9BGI2	Q13162
Q9BGI2	Q9Z0V5
Q9NQT5	Q9NQT5
Q9NQT5	Q3T0E1
Q9NQT5	Q7TQK4
Q96A44	Q96A44
Q96A44	Q9D5L7
Q96A44	Q8R5B6
Q96A44	Q96BD6
Q96A44	Q5E9X6
Q3A9L0	Q3A9L0
Q5M576	Q5M576
Q5M576	Q5M0P0
Q8N4S7	Q8N4S7
Q8N4S7	Q9JJE4
Q46857	Q46857
Q46857	Q8ZM06
Q46857	Q8XBT6
F6S3G9	F6S3G9
F6S3G9	Q8CHM1
F6S3G9	Q8BHH1
F6S3G9	Q8NBQ7
B1WAX6	B1WAX6
B1WAX6	Q4V7R0
D7A6E5	D7A6E5
Q98QQ1	Q98QQ1
Q9EPI2	Q9EPI2
Q9EPI2	Q9JJT2
O43741	O43741
O43741	Q6PAM0
O43741	Q9QZH4
P98053	P98053
P08723	P08723
B7KB74	B7KB74
B7KB74	B0JX00
B1XIL4	B1XIL4
B1XIL4	P72642
B1XIL4	B7KBV6
P94526	P94526
B8DRQ6	B8DRQ6
B1VZM4	B1VZM4
B7NLK0	B7NLK0
B7NLK0	Q57J69
B7NLK0	Q8FD18
B7NLK0	B5BGU8
B7NLK0	Q8X8F9
B7NLK0	B7MC45
B7NLK0	P15770
B7NLK0	Q8ZLN1
B7NLK0	A8AQH6
B7NLK0	B2U2P9
B7NLK0	Q0T020
B7NLK0	A7ZSH0
B7NLK0	B7N0S2
B7NLK0	B5FIX4
B7NLK0	Q31VZ5
B4F2T9	B4F2T9
B4F2T9	Q65TY2
B4F2T9	A5UF10
B4F2T9	B5R1Q4
B4F2T9	P58209
B4F2T9	A7ZVX9
B4F2T9	B7UI76
B4F2T9	Q6D0C7
B4F2T9	Q326J2
B4F2T9	A4TQE9
B4F2T9	Q32K66
B4F2T9	Q8Z9L9
B4F2T9	A6T4H8
B4F2T9	A7FMD2
B4F2T9	B4T6J1
B4F2T9	Q57TJ7
B4F2T9	A8G9M8
B4F2T9	B7MNN7
B4F2T9	B5Y210
B4F2T9	B5BL41
B4F2T9	P04036
B9KEN8	B9KEN8
B9KEN8	Q5HSB2
O49195	O49195
O49195	O82122
Q0AQH3	Q0AQH3
Q93VK0	Q93VK0
P03127	P03127
Q5T013	Q5T013
A4UYK8	A4UYK8
A4UYK8	Q2HZH0
A4UYK8	P41687
A4UYK8	Q28292
B3EDF1	B3EDF1
B3EDF1	B4SAH9
B3EDF1	Q3AS53
Q9FKD5	Q9FKD5
Q5PP70	Q5PP70
P07518	P07518
A8H756	A8H756
A8H756	A9L0Q8
A8H756	A1S8K1
A8H756	A1RGQ6
A8H756	B1KRS8
A8H756	Q12QJ4
A8H756	Q086I8
A8H756	B0TQB8
A8H756	A0KTT2
Q0KF31	Q0KF31
Q0KF31	B2AGF6
Q0KF31	A1KWF0
Q0KF31	A9M072
Q0KF31	A1TRP8
Q9KVT3	Q9KVT3
Q9KVT3	A7N127
Q9KVT3	B5FCV8
P83351	P83351
Q9ZW22	Q9ZW22
Q9ZW22	Q8VWZ8
Q9ZW22	Q69L93
Q9ZW22	Q2QZ14
Q68671	Q68671
Q68671	Q68672
Q68671	F5HCH8
Q68671	Q68666
Q68671	Q68668
Q68671	Q68669
Q68671	Q68667
Q8L539	Q8L539
C0R5G4	C0R5G4
C0R5G4	Q5GSM9
C0R5G4	B3CPY6
Q9FUZ0	Q9FUZ0
Q9FUZ0	Q9FV53
Q8IY95	Q8IY95
Q8IY95	Q9CXT7
Q8IY95	Q5U1Y0
B1KD01	B1KD01
Q8D2T4	Q8D2T4
A4TLE6	A4TLE6
A4TLE6	B1LR41
A4TLE6	B7LF20
A4TLE6	C0PXK7
A4TLE6	B7N775
A4TLE6	B1JJ01
A4TLE6	Q31XE5
A4TLE6	Q46938
A4TLE6	Q0T121
A4TLE6	Q8Z3Z9
A4TLE6	Q3YY15
A4TLE6	B2T4U5
A4TLE6	B5FUC8
A4TLE6	B7LY99
A4TLE6	Q5PEP3
A4TLE6	B4TGS4
A4TLE6	Q8ZM98
A4TLE6	A7MPJ5
Q5B2G3	Q5B2G3
Q9FL78	Q9FL78
Q9FL78	Q9FL80
A9M2I7	A9M2I7
A9M2I7	B4RQE0
A9M2I7	A1KVM7
P50843	P50843
P50843	Q65E69
P11456	P11456
P11456	Q6AY20
P11456	P20645
P11456	P24668
P54904	P54904
Q8R4X1	Q8R4X1
Q8R4X1	Q8TDN7
A5URA8	A5URA8
Q7TNV1	Q7TNV1
Q7TNV1	Q71RH2
Q6DEF6	Q6DEF6
B8DCW3	B8DCW3
B8DCW3	Q71VR5
B8DCW3	Q8Y3I8
B8DCW3	Q926R2
D0B707	D0B707
P9WFY1	P9WFY1
Q9C056	Q9C056
A1JK62	A1JK62
A1JK62	Q1C665
A1JK62	Q57LX1
A1JK62	A9N461
A1JK62	Q5PCX1
A1JK62	P0C0T5
A1JK62	Q32DK9
A1JK62	B1LLT4
A1JK62	Q31YD0
A1JK62	A7ZPE4
A1JK62	Q8ZNB0
A1JK62	Q8XCQ5
A9CKY2	A9CKY2
F4ILF8	F4ILF8
P24504	P24504
P24504	P24289
P51674	P51674
P51674	P35802
P51674	Q812E9
Q5AHZ2	Q5AHZ2
P32800	P32800
B2VGP6	B2VGP6
B2VGP6	Q6D0E0
B2VGP6	A1JJF4
B2VGP6	B7L4H4
B2VGP6	B5BL27
B2VGP6	A7MIA7
B2VGP6	P06992
B2VGP6	Q1RGE6
B2VGP6	B1JKY3
B2VGP6	B4T6L6
B2VGP6	B4TWT6
B2VGP6	B6HZ32
B2VGP6	A8ALP9
B2VGP6	A9QZZ0
B2VGP6	B5Y1Z4
P43489	P43489
Q92837	Q92837
Q92837	O75474
Q92837	P70339
Q92837	Q8K025
A7NG78	A7NG78
A7NG78	A5URA7
P48846	P48846
P48846	P33665
Q5B3I9	Q5B3I9
Q5B3I9	Q4IR08
Q96EY5	Q96EY5
Q96EY5	Q3T0N1
Q96EY5	Q78HU3
Q96EY5	Q6P777
Q21VL4	Q21VL4
O14595	O14595
O14595	Q8BX07
Q478U6	Q478U6
Q7VPN0	Q7VPN0
Q7VPN0	A5UHQ4
Q89ZI8	Q89ZI8
Q28385	Q28385
Q28385	Q865X7
Q28385	O46613
Q28385	P18430
Q28385	O46612
Q28385	P04822
Q28385	P08831
Q28385	P79161
Q28385	Q3HWU1
Q28385	Q28579
P12342	P12342
P12342	P26898
Q9S7F3	Q9S7F3
Q9K6A7	Q9K6A7
P31263	P31263
O34403	O34403
O34403	Q65G93
C4L470	C4L470
B8E257	B8E257
Q9KD93	Q9KD93
Q5RDG8	Q5RDG8
Q5RDG8	O95760
A4WV81	A4WV81
Q9BQ83	Q9BQ83
Q9BQ83	Q5PQP5
Q9BQ83	Q32PI0
Q9BQ83	Q8BX32
Q9DCX1	Q9DCX1
Q9DCX1	Q15013
P53812	P53812
P53812	Q2HJ54
P53812	P48738
P53812	P53811
P53812	Q00169
P53812	P48739
P53812	Q9TR36
P53812	P53810
P53812	P16446
Q0C6A6	Q0C6A6
Q3KLS0	Q3KLS0
A6UNQ4	A6UNQ4
A6UNQ4	A4FXV6
Q0JQF7	Q0JQF7
Q8GWZ6	Q8GWZ6
P40072	P40072
Q9X288	Q9X288
B4EBB9	B4EBB9
B4EBB9	Q1BTM9
B4EBB9	B1JYK1
B4EBB9	A4JHT1
B4EBB9	B1YWG4
B4EBB9	Q0BBX9
B4EBB9	A2S8K4
B4EBB9	Q3JW01
A1ABS1	A1ABS1
A1ABS1	Q5PHB6
A1ABS1	Q0TH90
A1ABS1	B7NT37
A1ABS1	Q8XDZ9
A1ABS1	Q6D4H8
A1ABS1	B5F7I4
A1ABS1	A4W9K3
A1ABS1	Q32G79
A1ABS1	B5QWI3
A1ABS1	Q83RG5
A1ABS1	P18843
A1ABS1	B7USC1
A1ABS1	B7N576
A1ABS1	A9N269
Q0SS07	Q0SS07
Q0SS07	Q8XJE3
P26902	P26902
P11989	P11989
Q24XW2	Q24XW2
P38336	P38336
Q3MQ06	Q3MQ06
Q3MQ06	Q9H1Y0
Q3MQ06	Q3MQ24
Q3MQ06	Q99J83
Q3MQ06	Q5R792
Q3MQ06	Q3MQ04
A4TSD4	A4TSD4
A4TSD4	O54326
A4TSD4	C6DIB8
A4TSD4	P05523
A4TSD4	Q8FC87
A4TSD4	A9MVN0
A4TSD4	B5YWD3
A4TSD4	B7NPE1
A4TSD4	Q8ZJP0
A4TSD4	B5EXE0
A4TSD4	B5XTG8
A4TSD4	A4W514
A4TSD4	B5FM59
A4TSD4	Q6DAV4
A4TSD4	Q7MY36
A4TSD4	C5B9D8
A4TSD4	C0Q1W8
A4TSD4	B5RGF2
A4TSD4	B4F0X6
A4TSD4	Q9X981
Q8LAI1	Q8LAI1
Q8U8D6	Q8U8D6
P49638	P49638
P49638	P41034
P49638	Q8BWP5
Q5KWC3	Q5KWC3
P25026	P25026
P25026	P49323
P0A1V8	P0A1V8
P0A1V8	O84955
P0A1V8	Q51574
P0A1V8	Q51429
Q8DEI1	Q8DEI1
P0DTI4	P0DTI4
P0DTI4	Q6XPU4
P0DTI4	A0A0B4J1G0
O95096	O95096
O95096	P42586
O95096	Q90481
Q2FVF0	Q2FVF0
Q2FVF0	A0A0H3JXA3
Q2KHU3	Q2KHU3
Q2KHU3	Q96B26
Q2KHU3	Q9D753
P34730	P34730
P34730	P29311
P34730	P48348
P34730	P48349
P34730	P42645
P34730	Q6ZKC0
P34730	P42644
P34730	Q01525
P34730	Q06967
P34730	Q96300
P34730	P46077
P34730	P42643
P34730	Q7XTE8
P34730	Q9C5W6
P34730	P48347
P34730	Q9S9Z8
P34730	Q96299
P34730	P92177
P34730	P54632
P34730	P42656
P34730	P62258
P34730	O42766
P34730	P42657
P47741	P47741
P47741	P15725
Q71YB3	Q71YB3
Q71YB3	B8DC24
Q71YB3	A0AK07
A3KNS2	A3KNS2
P51025	P51025
Q8ZGU5	Q8ZGU5
C3K5H2	C3K5H2
C3K5H2	B7UWN0
C3K5H2	A5W6E6
C3K5H2	Q884I1
C3K5H2	B0KH99
C3K5H2	B1J615
C3K5H2	Q48KI2
C3K5H2	Q4KF97
C3K5H2	Q1I7F9
C3K5H2	C1DRN1
A2VDN0	A2VDN0
A2VDN0	Q9NQX7
A2VDN0	Q91VK4
A2VDN0	Q5PQL7
A2VDN0	Q5NVC3
P25873	P25873
B0KN79	B0KN79
B0KN79	Q4K4A5
B0KN79	Q48CK1
B0KN79	Q88CQ5
B0KN79	Q9L7T2
O15194	O15194
O15194	Q9PTJ6
O15194	P58465
A2Q8K8	A2Q8K8
Q3JFK2	Q3JFK2
Q3JFK2	Q63LV9
Q3JFK2	A3P4L6
Q3JFK2	Q397Y5
Q8CP09	Q8CP09
Q8CP09	Q6G8X2
Q8CP09	A8Z4D5
Q8CP09	A7X302
Q8CP09	Q5HNV1
Q8CP09	Q2YT32
Q01730	Q01730
Q01730	Q15404
Q88ER1	Q88ER1
Q5LC56	Q5LC56
Q5LC56	Q8AA41
Q59ZX3	Q59ZX3
Q9XW88	Q9XW88
C3K2P6	C3K2P6
C3K2P6	A6V082
C3K2P6	Q1IFI3
C3K2P6	Q3K675
C3K2P6	B1J153
C3K2P6	Q4K5E1
C3K2P6	C1DNK9
A8FU90	A8FU90
A8FU90	B0TK55
A8FU90	A1S5V3
A8FU90	A1RIQ6
A8FU90	A9L564
A8FU90	Q12PA8
O22779	O22779
Q4L7I0	Q4L7I0
Q4L7I0	Q5HN60
Q4L7I0	A5IU40
Q4L7I0	Q93Q23
P28320	P28320
Q1RGT8	Q1RGT8
Q1RGT8	Q4UN94
Q1RGT8	Q92JH7
Q5FVJ3	Q5FVJ3
Q5FVJ3	Q8NBV4
Q5FVJ3	Q91WB2
Q9QZH7	Q9QZH7
O09172	O09172
O09172	P48508
O09172	P48507
O09172	Q2T9Y6
Q9LYV6	Q9LYV6
P02870	P02870
P02870	P02867
O81006	O81006
A0A0H3G4K1	A0A0H3G4K1
Q8DMY2	Q8DMY2
A6LSN4	A6LSN4
P31096	P31096
P31096	Q9XSY9
P31096	P31098
P75948	P75948
Q9XYM0	Q9XYM0
P42057	P42057
P42057	Q7F4F8
Q8NVH3	Q8NVH3
Q8NVH3	P66915
Q0UTF0	Q0UTF0
C5DZY8	C5DZY8
Q13V13	Q13V13
Q13V13	A1V1I5
Q13V13	Q39IU8
Q13V13	A0K593
Q13V13	Q0BHM0
P15308	P15308
Q9K855	Q9K855
B9E6R6	B9E6R6
Q9H008	Q9H008
Q9H008	Q9D7I5
Q9H008	Q5I0D5
Q9H008	Q0VD18
Q6B3N0	Q6B3N0
Q6B3N0	P20719
Q6B3N0	P09021
Q47FA8	Q47FA8
Q66WT5	Q66WT5
Q66WT5	O82741
Q8TT96	Q8TT96
Q8TT96	Q0W358
Q2YDF1	Q2YDF1
Q2YDF1	Q9Z120
Q2YDF1	Q9UBP6
Q2YDF1	Q6NU94
Q2YDF1	A9UMM1
Q2YDF1	Q5XJ57
Q2YDF1	Q28H76
Q59212	Q59212
Q59212	O30394
Q59212	O30397
Q59212	P0CI79
Q59212	P07606
Q59212	Q9ANR7
Q9SG92	Q9SG92
C5CYZ1	C5CYZ1
A2SQJ8	A2SQJ8
P44948	P44948
P44948	P57910
P44948	A5UI87
P44948	Q65R59
P44948	B0UUX0
P44948	Q0I0X6
A5WAK1	A5WAK1
F4HVZ5	F4HVZ5
Q92377	Q92377
Q6SWB9	Q6SWB9
Q6JIY4	Q6JIY4
B2AGY8	B2AGY8
B2AGY8	Q1LRI7
B4FNX4	B4FNX4
Q48JI5	Q48JI5
Q48JI5	Q4ZS30
Q48JI5	Q3K9J0
Q48JI5	Q4KC13
Q48JI5	A6V6L2
Q48JI5	A4VLM0
Q48JI5	B0KUY1
Q8E8D9	Q8E8D9
Q8E8D9	B8CVD1
Q8E8D9	B1KL38
Q8E8D9	A0L2N2
Q8E8D9	A6WUE9
Q8E8D9	B8EDQ9
Q5N9J9	Q5N9J9
Q20YA7	Q20YA7
Q20YA7	Q07I91
Q20YA7	Q1QIJ6
Q9ZSY8	Q9ZSY8
Q7DNC3	Q7DNC3
P08695	P08695
P08695	P47228
Q50KZ9	Q50KZ9
P51074	P51074
P49814	P49814
A5U7L9	A5U7L9
A5U7L9	A1KNJ7
P16061	P16061
P30519	P30519
P30519	P43242
P30519	P23711
P30519	O70252
C0Z6Q2	C0Z6Q2
A5D2K7	A5D2K7
P83774	P83774
Q9C9X3	Q9C9X3
B0CC88	B0CC88
Q57705	Q57705
Q4SK88	Q4SK88
Q99KP3	Q99KP3
Q99KP3	P14755
Q99KP3	Q5RDZ2
Q99KP3	Q811X6
Q99KP3	Q9Y2S2
P18187	P18187
B7HMD0	B7HMD0
B7HMD0	Q819N0
B7HMD0	Q635Y0
B7HMD0	Q732C1
Q6ATG6	Q6ATG6
P44694	P44694
Q6IZB5	Q6IZB5
Q6IZB5	Q9H2D1
Q6IZB5	Q8BMG8
Q59Z14	Q59Z14
Q6DHQ3	Q6DHQ3
Q801E0	Q801E0
Q5EAX2	Q5EAX2
Q5EAX2	Q5RBH4
Q5EAX2	Q13829
Q5EAX2	Q28DC9
Q5EAX2	Q5F3E8
Q5EAX2	O70479
Q5EAX2	Q7TNY1
Q5EAX2	Q922M3
Q5EAX2	Q9H3F6
Q5EAX2	Q7TPL3
Q5R9E0	Q5R9E0
Q5R9E0	B1PK17
Q5R9E0	P45381
Q5R9E0	Q8R3P0
Q5R9E0	Q9R1T5
Q5R9E0	P46446
Q67ES0	Q67ES0
Q67ES0	Q7TQA4
O42406	O42406
O42406	O95475
O42406	Q9QZ28
O42406	O93307
Q7Z614	Q7Z614
Q7Z614	Q9D2Y5
Q7Z614	Q2T9W1
Q7Z614	Q5BK61
O54909	O54909
O54909	P55006
O54909	O75452
O54909	O88451
A8E7G5	A8E7G5
Q6GK35	Q6GK35
Q6GK35	O33599
C5FFE1	C5FFE1
P46668	P46668
P46668	Q940J1
Q8NH74	Q8NH74
Q8NH74	P58181
Q06107	Q06107
C5BW20	C5BW20
P46539	P46539
P46539	A7GRK9
P46539	B9IVW1
P46539	B7H6M0
P46539	A7Z4H4
P46539	B7GFA1
P46539	B8DDR9
Q8KQK1	Q8KQK1
Q27546	Q27546
Q27546	P83851
P27644	P27644
Q07551	Q07551
Q9D9Z1	Q9D9Z1
Q9D9Z1	Q6AXN6
P52579	P52579
P52579	B6VRE6
P52579	B7UEU8
B8GSU8	B8GSU8
B8GSU8	Q2SQ70
P59655	P59655
P59655	P05382
A7MQJ1	A7MQJ1
A7MQJ1	A6VL87
A7MQJ1	Q7MYN1
A7MQJ1	A6WTG0
A7MQJ1	Q7MQC7
A7MQJ1	A7MXU9
A7MQJ1	A9L5G0
A7MQJ1	B2VG55
A7MQJ1	A4TRA8
A7MQJ1	B7N295
A7MQJ1	B6EPK1
A7MQJ1	Q83PH4
A7MQJ1	B1JPE6
A7MQJ1	A9MJ10
A7MQJ1	Q59684
A7MQJ1	C0Q3B3
A7MQJ1	Q8XAP3
A7MQJ1	A9R8K0
A7MQJ1	B8E879
A7MQJ1	P06983
A7MQJ1	A0KS60
A7MQJ1	B0TJ54
Q7Z5J1	Q7Z5J1
Q7Z5J1	Q6Q7D2
Q7Z5J1	Q6Q7D1
P9WP55	P9WP55
P9WP55	O32978
Q1QZV1	Q1QZV1
Q8NGJ5	Q8NGJ5
Q96HP4	Q96HP4
A5I365	A5I365
A5I365	C3KXJ8
A5I365	B1IN35
A5I365	A7GEQ5
P21699	P21699
Q71KU9	Q71KU9
Q71KU9	Q3SZZ7
Q71KU9	Q5M8C6
Q71KU9	P86239
Q71KU9	Q08830
Q7VI15	Q7VI15
Q6NH13	Q6NH13
Q6NH13	A4QEI7
Q6NH13	Q8NQ38
Q6NH13	Q4JVG8
Q8NGY5	Q8NGY5
P31135	P31135
Q8AXV6	Q8AXV6
Q8NGN6	Q8NGN6
Q8NGN6	Q8NGN4
Q8NGN6	Q8NGN5
Q8NGN6	Q8NGN3
Q9UNE2	Q9UNE2
Q9UNE2	Q58D79
Q9UNE2	Q768S4
Q9UNE2	O54880
Q5NUF3	Q5NUF3
Q55DQ4	Q55DQ4
B3EPK0	B3EPK0
B3EPK0	B4S922
B3EPK0	B4SFI2
B3EPK0	Q3B2Z5
B3EPK0	B3EIN1
B3EPK0	P28464
A6NM03	A6NM03
Q8NGM8	Q8NGM8
Q9GPS6	Q9GPS6
Q6GL89	Q6GL89
Q6GL89	Q5ZLX2
Q6GL89	Q5R493
Q6GL89	P68102
Q6GL89	P05198
Q6GL89	Q7ZTK4
Q8RXD3	Q8RXD3
Q5U2Q3	Q5U2Q3
Q5U2Q3	Q2HJH3
Q5U2Q3	Q91V76
Q5U2Q3	Q9H0W9
Q21929	Q21929
Q6CG57	Q6CG57
Q6CG57	Q5A4Q1
Q1MLL4	Q1MLL4
P52941	P52941
Q9V5C6	Q9V5C6
Q9VS38	Q9VS38
O30298	O30298
Q08457	Q08457
P40805	P40805
P0DXF5	P0DXF5
Q9D7S0	Q9D7S0
A0A5J6BJT0	A0A5J6BJT0
Q7MA63	Q7MA63
Q6WVP7	Q6WVP7
P36186	P36186
P36186	P36187
F9X365	F9X365
Q2K7V6	Q2K7V6
O28471	O28471
Q2NDM8	Q2NDM8
P25894	P25894
Q4G0S7	Q4G0S7
Q47S51	Q47S51
Q0AP84	Q0AP84
Q9NW97	Q9NW97
Q8U4I9	Q8U4I9
B4RC42	B4RC42
Q3ICC5	Q3ICC5
Q92RN6	Q92RN6
A1KSW0	A1KSW0
O69690	O69690
P53315	P53315
Q8NMD4	Q8NMD4
Q8NMD4	A4QH44
Q59601	Q59601
Q9XFD1	Q9XFD1
Q9XFD1	Q84L14
Q2M2E3	Q2M2E3
Q9Z869	Q9Z869
A5IAR4	A5IAR4
Q2WB09	Q2WB09
C0ZJF8	C0ZJF8
P19256	P19256
A6NIH7	A6NIH7
A6NIH7	Q8C4B4
A6NIH7	Q90Z08
Q493H8	Q493H8
Q20351	Q20351
A7WXH2	A7WXH2
Q49176	Q49176
P68729	P68729
P68729	A8FBW1
P68729	Q65LE8
Q05777	Q05777
B8JH75	B8JH75
Q59UP6	Q59UP6
Q59UP6	Q59UT4
P07584	P07584
A2T6X6	A2T6X6
A2T6X6	P09016
A2T6X6	P17278
A2T6X6	P10628
P46435	P46435
O86309	O86309
P77704	P77704
Q4WYU4	Q4WYU4
Q4WYU4	A1CLD2
Q4WYU4	Q2U3T8
Q80WM9	Q80WM9
A8MK93	A8MK93
B0VZS1	B0VZS1
B0VZS1	Q7QJV0
B0VZS1	B3MYX2
B0VZS1	Q9W4X7
B0VZS1	B4L710
B0VZS1	B4NTY9
B0R5P8	B0R5P8
B0R5P8	Q3INP4
P76329	P76329
A0QQF4	A0QQF4
Q8XJQ0	Q8XJQ0
Q7W3E7	Q7W3E7
Q03219	Q03219
P31712	P31712
P57035	P57035
Q8K3K7	Q8K3K7
Q8K3K7	O15120
Q14773	Q14773
D2Z025	D2Z025
A6W7V0	A6W7V0
A5FR68	A5FR68
F8GV06	F8GV06
F8GV06	B9JK75
O24990	O24990
Q8K3W2	Q8K3W2
O13453	O13453
Q6FRZ6	Q6FRZ6
Q8N2U9	Q8N2U9
Q8N2U9	Q5M880
Q8N2U9	Q80XM9
Q9LZW2	Q9LZW2
Q58DM4	Q58DM4
Q58DM4	Q6P6J4
Q58DM4	Q6NS38
Q5VXT5	Q5VXT5
Q5VXT5	O89104
P37449	P37449
P37449	B1VB63
Q53U10	Q53U10
B8FY38	B8FY38
I6WXK4	I6WXK4
B5YJ55	B5YJ55
Q6ML45	Q6ML45
P52391	P52391
P52391	P18644
Q9FUZ2	Q9FUZ2
P18846	P18846
P18846	P81269
P18846	Q08DA8
Q9P7C5	Q9P7C5
Q21XE6	Q21XE6
Q21XE6	A1TNT7
Q21XE6	C5CTM8
Q21XE6	B9MFI6
P84138	P84138
A0JWY6	A0JWY6
A0JWY6	B8H8L6
A1L2Q8	A1L2Q8
P24200	P24200
Q1R0I9	Q1R0I9
P57793	P57793
Q8IXM7	Q8IXM7
O29544	O29544
A1SJZ1	A1SJZ1
Q04507	Q04507
B0S5D5	B0S5D5
Q7XZP5	Q7XZP5
P94507	P94507
C0JB40	C0JB40
Q39056	Q39056
Q966L8	Q966L8
A8L893	A8L893
Q6TMA3	Q6TMA3
P84308	P84308
P00551	P00551
P00551	Q03447
P03607	P03607
P16528	P16528
Q6K498	Q6K498
Q6K498	Q6Z248
P0DO50	P0DO50
A7AZH2	A7AZH2
Q90470	Q90470
P42872	P42872
P0DX22	P0DX22
P22798	P22798
Q21U56	Q21U56
Q21U56	A1VQZ6
Q21U56	A4SVT7
Q21U56	A6WGF9
Q21U56	A1R8Y7
Q21U56	Q0K889
P13598	P13598
Q8NP73	Q8NP73
Q12359	Q12359
A3CS46	A3CS46
Q03RW0	Q03RW0
Q96KN8	Q96KN8
Q59E04	Q59E04
Q54VA8	Q54VA8
Q8ERL9	Q8ERL9
Q5MNY4	Q5MNY4
Q5MNY4	Q38IC8
Q5MNY4	P01589
B1XJI2	B1XJI2
Q9ZQH2	Q9ZQH2
Q8GZ79	Q8GZ79
Q8AWG6	Q8AWG6
Q8AWG6	O13023
Q8AWG6	Q9IAV3
Q8AWG6	P43120
Q8AWG6	Q03014
Q8HTL2	Q8HTL2
Q9SVX5	Q9SVX5
A8MFE2	A8MFE2
Q83WC3	Q83WC3
Q8TB68	Q8TB68
Q8TB68	P0C6T3
Q8TB68	Q3V0I2
Q9BQ51	Q9BQ51
A6LSD1	A6LSD1
A1AWJ5	A1AWJ5
Q4D9P2	Q4D9P2
Q9PWL7	Q9PWL7
A6T273	A6T273
Q9X3X1	Q9X3X1
Q0DBL6	Q0DBL6
Q5LKH2	Q5LKH2
P65320	P65320
C0JB09	C0JB09
A9GBI6	A9GBI6
Q8BIX3	Q8BIX3
Q8BIX3	Q8N8R7
A1AZ43	A1AZ43
Q8NFK1	Q8NFK1
Q8NFK1	A3KN25
Q4WM52	Q4WM52
B2I6I8	B2I6I8
Q6G5H3	Q6G5H3
Q40987	Q40987
A6NJW4	A6NJW4
A6Q5K0	A6Q5K0
Q8S8Q6	Q8S8Q6
Q86197	Q86197
P13021	P13021
Q72J02	Q72J02
Q9PTH3	Q9PTH3
Q8L9A0	Q8L9A0
B1H0E3	B1H0E3
Q8LA53	Q8LA53
Q6CEE9	Q6CEE9
A6LP88	A6LP88
P02641	P02641
P02641	P09739
P02641	P45378
P02641	P12620
P02641	Q75NG9
P02641	Q9QZ47
P02641	Q8MKI3
C1D4X7	C1D4X7
Q9ZTA9	Q9ZTA9
Q5XFR0	Q5XFR0
Q5XFR0	B0BNE4
Q90257	Q90257
Q96DN0	Q96DN0
Q96DN0	Q32L47
P24156	P24156
P24156	P84173
P24156	P67778
P24156	P35232
D5AQD5	D5AQD5
Q88RX1	Q88RX1
A5N219	A5N219
Q57UP7	Q57UP7
Q9H2A3	Q9H2A3
Q9H2A3	P70447
Q9SK33	Q9SK33
P38172	P38172
F4J220	F4J220
O65665	O65665
A1W4G6	A1W4G6
Q83HW8	Q83HW8
Q8YQD7	Q8YQD7
P23974	P23974
P0ACN4	P0ACN4
P0AC11	P0AC11
Q82TQ3	Q82TQ3
Q82TQ3	Q0AGY8
A7TFP8	A7TFP8
O49586	O49586
Q603L1	Q603L1
A7NRF8	A7NRF8
B2TQ14	B2TQ14
P74921	P74921
A3KNX5	A3KNX5
Q2KXN2	Q2KXN2
Q9FKP8	Q9FKP8
Q01501	Q01501
Q07G34	Q07G34
Q07G34	P70041
Q3B8E3	Q3B8E3
Q58289	Q58289
P76241	P76241
Q5LVC2	Q5LVC2
Q7NXJ0	Q7NXJ0
C0JB54	C0JB54
C0JB54	C0JB53
C0JB54	C0JB52
O14006	O14006
O14088	O14088
D7GXG3	D7GXG3
Q9LTA2	Q9LTA2
Q8IE47	Q8IE47
O34860	O34860
H7FWB6	H7FWB6
P64153	P64153
C0Z7Z0	C0Z7Z0
P0DXI6	P0DXI6
P0DXI6	Q10J20
P0DXI6	Q9SZU7
Q7XUJ5	Q7XUJ5
A7I0N0	A7I0N0
A7I0N0	A7ZCD0
A7I0N0	A7GXB5
Q10193	Q10193
P17041	P17041
P17041	Q80V23
Q9Y5M8	Q9Y5M8
Q9Y5M8	P47758
Q9Y5M8	Q4FZX7
A0R006	A0R006
A0R006	P9WMU1
Q9SI56	Q9SI56
Q03XM8	Q03XM8
P06030	P06030
A9B0X2	A9B0X2
Q6NKQ9	Q6NKQ9
Q06109	Q06109
P04877	P04877
Q9SMP1	Q9SMP1
Q8U194	Q8U194
Q47539	Q47539
A0B6C1	A0B6C1
P59248	P59248
P28635	P28635
Q8EPJ4	Q8EPJ4
A6Q349	A6Q349
Q91VN4	Q91VN4
Q91VN4	D4A7N1
A5G7Q9	A5G7Q9
Q97B93	Q97B93
Q4L884	Q4L884
P0AC23	P0AC23
P37671	P37671
Q7XR47	Q7XR47
A4SEG3	A4SEG3
B1NNT7	B1NNT7
B1KSP3	B1KSP3
B1KSP3	A5HY17
Q884N3	Q884N3
P40003	P40003
Q6G079	Q6G079
Q6G079	Q6G456
Q6G079	A9IRN9
Q6G079	A1US39
Q83HM5	Q83HM5
Q83HM5	Q83MZ9
Q91YY4	Q91YY4
Q91YY4	Q8N5M1
Q2FXF4	Q2FXF4
Q21XW4	Q21XW4
Q79PF6	Q79PF6
Q9UKY3	Q9UKY3
B2GFD7	B2GFD7
B2GFD7	B2G5J0
Q6AXU8	Q6AXU8
Q6AXU8	Q8TCB7
Q6AXU8	Q8BVH9
A5N5W0	A5N5W0
A5N5W0	C3L035
A5N5W0	A7FR60
A5N5W0	A0PXQ3
Q54944	Q54944
Q8CK28	Q8CK28
Q8CK28	Q827L7
Q7W4Z7	Q7W4Z7
Q04299	Q04299
A5V1H2	A5V1H2
Q39WH4	Q39WH4
Q39WH4	A1AL91
P00807	P00807
Q3JYF5	Q3JYF5
Q3JYF5	Q5M244
Q3JYF5	P0CZ26
Q3JYF5	Q48QM3
B9ME49	B9ME49
B9ME49	A1W4G3
Q38910	Q38910
Q38910	Q38907
Q38910	Q38857
Q38910	P24806
K7W9N9	K7W9N9
Q09673	Q09673
Q58761	Q58761
G5EFY4	G5EFY4
Q8CX59	Q8CX59
O05403	O05403
Q93WV4	Q93WV4
A4QFD9	A4QFD9
A4QFD9	Q8NNV7
A4QFD9	Q8FP17
O07565	O07565
C0QAP3	C0QAP3
B2A499	B2A499
O26344	O26344
Q9U4H5	Q9U4H5
P52842	P52842
P52842	Q06520
Q8D340	Q8D340
Q6B8Z0	Q6B8Z0
P47148	P47148
B3CSN9	B3CSN9
Q5PQ53	Q5PQ53
Q9R059	Q9R059
Q9R059	Q3ZBI6
Q9R059	Q13643
P24021	P24021
P41312	P41312
P41312	P00416
P41312	P41295
P41312	O47700
P41312	P55777
P41312	O48374
P41312	O21619
P41312	O03201
P41312	O47702
P41312	Q2I3F5
P41312	P92481
P41312	O47697
P41312	Q1HK97
P41312	P00415
P41312	P68299
P41312	Q8SEW8
P41312	Q35539
P41312	P69218
P41312	Q36455
P41312	P48172
P41312	P05505
P41312	O47688
P41312	P68088
P41312	P18945
P41312	O03170
P41312	O47709
P41312	O21331
P41312	O21403
P41312	Q96133
P41312	O79433
P41312	P00414
P41312	O47705
P41312	O63915
P41312	Q9MIY4
P41312	Q35916
P41312	O47693
P41312	Q9T9V9
Q9BR01	Q9BR01
Q9BR01	P63046
Q604M5	Q604M5
Q604M5	Q5X5Y5
Q604M5	Q5WXA7
Q604M5	A9KDH6
Q604M5	Q83B43
Q604M5	B2SDK5
B0D7T0	B0D7T0
A0A3G9JYJ6	A0A3G9JYJ6
Q4KLT0	Q4KLT0
Q06834	Q06834
P07123	P07123
B3NB67	B3NB67
B3NB67	A1Z6K7
Q7LYX0	Q7LYX0
A6W2I4	A6W2I4
B1VG60	B1VG60
P0C7P4	P0C7P4
P0C7P4	P47985
P0C7P4	Q69BJ6
P0C7P4	Q69BK0
P0C7P4	P20788
P0C7P4	Q69BK5
P0C7P4	Q69BK4
P0C7P4	Q69BK3
P0C7P4	Q9CR68
P0C7P4	P13272
P0C7P4	Q69BK2
P0C7P4	Q5ZLR5
O93526	O93526
Q7U482	Q7U482
Q7U482	Q3AH68
Q7U482	A5GQQ0
P28233	P28233
P28233	Q6S5G4
B7IDS7	B7IDS7
B5YG57	B5YG57
Q1GLQ6	Q1GLQ6
Q1GLQ6	Q3J5N1
Q74E52	Q74E52
Q8GYP5	Q8GYP5
Q9QUK3	Q9QUK3
Q9QUK3	Q6AYM9
Q9QUK3	Q9UBY8
C1A482	C1A482
Q9DDU1	Q9DDU1
Q67JB9	Q67JB9
Q5B912	Q5B912
Q5B912	P00817
Q9RX22	Q9RX22
B1L6Z7	B1L6Z7
Q81RQ4	Q81RQ4
Q96AQ9	Q96AQ9
Q4FLP6	Q4FLP6
P37551	P37551
Q8Y653	Q8Y653
P32912	P32912
A0L5M9	A0L5M9
Q5WYJ0	Q5WYJ0
Q187T5	Q187T5
Q8NGZ5	Q8NGZ5
P49247	P49247
P49247	Q3T186
P49247	P47968
P49247	A2TLM1
B8I769	B8I769
B5KRH5	B5KRH5
B5KRH5	B0LL23
B5KRH5	P93143
Q9X5G1	Q9X5G1
Q8ERL8	Q8ERL8
Q04013	Q04013
Q9X814	Q9X814
Q8K3P0	Q8K3P0
Q8K3P0	Q8NEX9
Q8K3P0	A4IFM3
Q4VBI7	Q4VBI7
Q7SAK9	Q7SAK9
Q94CK4	Q94CK4
Q28810	Q28810
Q96J88	Q96J88
Q8NGS0	Q8NGS0
Q2LR56	Q2LR56
Q6ZT89	Q6ZT89
Q6ZT89	Q8BW66
C1CYD9	C1CYD9
C1CYD9	Q1J288
A2R1P9	A2R1P9
A2R1P9	Q5AT14
F7D4X9	F7D4X9
P23573	P23573
Q04867	Q04867
A2BWR1	A2BWR1
Q9CA90	Q9CA90
Q9CA90	A5CAL1
O75486	O75486
Q8S0J7	Q8S0J7
Q8NGP2	Q8NGP2
Q8NGP2	Q8NGG0
Q8NGP2	Q8NGG1
P59014	P59014
Q9Y6I9	Q9Y6I9
Q9Y6I9	E9Q137
Q8NAV1	Q8NAV1
Q8NAV1	Q4FK66
Q60888	Q60888
Q1QS35	Q1QS35
Q1QS35	A5E8A2
Q1QS35	A8HQ90
Q1QS35	A7IFZ8
Q1QY27	Q1QY27
P12580	P12580
P57060	P57060
B4E9J1	B4E9J1
B4E9J1	Q62M99
B4E9J1	Q0BCE0
B4E9J1	A3N6H2
B4E9J1	B1YVH2
B4E9J1	Q1BU34
B4E9J1	Q1LK00
B4E9J1	Q4KIP3
B4E9J1	Q8Y1D2
B4E9J1	Q0K7X7
B4E9J1	Q126P7
B4E9J1	Q7WHE8
P31574	P31574
A3KFF6	A3KFF6
B1AJ89	B1AJ89
Q8VYR2	Q8VYR2
Q9LSD5	Q9LSD5
B6E2X2	B6E2X2
B6E2X2	Q3J5L6
P0C024	P0C024
C4LAP0	C4LAP0
P80372	P80372
Q8IQA2	Q8IQA2
Q5AD05	Q5AD05
Q8LKP9	Q8LKP9
Q4Q0V1	Q4Q0V1
Q8GED7	Q8GED7
Q2I0M5	Q2I0M5
Q2I0M5	Q8BJ73
Q1IPG4	Q1IPG4
C6E639	C6E639
B2RI48	B2RI48
Q65954	Q65954
Q65954	Q96686
Q9SND4	Q9SND4
Q6UX27	Q6UX27
O24915	O24915
O24915	Q9ZMY2
Q7SID3	Q7SID3
Q93WL3	Q93WL3
Q80YT9	Q80YT9
Q9LXM4	Q9LXM4
Q6C8V1	Q6C8V1
Q9C9Z8	Q9C9Z8
P9WPA9	P9WPA9
P9WPA9	Q49885
C4R1T9	C4R1T9
Q4WBI3	Q4WBI3
Q28UI8	Q28UI8
Q8XJN8	Q8XJN8
Q8XJN8	B2V4D6
Q8XJN8	A6LSM2
Q8PYU8	Q8PYU8
Q8PYU8	Q8TIF3
Q8PYU8	Q46G70
P0ABU9	P0ABU9
P60781	P60781
Q5AF03	Q5AF03
O80634	O80634
Q09463	Q09463
P0AD45	P0AD45
O06624	O06624
P28549	P28549
Q8UD97	Q8UD97
Q8UD97	B9JZ39
A2TK72	A2TK72
O33363	O33363
Q0C187	Q0C187
P9WKG9	P9WKG9
Q9XJ60	Q9XJ60
C0H4E4	C0H4E4
A9NBU5	A9NBU5
P58032	P58032
P9WGM9	P9WGM9
Q4VXA5	Q4VXA5
Q9XVS3	Q9XVS3
Q9XVS3	Q94417
Q9FE22	Q9FE22
Q8Z7D5	Q8Z7D5
Q8Z7D5	P37765
Q5L9Q6	Q5L9Q6
Q9C6F5	Q9C6F5
Q4K3F6	Q4K3F6
Q4K3F6	Q02DJ3
P14682	P14682
P14791	P14791
O84859	O84859
B2U7E0	B2U7E0
B2U7E0	Q0K7S4
B2U7E0	Q474P6
O66544	O66544
Q91VF2	Q91VF2
Q91VF2	Q01984
Q91VF2	Q58DV7
Q91VF2	Q9EST2
Q91VF2	P50135
P36618	P36618
Q8GUJ2	Q8GUJ2
Q9LPF0	Q9LPF0
Q52689	Q52689
Q52689	D5ARP7
Q7MBB8	Q7MBB8
A4SQX0	A4SQX0
B0SL58	B0SL58
Q9D902	Q9D902
Q9D902	P29084
O66479	O66479
Q6NGH4	Q6NGH4
Q9VPT8	Q9VPT8
P19437	P19437
Q8R184	Q8R184
Q8R184	Q9BQ89
Q99LS1	Q99LS1
Q99LS1	Q9H3L0
Q03574	Q03574
O28076	O28076
Q9R0B7	Q9R0B7
Q9R0B7	Q9UL40
Q9SHB5	Q9SHB5
L7WRR9	L7WRR9
Q07458	Q07458
A0A482NB13	A0A482NB13
P48961	P48961
P48961	P30281
P48961	Q3MHH5
P48961	P30282
Q12015	Q12015
P37548	P37548
Q08937	Q08937
A8MF40	A8MF40
Q5BEJ8	Q5BEJ8
B2HYI9	B2HYI9
Q3ZCH5	Q3ZCH5
Q5H913	Q5H913
Q6ZGU9	Q6ZGU9
Q6ZGU9	Q4PNY1
Q6ZGU9	Q40636
Q6ZGU9	Q0DHB7
Q6ZGU9	Q9FMA0
Q6ZGU9	O80622
Q6ZGU9	Q9LDR9
Q6ZGU9	Q9C554
Q6ZGU9	Q9M4X7
Q6ZGU9	Q10KN4
Q8B9Q8	Q8B9Q8
A0A0N7L7I9	A0A0N7L7I9
Q21JY6	Q21JY6
Q04368	Q04368
Q3U1C6	Q3U1C6
Q3U1C6	Q17R31
P31667	P31667
B1XKE8	B1XKE8
Q9NQ60	Q9NQ60
P0AA67	P0AA67
Q7SHI2	Q7SHI2
Q583R7	Q583R7
B8AXU2	B8AXU2
B8AXU2	Q60E61
P72828	P72828
P0AAM1	P0AAM1
A9C3N6	A9C3N6
Q6G082	Q6G082
Q6G082	A1US36
Q804S6	Q804S6
P40304	P40304
P79374	P79374
P0ACU5	P0ACU5
Q043A6	Q043A6
Q08963	Q08963
E2RU10	E2RU10
A9NC23	A9NC23
C4LIG1	C4LIG1
B1ICL5	B1ICL5
B1ICL5	Q97Q16
B1ICL5	Q04JT5
B1ICL5	A8AYK4
P25156	P25156
Q8K986	Q8K986
P06222	P06222
P06222	P62179
P36108	P36108
P04876	P04876
P04876	Q8B0I2
P69931	P69931
A2XDK5	A2XDK5
A2XDK5	Q10QF2
Q9BQ50	Q9BQ50
Q9BQ50	Q9R1A9
Q96JQ5	Q96JQ5
Q3UFF7	Q3UFF7
Q3UFF7	Q5VWZ2
Q5P9U8	Q5P9U8
Q14696	Q14696
Q14696	Q3T0U1
Q14696	Q5R6F1
Q14696	A1L243
O73797	O73797
P9WL45	P9WL45
Q8CVG4	Q8CVG4
Q8CVG4	P69856
P72781	P72781
P36939	P36939
P36939	P06804
P36939	P04924
P36939	P16599
P36939	P33620
P36939	P79337
P36939	P01375
P36939	O77510
P36939	Q9BEA1
P36939	P59695
P36939	Q19LH4
P36939	P48094
P36939	Q8WNR1
P36939	Q8MKG8
P36939	P51742
P36939	P13296
P36939	P23383
P36939	P29553
P36939	Q06599
P36939	Q1G1A2
P36939	O35734
P36939	Q8HZD9
P36939	P51435
P36939	P23563
P36939	P19101
P36939	P59694
P36939	Q75N23
P36939	P59693
P36939	Q1WM27
P36939	Q539C2
A8LJI8	A8LJI8
B0TT38	B0TT38
B0TT38	A0KWN3
B0TT38	Q0HV07
B0TT38	A4Y759
B0TT38	A3D499
Q8NHS0	Q8NHS0
Q8NHS0	Q9QYI7
A5VKP2	A5VKP2
Q6RFL5	Q6RFL5
Q6RFL5	Q3C1V8
Q6RFL5	Q810B3
Q883R9	Q883R9
Q5CC93	Q5CC93
Q5FNL1	Q5FNL1
Q00245	Q00245
Q12040	Q12040
A0LXW0	A0LXW0
B1LC41	B1LC41
B2I5X4	B2I5X4
P15934	P15934
P60844	P60844
Q8U336	Q8U336
Q8LDL0	Q8LDL0
Q9P7N1	Q9P7N1
Q06755	Q06755
Q8KU93	Q8KU93
A0A1U9YI21	A0A1U9YI21
P22731	P22731
P22731	P0A191
Q1WDN2	Q1WDN2
P15425	P15425
F4I8F9	F4I8F9
Q86A21	Q86A21
O34931	O34931
K1XVG1	K1XVG1
Q57142	Q57142
B1XXG3	B1XXG3
B1XXG3	A2SF90
Q12UJ8	Q12UJ8
Q9FKA0	Q9FKA0
Q5BAB7	Q5BAB7
A0KP08	A0KP08
P54897	P54897
Q05521	Q05521
P55905	P55905
Q9M391	Q9M391
J7FJH0	J7FJH0
F6X2V8	F6X2V8
Q72CQ9	Q72CQ9
Q05917	Q05917
Q21V77	Q21V77
Q9LVD0	Q9LVD0
Q9QXT1	Q9QXT1
Q9QXT1	Q9UN19
Q1QUI2	Q1QUI2
Q47IX6	Q47IX6
Q02242	Q02242
B8FJ17	B8FJ17
Q95ZE9	Q95ZE9
Q95ZE9	P92204
Q7UQ25	Q7UQ25
O12947	O12947
O12947	Q9WVM4
O12947	Q9EQK7
O12947	O60725
A6U5J9	A6U5J9
A6U5J9	Q28VJ6
A6U5J9	A4WNJ4
A6U5J9	A8LJS9
A6U5J9	Q16DM5
A6U5J9	Q3SN24
O31691	O31691
Q6MWW2	Q6MWW2
O36015	O36015
C5BN51	C5BN51
C5BN51	Q21LV6
B4SD14	B4SD14
P10906	P10906
P16688	P16688
Q6IPU0	Q6IPU0
P22227	P22227
A2SEX7	A2SEX7
A0KN01	A0KN01
A1AUV7	A1AUV7
Q6NMR8	Q6NMR8
Q8EWT2	Q8EWT2
Q42870	Q42870
A0A1L7NQ96	A0A1L7NQ96
O14813	O14813
O14813	Q62066
O14813	Q62782
P54374	P54374
A0A8F5XX49	A0A8F5XX49
Q54LT2	Q54LT2
B9DX96	B9DX96
Q1NEI7	Q1NEI7
P25914	P25914
Q10M74	Q10M74
Q9FIR0	Q9FIR0
Q9K4M4	Q9K4M4
Q6FLT3	Q6FLT3
Q2QZJ8	Q2QZJ8
C0LA90	C0LA90
Q5M948	Q5M948
Q32RZ1	Q32RZ1
Q32RZ1	Q8DKZ4
Q32RZ1	Q5N560
Q32RZ1	A9LYA5
Q32RZ1	B0Z4L3
Q32RZ1	B2LMJ7
Q32RZ1	A1E9S8
Q32RZ1	B1NWF4
Q32RZ1	P52766
Q32RZ1	Q68S02
Q32RZ1	A4QLB0
Q32RZ1	P26304
Q32RZ1	A4QK22
Q32RZ1	A9QC82
Q32RZ1	Q0ZJ16
Q32RZ1	A4QJB9
Q32RZ1	Q0G9L5
Q32RZ1	P06670
Q32RZ1	A4GYR4
Q32RZ1	P56756
Q32RZ1	O98679
Q32RZ1	B2XWK8
Q32RZ1	P0C343
Q32RZ1	A7Y3E1
Q32RZ1	Q8M9X9
Q32RZ1	Q31791
Q32RZ1	Q32RI3
Q7SYN4	Q7SYN4
Q757W2	Q757W2
P09143	P09143
O43247	O43247
B1YGP2	B1YGP2
P0DRJ4	P0DRJ4
C4Z900	C4Z900
B4EUD2	B4EUD2
C1DLP2	C1DLP2
P91285	P91285
Q21H90	Q21H90
D1FQ14	D1FQ14
P32854	P32854
P19076	P19076
P19076	P23106
Q20481	Q20481
Q20481	Q20480
O26957	O26957
B1VEE1	B1VEE1
Q9LR68	Q9LR68
Q9A8C5	Q9A8C5
Q10137	Q10137
P17585	P17585
Q1GBJ0	Q1GBJ0
P24152	P24152
P0AC13	P0AC13
A0L3M5	A0L3M5
A8LNK8	A8LNK8
Q54NK8	Q54NK8
Q9X1H5	Q9X1H5
Q9X1H5	B9K8C2
Q9X1H5	A5IMC0
O43030	O43030
P0ADI4	P0ADI4
Q93WD2	Q93WD2
Q5R7V4	Q5R7V4
Q5R7V4	Q9TT13
Q5R7V4	Q9Y277
Q5R7V4	Q60931
Q5R7V4	Q9R1Z0
Q5R7V4	Q29380
Q5R7V4	Q9MZ13
Q8LGU7	Q8LGU7
A7GCK7	A7GCK7
Q5V5D4	Q5V5D4
P9WEM6	P9WEM6
P9WEM6	A8PUY1
Q88WR8	Q88WR8
C1F658	C1F658
B7PBI5	B7PBI5
O04420	O04420
A0A3G2S8R6	A0A3G2S8R6
Q5U3W0	Q5U3W0
Q2YHT7	Q2YHT7
Q7M711	Q7M711
Q7M711	Q67ES1
Q7M800	Q7M800
D3Q4A8	D3Q4A8
P59121	P59121
P0ACQ4	P0ACQ4
Q8VD52	Q8VD52
Q8VD52	P60487
Q8VD52	Q3ZBF9
Q8VD52	Q96GD0
O34706	O34706
Q47N81	Q47N81
Q9K0C7	Q9K0C7
A9A906	A9A906
A9A906	A4G0R3
Q56WH4	Q56WH4
O14201	O14201
F4IGU3	F4IGU3
Q94AH1	Q94AH1
Q94AH1	F4K2U8
Q4ULA5	Q4ULA5
Q4ULA5	A8GXC8
Q18412	Q18412
Q0TRN3	Q0TRN3
Q0TRN3	B2TP76
A1RQK2	A1RQK2
A1RQK2	Q8ZYW7
A1RQK2	A3MWV7
Q54D08	Q54D08
B6J2P6	B6J2P6
C1CW54	C1CW54
Q9LU64	Q9LU64
Q9I2A0	Q9I2A0
A2RI75	A2RI75
Q3ANM5	Q3ANM5
Q8RGF2	Q8RGF2
A0JTZ0	A0JTZ0
A6NMU1	A6NMU1
P0C6J9	P0C6J9
P0C6J9	P0C6J8
P0C6J9	P0C6K0
P0C6J9	P0C6K1
P0C6J9	P0C6J7
P0C6J9	P0C6K3
P0C6J9	Q66406
P0C6J9	P13845
A8MTL3	A8MTL3
A8MTL3	Q5RBV9
A8MTL3	D3Z423
G1FC92	G1FC92
Q6NXT1	Q6NXT1
Q6NXT1	Q91WK7
Q6NXT1	Q1LZC5
Q6NXT1	Q566C8
P0AA53	P0AA53
A8LS60	A8LS60
Q10045	Q10045
P32585	P32585
Q93XM7	Q93XM7
Q6FQJ2	Q6FQJ2
O64592	O64592
Q8SS96	Q8SS96
Q8R5Z6	Q8R5Z6
Q31D25	Q31D25
Q2TA12	Q2TA12
Q2TA12	Q9D773
Q2TA12	Q5T653
P00960	P00960
Q9FXA3	Q9FXA3
Q8NGI7	Q8NGI7
P62053	P62053
Q0TU51	Q0TU51
O74824	O74824
P93014	P93014
Q8NL92	Q8NL92
A5UY57	A5UY57
B1MXU5	B1MXU5
J3S9D9	J3S9D9
A0RHR1	A0RHR1
A0RHR1	B7H6M5
A0RHR1	A9VTC9
A0RHR1	Q819S0
A0RHR1	B7IUP9
Q67ET0	Q67ET0
Q67ET0	Q9JKT3
Q6P6X9	Q6P6X9
Q9CRA0	Q9CRA0
O04311	O04311
O04311	O04312
Q8TIB8	Q8TIB8
Q67L43	Q67L43
Q9HAI6	Q9HAI6
Q9HAI6	Q9D3J9
Q9HAI6	Q32LD7
P48284	P48284
P48284	Q64444
Q9JJ48	Q9JJ48
Q9JJ48	Q8N5P1
Q96BJ3	Q96BJ3
Q96BJ3	Q8C4Q6
Q96BJ3	Q6PBN2
Q9XII1	Q9XII1
A4VFY4	A4VFY4
Q9JI92	Q9JI92
Q9JI92	O08992
Q9JI92	O00560
B2VEB1	B2VEB1
B2VEB1	Q8Z4L2
B2VEB1	Q8ZCP8
B2VEB1	B4TS04
B2VEB1	Q8ZN25
B2VEB1	A8GI17
B2VEB1	A7MGZ1
B2VEB1	B5RD39
B2VEB1	A4WDD1
B2VEB1	A9N1U1
Q5T7M4	Q5T7M4
Q49156	Q49156
Q8L9T5	Q8L9T5
Q029I5	Q029I5
P37269	P37269
Q9VYF8	Q9VYF8
Q9ZMS0	Q9ZMS0
P87119	P87119
P81376	P81376
Q97U28	Q97U28
Q97U28	O54288
Q9BRJ2	Q9BRJ2
Q01YA2	Q01YA2
Q6IMI6	Q6IMI6
O70579	O70579
O70579	O43808
Q04448	Q04448
Q57661	Q57661
A3QMD7	A3QMD7
Q05238	Q05238
Q7DLR9	Q7DLR9
B5Y7Q7	B5Y7Q7
Q7YRA3	Q7YRA3
Q7YRA3	Q921I9
Q7YRA3	Q9NPD3
Q7TTY8	Q7TTY8
A8MIW2	A8MIW2
P22143	P22143
Q9H8H3	Q9H8H3
Q8D2V8	Q8D2V8
O96155	O96155
Q8BX65	Q8BX65
Q8BX65	Q9P1T7
Q9TYK1	Q9TYK1
A7H1R4	A7H1R4
A7H1R4	A8FJZ8
A7H1R4	Q5HWX1
A7H1R4	A1VXS5
A7H1R4	B9KDT6
Q8NCL8	Q8NCL8
Q98AM3	Q98AM3
P47623	P47623
Q1NEI6	Q1NEI6
P0AAG3	P0AAG3
Q59PZ7	Q59PZ7
Q9SCM4	Q9SCM4
P20921	P20921
P20921	P0AC47
P63201	P63201
P53146	P53146
Q9HLX1	Q9HLX1
B4M4X4	B4M4X4
P50694	P50694
P29987	P29987
A0A0A7HF73	A0A0A7HF73
P54954	P54954
Q9VHD3	Q9VHD3
Q87EH1	Q87EH1
Q6DWK3	Q6DWK3
Q8GYH7	Q8GYH7
Q9BRU9	Q9BRU9
Q9BRU9	Q9CX11
P32642	P32642
Q4JUY7	Q4JUY7
P35189	P35189
Q6MEK1	Q6MEK1
Q07ZX3	Q07ZX3
A5D1H6	A5D1H6
Q9CQI4	Q9CQI4
Q76R05	Q76R05
Q76R05	Q85318
Q82TU0	Q82TU0
B2KEC4	B2KEC4
Q9SRM4	Q9SRM4
Q9SRM4	Q9FFF5
Q5AJ92	Q5AJ92
Q4WF54	Q4WF54
P34066	P34066
P34066	O23712
P34066	P52428
P24770	P24770
Q027L3	Q027L3
Q0VBU9	Q0VBU9
Q0VBU9	Q5VZY2
P13505	P13505
Q7NY09	Q7NY09
A7H6S7	A7H6S7
A7MBI7	A7MBI7
A7MBI7	O88587
A7MBI7	P21964
A7MBI7	Q5H879
A7MBI7	P22734
A4RF31	A4RF31
P61074	P61074
A4QAA5	A4QAA5
P26993	P26993
P23043	P23043
Q9P7S6	Q9P7S6
Q1WUN7	Q1WUN7
A0A0A2JAR6	A0A0A2JAR6
A0L9F4	A0L9F4
Q83AD4	Q83AD4
Q6AZ60	Q6AZ60
Q6AZ60	Q9QXT5
Q6AZ60	Q9UHF1
P0CAT6	P0CAT6
P0CAT6	Q0ASG3
A5F051	A5F051
Q6IP18	Q6IP18
Q6IP18	Q6DFS2
Q6IP18	A1L2H9
Q8A094	Q8A094
Q8A094	A6L7Q8
Q8A094	Q7MW43
Q8A094	B2RJ01
Q8A094	B2RZL5
Q8A094	Q64XP2
Q8A094	B7J183
Q8A094	Q0SP13
Q74GM3	Q74GM3
Q10M18	Q10M18
Q9KJ21	Q9KJ21
Q9L0D7	Q9L0D7
P17433	P17433
P17433	Q6BDS1
P17433	P17947
Q9SAA2	Q9SAA2
O13787	O13787
Q54CJ4	Q54CJ4
Q5U680	Q5U680
Q5U680	Q4V9P0
Q5U680	A6QR09
Q5U680	Q70HW3
B2UUG0	B2UUG0
C7C422	C7C422
Q9HPD9	Q9HPD9
Q54Z01	Q54Z01
O31726	O31726
B0BZZ8	B0BZZ8
B0BZZ8	B8HXG7
Q8TLP4	Q8TLP4
Q8TLP4	Q465F4
Q2QW53	Q2QW53
Q2QW53	A0A217EJJ0
Q2QW53	F6I457
Q57957	Q57957
A0A0H3JXA8	A0A0H3JXA8
Q1GB63	Q1GB63
P39005	P39005
Q2SQ64	Q2SQ64
P47153	P47153
Q54BC8	Q54BC8
B5E8N4	B5E8N4
B5E8N4	A1APG0
P0A8Y5	P0A8Y5
Q2FY10	Q2FY10
Q5LX98	Q5LX98
P67195	P67195
A6QLM0	A6QLM0
A6QLM0	A5PLL7
A6QLM0	Q99LQ7
Q5X822	Q5X822
Q5X822	Q5WZH5
Q5X822	A5IHM9
Q9VUR7	Q9VUR7
P00781	P00781
Q03SX9	Q03SX9
Q03SX9	Q1WSR2
Q03SX9	Q88Z14
Q03SX9	Q38VA7
Q1BXA8	Q1BXA8
Q1BXA8	Q13W85
Q1BXA8	Q3JTI8
B1ME26	B1ME26
A8MFV5	A8MFV5
P60405	P60405
P21188	P21188
A6UUM1	A6UUM1
Q9SRH5	Q9SRH5
A3F5F0	A3F5F0
A3F5F0	Q94KL8
Q5PBP6	Q5PBP6
Q8IWP9	Q8IWP9
B9G2E6	B9G2E6
B9G2E6	Q0J349
B9G2E6	Q2QWX8
B9G2E6	A3BWJ9
B9G2E6	Q0J361
Q9SHY6	Q9SHY6
E9QUT3	E9QUT3
P73204	P73204
A7FNJ7	A7FNJ7
Q1CZV9	Q1CZV9
Q6ZUI0	Q6ZUI0
W3XAA0	W3XAA0
C5CI88	C5CI88
P70284	P70284
P70284	Q90655
Q62193	Q62193
Q62193	P15927
Q62193	Q63528
Q62193	Q5RC43
P94556	P94556
A6UX87	A6UX87
A4FFN9	A4FFN9
Q5WU90	Q5WU90
Q5WU90	Q5X2T2
Q5WU90	A5IEF8
E0D208	E0D208
A0A286YDK6	A0A286YDK6
O54908	O54908
O54908	O94907
B2AXJ5	B2AXJ5
Q93ZT5	Q93ZT5
P84253	P84253
Q254M8	Q254M8
Q0RLT7	Q0RLT7
Q0RLT7	Q2J9Q3
Q98PN8	Q98PN8
Q6K8R2	Q6K8R2
P50574	P50574
O26928	O26928
Q11CB4	Q11CB4
Q11CB4	Q2YJN7
Q11CB4	P58210
Q11CB4	C3MBY7
Q82U84	Q82U84
Q72HS0	Q72HS0
Q8RZQ8	Q8RZQ8
Q8RZQ8	Q60EC2
A1YQ92	A1YQ92
A1YQ92	A1E959
A1YQ92	A1YQ91
A1YQ92	Q003G9
Q9ZST0	Q9ZST0
A8WFR0	A8WFR0
Q68FW2	Q68FW2
Q68FW2	Q99M54
Q68FW2	Q99618
Q9VN60	Q9VN60
P06009	P06009
P12271	P12271
P12271	Q9Z275
P12271	P10123
Q8NGB8	Q8NGB8
Q8NGB8	O95013
Q8NGB8	Q6IEY1
Q8NGB8	Q8NGB9
Q6J329	Q6J329
Q6J329	Q6Q0C1
Q8NGY1	Q8NGY1
B1VN93	B1VN93
Q5M8M9	Q5M8M9
Q5M8M9	Q8N7C0
P48791	P48791
Q9HIC2	Q9HIC2
A6NDH6	A6NDH6
A6NDH6	Q8NGV7
A6NDH6	Q8VFB9
A6NDH6	Q8VEX5
A6NDH6	A6NHG9
A6NDH6	P0DN80
A6NDH6	Q8VEX6
Q9S1H5	Q9S1H5
Q9S1H5	P60702
Q9S1H5	Q49VV8
Q67ER9	Q67ER9
Q67ER9	Q7TQA5
P19889	P19889
Q60886	Q60886
Q60886	Q8NGG8
Q60886	Q96RD0
Q60886	Q15620
Q60886	Q60882
P22748	P22748
Q6NV31	Q6NV31
Q6NV31	Q6UXN9
Q2YB53	Q2YB53
P03208	P03208
Q4WW81	Q4WW81
Q4WW81	Q2UNX8
Q4WW81	Q8NJT4
P53944	P53944
O15162	O15162
O15162	Q3ZBG9
O15162	Q9NRY7
P09169	P09169
P09169	P34210
Q3T001	Q3T001
Q3T001	Q9R092
Q3T001	O14756
Q3TVI4	Q3TVI4
Q3TVI4	Q96MH2
Q3TVI4	Q0X0E2
P75853	P75853
Q01957	Q01957
A0A494C1R9	A0A494C1R9
A0A494C1R9	A6NKD2
A0A494C1R9	Q01534
A0A494C1R9	P0CW01
A0A494C1R9	P0CW00
P55260	P55260
P55260	P08132
P55260	P13214
P55260	P97429
P55260	P09525
P55260	P50994
Q9VJI9	Q9VJI9
P32910	P32910
Q7Z894	Q7Z894
Q7Z894	Q6V3X0
Q7Z894	P28272
Q7Z894	A2RJT9
Q8NH69	Q8NH69
Q63ZY6	Q63ZY6
P0C7N1	P0C7N1
P0C7N1	Q8NH10
P0C7N1	Q8VGR9
Q9M128	Q9M128
Q9ZLA1	Q9ZLA1
Q9ZLA1	Q7M8J0
Q9ZLA1	Q7VFY9
Q9ZLA1	P56184
Q9ZLA1	Q9PP15
Q1LJ94	Q1LJ94
Q06963	Q06963
Q06963	Q8DE09
Q06963	Q5E8J9
Q06963	A8GLC8
Q06963	C5BB97
Q06963	A9MKQ6
Q06963	A7MQ91
Q06963	A6TFL4
Q06963	B5XTI2
Q06963	C0Q1V2
Q06963	Q4QLI0
Q06963	A5UIN9
Q06963	P45048
Q06963	Q7VKK8
Q06963	B3GYT6
Q06963	B0BSD7
Q06963	B4SXC1
Q06963	A4TSC8
Q06963	B4TZW1
Q06963	B1IZH2
Q06963	B2U5D7
Q06963	P67910
Q06963	Q329N6
Q06963	A1JHX6
Q06963	Q2NQV7
Q8TF64	Q8TF64
Q8TF64	Q8R5M0
A5V3T8	A5V3T8
A5V3T8	A9WYG6
A5V3T8	Q8YBV5
A4XL45	A4XL45
Q84JF0	Q84JF0
Q7XHZ0	Q7XHZ0
Q7NDA8	Q7NDA8
B2T600	B2T600
B2T600	A1V6I6
Q54SJ5	Q54SJ5
P35898	P35898
Q94A21	Q94A21
P23354	P23354
P35547	P35547
P46956	P46956
Q04649	Q04649
Q04649	P43241
Q04649	Q99626
A5UM10	A5UM10
O49133	O49133
Q21IJ4	Q21IJ4
Q21IJ4	Q4K882
Q21IJ4	C1DPQ6
Q21IJ4	Q3K8D5
Q21IJ4	C5BRQ7
Q21IJ4	Q0VQ34
Q03EY0	Q03EY0
Q91ZP6	Q91ZP6
Q9L2J6	Q9L2J6
Q9L2J6	P0DX29
Q09517	Q09517
P0DTU4	P0DTU4
P0DTU4	P0DSE2
Q9JF44	Q9JF44
Q9JF44	P24083
Q9JF44	P0DTN2
Q9JF44	Q01227
Q9JF44	P24084
P11309	P11309
P11309	Q9N0P9
P11309	P06803
P11309	P26794
P53845	P53845
O54753	O54753
Q9ZVY7	Q9ZVY7
Q04802	Q04802
Q3T0S3	Q3T0S3
Q3T0S3	Q6AYR9
Q3T0S3	O60635
Q3T0S3	Q99J59
Q00723	Q00723
Q6EP49	Q6EP49
Q28VN1	Q28VN1
Q503F2	Q503F2
Q5QZ53	Q5QZ53
Q9HDW9	Q9HDW9
O83548	O83548
Q9USW9	Q9USW9
B8XY56	B8XY56
Q6QLQ4	Q6QLQ4
Q6HPM7	Q6HPM7
Q6HPM7	Q814C2
Q6NQN8	Q6NQN8
Q9ZVJ5	Q9ZVJ5
B2JH09	B2JH09
B2JH09	Q39JR9
B2JH09	B2SYS3
B2JH09	Q0BIE9
C0ZIL2	C0ZIL2
Q8H395	Q8H395
Q0KCT2	Q0KCT2
O26784	O26784
P0DO33	P0DO33
Q9SLB6	Q9SLB6
Q54X03	Q54X03
Q54X03	Q86B09
P06448	P06448
P09326	P09326
B0R6V9	B0R6V9
Q26539	Q26539
Q26539	Q08668
Q7SXU0	Q7SXU0
P9WMG5	P9WMG5
F4JGB7	F4JGB7
F4JGB7	F4JL28
Q2HIV9	Q2HIV9
Q9V2V5	Q9V2V5
Q0SMF0	Q0SMF0
Q0SMF0	Q660G7
Q8GXU9	Q8GXU9
A9HJ86	A9HJ86
Q3ABX6	Q3ABX6
O62126	O62126
Q3V7P0	Q3V7P0
Q3V7P0	Q3V7N3
Q9SMS0	Q9SMS0
Q5VRN0	Q5VRN0
P24635	P24635
P24635	Q07972
P0A2C9	P0A2C9
P0A2C9	P0AEK2
Q1GHJ8	Q1GHJ8
O18979	O18979
A5UUV0	A5UUV0
Q15NP1	Q15NP1
P21464	P21464
P33128	P33128
O74558	O74558
P22972	P22972
Q9UTQ4	Q9UTQ4
Q3UL53	Q3UL53
P0AGL7	P0AGL7
K1WG73	K1WG73
O31620	O31620
P09013	P09013
P09013	P09014
Q9NWB6	Q9NWB6
Q9NWB6	Q7ZVW9
Q9NWB6	Q3UL36
Q9NWB6	Q6P5L7
P0AEE8	P0AEE8
B9L9K5	B9L9K5
A0A0M9VUI4	A0A0M9VUI4
Q0ACL9	Q0ACL9
Q95X94	Q95X94
P41720	P41720
O62416	O62416
Q8EGH1	Q8EGH1
B2UQE3	B2UQE3
O29630	O29630
Q6QGJ5	Q6QGJ5
C4VB43	C4VB43
A0LMC1	A0LMC1
Q8ELF4	Q8ELF4
Q39233	Q39233
B5Y9D1	B5Y9D1
Q9SA47	Q9SA47
P0DX08	P0DX08
P42919	P42919
O14178	O14178
P44685	P44685
B2AU25	B2AU25
Q85FI1	Q85FI1
Q18864	Q18864
Q60343	Q60343
A0R9W6	A0R9W6
B7GHD6	B7GHD6
B7GHD6	P54511
A6L8I6	A6L8I6
A7TFW4	A7TFW4
Q6CRN7	Q6CRN7
Q2FYQ6	Q2FYQ6
B1YHU0	B1YHU0
Q9M3C6	Q9M3C6
Q04396	Q04396
Q9C6B3	Q9C6B3
Q9C6B3	Q9FWR5
O94448	O94448
P54552	P54552
Q5HN23	Q5HN23
Q5HN23	Q2FFI3
Q5HN23	Q49YV6
Q5HN23	Q6GFE4
Q5HN23	P65507
Q9Y7Z5	Q9Y7Z5
P82003	P82003
P57269	P57269
P70224	P70224
Q11GC5	Q11GC5
Q54Y67	Q54Y67
O45766	O45766
P80022	P80022
Q9C835	Q9C835
P86353	P86353
P31155	P31155
Q8TT94	Q8TT94
Q9DAG6	Q9DAG6
Q21997	Q21997
Q12272	Q12272
P0CJ62	P0CJ62
Q9V3B4	Q9V3B4
Q7LXL5	Q7LXL5
S7QKE2	S7QKE2
A8LRY5	A8LRY5
Q4FVM3	Q4FVM3
Q69TY4	Q69TY4
Q7NA60	Q7NA60
B8FGA1	B8FGA1
P93013	P93013
Q58871	Q58871
P50087	P50087
O28173	O28173
Q6P0H7	Q6P0H7
P33342	P33342
Q83CV2	Q83CV2
Q8FP63	Q8FP63
P35632	P35632
P45577	P45577
Q9SSS9	Q9SSS9
Q04734	Q04734
B2UUU1	B2UUU1
B2UUU1	Q17YP0
B2UUU1	P56463
B2UUU1	Q1CS88
Q7M7T1	Q7M7T1
A7HL98	A7HL98
P0AD01	P0AD01
O14910	O14910
O14910	Q2KIB6
O14910	Q9Z250
O14910	Q8JZS0
Q9SJJ7	Q9SJJ7
F4I7L1	F4I7L1
P34112	P34112
O51924	O51924
A1VCX9	A1VCX9
Q6UXB4	Q6UXB4
Q7T3U0	Q7T3U0
A1R4F7	A1R4F7
D2Z030	D2Z030
Q8SR86	Q8SR86
Q6WB51	Q6WB51
O54836	O54836
O54836	O08781
O54836	Q9HA38
P57544	P57544
P57544	Q8K993
A0LDB5	A0LDB5
Q9Y2B4	Q9Y2B4
Q04983	Q04983
C3L0K4	C3L0K4
P11293	P11293
B1MXL9	B1MXL9
A5D2Z8	A5D2Z8
P29061	P29061
Q0VMD7	Q0VMD7
B6H1W0	B6H1W0
B0RHB0	B0RHB0
A7H1L1	A7H1L1
P61887	P61887
P61887	P55257
Q3SHA5	Q3SHA5
O08349	O08349
P52278	P52278
P52278	Q5FMT1
P52278	D5H0J3
Q18967	Q18967
P53843	P53843
Q9KSM5	Q9KSM5
Q9NRG7	Q9NRG7
Q9UTA3	Q9UTA3
A5UK52	A5UK52
Q5LT54	Q5LT54
O18423	O18423
D3NRE7	D3NRE7
P38224	P38224
O87681	O87681
Q93727	Q93727
Q0TSP9	Q0TSP9
P68930	P68930
Q8SQY3	Q8SQY3
Q9FMD8	Q9FMD8
B2IT87	B2IT87
Q2LT95	Q2LT95
B1LCF9	B1LCF9
Q39528	Q39528
O32001	O32001
B2VIF3	B2VIF3
P39267	P39267
Q3UME2	Q3UME2
Q3UME2	Q24JQ0
C0HK27	C0HK27
C0HK27	P58906
C0HK27	P02866
C0HK27	P14894
P08006	P08006
P08006	P0AFH6
Q1CR24	Q1CR24
A0A0J5WTU0	A0A0J5WTU0
O76745	O76745
Q7VBJ3	Q7VBJ3
Q8BQU7	Q8BQU7
Q8BQU7	Q96NL1
Q8R183	Q8R183
A9UVV1	A9UVV1
A8YPR6	A8YPR6
Q9LSP7	Q9LSP7
B7J0R6	B7J0R6
B7J0R6	Q65ZV3
Q91W61	Q91W61
Q91W61	D4ABB4
Q91W61	Q9H469
Q91W61	E1BNS0
P36879	P36879
Q9WQ77	Q9WQ77
P14353	P14353
Q2SZH6	Q2SZH6
Q2SZH6	A2S5T7
Q2SZH6	Q13TZ9
Q2SZH6	B2SYW8
Q2SZH6	B3R6V2
Q2SZH6	B4E5Y5
Q2SZH6	Q1LIN3
Q2SZH6	Q63QK4
Q2SZH6	B2JHF3
Q2SZH6	A0K493
Q2SZH6	B2UCX0
Q12477	Q12477
D5VRM1	D5VRM1
D5VRM1	Q58493
Q1LUM3	Q1LUM3
Q7F1K9	Q7F1K9
Q7F1K9	Q8GXV5
A0AI95	A0AI95
A0AI95	Q720C8
P53581	P53581
Q9REB3	Q9REB3
Q9REB3	Q8Z727
Q9REB3	P77335
Q5U209	Q5U209
Q5U209	Q2TBT5
Q5U209	Q9CWY8
Q5U209	O75792
Q3ANI5	Q3ANI5
Q3ANI5	Q46ID7
Q3ANI5	P49423
Q3ANI5	Q7V990
Q3ANI5	A2C5R9
P11861	P11861
P11861	P0A109
Q11RI7	Q11RI7
G3X943	G3X943
G3X943	Q9NP94
Q9DG98	Q9DG98
Q9DG98	P48734
Q9DG98	Q5RCH1
Q9DG98	P11440
Q9DG98	P06493
Q9DG98	P23572
Q9DG98	P39951
Q9DG98	Q9DGA5
Q9DG98	P51958
Q9DG98	P13863
Q9DG98	P24033
Q9DG98	P35567
Q9DG98	Q9W739
Q9DG98	Q9DGA2
Q9DG98	Q9DGD3
A4FV72	A4FV72
A4FV72	Q9UNP9
A4FV72	Q9QZH3
Q4FU68	Q4FU68
Q4FU68	A5WGH7
Q4FU68	B2HV30
Q2KID2	Q2KID2
Q2KID2	P78549
Q2KID2	O35980
P0C569	P0C569
Q15RG1	Q15RG1
Q61735	Q61735
Q61735	Q9GKE8
Q61735	P97829
O24710	O24710
A8MLW8	A8MLW8
Q9C8U8	Q9C8U8
Q8VIK3	Q8VIK3
Q92CI0	Q92CI0
Q91DS2	Q91DS2
A1VST0	A1VST0
A1VST0	B9MFQ5
A1VST0	A9BUL2
A1VST0	A1TKD7
A8YPR9	A8YPR9
Q6FCW7	Q6FCW7
Q6FCW7	Q609Z8
Q6FCW7	Q2W7J9
Q6FCW7	Q57AC2
Q6FCW7	Q6G0L7
Q6FCW7	Q2KCV5
Q6FCW7	Q92SA1
Q6FCW7	Q6AM16
Q6FCW7	Q1GUY1
Q6FCW7	Q0VL18
Q9NAN2	Q9NAN2
P16703	P16703
P16703	P29848
Q08926	Q08926
P00808	P00808
Q5UX56	Q5UX56
P26448	P26448
P97864	P97864
P97864	P55210
P97864	P55214
P96079	P96079
Q8N9F0	Q8N9F0
Q8N9F0	D3ZVU9
Q8N9F0	Q3UGX3
Q8N9F0	A4II32
Q13151	Q13151
Q13151	Q9CX86
Q9WTP2	Q9WTP2
Q9WTP2	A2VDU1
Q9WTP2	Q9C004
Q9N285	Q9N285
Q9N285	Q9Y6C9
Q9N285	Q791V5
P61869	P61869
B2K962	B2K962
B2K962	B4TCI1
B2K962	Q3YZA7
B2K962	B7N626
B2K962	Q32DB7
B2K962	B5YZY1
B2K962	Q0T273
B2K962	P36553
B2K962	Q83QN1
B2K962	B4T0I0
B2K962	B7LCI0
B2K962	A6TC68
B2K962	B4TR28
B2K962	B5RCS3
B2K962	B7MY86
B2K962	A6WHB7
B2K962	A8GHH2
B2K962	B8E3K7
B2K962	A1JL37
B2K962	B1KCX1
B2K962	A7FG82
B2K962	Q5PI28
B2K962	A4WD41
B2K962	A0KEX7
Q895W4	Q895W4
A0A0H2V8B5	A0A0H2V8B5
B5BLW5	B5BLW5
P42182	P42182
P42182	Q8EPY0
P9WIT9	P9WIT9
P9WIT9	A0QYS8
Q54BK1	Q54BK1
P32718	P32718
Q8CPM1	Q8CPM1
Q8CPM1	Q5HGW8
Q8CPM1	Q49WP1
Q8CPM1	Q4L5D0
B0K2E5	B0K2E5
B0K2E5	B0KA32
B0K2E5	Q8R9R7
O95859	O95859
O95859	Q8BKT6
O95859	Q569A2
O95859	Q29RH7
P9WQH3	P9WQH3
Q7NQZ3	Q7NQZ3
Q1D739	Q1D739
A2TBU1	A2TBU1
Q6G1F7	Q6G1F7
Q6G1F7	B9J8D8
Q6G1F7	A6WYM1
Q6G1F7	Q11LE1
Q6G1F7	A9MCV1
Q6G1F7	Q2KD36
Q6G1F7	Q92SG0
Q6G1F7	Q576T8
Q6G1F7	Q8UIB7
Q6G1F7	A1UUC1
Q6G1F7	Q6G552
Q9DCW2	Q9DCW2
P19844	P19844
P17277	P17277
Q97Y84	Q97Y84
P21683	P21683
P21683	D5KXJ0
P17657	P17657
P17657	P34687
P08124	P08124
A4WGX8	A4WGX8
A4WGX8	Q8ZYH7
A4WGX8	A3MY52
F4JSU0	F4JSU0
Q9STY8	Q9STY8
B5E9C1	B5E9C1
B1X0D2	B1X0D2
Q54C92	Q54C92
P0DTF4	P0DTF4
P36184	P36184
Q10298	Q10298
Q79AF6	Q79AF6
B2VK85	B2VK85
B2VK85	Q3YUX6
B2VK85	B4EYS9
B2VK85	A7ZUM6
B2VK85	B5R7Q1
B2VK85	B4TDF7
B2VK85	A7MPD4
B2VK85	B2K4Z5
B2VK85	P07623
B2VK85	A1AII3
B2VK85	B1LPH0
B2VK85	A6TGR5
B2VK85	A4W5C7
B2VK85	B1IUN9
Q9KC61	Q9KC61
P29781	P29781
O54235	O54235
O81851	O81851
Q8TDQ0	Q8TDQ0
Q8LH59	Q8LH59
Q76L36	Q76L36
Q69XV0	Q69XV0
Q9CHT8	Q9CHT8
Q9CHT8	A2RIV7
Q03GV3	Q03GV3
P53399	P53399
P53399	P53401
P53399	P53400
Q3A225	Q3A225
Q9NTX5	Q9NTX5
Q9NTX5	Q6AYG5
Q9NTX5	Q5R4W0
Q9NTX5	Q2HJD5
Q14232	Q14232
Q14232	Q64270
Q14232	Q99LC8
Q4WAZ3	Q4WAZ3
Q8HXY2	Q8HXY2
Q8HXY2	Q9Z2Z6
Q8HXY2	P97521
Q8HXY2	O43772
O75840	O75840
O75840	Q99JB0
C1CR29	C1CR29
C1CR29	A8AX88
P40459	P40459
B7KSK6	B7KSK6
B7KSK6	B1LSQ7
B7KSK6	B1ZLY6
B7KSK6	B0UKV1
B7KSK6	A9VWE8
Q8XE72	Q8XE72
Q8XE72	P0A9J4
Q8XE72	P37402
Q99685	Q99685
Q99685	Q8R431
Q99685	O35678
O33701	O33701
Q9WTN0	Q9WTN0
Q9WTN0	P56966
Q9WTN0	O95749
Q9WTN0	Q6F596
A1TAP4	A1TAP4
A1TAP4	A0QZ47
A1TAP4	A4TB64
A1TAP4	Q73YW8
A1TAP4	A0PQT3
A1TAP4	P9WHT9
Q6ICG8	Q6ICG8
Q6YZF3	Q6YZF3
P69380	P69380
P69380	A9R6A2
P69380	A1JHZ2
P69380	A8GLB1
P69380	Q31U75
P69380	A9MZE6
P69380	B7UNN5
P69380	A8AL14
P69380	Q8FBD1
P69380	A6TGB7
P69380	A9MI51
P69380	Q8Z2W4
Q8H5X5	Q8H5X5
Q8H5X5	Q9SKT3
Q8H5X5	Q7F613
Q8H5X5	A2YMP7
A1VYL5	A1VYL5
A1VYL5	A8FKS9
Q8CX50	Q8CX50
Q8CX50	Q07XW6
Q8CX50	A8H8G7
Q8CX50	A0KSR6
Q8CX50	A3D023
Q8CX50	B1KHU9
Q8CX50	B8CIX4
Q8CX50	B8ECA4
Q8CX50	A6WSV3
Q8CX50	A3QAD9
Q9UUH4	Q9UUH4
Q8LF41	Q8LF41
Q82TL0	Q82TL0
Q82TL0	Q0AEP6
Q5YUA1	Q5YUA1
Q5YUA1	Q39EM7
Q5YUA1	B0RPG8
Q5YUA1	B2SI03
Q5YUA1	Q7NVN6
Q5YUA1	Q3KHY6
Q5YUA1	Q4ZNW4
Q5YUA1	Q1I585
Q5YUA1	O50273
Q5YUA1	C3KDP1
Q5YUA1	B0KGN7
Q5YUA1	P21156
Q5YUA1	Q5NRM5
Q5YUA1	A5F579
Q5YUA1	P57499
Q5YUA1	Q6D1A5
Q5YUA1	P59740
Q5YUA1	Q8ZBP1
Q5YUA1	B4F231
Q5YUA1	B6ELP2
Q5YUA1	C3LRM2
Q5YUA1	B7LWK3
Q5YUA1	Q8EB09
Q5YUA1	A4Y9X3
Q5YUA1	A3D822
Q5YUA1	A8H0A3
Q5YUA1	A0KTI2
Q5YUA1	A8FXJ5
Q5YUA1	A8FXM2
Q5YUA1	A7MWG4
Q5YUA1	B7VKY3
Q5YUA1	Q30U93
Q5YUA1	A1S9N7
Q5YUA1	B1KMH3
B2UXD0	B2UXD0
B2UXD0	B2TPE3
Q92NF6	Q92NF6
O94417	O94417
Q2UPC5	Q2UPC5
Q03HB3	Q03HB3
B5EGD5	B5EGD5
Q9ZQZ8	Q9ZQZ8
O43008	O43008
A0B8L1	A0B8L1
Q53WH9	Q53WH9
Q11RE0	Q11RE0
P13801	P13801
Q9ER35	Q9ER35
Q9ER35	Q9H479
Q19126	Q19126
Q19126	Q20053
Q9ZV40	Q9ZV40
C7R403	C7R403
B8DDR4	B8DDR4
B8DDR4	Q71YH8
B8DDR4	Q92AH0
B8DDR4	A0AJU3
P24009	P24009
P24009	A8FCU6
P0A074	P0A074
P0A074	Q2FXB0
Q9NZ01	Q9NZ01
Q9NZ01	Q9CY27
Q9NZ01	Q64232
Q9NZ01	Q3ZCD7
Q8N3Y7	Q8N3Y7
Q8N3Y7	Q7TQA3
Q29RL9	Q29RL9
Q29RL9	Q4KLL0
Q29RL9	P23193
Q29RL9	P10711
O42855	O42855
Q9AV39	Q9AV39
P04332	P04332
Q9U4F3	Q9U4F3
Q68EV1	Q68EV1
O32504	O32504
Q8HXW6	Q8HXW6
Q8HXW6	P45479
Q8HXW6	P50897
Q8HXW6	P45478
Q8HXW6	O88531
Q6P6G5	Q6P6G5
Q6P6G5	Q9Y548
Q6P6G5	Q91VU1
C9K1X5	C9K1X5
Q2IFU2	Q2IFU2
Q8ER38	Q8ER38
Q9NQC8	Q9NQC8
Q9NQC8	Q6AXQ9
Q9NQC8	Q9DB07
B2TPW8	B2TPW8
W0TEF9	W0TEF9
W0TEF9	Q6CL19
Q8TLK5	Q8TLK5
Q8TLK5	Q8Q032
Q604W4	Q604W4
Q604W4	C5BP28
Q604W4	Q3J796
Q604W4	B7UZI4
Q604W4	A4XQT0
Q604W4	Q88N71
Q604W4	A1WYT6
Q604W4	A1U3F2
Q604W4	Q1QVH3
Q604W4	Q4ZNZ6
Q604W4	Q4K6J9
Q604W4	Q0VRZ6
Q604W4	Q02H34
Q604W4	C3KDE0
Q604W4	Q2S9Z8
Q604W4	Q87WZ1
Q604W4	B8GMN6
Q54I80	Q54I80
A4VVZ0	A4VVZ0
A4VVZ0	Q5LZD1
A4VVZ0	C0MAM9
A4VVZ0	B4U3M1
A4VVZ0	Q1JM42
A4VVZ0	C1C636
A4VVZ0	B5E2R6
A4VVZ0	B9DUP5
A4VVZ0	Q3K0P4
A4VVZ0	Q04LL3
A4VVZ0	Q1J705
A4VVZ0	A8AWX4
B0RGZ2	B0RGZ2
B0RGZ2	A5CSL4
Q64686	Q64686
Q64686	Q9WUV2
Q64686	Q8NDV1
Q7F2L3	Q7F2L3
Q96F15	Q96F15
Q12WM8	Q12WM8
A0A0H3DN66	A0A0H3DN66
A0A0H3DN66	Q49425
A0A0H3DN66	P75242
Q8VCR2	Q8VCR2
Q8VCR2	Q7Z5P4
Q8VCR2	Q5M875
P91420	P91420
P91420	O02658
Q7M713	Q7M713
P0ACV0	P0ACV0
Q6MTZ7	Q6MTZ7
P09797	P09797
P09797	P03695
Q7Z4L9	Q7Z4L9
Q051J2	Q051J2
Q051J2	Q8F3U4
P0CL08	P0CL08
Q8S3N1	Q8S3N1
Q8S3N1	P93748
Q8S3N1	Q9M2P4
Q8S3N1	Q10L91
Q8VEZ1	Q8VEZ1
Q8VEZ1	Q96R67
Q9FKF4	Q9FKF4
Q9FKF4	A2T1U1
Q9HTZ1	Q9HTZ1
Q50559	Q50559
Q9JJ80	Q9JJ80
Q9JJ80	Q2YDN6
Q9JJ80	Q9H7B2
B8CS28	B8CS28
B8CS28	A0KZB1
B8CS28	A1RLV5
B8CS28	A9KTL1
B8CS28	Q0HSW4
Q6FKS1	Q6FKS1
Q6FKS1	P43588
Q7Z3D4	Q7Z3D4
Q7Z3D4	Q99LE3
Q7Z3D4	Q5M836
Q9CYG7	Q9CYG7
Q9CYG7	Q3KRD5
Q9CYG7	Q15785
Q8DNE1	Q8DNE1
Q8DNE1	Q97NP5
C4XPD6	C4XPD6
Q9CMX5	Q9CMX5
Q00916	Q00916
Q7M722	Q7M722
Q7M722	Q9JKT8
Q8L9A9	Q8L9A9
Q64726	Q64726
Q64726	Q63678
A7HPT7	A7HPT7
Q04T63	Q04T63
Q04T63	Q72RU2
Q3AXF4	Q3AXF4
Q3AXF4	Q3AKD9
C1D9A7	C1D9A7
C1D9A7	Q7P145
Q920A1	Q920A1
Q920A1	Q924T9
Q03VG4	Q03VG4
Q660S4	Q660S4
Q660S4	O51544
Q6WG17	Q6WG17
Q6WG17	P0CC03
Q6WG17	Q6IMI4
Q6WG17	Q6WG18
Q21148	Q21148
A0A0D8BWP6	A0A0D8BWP6
A0A0D8BWP6	C5DAQ1
A0A0D8BWP6	Q5KZ14
A5IIS7	A5IIS7
Q08820	Q08820
Q9P6R1	Q9P6R1
Q6H543	Q6H543
Q3BSP5	Q3BSP5
Q3BSP5	B2SLG3
Q3BSP5	Q8PK86
E5Y7I3	E5Y7I3
P22564	P22564
Q8N6D5	Q8N6D5
Q8CXC0	Q8CXC0
B9KIU4	B9KIU4
B9KIU4	Q5PAI0
O22315	O22315
O22315	F4JHI7
Q6DHI5	Q6DHI5
Q7K566	Q7K566
Q6FNR8	Q6FNR8
Q14954	Q14954
Q14954	P43632
Q14954	P43631
Q14954	Q14953
Q14954	Q14952
Q9LQ04	Q9LQ04
O97470	O97470
Q55EK9	Q55EK9
Q9PVW8	Q9PVW8
D5DQW6	D5DQW6
G1K3N4	G1K3N4
A0KYQ6	A0KYQ6
Q80Z64	Q80Z64
Q8BWG9	Q8BWG9
Q8BWG9	Q5ZL05
Q8BWG9	Q6TLE6
Q8BWG9	Q96D31
Q8BWG9	Q5M848
O49515	O49515
Q5F5P0	Q5F5P0
Q5F5P0	A9M469
P07143	P07143
P07143	A0A1D8PHA3
P07143	Q00988
Q9GZS3	Q9GZS3
Q9GZS3	Q4V7A0
Q9GZS3	Q32LN7
Q9GZS3	Q9ERF3
Q9GZS3	Q5ZJH5
Q9GZS3	Q6P5M2
Q9GZS3	Q6PBD6
B9DHG0	B9DHG0
B2KB94	B2KB94
Q7TUK9	Q7TUK9
Q7TUK9	Q7U3W8
Q7TUK9	Q7TVB0
Q8K3T4	Q8K3T4
Q8K3T4	Q76JU8
Q8K3T4	O14842
Q8K3T4	Q76JU9
Q8K3T4	Q76JV1
P04312	P04312
P04312	P21012
Q8NDC0	Q8NDC0
Q5QY61	Q5QY61
Q9MA63	Q9MA63
Q9D1E6	Q9D1E6
Q9D1E6	Q99426
Q9D1E6	Q5E951
O30144	O30144
P84531	P84531
Q6SJQ5	Q6SJQ5
Q6IMA3	Q6IMA3
Q6IMA3	Q6T310
Q6IMA3	Q6IMB1
Q4H0T5	Q4H0T5
Q4H0T5	Q00059
Q9SN74	Q9SN74
O15247	O15247
O15247	Q5M883
P05052	P05052
A8MUP2	A8MUP2
A8MUP2	Q5RCI5
Q7Z9M7	Q7Z9M7
O32867	O32867
Q9BXJ0	Q9BXJ0
Q9BXJ0	Q8K479
Q9BXJ0	Q5FVH0
P72794	P72794
Q73IR2	Q73IR2
P25910	P25910
Q54J48	Q54J48
O44443	O44443
Q0J466	Q0J466
Q0J466	Q9SAR1
O35723	O35723
Q9Z142	Q9Z142
Q9Z142	Q9CR67
Q9Z142	P57088
A9M3H4	A9M3H4
A9M3H4	Q9JX50
A9M3H4	B4RR38
Q38829	Q38829
Q5WHY0	Q5WHY0
P9WEZ5	P9WEZ5
P06572	P06572
P06572	P13957
P06572	P13956
P06572	P02979
A9N936	A9N936
Q5EDC3	Q5EDC3
Q69TG5	Q69TG5
Q69TG5	Q9XJ66
Q96A56	Q96A56
Q96A56	Q9QXE4
Q96A56	Q80YE2
Q6TMG4	Q6TMG4
Q505G4	Q505G4
Q505G4	Q6ICC9
A5VXN1	A5VXN1
A5VXN1	B1JE18
A5VXN1	B0KK51
Q08202	Q08202
Q53RY4	Q53RY4
O14412	O14412
P70720	P70720
A7MJY7	A7MJY7
A7MJY7	A8GAX8
A7MJY7	B5Y0K8
A7MJY7	B4SXP0
A7MJY7	Q8FK47
A7MJY7	B2TTB5
A7MJY7	A4W7I2
A7MJY7	Q5PCF3
A7MJY7	A9MLB0
A7MJY7	P43341
A7MJY7	Q8Z8P7
A7MJY7	B7ME47
A7MJY7	B7MRI7
A7MJY7	A6T5R0
A7MJY7	B5EYD5
A7MJY7	A7FL48
P33644	P33644
P33644	A0A384KG77
Q05259	Q05259
A6BLW4	A6BLW4
Q73NX5	Q73NX5
Q96NT3	Q96NT3
Q55G04	Q55G04
Q8C407	Q8C407
Q8C407	Q9BSR8
Q9M376	Q9M376
Q5PAN6	Q5PAN6
O23299	O23299
O23299	O23300
P39942	P39942
P39942	Q9V7D2
P39942	P57746
P39942	O97755
P39942	Q9Y5K8
A0LR22	A0LR22
P52037	P52037
P17791	P17791
P17791	P0A3V6
Q9Z270	Q9Z270
Q9Z270	Q9WV55
Q9Z270	Q0VCY1
Q9Z270	Q9P0L0
P53970	P53970
Q874J6	Q874J6
P30860	P30860
Q6MG61	Q6MG61
Q6MG61	Q9Z1Q5
Q6MG61	O00299
Q6MG61	Q5E9B7
Q6MG61	Q95MF9
Q6KZK7	Q6KZK7
B4SLP5	B4SLP5
A3DC74	A3DC74
P42650	P42650
Q0WNB1	Q0WNB1
P44758	P44758
Q8MIE9	Q8MIE9
Q8MIE9	Q8MIB7
Q8MIE9	Q8IUE1
Q5HFT0	Q5HFT0
Q5HFT0	P35163
P53718	P53718
Q9FL62	Q9FL62
O45211	O45211
O45211	P53361
B2V267	B2V267
B2V267	A6LWJ0
Q88SC3	Q88SC3
Q9Z528	Q9Z528
P53881	P53881
P11006	P11006
Q55C17	Q55C17
Q77WJ4	Q77WJ4
Q67R59	Q67R59
Q55GE2	Q55GE2
Q7M725	Q7M725
Q7M725	Q9JKT9
A0A084JZF2	A0A084JZF2
A5G8J8	A5G8J8
P27616	P27616
Q8VYI3	Q8VYI3
B0R686	B0R686
A6WZC8	A6WZC8
A6WZC8	A9M6L4
A6WZC8	B9J7B2
Q6QQT1	Q6QQT1
Q6QQT1	P59889
Q18090	Q18090
P0ACV2	P0ACV2
Q49807	Q49807
Q49807	P9WPB5
Q85FX0	Q85FX0
P0C122	P0C122
A8MIU4	A8MIU4
P39359	P39359
Q8XM71	Q8XM71
Q7XSK1	Q7XSK1
A5N2L8	A5N2L8
Q8R2Z0	Q8R2Z0
O24591	O24591
Q6NLW5	Q6NLW5
O86428	O86428
Q727D8	Q727D8
Q9SK91	Q9SK91
Q7TVA3	Q7TVA3
P44405	P44405
P44405	A5UIR4
E6X4P3	E6X4P3
Q2QUP1	Q2QUP1
Q2QUP1	Q8GUN6
A4XKT6	A4XKT6
A9KNS9	A9KNS9
P37902	P37902
Q06131	Q06131
Q06131	P37132
Q703I2	Q703I2
Q8NBQ5	Q8NBQ5
Q8NBQ5	Q9EQ06
Q8NBQ5	Q6AYS8
B9MS56	B9MS56
A6U6N3	A6U6N3
Q93VJ4	Q93VJ4
Q0W3L5	Q0W3L5
A4YWC7	A4YWC7
A0A3G9HRC8	A0A3G9HRC8
Q9GZW5	Q9GZW5
B0CQN7	B0CQN7
A1BAL9	A1BAL9
A1BAL9	A8LKX1
A1BAL9	A4WUJ2
P61431	P61431
P61431	Q8CPZ7
P61431	A6TZL7
P61431	B9EAD2
A6L3H3	A6L3H3
Q9M325	Q9M325
Q9M325	Q9SH93
B5VL26	B5VL26
Q8PLN5	Q8PLN5
Q8PLN5	Q9PER5
Q8PLN5	B4SRX7
A5IYB2	A5IYB2
Q67RV4	Q67RV4
Q9CR26	Q9CR26
Q9CR26	Q9NP79
Q1AYR4	Q1AYR4
P77622	P77622
A0A848M4Z0	A0A848M4Z0
P50941	P50941
P50941	Q92GE0
P50941	Q1RKB7
A6VAK3	A6VAK3
A6VAK3	Q88MY2
A6VAK3	A5W8E9
A6VAK3	B0KV24
A6VAK3	Q87XG4
Q8N5J4	Q8N5J4
Q946Y7	Q946Y7
A2AQ14	A2AQ14
Q9FH54	Q9FH54
Q96HA9	Q96HA9
Q96HA9	Q6P6M5
P32360	P32360
Q9Y6H3	Q9Y6H3
Q9Y6H3	Q9CWQ3
C4K389	C4K389
Q5VR89	Q5VR89
Q9MAL0	Q9MAL0
Q8A8H2	Q8A8H2
D5AUZ7	D5AUZ7
Q9KER6	Q9KER6
A2RVQ5	A2RVQ5
Q5E948	Q5E948
Q5E948	Q9CRD0
Q5E948	Q5XIG4
Q5E948	Q5RD48
Q5E948	Q9NX40
Q9GZW8	Q9GZW8
C1L254	C1L254
C1L254	Q92CQ9
C1L254	Q720T3
O74418	O74418
P0A0M0	P0A0M0
P60039	P60039
P60039	P60040
P70595	P70595
P70595	P70660
P70595	Q92886
O67680	O67680
C4L2D3	C4L2D3
Q5KZE8	Q5KZE8
O66929	O66929
Q90YI0	Q90YI0
Q84VZ1	Q84VZ1
Q9D853	Q9D853
Q9D853	Q5JPI9
A3PBT3	A3PBT3
A3PBT3	Q31BX5
Q6EIC1	Q6EIC1
Q6EIC1	Q17QQ2
Q6EIC1	O55060
Q6EIC1	P51580
Q6EIC1	Q8HX86
Q6EIC1	Q9Z0T0
A0A1L7VEP9	A0A1L7VEP9
Q07444	Q07444
Q07444	Q95MI4
Q07444	Q95MI5
Q07444	P26715
Q07444	Q9MZJ3
Q07444	Q9GME8
Q07444	Q9MZK6
Q07444	P26717
Q83WB2	Q83WB2
Q83WB2	P0A9K7
Q2S234	Q2S234
Q20432	Q20432
Q20432	Q61C05
Q20432	Q9VRG7
Q5P832	Q5P832
Q5P832	Q3SKJ3
Q5P832	C1DBF4
O74968	O74968
Q69DL0	Q69DL0
Q69DL0	P31720
Q69DL0	P98086
Q69DL0	P02745
Q69DL0	Q5E9E3
Q8IJM5	Q8IJM5
A1CRJ0	A1CRJ0
P0ACV6	P0ACV6
Q6I3T8	Q6I3T8
Q6I3T8	Q813Z9
P45681	P45681
P45681	Q4QML8
P45681	A5UHI7
P45681	B0URR1
P45681	A6VLU0
P45681	P57955
P14697	P14697
A0A1J0HSP5	A0A1J0HSP5
Q1LTG7	Q1LTG7
B8DW30	B8DW30
B8DW30	B3DQD1
Q46EN8	Q46EN8
Q46EN8	Q8PYC0
Q46EN8	Q8TJ20
Q92R45	Q92R45
Q92R45	B7J950
Q38831	Q38831
Q38831	Q38830
Q54F10	Q54F10
Q5U4E0	Q5U4E0
Q5U4E0	Q7Z7J7
Q5U4E0	Q17R16
A4VRK8	A4VRK8
Q5M750	Q5M750
A6UTA2	A6UTA2
Q9FWR4	Q9FWR4
Q0NZX9	Q0NZX9
Q6NQG7	Q6NQG7
B0K7G1	B0K7G1
B0K7G1	A9VSB3
B0K7G1	A6TK51
B0K7G1	A8MJX1
A8KRL3	A8KRL3
A6LPT2	A6LPT2
A6LPT2	B2UYD1
F4JIG1	F4JIG1
P39788	P39788
P55798	P55798
Q96HR9	Q96HR9
Q96HR9	Q9JM62
Q8XV83	Q8XV83
Q9UQN3	Q9UQN3
Q9UQN3	Q3SX42
B5Z7I4	B5Z7I4
Q32KN9	Q32KN9
P53808	P53808
P53808	P53809
P53808	Q9UKL6
P53808	P02720
Q8K386	Q8K386
Q5XIS2	Q5XIS2
P45854	P45854
A6W572	A6W572
B6IW12	B6IW12
B6IW12	B2JE33
B6IW12	Q8XXC7
Q8F5F1	Q8F5F1
P43582	P43582
Q3EBL9	Q3EBL9
Q3EBL9	Q9SCP9
Q8CHW1	Q8CHW1
A1ZB29	A1ZB29
Q3V1I0	Q3V1I0
Q46HL4	Q46HL4
Q46HL4	P26525
Q46HL4	Q7TUL5
Q46HL4	A2CD59
B9A064	B9A064
Q4KJS7	Q4KJS7
Q8YA44	Q8YA44
Q6WB94	Q6WB94
Q2JWB4	Q2JWB4
A4TQH5	A4TQH5
A4TQH5	A1JJB8
A4TQH5	A6TI09
A4TQH5	B5BAL1
Q8WWZ3	Q8WWZ3
O33512	O33512
Q1QZ39	Q1QZ39
P04676	P04676
A0A067CMC7	A0A067CMC7
P07560	P07560
P07560	O42819
P19639	P19639
P19639	P10649
P19639	P08009
P19639	Q03013
P19639	P15626
P19639	Q9TSM4
P19639	P08010
P19639	Q5BK56
Q1BU57	Q1BU57
Q1BU57	A9AGJ3
Q1BU57	B1YVE9
Q58989	Q58989
Q9BUL8	Q9BUL8
Q9BUL8	Q5ZIV5
Q7YQD2	Q7YQD2
Q7YQD2	O18938
Q7YQD2	P01244
Q7YQD2	P56437
Q7YQD2	P46407
Q7YQD2	P19795
Q7YQD2	Q7YRR6
Q7YQD2	P37886
Q7YQD2	Q864S7
Q7YQD2	P22077
Q8S9Z5	Q8S9Z5
C6UY58	C6UY58
C6UY58	Q83R53
H2L2B8	H2L2B8
O67359	O67359
P09629	P09629
Q12129	Q12129
P19669	P19669
Q9SMR4	Q9SMR4
P0AA37	P0AA37
P0AA37	Q8FL93
P73554	P73554
P38372	P38372
P38372	P27142
P38372	B8DB29
P38372	B1YGX1
B9KXM8	B9KXM8
Q92DN4	Q92DN4
O14735	O14735
O14735	P70500
Q9VTZ2	Q9VTZ2
Q738X4	Q738X4
Q81AF4	Q81AF4
Q99MH5	Q99MH5
A1E9U9	A1E9U9
A1E9U9	P48883
P00721	P00721
Q3T166	Q3T166
Q0ZUP0	Q0ZUP0
Q9PBJ8	Q9PBJ8
Q8JIU7	Q8JIU7
Q8JIU7	Q60817
Q8JIU7	Q9BZK3
A7FXH7	A7FXH7
B2VFR1	B2VFR1
B2VFR1	Q7N6J4
B2VFR1	Q2NUC7
B2VFR1	A3D5E3
B2VFR1	B8CPI6
Q9LPE8	Q9LPE8
A9MLP6	A9MLP6
A9MLP6	B1VB71
A0A067DFU5	A0A067DFU5
Q54JK4	Q54JK4
Q8R0E5	Q8R0E5
B2J1A3	B2J1A3
B2J1A3	Q3M5W4
Q92T25	Q92T25
Q92T25	Q98DM0
Q92T25	Q11CB5
Q92T25	A4YJP8
Q92T25	B6JCI9
Q92T25	A7IC75
P40302	P40302
A5V3G4	A5V3G4
Q9ZV06	Q9ZV06
Q9ZV06	Q9ZV05
Q8INK6	Q8INK6
P22524	P22524
Q83BV5	Q83BV5
Q8U017	Q8U017
Q7NC20	Q7NC20
Q5LV91	Q5LV91
C4XPJ3	C4XPJ3
Q9C6M1	Q9C6M1
F6YCR7	F6YCR7
A6Q538	A6Q538
E9P974	E9P974
Q5T0J7	Q5T0J7
O80366	O80366
Q9SID1	Q9SID1
Q9VKD6	Q9VKD6
A9FCY5	A9FCY5
Q9X482	Q9X482
P0AFY2	P0AFY2
Q9BU02	Q9BU02
Q9BU02	Q8MKF1
Q9BU02	Q8JZL3
O48916	O48916
Q8KFN6	Q8KFN6
Q61XH2	Q61XH2
Q61XH2	Q9TXI0
O59827	O59827
P9WJH3	P9WJH3
P54845	P54845
P54845	P54846
Q0A8P9	Q0A8P9
Q9D9R0	Q9D9R0
Q9D9R0	Q96EQ8
Q9D9R0	Q95KF1
G5E9R7	G5E9R7
Q0AYW0	Q0AYW0
Q2V0Z5	Q2V0Z5
Q04004	Q04004
Q8IKM8	Q8IKM8
B6EIY4	B6EIY4
B6EIY4	A7MUN7
B6EIY4	C3LNL5
B6EIY4	Q6LPE7
B6EIY4	Q5E3Z6
P38145	P38145
Q5AZ52	Q5AZ52
P49772	P49772
Q9SR70	Q9SR70
P0C8G2	P0C8G2
Q9LG86	Q9LG86
Q07843	Q07843
Q9VFE4	Q9VFE4
Q9VFE4	P46782
Q9VFE4	P97461
Q9VFE4	P24050
Q9VFE4	Q24186
Q9VFE4	Q9ZUT9
P45706	P45706
P77179	P77179
Q34946	Q34946
Q7TTU0	Q7TTU0
A0A2K3DU55	A0A2K3DU55
A1U0V1	A1U0V1
P9WQD5	P9WQD5
P9WQD5	B2HIN3
Q8ZBZ2	Q8ZBZ2
P29936	P29936
C1A1V2	C1A1V2
C1A1V2	A1KID0
C1A1V2	B8ZR59
C1A1V2	A4F913
C1A1V2	A4T8F7
C1A1V2	Q1B585
Q10LI1	Q10LI1
Q8XVT2	Q8XVT2
Q9DEA3	Q9DEA3
Q9DEA3	Q6B6N4
Q9DEA3	Q3ZBW4
Q9DEA3	P57761
Q9DEA3	Q9PTP1
Q9DEA3	P12004
Q9DEA3	P18248
Q9DEA3	P04961
Q9DEA3	P17918
A0A3B3IS91	A0A3B3IS91
Q02721	Q02721
Q8IXM6	Q8IXM6
Q8IXM6	Q8VC65
Q5VVH5	Q5VVH5
Q5VVH5	Q9ESJ7
Q313K1	Q313K1
A1SW72	A1SW72
Q46836	Q46836
Q71Z81	Q71Z81
Q55E31	Q55E31
B5ZSC5	B5ZSC5
Q02204	Q02204
Q8BJ83	Q8BJ83
Q8BJ83	Q9BRN9
A1KTN1	A1KTN1
A1KTN1	Q50967
P54507	P54507
P0ACK2	P0ACK2
Q9VU31	Q9VU31
Q1EIR0	Q1EIR0
O96795	O96795
Q28FB9	Q28FB9
Q28FB9	B5FXN8
Q28FB9	Q86V81
Q28FB9	Q3T0I4
Q28FB9	Q58EA2
Q28FB9	O08583
C7F6X3	C7F6X3
Q7VIU7	Q7VIU7
Q4WND3	Q4WND3
Q23192	Q23192
O74796	O74796
P58887	P58887
Q810I0	Q810I0
Q810I0	Q86XT2
B8D8Z8	B8D8Z8
Q7Z4M0	Q7Z4M0
O08437	O08437
N4WE43	N4WE43
Q3ADI0	Q3ADI0
Q9M886	Q9M886
Q9SZ59	Q9SZ59
B3EQT0	B3EQT0
Q59ZV4	Q59ZV4
Q584U2	Q584U2
Q6NL24	Q6NL24
Q2RJL2	Q2RJL2
Q5UYP9	Q5UYP9
Q10270	Q10270
P13665	P13665
O54830	O54830
Q9FIN1	Q9FIN1
Q9FIN1	Q8LG70
Q9M1S3	Q9M1S3
A5UXK1	A5UXK1
A5UXK1	A9B478
Q8R478	Q8R478
Q8R478	P97765
Q8R478	Q969T9
Q19706	Q19706
Q19706	A8WLV5
A0A009IHW8	A0A009IHW8
Q66JS6	Q66JS6
Q66JS6	O75822
Q66JS6	Q0VCU8
Q66JS6	A0JPM9
Q66JS6	Q3UGC7
Q66JS6	Q5ZKA4
P85098	P85098
Q66GR6	Q66GR6
Q66GR6	Q9M9S3
P28238	P28238
B8H6C3	B8H6C3
A4J233	A4J233
Q94KK5	Q94KK5
P96581	P96581
Q9Y580	Q9Y580
Q9Y580	Q3MHY8
Q9Y580	Q9CQT2
A0A0H2ZQL5	A0A0H2ZQL5
P31897	P31897
Q7NC69	Q7NC69
Q9LM15	Q9LM15
Q9FIQ5	Q9FIQ5
Q7XXR3	Q7XXR3
P87352	P87352
P74838	P74838
Q64SY7	Q64SY7
Q8BH49	Q8BH49
Q8BH49	D3ZL52
A6QPM6	A6QPM6
A6QPM6	Q8TAP8
A6QPM6	Q9D8C8
Q8Y0H8	Q8Y0H8
Q8Y0H8	Q7W9J7
Q8Y0H8	Q39I70
Q8Y0H8	Q3V7M2
Q8Y0H8	Q3V7S9
Q8Y0H8	Q46Z21
Q8Y0H8	Q1LKN4
Q8Y0H8	B2U984
Q32SG3	Q32SG3
A8A9H3	A8A9H3
Q6KZI8	Q6KZI8
Q92361	Q92361
P34714	P34714
A1SS81	A1SS81
Q830B5	Q830B5
Q5FKQ8	Q5FKQ8
Q8JIY8	Q8JIY8
A1KJ21	A1KJ21
A1KJ21	A6WC96
A1KJ21	C1ATY7
A1KJ21	Q0SHY7
A1KJ21	B8ZRB4
A1KJ21	A1T8W7
A1KJ21	A0QHH6
A1KJ21	A8LX55
A1KJ21	C5CBK1
A1KJ21	Q82A99
A1KJ21	A9WR62
A1KJ21	A1SL56
A1KJ21	Q4JW52
A1KJ21	A0JVK5
B0TDM7	B0TDM7
B0TDM7	B8FP24
B0TDM7	B1I556
B0TDM7	Q3A137
B0TDM7	B2UQA2
B0TDM7	A4J707
Q90471	Q90471
Q8SD18	Q8SD18
Q9FPN0	Q9FPN0
Q7RYL4	Q7RYL4
Q9BTT0	Q9BTT0
Q9BTT0	Q6NUW5
Q9BTT0	Q5XIE0
Q9BTT0	P97822
B9KXJ6	B9KXJ6
B9KXJ6	A5CZ73
Q5QY78	Q5QY78
H6LGM7	H6LGM7
P45955	P45955
Q7NLC0	Q7NLC0
Q6H711	Q6H711
Q23261	Q23261
A9KEG7	A9KEG7
Q8K9N6	Q8K9N6
Q9BU76	Q9BU76
P60355	P60355
Q86IZ4	Q86IZ4
Q6XYT0	Q6XYT0
Q5XEM9	Q5XEM9
Q5XEM9	Q9M2B4
Q73QY2	Q73QY2
I6YCF0	I6YCF0
Q7UGZ7	Q7UGZ7
A0A1S7LCW6	A0A1S7LCW6
P50200	P50200
Q0APW3	Q0APW3
P05552	P05552
Q0W2P8	Q0W2P8
G9FRD6	G9FRD6
P34791	P34791
P02889	P02889
A1YIY0	A1YIY0
A1YIY0	P23505
G5EGI7	G5EGI7
A5EXQ4	A5EXQ4
P68638	P68638
Q60177	Q60177
A0A0K8P8V5	A0A0K8P8V5
P54427	P54427
Q74G02	Q74G02
P9WG51	P9WG51
B5FAT7	B5FAT7
B5FAT7	Q7MN34
B5FAT7	Q8DFB4
B5FAT7	B7VJ90
O88441	O88441
O88441	O75431
O49292	O49292
O75937	O75937
O75937	Q642C0
O35566	O35566
O35566	Q3ZBH3
O35566	Q9QZA6
O35566	P48509
O35566	P61170
P50865	P50865
Q9VFW4	Q9VFW4
Q72IV5	Q72IV5
Q72IV5	Q5SIH7
Q0BZZ7	Q0BZZ7
A2A825	A2A825
A2A825	Q9BU20
Q7TQN2	Q7TQN2
Q66JN8	Q66JN8
A6UUS4	A6UUS4
Q9KNR1	Q9KNR1
Q9KNR1	B5FFY1
Q9KNR1	P50921
Q9KNR1	B6EPI8
Q9KNR1	Q8DCQ3
Q7XBH4	Q7XBH4
Q9LS01	Q9LS01
Q9LS01	Q93ZC5
Q9LS01	Q9LS03
Q9LS01	Q9LS02
P70331	P70331
A6X1F1	A6X1F1
A6X1F1	B0CLL1
A6X1F1	A5VQ63
A6X1F1	B2S5B9
A6X1F1	Q11HC9
Q9CZV2	Q9CZV2
Q9CZV2	Q6ZNX1
A7I0J2	A7I0J2
Q63635	Q63635
Q63635	Q9JKK1
Q63635	O43752
Q63635	Q5ZL19
B0TWU2	B0TWU2
B0TWU2	A0Q8C4
B0TWU2	B2SEZ7
B0TWU2	Q5NII7
A1VDB2	A1VDB2
Q9FMV5	Q9FMV5
Q9FMV5	Q9SMP0
Q7ZVX5	Q7ZVX5
P10726	P10726
P02915	P02915
P02915	P07109
B5Y1W9	B5Y1W9
Q0BV49	Q0BV49
P49692	P49692
P49692	Q9LZH9
Q8D1X1	Q8D1X1
C9SUS0	C9SUS0
P9WJM3	P9WJM3
B8MKZ6	B8MKZ6
Q5XJN2	Q5XJN2
Q5XJN2	E7E2N8
A7INK7	A7INK7
O74843	O74843
P21935	P21935
E8R9N2	E8R9N2
E8R9N2	B8D503
Q1BHS6	Q1BHS6
Q1BHS6	Q2SXD1
Q1BHS6	Q62J04
Q1BHS6	Q39EV3
P36571	P36571
O87873	O87873
Q5RFD3	Q5RFD3
Q5RFD3	P61289
A1APN8	A1APN8
Q6H509	Q6H509
A5GU97	A5GU97
A5GU97	A2C897
A7E3Z4	A7E3Z4
Q5N366	Q5N366
A7IQH5	A7IQH5
A7IQH5	Q56841
Q63515	Q63515
Q84JU4	Q84JU4
Q8CPH6	Q8CPH6
P76145	P76145
Q54K47	Q54K47
P80702	P80702
Q6MSQ4	Q6MSQ4
Q6MSQ4	Q2SRI4
P82918	P82918
P82918	Q1XHY1
P82918	Q767K8
P82918	Q9Y676
P82918	Q99N84
P82914	P82914
P82914	P82913
Q9LW00	Q9LW00
P9WIK3	P9WIK3
P9WIK3	B1MN34
P9WIK3	A0R0W2
Q9UBU2	Q9UBU2
Q9UBU2	Q9QYZ8
Q8F1S7	Q8F1S7
P34119	P34119
Q67KI0	Q67KI0
Q7ZUP0	Q7ZUP0
Q7ZUP0	P51122
Q7ZUP0	P39687
Q7ZUP0	O43423
Q7ZUP0	O35381
Q7ZUP0	P49911
Q96GG9	Q96GG9
Q96GG9	Q8BZJ7
Q96GG9	Q9QZ73
Q96GG9	Q6PH85
Q6CJ61	Q6CJ61
O34744	O34744
Q95Q17	Q95Q17
Q8CJ26	Q8CJ26
Q8GRN0	Q8GRN0
Q97ZE2	Q97ZE2
Q97ZE2	C3NDV9
C7P6N4	C7P6N4
A3DK21	A3DK21
I7CA98	I7CA98
Q9M012	Q9M012
P15530	P15530
P0CU50	P0CU50
P0CU50	P0CU45
O82259	O82259
A8EWF5	A8EWF5
A8EWF5	B9L986
Q4P2Q5	Q4P2Q5
A9KKR4	A9KKR4
Q9FJN9	Q9FJN9
Q9FJN9	Q9LX90
Q80HY2	Q80HY2
Q0C1A3	Q0C1A3
O74035	O74035
Q7YS81	Q7YS81
Q7YS81	P49812
Q37411	Q37411
Q55FK4	Q55FK4
Q48H69	Q48H69
Q48H69	B1JBE5
Q48H69	C3JY59
Q48H69	C1DKZ4
Q48H69	A4VLV3
Q48H69	A6V4G9
P23057	P23057
Q9STY0	Q9STY0
Q0CS66	Q0CS66
P20934	P20934
P08579	P08579
F4I8R6	F4I8R6
Q9NX63	Q9NX63
Q0TNQ8	Q0TNQ8
Q0TNQ8	Q92A19
Q0TNQ8	C1KWT9
Q0TNQ8	Q81EY8
Q0TNQ8	A7ZAF1
Q0TNQ8	C3P786
Q0TNQ8	C4L415
Q20939	Q20939
O45348	O45348
Q4FTM3	Q4FTM3
Q7WH03	Q7WH03
A8YZY3	A8YZY3
A8YZY3	O31675
A8YZY3	Q5L1C0
A8YZY3	A0RBG1
A8YZY3	A9VKR8
A8YZY3	B9IUT0
P24499	P24499
P0AFT2	P0AFT2
Q8G9F9	Q8G9F9
B4GWP5	B4GWP5
Q64846	Q64846
P32897	P32897
Q9BYJ0	Q9BYJ0
O53780	O53780
Q83I82	Q83I82
C1KW69	C1KW69
Q5FHJ9	Q5FHJ9
Q5FHJ9	Q3YSG2
C3MU99	C3MU99
A8G6D8	A8G6D8
Q94CL9	Q94CL9
P43598	P43598
Q8U3H5	Q8U3H5
Q4DRX4	Q4DRX4
Q2TBX2	Q2TBX2
Q2TBX2	P61758
Q9SZX9	Q9SZX9
P70345	P70345
Q9SVG9	Q9SVG9
Q9SB38	Q9SB38
Q0K8K6	Q0K8K6
Q0K8K6	Q46YZ3
P9WMK9	P9WMK9
Q9I9R4	Q9I9R4
Q64520	Q64520
Q64520	Q16774
B2JML0	B2JML0
B2JML0	Q21B81
P52286	P52286
D4GW96	D4GW96
P22101	P22101
C1CCD5	C1CCD5
A9QA56	A9QA56
P21605	P21605
Q9C900	Q9C900
A0A1W2PQD8	A0A1W2PQD8
Q3IBU5	Q3IBU5
D4GTL8	D4GTL8
P61118	P61118
P25397	P25397
P19685	P19685
P06850	P06850
P06850	P01143
P77968	P77968
Q8CFD9	Q8CFD9
Q9ERC3	Q9ERC3
Q9JN36	Q9JN36
Q2YDF2	Q2YDF2
B0ZT47	B0ZT47
Q9NRW3	Q9NRW3
A9WA87	A9WA87
Q9FMW9	Q9FMW9
P29676	P29676
P37623	P37623
Q9BX93	Q9BX93
Q86X83	Q86X83
A0A0F5HNH9	A0A0F5HNH9
Q84JP1	Q84JP1
Q0KEQ0	Q0KEQ0
O53021	O53021
B9IRW3	B9IRW3
P37016	P37016
Q9JJV1	Q9JJV1
P94548	P94548
Q39165	Q39165
D0CY60	D0CY60
A7H4H3	A7H4H3
Q7YRN2	Q7YRN2
B9E685	B9E685
B9E685	A5I6W1
Q5EG05	Q5EG05
Q1ZZU9	Q1ZZU9
A0QSY0	A0QSY0
Q86X19	Q86X19
P36149	P36149
Q9BUR5	Q9BUR5
A9NE82	A9NE82
Q8N668	Q8N668
Q8N668	Q8K4M5
O02761	O02761
F4JIJ7	F4JIJ7
A8GE01	A8GE01
O02853	O02853
O02853	Q8WNM1
O02853	Q29562
O02853	Q9XS65
O34549	O34549
Q05856	Q05856
A2VDY3	A2VDY3
P0DM78	P0DM78
P0DM78	P23836
Q62881	Q62881
Q5AD07	Q5AD07
Q94AF0	Q94AF0
Q63189	Q63189
A0A509ADH4	A0A509ADH4
P20074	P20074
P0CJ65	P0CJ65
A5UX01	A5UX01
Q1GZH6	Q1GZH6
Q17Z60	Q17Z60
Q8R9E0	Q8R9E0
Q6AWU6	Q6AWU6
Q9M9F1	Q9M9F1
P15995	P15995
Q9LZG7	Q9LZG7
O50083	O50083
O50083	Q8U1F0
Q3A558	Q3A558
P35176	P35176
Q4A7J6	Q4A7J6
Q4A7J6	Q600B2
B4RCS6	B4RCS6
Q9ZW28	Q9ZW28
Q9ZW28	Q9ZW29
Q9ZW28	Q9ZW27
Q9ZW28	Q9ZW30
Q03SV2	Q03SV2
B6YXE5	B6YXE5
B6YXE5	C5A3Q1
O81323	O81323
Q9JIY8	Q9JIY8
O08446	O08446
I1RII8	I1RII8
Q96YD0	Q96YD0
Q65DK0	Q65DK0
Q1QLB2	Q1QLB2
Q1QLB2	Q6N734
V9TS54	V9TS54
Q57YJ0	Q57YJ0
Q3IDL2	Q3IDL2
D5VQW1	D5VQW1
Q2GKG5	Q2GKG5
Q9P7F7	Q9P7F7
P45776	P45776
A5VB15	A5VB15
Q28BQ6	Q28BQ6
Q6NKP9	Q6NKP9
Q6GLK2	Q6GLK2
Q21A54	Q21A54
P82193	P82193
O24973	O24973
P9WIC7	P9WIC7
P03228	P03228
A4SI95	A4SI95
P56598	P56598
P56598	P31670
Q5ZKQ7	Q5ZKQ7
Q5ZKQ7	Q32L52
Q5ZKQ7	Q6PC55
P60369	P60369
Q09652	Q09652
Q9AQI0	Q9AQI0
Q96MW1	Q96MW1
P48353	P48353
P31164	P31164
P31164	Q9MAP3
Q942A8	Q942A8
Q942A8	Q7XZY1
Q9XFM6	Q9XFM6
P53721	P53721
Q803P1	Q803P1
A0NLY7	A0NLY7
Q8H0T5	Q8H0T5
Q28145	Q28145
Q28145	O95156
B0U4U5	B0U4U5
B0U4U5	B2FK94
B0U4U5	B0RTZ9
B0U4U5	Q4UTP8
B0U4U5	Q2P1L4
P9WM53	P9WM53
Q7KQJ9	Q7KQJ9
O75494	O75494
F2Z472	F2Z472
A6PWV3	A6PWV3
A6PWV3	Q5VZ72
P35988	P35988
Q00983	Q00983
O50147	O50147
Q8VYI1	Q8VYI1
Q8VYI1	Q9AST3
P17261	P17261
O93868	O93868
Q570X5	Q570X5
A0A1X9PY88	A0A1X9PY88
A0A1X9PY88	A2Q5W1
Q5NB25	Q5NB25
Q5NB25	Q75GB1
B9JN20	B9JN20
B9JN20	Q2YIQ6
Q9US14	Q9US14
Q2GK91	Q2GK91
Q9P7B5	Q9P7B5
Q9FL81	Q9FL81
Q0HPU6	Q0HPU6
Q0HPU6	Q8E8N6
B6YQC6	B6YQC6
Q05874	Q05874
P9WK47	P9WK47
Q8E9K1	Q8E9K1
Q2W9Z8	Q2W9Z8
A8G737	A8G737
Q49WW9	Q49WW9
A5IC64	A5IC64
Q5C9I9	Q5C9I9
Q73Q54	Q73Q54
B0WQ75	B0WQ75
Q9SE35	Q9SE35
Q5GTA6	Q5GTA6
Q5GTA6	B3CN84
Q88EW3	Q88EW3
B8HWP9	B8HWP9
B8HWP9	Q8YWS8
B8HWP9	B0BYP7
Q54XK9	Q54XK9
Q8TSX9	Q8TSX9
Q2TBK2	Q2TBK2
Q2TBK2	Q9BYD2
Q3LRV9	Q3LRV9
P28612	P28612
P9WGU3	P9WGU3
A0A0U8TRG9	A0A0U8TRG9
O28204	O28204
B1MAI3	B1MAI3
Q9XB59	Q9XB59
D5LN76	D5LN76
Q99216	Q99216
Q99216	O14044
Q99216	Q6BJ75
Q0DFT7	Q0DFT7
Q479M3	Q479M3
P15193	P15193
P15193	P04159
P15193	P14279
P15193	P12471
P15193	P06671
P15193	Q9XF87
P15193	P27518
P15193	P27497
P15193	P27491
P15193	P15195
P15193	P12330
P15193	P27495
P15193	P27490
P15193	P12470
P15193	P27496
P15193	P92919
P15193	P12062
P15193	P20866
P15193	P04781
P15193	Q10HD0
P15193	P04784
P15193	Q9SHR7
P15193	P12328
P15193	P27520
P15193	P07371
P15193	P04783
P15193	P27494
P15193	P07370
P15193	P09756
P15193	P12333
P15193	Q00827
P15193	P12469
P15193	P12329
P15193	P04780
P15193	P04782
P15193	P12331
P15193	Q9S7J7
P15193	P14278
P15193	P04779
P15193	P08963
P15193	P07369
P15193	P27492
P15193	P27493
P15193	P15194
P15193	P14273
P15193	P09755
P15193	P22686
P15193	P0CJ48
P15193	P04778
P15193	P13851
P15193	P27523
P15193	Q9S7M0
P15193	P27489
P38120	P38120
Q6CMJ8	Q6CMJ8
Q9ZV87	Q9ZV87
O48781	O48781
Q5NTA4	Q5NTA4
Q21305	Q21305
A7M7B9	A7M7B9
P22045	P22045
P0C8G7	P0C8G7
P0C8G7	P0DQP0
Q0RRW7	Q0RRW7
Q0RRW7	A8LCA0
Q0RRW7	Q0S449
Q0RRW7	A4TDB9
Q0RRW7	Q5YWC8
Q3IS07	Q3IS07
Q4R543	Q4R543
Q4R543	Q9D819
Q4R543	Q15181
Q4R543	Q5R8T6
Q4R543	P37980
O82166	O82166
A6W1R4	A6W1R4
A6W1R4	A5UI47
A6W1R4	A5UDH0
A6W1R4	A5F8Y6
A6W1R4	Q7VMH2
A6W1R4	A1SS96
A6W1R4	A3QBR4
A6W1R4	Q8DER9
A6W1R4	Q6LUM1
A6W1R4	P57808
A6W1R4	Q5R064
Q30RJ0	Q30RJ0
P31142	P31142
W5U2K2	W5U2K2
A7MGP7	A7MGP7
A7MGP7	P31663
A7MGP7	A4W6N7
A7MGP7	B4SUA7
A7MGP7	B2VD18
A7MGP7	B5F832
A7MGP7	A4TPV4
A7MGP7	B4TXN3
A7MGP7	Q0TLJ9
A7MGP7	A1A7H9
A7MGP7	B5RHC0
A7MGP7	Q32JW8
A7MGP7	Q7N870
A7MGP7	B7MBB6
B1JRM5	B1JRM5
B1JRM5	A8GGT5
B1JRM5	Q8ZNK6
B1JRM5	Q83QW6
B1JRM5	A1JLX8
B1JRM5	Q57MD6
B1JRM5	B5FNK8
B1JRM5	B5XP51
B1JRM5	Q7N364
B1JRM5	A7ZNY3
B1JRM5	B7N5C2
B1JRM5	A9MK49
B1JRM5	P0A6C1
B1JRM5	B4TAM6
B1JRM5	Q8Z593
B1JRM5	Q3Z047
B1JRM5	B2VIH1
B1JRM5	B4TNR0
B1JRM5	A7MLL2
P56261	P56261
P56261	Q6PZD9
P56261	Q15744
A3D303	A3D303
A3D303	A3QFX8
A3D303	B0TLV1
A3D303	Q47XL6
O60671	O60671
O60671	Q9QWZ1
Q93F76	Q93F76
Q93F76	Q9KJY7
Q93F76	Q09HD0
Q17VA0	Q17VA0
Q17VA0	Q1CRM5
Q17VA0	B6JNP9
K7VCB9	K7VCB9
P9WG83	P9WG83
Q8NI29	Q8NI29
Q8NI29	Q6DIA9
P07182	P07182
Q9C598	Q9C598
Q64704	Q64704
Q64704	Q08849
Q64704	Q13277
Q5R4L2	Q5R4L2
Q5R4L2	P32850
Q5R4L2	O35526
Q5R4L2	P32851
Q5R4L2	P61266
Q5R4L2	Q16623
Q5R4L2	P61268
P50091	P50091
P0ABA6	P0ABA6
Q46525	Q46525
A8QMS7	A8QMS7
Q0BTP1	Q0BTP1
Q0BTP1	Q5FT15
P35182	P35182
P0AA00	P0AA00
P0AA00	P37323
P0AA00	P0AD64
P0AA00	Q9S169
P0AA00	Q93LM8
P0AA00	Q9S424
P0AA00	P0A9Z9
Q71Z49	Q71Z49
Q8U4G1	Q8U4G1
Q8U4G1	O57950
Q6NMK1	Q6NMK1
Q1GTW9	Q1GTW9
O74387	O74387
Q503V9	Q503V9
Q3IQI3	Q3IQI3
O74778	O74778
O65499	O65499
Q63203	Q63203
Q2J9L3	Q2J9L3
B1MK49	B1MK49
Q8IXP5	Q8IXP5
Q8IXP5	Q9D8Q6
Q7MWK6	Q7MWK6
Q72HS7	Q72HS7
Q72HS7	Q5SHG2
Q59324	Q59324
Q59324	Q8KZP5
Q59324	A1VUV0
Q59324	Q52011
Q59324	P47229
Q59324	Q52036
O18968	O18968
O18968	P08033
O18968	Q60HF7
O18968	P08034
O18968	P08983
Q9CNY1	Q9CNY1
Q9CNY1	A3N2D3
Q9CNY1	B0UUD2
P55859	P55859
P55859	P85973
P55859	P00491
P55859	P23492
Q8EGJ4	Q8EGJ4
Q8EGJ4	Q0HGT5
Q8EGJ4	Q0HT42
P10088	P10088
Q94LR4	Q94LR4
Q94LR4	Q7XCA7
Q94LR4	O24230
Q94LR4	Q10T32
Q8PFE9	Q8PFE9
Q8PFE9	Q3BN06
Q8PFE9	Q4UPE3
Q8PFE9	B4SMU6
Q8PFE9	B2FMH7
P91409	P91409
Q9CZ92	Q9CZ92
Q9V813	Q9V813
Q9V813	Q291H4
C0SVS4	C0SVS4
Q74BH6	Q74BH6
Q74BH6	B9M5P5
Q9PK33	Q9PK33
Q3AQY2	Q3AQY2
Q8CFR0	Q8CFR0
Q8CFR0	Q7Z5L3
Q034I2	Q034I2
A2AWP0	A2AWP0
Q2G6P1	Q2G6P1
Q2G6P1	Q1GR07
Q2QLA8	Q2QLA8
Q2QLA8	P25229
Q2QLA8	B2GUZ5
Q2QLA8	P47755
Q2QLA8	Q2QL99
Q2QLA8	P47754
Q2QLA8	Q5E997
Q2QLA8	P13127
Q2QLA8	P52907
Q2QLA8	Q2QL88
Q2QLA8	A4FUA8
Q2QLA8	Q2IBB9
Q2QLA8	P47753
Q9CWS0	Q9CWS0
Q9CWS0	O94760
Q9CWS0	P56965
Q9CWS0	O08557
Q9LUE3	Q9LUE3
B6YQB8	B6YQB8
Q4WX36	Q4WX36
Q4WX36	Q7SGE1
Q4WX36	P40078
A5D654	A5D654
A5CX21	A5CX21
A5CX21	A1AW71
P14637	P14637
P14637	A6VFT8
Q7V1N1	Q7V1N1
P0ABG1	P0ABG1
A0A067YMX8	A0A067YMX8
Q1I4P1	Q1I4P1
Q1I4P1	A6VCI6
Q1I4P1	B1J2C1
Q1I4P1	Q88DW8
Q1I4P1	A4VPM7
Q69XJ4	Q69XJ4
P0C0K5	P0C0K5
P0C0K5	Q8VIM0
A4IQS0	A4IQS0
A4IQS0	B7GHF9
Q97D80	Q97D80
D4N3P2	D4N3P2
Q3KLG4	Q3KLG4
Q3KLG4	B0B8A7
Q3KLG4	Q824Q4
Q3KLG4	Q9Z7Q2
A0A126P745	A0A126P745
Q8GUT5	Q8GUT5
Q0AUM4	Q0AUM4
Q0I685	Q0I685
Q0I685	Q7U3L0
O60086	O60086
Q72W63	Q72W63
Q72W63	Q04W97
Q72W63	B0SC36
P19938	P19938
Q2NYV5	Q2NYV5
Q2NYV5	Q4UYY2
Q2NYV5	B0U6U5
Q2NYV5	B2IA16
B2TY92	B2TY92
B2TY92	P0C8J7
B2TY92	Q32EA9
B2TY92	A7ZNR5
B2TY92	Q323C6
B2TY92	B7NCC6
B2TY92	B7NPN7
B2TY92	B7MEF1
B2TY92	P0C8J6
P33376	P33376
P33376	P09598
C4Z1Q7	C4Z1Q7
B1MDL2	B1MDL2
Q5PNC8	Q5PNC8
Q5PNC8	P40192
Q5PNC8	Q8Z4W1
B3ELV8	B3ELV8
B3ELV8	B4S3I3
Q184H7	Q184H7
P19057	P19057
P19057	P0C0Y8
P19057	P10717
P19057	O66139
Q9H467	Q9H467
Q9H467	A1L131
Q9H467	Q9CXX9
Q9H467	Q3ZBN4
Q6UX98	Q6UX98
Q6UX98	Q2TGI5
Q6UX98	Q6IR37
Q3U5F4	Q3U5F4
Q3U5F4	Q0VC80
Q3U5F4	Q86U90
Q3U5F4	Q499R4
Q6L8H1	Q6L8H1
Q6L8H1	Q6L8G5
Q6L8H1	Q6L8H4
Q9ULR0	Q9ULR0
Q9ULR0	Q6AYB3
Q9ULR0	Q69ZQ2
Q4PT34	Q4PT34
P09491	P09491
A4FXY0	A4FXY0
A4FXY0	A6UTA7
C0PZ24	C0PZ24
C0PZ24	A6TEF4
C0PZ24	B5BGG5
C0PZ24	Q57JK9
C0PZ24	Q7CPQ7
Q4V9L6	Q4V9L6
Q83H08	Q83H08
B8NQ51	B8NQ51
A6TAC7	A6TAC7
A6TAC7	P77044
A6TAC7	Q8X5K0
A6TAC7	B7NK06
B3EMN7	B3EMN7
Q9FGS0	Q9FGS0
G2SLH8	G2SLH8
P40228	P40228
P40228	P40229
Q6MG60	Q6MG60
Q6MG60	Q99LD8
Q6MG60	O95865
Q6MG60	Q3SX44
B3E6X0	B3E6X0
Q6QRN6	Q6QRN6
Q6QRN6	B0BNM1
Q6QRN6	Q0PIT9
Q6QRN6	Q8K4Z3
Q6QRN6	Q8NCW5
Q6QRN6	F7FIH8
Q6QRN6	E2QRY6
A2SPZ6	A2SPZ6
B7LXL0	B7LXL0
B7LXL0	B7MZ90
B7LXL0	B7NVU2
B7LXL0	B5Z3F9
B7LXL0	B7MLB5
B7LXL0	A9MSB5
B7LXL0	C6DAH4
B7LXL0	Q6D8F4
B7LXL0	Q31XJ6
B7LXL0	Q83JW9
B7LXL0	B5QWQ2
B7LXL0	Q46920
B7LXL0	Q1R7P8
B7LXL0	A7MR08
B7LXL0	A6TD67
B7LXL0	B5XV05
B7LXL0	B1JQF1
B7LXL0	A7FFG0
B7LXL0	B4F2E4
Q8VI64	Q8VI64
P57345	P57345
P57345	B8D950
A5VT27	A5VT27
A5VT27	B2S968
A5VKR7	A5VKR7
Q6N3Y0	Q6N3Y0
Q52532	Q52532
Q9ZUU4	Q9ZUU4
Q8CFJ7	Q8CFJ7
Q8CFJ7	Q8N413
Q9LW57	Q9LW57
Q6C0M9	Q6C0M9
Q9SU14	Q9SU14
Q17QU6	Q17QU6
Q17QU6	Q91Z49
Q17QU6	Q96QD9
Q17QU6	Q7TQ84
Q9Y5P0	Q9Y5P0
Q3AXW8	Q3AXW8
P40464	P40464
A5EXM7	A5EXM7
Q90YS4	Q90YS4
Q90YS4	A0A8I5KQE6
Q90YS4	Q4GWZ2
Q90YS4	Q2L9X0
Q90YS4	P38982
Q90YS4	P14206
Q90YS4	P38983
Q90YS4	G1TLT8
Q90YS4	P26452
Q90YS4	B5FXT6
Q90YS4	P08865
Q90YS4	A6YRY8
Q90YS4	P50890
Q90YS4	Q803F6
Q90YS4	Q3ZM03
Q90YS4	Q4QY71
Q90YS4	Q6P8D1
Q90YS4	B5DGB6
O28344	O28344
P21853	P21853
P21853	Q06173
P21853	P13061
Q8E2B1	Q8E2B1
Q8E2B1	P0DF28
Q8E2B1	P66710
Q8E2B1	Q3K3U4
Q8E2B1	Q5M2D9
Q8E2B1	A3CK90
Q8GR45	Q8GR45
P19228	P19228
P19228	P02661
Q6YBV1	Q6YBV1
B3R0F3	B3R0F3
B2AG52	B2AG52
B2AG52	Q477E8
Q1WUJ3	Q1WUJ3
Q44151	Q44151
O14893	O14893
O14893	Q9CQQ4
O14893	Q9QZP1
A4IGD2	A4IGD2
P76014	P76014
A7NK01	A7NK01
B3FWR8	B3FWR8
P79341	P79341
O24690	O24690
B4SE07	B4SE07
B8D509	B8D509
B5EFS1	B5EFS1
B5EFS1	C6E4N6
Q8VY92	Q8VY92
Q8VY92	Q9LQY3
P61296	P61296
P0A744	P0A744
A5FUG4	A5FUG4
Q8NEA5	Q8NEA5
A9M007	A9M007
Q3AYR1	Q3AYR1
P32341	P32341
O00212	O00212
Q9LYP6	Q9LYP6
Q6QJ75	Q6QJ75
P98023	P98023
Q9UZV4	Q9UZV4
A4WP17	A4WP17
Q7VBF5	Q7VBF5
P52794	P52794
Q4A8I8	Q4A8I8
Q4A8I8	Q4AAF7
Q9BTP6	Q9BTP6
B2U7S2	B2U7S2
B2U7S2	Q8XXN9
O80852	O80852
Q80UU9	Q80UU9
Q6URK8	Q6URK8
Q6URK8	Q2YDM5
Q601J4	Q601J4
A4WW31	A4WW31
A4WW31	P95650
A4WW31	Q3IYC6
Q6QPJ6	Q6QPJ6
A6VSX4	A6VSX4
A6VSX4	Q1I2T8
A6VSX4	Q88BD7
A6VSX4	Q3K4M3
Q06750	Q06750
Q9FZ27	Q9FZ27
P59024	P59024
P0C6J2	P0C6J2
Q04477	Q04477
Q8K9D4	Q8K9D4
Q8K9D4	P57497
Q5BVD1	Q5BVD1
A6WLC0	A6WLC0
A6WLC0	B4RVJ6
A6WLC0	A1RLL3
Q2YUL2	Q2YUL2
C0HK25	C0HK25
K4ZRC1	K4ZRC1
O35587	O35587
O35587	P49755
O35587	Q5RE32
B9LI74	B9LI74
Q00954	Q00954
Q00954	Q17QN4
Q15R35	Q15R35
Q9M644	Q9M644
A6NJW9	A6NJW9
Q2HJ22	Q2HJ22
Q9NYP8	Q9NYP8
P20434	P20434
P20434	Q6BIJ0
Q474J5	Q474J5
Q474J5	B1YVH0
Q474J5	A6V681
Q474J5	B2SY84
P0DPQ5	P0DPQ5
C4L7L6	C4L7L6
C4L7L6	Q086W4
C4L7L6	C3LR22
C4L7L6	Q87LL9
C4L7L6	A0KLT5
C4L7L6	B5FAI8
Q83AZ6	Q83AZ6
A6L1H7	A6L1H7
A6L1H7	Q8A5I9
P23266	P23266
P23266	O43749
P23266	Q96R84
P40722	P40722
Q561R8	Q561R8
Q561R8	Q8C9E8
Q561R8	Q5R3K3
P91082	P91082
P59530	P59530
P87059	P87059
A7IDU0	A7IDU0
P23267	P23267
P9WP65	P9WP65
A0A0R4IM31	A0A0R4IM31
P94421	P94421
F4JEI8	F4JEI8
Q38W03	Q38W03
Q03K93	Q03K93
A2SCY7	A2SCY7
Q40772	Q40772
Q40772	P85208
P38122	P38122
Q9LJW3	Q9LJW3
Q9FKT4	Q9FKT4
Q2K6Q4	Q2K6Q4
Q9PV90	Q9PV90
Q9PV90	Q95140
Q9PV90	P05388
Q9PV90	G1SPK4
Q9PV90	Q29214
Q9PV90	Q8NHW5
Q9PV90	P14869
Q9PV90	P19945
Q9PV90	P47826
A9NBU3	A9NBU3
O83600	O83600
O83600	B2S3I2
Q8Y6V9	Q8Y6V9
Q8Y6V9	Q92BE3
P57651	P57651
P0ACR2	P0ACR2
Q7M7I8	Q7M7I8
Q7M7I8	Q87L06
A0A4P8GG75	A0A4P8GG75
Q30T53	Q30T53
Q6M0B9	Q6M0B9
Q1LZ71	Q1LZ71
Q1LZ71	O88407
Q1LZ71	Q5R4I4
Q1LZ71	Q9BWQ8
Q2RK82	Q2RK82
E9RGS4	E9RGS4
Q60890	Q60890
Q10462	Q10462
Q65ZG6	Q65ZG6
Q29471	Q29471
Q29471	P27216
B9LR22	B9LR22
A8WFS8	A8WFS8
Q8NGR9	Q8NGR9
P55806	P55806
P55806	P55807
Q9D075	Q9D075
Q9D075	Q5RJK3
Q9D075	Q6PF06
Q9D075	Q08DP1
Q8YFA2	Q8YFA2
O18640	O18640
O18640	O42248
O18640	O42249
O18640	G4MQX3
O18640	P63244
O18640	A0A223GEB2
O18640	Q01369
Q0JJV0	Q0JJV0
P41044	P41044
P46667	P46667
O72737	O72737
O72737	Q01218
O72737	Q8BEJ6
Q03419	Q03419
Q1HAY7	Q1HAY7
O45767	O45767
Q87VA4	Q87VA4
Q87VA4	Q88D35
O58802	O58802
Q9D5S1	Q9D5S1
O05511	O05511
B0B9N6	B0B9N6
Q1LVZ2	Q1LVZ2
Q1LVZ2	Q99M02
Q1LVZ2	Q9P0N8
Q1LVZ2	Q32L65
Q1LVZ2	Q5I0I2
Q1LVZ2	Q28EX7
Q1LVZ2	Q5PQ35
O82827	O82827
Q9BY14	Q9BY14
O95926	O95926
O95926	Q9D198
Q58178	Q58178
Q58178	A6VFM8
Q58178	A9AB07
Q21012	Q21012
A1AUF4	A1AUF4
P62369	P62369
P48672	P48672
A0A1D8PEH1	A0A1D8PEH1
P33359	P33359
Q3ZYH8	Q3ZYH8
Q02767	Q02767
Q74Z34	Q74Z34
A1SSR3	A1SSR3
Q10657	Q10657
Q8LEJ6	Q8LEJ6
Q01639	Q01639
Q3A397	Q3A397
Q3A397	Q6MGY5
A1SND2	A1SND2
A1U1R0	A1U1R0
P41975	P41975
P41975	P08294
A0A2I1BT01	A0A2I1BT01
A4XT57	A4XT57
Q1PE49	Q1PE49
Q5U3T3	Q5U3T3
Q5U3T3	O95476
Q5U3T3	Q8JIL9
Q5U3T3	Q3TP92
Q5U3T3	Q28HW9
Q5U3T3	Q5U395
Q5U3T3	Q1RMV9
O92490	O92490
P40802	P40802
Q99935	Q99935
P33751	P33751
Q58247	Q58247
P21534	P21534
Q98SK0	Q98SK0
Q10446	Q10446
Q6MFY8	Q6MFY8
Q6MFY8	Q3UWA4
B2UMF1	B2UMF1
Q74AX1	Q74AX1
Q3AQ14	Q3AQ14
Q9H2W1	Q9H2W1
P05200	P05200
Q41651	Q41651
A4SEC9	A4SEC9
Q9Y5U5	Q9Y5U5
P18543	P18543
Q9P940	Q9P940
Q8MSX2	Q8MSX2
P19994	P19994
P10208	P10208
Q3ZCB8	Q3ZCB8
Q3ZCB8	Q5U2V8
Q3ZCB8	Q9P0I2
Q3ZCB8	Q7SXW4
Q96D21	Q96D21
Q96D21	P63032
Q8A0H8	Q8A0H8
Q8A0H8	A6LF39
P04977	P04977
P0A9G8	P0A9G8
A0A5B8X7H4	A0A5B8X7H4
A0A5B8X7H4	A0A5B8XC60
A0A5B8X7H4	A0A5B8X840
Q2IGQ6	Q2IGQ6
Q2IGQ6	Q1D320
A0A251PW43	A0A251PW43
P03259	P03259
O65469	O65469
Q3KI98	Q3KI98
Q3KI98	Q88DU4
Q3KI98	A5W9A1
Q3KI98	B7V1H1
Q3KI98	Q1IF57
Q3KI98	Q87WP2
Q3KI98	A6VCL6
Q3KI98	Q48E64
Q3KI98	Q52419
Q3ACY8	Q3ACY8
Q8DFQ4	Q8DFQ4
Q8DFQ4	Q5E6M2
Q0JMW0	Q0JMW0
Q08864	Q08864
A2SHS6	A2SHS6
Q10007	Q10007
Q6Z6G5	Q6Z6G5
Q5HMC9	Q5HMC9
Q62798	Q62798
Q62798	A6NNA5
Q62798	Q8BYH0
P60353	P60353
P38838	P38838
A1KVS6	A1KVS6
A1KVS6	Q5F6F7
A1KVS6	P95399
A1KVS6	P56992
A1KVS6	P95400
A7GZP8	A7GZP8
P18408	P18408
P50499	P50499
P50499	P19599
P42829	P42829
P42829	P9WGR1
Q46AR1	Q46AR1
Q46AR1	Q12U93
P81928	P81928
P06534	P06534
P06534	P52934
P06534	P0A4I4
O15260	O15260
O15260	A7YY49
O15260	Q64310
O15260	Q7SZQ7
Q31B42	Q31B42
Q31B42	A8G4L8
Q605H0	Q605H0
A0A125YZH9	A0A125YZH9
O67926	O67926
Q13YL3	Q13YL3
Q13YL3	Q13IY4
Q9LXX5	Q9LXX5
O49080	O49080
O49080	P16059
O49080	P85189
O49080	Q42029
A0R8Y3	A0R8Y3
A0R8Y3	Q6HPB7
Q2SL19	Q2SL19
B9DGU7	B9DGU7
B9DGU7	F4IV16
Q1QDV0	Q1QDV0
Q9XFR0	Q9XFR0
Q9FKD6	Q9FKD6
Q8N1Q1	Q8N1Q1
Q8N1Q1	Q9D6N1
G5EEP3	G5EEP3
P40580	P40580
Q8A1A0	Q8A1A0
Q46927	Q46927
P39071	P39071
B1KW01	B1KW01
B1KW01	A7GFJ3
B1KW01	C3KZ28
B1KW01	B1IHH3
B1KW01	A5I421
P34071	P34071
P34071	P01553
P34071	P0A0L5
A2T806	A2T806
A2T806	O60828
A2T806	Q2HJC9
A2T806	Q6PCT5
A2T806	Q91VJ5
Q9WX11	Q9WX11
Q54MR1	Q54MR1
Q8EHD3	Q8EHD3
Q8EHD3	A3QBM7
Q8EHD3	B0TIP2
Q8EHD3	Q0HG46
Q8EHD3	A8H157
Q8EHD3	Q0HSD9
Q8EHD3	Q12KC1
Q8EHD3	A8FS68
Q8EHD3	B8CJF5
Q8EHD3	A6WKK8
Q8EHD3	B1KHE6
P14575	P14575
Q6AX73	Q6AX73
Q6AX73	A0JP80
P76044	P76044
Q9XUN9	Q9XUN9
B1HTF0	B1HTF0
A7I4T3	A7I4T3
Q99714	Q99714
Q99714	O02691
Q99714	O08756
Q99714	O70351
P04927	P04927
Q8IVN8	Q8IVN8
L0TC47	L0TC47
Q7VGS3	Q7VGS3
G4RJY6	G4RJY6
Q3ZN08	Q3ZN08
Q8IXQ9	Q8IXQ9
Q8IXQ9	Q80ZM3
Q8IXQ9	Q6P7Q0
Q9CQ28	Q9CQ28
Q9CQ28	Q2HJF5
Q9CQ28	Q7L8W6
Q9CQ28	Q5M9F5
Q9CQ28	A2RV01
B9L7I2	B9L7I2
P53323	P53323
P53323	Q74Z75
A0A081HJP9	A0A081HJP9
P47141	P47141
Q8G7Y3	Q8G7Y3
Q9NPC6	Q9NPC6
Q9NPC6	Q5E9V3
Q9NPC6	Q5R6I2
Q9NPC6	Q9JJW5
Q7Y0D4	Q7Y0D4
P34227	P34227
P41772	P41772
O26102	O26102
O26102	B5Z9L2
O26102	B2UVZ8
O26102	Q17ZN1
A9L3D9	A9L3D9
A9L3D9	A3D7X7
A9L3D9	A0L0D2
A4L9J0	A4L9J0
A4L9J0	P51180
A4L9J0	P06624
A4L9J0	P09011
A4L9J0	Q06019
A4L9J0	Q6J8I9
A4L9J0	P30301
A4L9J0	A2IBY8
Q9XYQ2	Q9XYQ2
P70972	P70972
B5RBG7	B5RBG7
B5RBG7	A9MLV4
B5RBG7	Q8FGG0
B5RBG7	Q8KR59
B5RBG7	B5FL88
B5RBG7	B4TZN1
B5RBG7	P76346
B5RBG7	B7L8Z1
B5RBG7	A8AF43
B5RBG7	B7NBW5
B5RBG7	B7MCM7
B5RBG7	A6TB83
B5RBG7	Q5PDV8
B5RBG7	A4WC00
B5RBG7	A7ZNE5
Q9S7H4	Q9S7H4
Q91W78	Q91W78
Q91W78	Q0II50
Q91W78	Q5I0I5
Q91W78	Q9BQ65
B1MFK2	B1MFK2
Q8PCE7	Q8PCE7
Q8PCE7	Q5GWB5
Q8PCE7	B7KQG2
Q8PCE7	A1KAF7
Q8PCE7	B8IF20
Q08624	Q08624
Q08624	P09017
Q6ZXC3	Q6ZXC3
Q1AZV2	Q1AZV2
Q3B7Q7	Q3B7Q7
A5F9D9	A5F9D9
A5F9D9	Q8DC57
P69801	P69801
P50280	P50280
P50280	Q10738
P50280	P09237
P50280	P55032
O14172	O14172
Q9YGS6	Q9YGS6
Q9YGS6	P31274
Q9YGS6	P09633
Q6XEC0	Q6XEC0
Q8R197	Q8R197
Q8R197	P08635
Q9D0L6	Q9D0L6
Q9D0L6	Q91XN4
Q9D0L6	Q13145
K5VN09	K5VN09
K5VN09	A0A0S2GKZ1
Q4QND5	Q4QND5
Q4QND5	Q0I4A9
Q4QND5	P44692
Q4QND5	Q65UG3
Q04066	Q04066
Q5U7L7	Q5U7L7
Q5U7L7	A0A0F7KYQ8
Q5U7L7	Q840P9
Q504P2	Q504P2
B5FB78	B5FB78
B5FB78	Q8DEG8
B5FB78	B6EM11
B5FB78	Q87SL0
B5FB78	A7MWQ3
A0QZ12	A0QZ12
Q8Y8D7	Q8Y8D7
Q8Y8D7	Q721J8
Q2RKL6	Q2RKL6
A2RJS9	A2RJS9
P25741	P25741
P25741	Q9R9D6
Q92JJ8	Q92JJ8
Q92JJ8	Q9ZEA1
Q92JJ8	Q1RGP3
Q92JJ8	Q68XS0
Q92JJ8	Q4UN71
Q9RFV9	Q9RFV9
Q9RFV9	A5F5Y7
Q9RFV9	Q56582
Q03EW6	Q03EW6
C3N7H5	C3N7H5
C3N7H5	C3MXK7
Q9HGP5	Q9HGP5
A6L1Q8	A6L1Q8
A6L1Q8	Q7MTB5
Q9BXU9	Q9BXU9
Q9BXU9	Q9JJG7
Q6F2B4	Q6F2B4
P51861	P51861
Q8L4M6	Q8L4M6
O49741	O49741
Q9NTQ9	Q9NTQ9
Q9NTQ9	Q02738
Q9NTQ9	P36380
Q28VU8	Q28VU8
Q28VU8	Q5LLZ3
Q61142	Q61142
Q61142	Q5JUX0
Q61142	Q99865
Q61142	Q9BPZ2
Q61142	Q4V8J7
Q61142	Q9Y657
Q61142	Q56A73
Q61142	Q8K1L2
Q61142	Q2KI39
Q61142	Q6NVE3
P0DO81	P0DO81
P0DO81	P0DO80
Q83BG2	Q83BG2
A6WXE0	A6WXE0
A6WXE0	A9M8S2
C4L929	C4L929
O42296	O42296
O42296	P08250
O42296	P32918
B2VFG2	B2VFG2
C3NF41	C3NF41
C3NF41	C3MJ49
E3G381	E3G381
E3G381	A8ACY8
E3G381	P27859
Q1QRR2	Q1QRR2
Q1QRR2	Q07UC1
Q1QRR2	Q13ES7
Q1QRR2	P60940
Q1QRR2	Q3SWA8
Q1QRR2	Q2J2D8
Q1QRR2	Q21C73
Q9WU83	Q9WU83
Q9WU83	Q9VIU7
Q9WU83	A5GFZ5
Q9WU83	O60762
Q9WU83	Q1JQ93
Q9WU83	O70152
Q9EQT3	Q9EQT3
Q9EQT3	Q7L0Q8
Q9EQT3	A5D7J5
C0R4N2	C0R4N2
C0R4N2	Q5GSB8
P39832	P39832
O74888	O74888
Q91622	Q91622
Q6UXV4	Q6UXV4
Q6UXV4	Q3SZ27
Q6UXV4	Q78IK4
Q8VHW7	Q8VHW7
Q8VHW7	Q9BXT2
Q8VHW7	Q8VHW3
Q8L471	Q8L471
Q6BHA8	Q6BHA8
A9ND24	A9ND24
Q9QXU9	Q9QXU9
Q9QXU9	Q9UHG2
Q9QXU9	Q9QXV0
Q6G577	Q6G577
Q6G577	A1UUE1
Q6G577	Q6G1I2
Q6G577	A9ILA7
B9LSX2	B9LSX2
C6E0C4	C6E0C4
C6E0C4	B5YJ73
C6E0C4	A5G7P4
C6E0C4	B5ED95
C6E0C4	Q39RH2
Q65W71	Q65W71
Q6FF44	Q6FF44
Q6FF44	B0VE65
Q6FF44	P96985
Q5VZV1	Q5VZV1
Q5VZV1	Q8BLU2
Q5VZV1	A6QP81
Q6AR64	Q6AR64
Q5SJC8	Q5SJC8
Q5SJC8	Q72JP7
P12970	P12970
P12970	P62424
P12970	Q2TBQ5
O05927	O05927
O05927	B7VBC3
A4WWA0	A4WWA0
O73884	O73884
Q9LY29	Q9LY29
Q8R807	Q8R807
P17917	P17917
P17917	O16852
Q12QI5	Q12QI5
Q12QI5	A1RGX1
Q12QI5	Q0HXR9
Q12QI5	Q086H6
Q7VJ12	Q7VJ12
P0A877	P0A877
P0A877	P00929
Q7A470	Q7A470
Q7A470	Q8NVB5
Q7A470	Q5HDY6
O67061	O67061
P14965	P14965
B2UVC1	B2UVC1
B2UVC1	O25911
B1H1H3	B1H1H3
Q2NIH8	Q2NIH8
P52045	P52045
B5X2D1	B5X2D1
B5X2D1	Q6GMI7
C4Z9L7	C4Z9L7
A4ECA9	A4ECA9
A4ECA9	A7B4V1
A8W649	A8W649
A8W649	P55064
A8W649	P47864
A8W649	Q9WTY4
Q31KK8	Q31KK8
A1ATI7	A1ATI7
A1ATI7	Q74GT5
A1ATI7	B3E935
B9F655	B9F655
A4D2B0	A4D2B0
A4D2B0	Q6AYD1
A4D2B0	Q8BWY4
A4D2B0	Q2HJB0
Q9XGM1	Q9XGM1
Q9LRP1	Q9LRP1
Q9LRP1	Q9LNH6
P0DV50	P0DV50
A1VGV6	A1VGV6
A1VGV6	B8DMB1
Q9ZW35	Q9ZW35
Q9ZW35	Q9M7Q7
Q9ZW35	P17070
Q086T5	Q086T5
O74515	O74515
P63386	P63386
Q60352	Q60352
C4XT96	C4XT96
O48449	O48449
B9E564	B9E564
A1SRC7	A1SRC7
Q45296	Q45296
O22798	O22798
Q46DC3	Q46DC3
Q26630	Q26630
Q26630	O14645
Q26630	Q4FZV3
Q26630	Q8BVN8
Q26630	Q4R3K5
Q26630	Q6GN86
P57372	P57372
Q41116	Q41116
Q41116	Q42460
O58941	O58941
Q834B3	Q834B3
Q834B3	P63370
Q834B3	Q38YC2
Q834B3	Q8DPB4
Q834B3	P0CZ38
Q834B3	Q97Q34
Q834B3	Q8P0V3
Q834B3	Q88YK8
G4V4T7	G4V4T7
P0ABX5	P0ABX5
Q05779	Q05779
Q7XL73	Q7XL73
Q7XL73	A2XT03
B0TI33	B0TI33
D7DV18	D7DV18
Q96BI3	Q96BI3
Q96BI3	Q8BVF7
Q5SJ35	Q5SJ35
B5EXY6	B5EXY6
B5EXY6	Q0TFY8
B5EXY6	Q0T335
B5EXY6	Q8X7G3
B5EXY6	A8AEC1
B5EXY6	B7L9X5
B5EXY6	P76423
B5EXY6	B5BF36
B5EXY6	A6TBJ8
B5EXY6	Q1R9W8
B5EXY6	Q323B8
B5EXY6	Q32EA0
B5EXY6	B7MWQ4
B5EXY6	B7LV66
Q5M245	Q5M245
Q7M9G3	Q7M9G3
Q46389	Q46389
P43528	P43528
Q7SZN2	Q7SZN2
Q186F4	Q186F4
P0CK97	P0CK97
Q0DFG8	Q0DFG8
Q0DFG8	Q8L8B8
Q0DFG8	Q5ZC82
Q13261	Q13261
B0SE82	B0SE82
Q26427	Q26427
P54081	P54081
P54081	P11044
P54081	E0U0H8
P54081	A7Z5T3
P54081	Q5WDS1
P54081	A8FEB9
Q9BDM3	Q9BDM3
Q9BDM3	Q95MQ5
Q9BDM3	P29965
Q9BDM3	P51749
Q9BDM3	P63305
Q9BDM3	Q9BDN3
Q9BDM3	Q9BDM7
Q9BDM3	Q9Z2V2
Q9BDM3	P27548
Q9BDM3	O97626
Q9BDM3	O97605
P0AA41	P0AA41
Q9NXJ0	Q9NXJ0
Q9TZP5	Q9TZP5
A9MCW8	A9MCW8
Q6YX89	Q6YX89
Q1J2E1	Q1J2E1
Q9H6Q3	Q9H6Q3
Q9H6Q3	Q8R4L0
Q02JU1	Q02JU1
Q02JU1	Q51434
E5KCJ8	E5KCJ8
Q57QP9	Q57QP9
Q57QP9	Q47098
Q57QP9	A9MH59
Q57QP9	B5Y2D2
Q57QP9	B4TSL7
Q57QP9	B5FR34
Q57QP9	Q8ZQ47
Q57QP9	Q31SY8
Q57QP9	B5BBH8
Q57QP9	Q8Z7P9
P44697	P44697
Q9LZV6	Q9LZV6
P29600	P29600
P29600	P29599
A1JIJ0	A1JIJ0
A1JIJ0	B7LUK6
A1JIJ0	B4TQK6
A1JIJ0	Q8X6X7
A1JIJ0	A1AIG7
A1JIJ0	Q9L9I5
A1JIJ0	A8AKS7
A1JIJ0	Q8Z328
A1JIJ0	B5QYF1
A1JIJ0	B5XYE2
A1JIJ0	P32664
A1JIJ0	A4W5B9
A1JIJ0	Q32AG9
A1JIJ0	A7MJ81
A1JIJ0	A6TGQ3
A1JIJ0	B2TWI3
A1JIJ0	B4TCT5
A1JIJ0	B1LNU8
A1JIJ0	C0Q2S8
A1JIJ0	Q83IS3
A1JIJ0	B7UPF1
A1JIJ0	Q7N961
A1JIJ0	B5F1H9
A1JIJ0	B7NFT7
A1JIJ0	C6DHS8
A1JIJ0	A7FNH4
A1JIJ0	Q6DAL8
A1JIJ0	B2VG76
A1JIJ0	Q8ZAQ5
A1JIJ0	C5BHE7
P34440	P34440
P39735	P39735
Q9M2Y6	Q9M2Y6
Q9M2Y6	Q0WPN7
P58466	P58466
P58466	Q9GZU7
A4IN26	A4IN26
P36999	P36999
Q96K30	Q96K30
Q96K30	Q2HJ75
G5EEV9	G5EEV9
F4HTT6	F4HTT6
P40484	P40484
Q64662	Q64662
Q64662	P79892
Q64662	Q29480
Q7RXL1	Q7RXL1
Q7RXL1	A4R935
A7TZG3	A7TZG3
Q07876	Q07876
P16016	P16016
P29131	P29131
Q2HDL4	Q2HDL4
Q9DAJ4	Q9DAJ4
Q9VAH4	Q9VAH4
P43362	P43362
Q9M2S3	Q9M2S3
Q9BWQ6	Q9BWQ6
Q9BWQ6	Q99LP8
Q9BWQ6	Q5XIT3
Q87N15	Q87N15
P57692	P57692
A0A2R8YED5	A0A2R8YED5
Q8DLU1	Q8DLU1
O74864	O74864
Q9LR91	Q9LR91
Q8CMT6	Q8CMT6
Q8CMT6	P37887
O76577	O76577
O76577	Q9V3H2
O76577	O00487
O76577	Q9LT08
P45416	P45416
P45416	E0J5J4
P45416	P37647
Q6EPZ0	Q6EPZ0
P24138	P24138
P10451	P10451
P37737	P37737
Q92GC1	Q92GC1
Q92GC1	A8GPW1
Q92GC1	Q1RKA5
Q92GC1	A8EZX3
Q60895	Q60895
Q60895	Q6IF36
Q60895	P0DMU2
Q96HD9	Q96HD9
P39176	P39176
Q8NGE5	Q8NGE5
Q5B1Z0	Q5B1Z0
A8GD46	A8GD46
B8NL00	B8NL00
Q0S4S3	Q0S4S3
Q0S4S3	Q5YPY8
A5U153	A5U153
A5U153	Q1B416
A5U153	A3Q5I0
A5U153	B8ZU59
A5U153	A4T6P3
Q8NGS5	Q8NGS5
Q9BG99	Q9BG99
Q9BG99	Q9NSU2
Q12094	Q12094
Q8A2E8	Q8A2E8
Q8A2E8	Q64ZV9
Q8A2E8	Q5LIS2
E2RTQ7	E2RTQ7
P96374	P96374
Q6N1Z4	Q6N1Z4
Q6N1Z4	Q07QW9
Q9ZPE7	Q9ZPE7
Q54129	Q54129
Q9H346	Q9H346
Q96KK4	Q96KK4
Q9U8W7	Q9U8W7
P0DXX1	P0DXX1
O24840	O24840
A0A0S3QTC6	A0A0S3QTC6
Q6IFH4	Q6IFH4
P38843	P38843
Q5JHM9	Q5JHM9
Q5JHM9	Q8U373
P0AFI5	P0AFI5
Q97U29	Q97U29
Q1JQC6	Q1JQC6
Q1JQC6	Q9Y6E7
P94346	P94346
P76147	P76147
I3W9F7	I3W9F7
Q03530	Q03530
P62050	P62050
P62050	Q8NLN0
Q2RHG3	Q2RHG3
Q9LTT3	Q9LTT3
C1KYQ0	C1KYQ0
C1KYQ0	Q928B0
Q2UBF0	Q2UBF0
Q69LA6	Q69LA6
Q69LA6	A9B891
Q69LA6	B0TAQ4
Q69LA6	A5UY94
Q69LA6	B9LIK3
Q69LA6	Q39963
Q69LA6	O80448
Q69LA6	Q8L940
Q69LA6	Q8W3D0
Q69LA6	B2A2Z7
Q69LA6	B8E121
Q69LA6	Q9WYU4
Q69LA6	Q9UW83
Q69LA6	Q54J47
Q00466	Q00466
O59767	O59767
A6Y9S5	A6Y9S5
D5WYQ5	D5WYQ5
A0T0Z4	A0T0Z4
Q6MC97	Q6MC97
Q0P8I7	Q0P8I7
P61798	P61798
G3XD23	G3XD23
B4UDQ3	B4UDQ3
A0B5R0	A0B5R0
P16370	P16370
Q96EK4	Q96EK4
Q96EK4	Q9JJD0
Q96EK4	A5PKF5
Q4PH43	Q4PH43
Q7XII4	Q7XII4
Q2NAU5	Q2NAU5
Q8NGH5	Q8NGH5
Q8NGH5	Q8NH54
Q8NGH5	P0C7T3
Q8LBZ4	Q8LBZ4
Q8TC12	Q8TC12
Q8TC12	Q96NR8
Q8TC12	P59837
Q9ASU1	Q9ASU1
Q9P790	Q9P790
Q8LDU4	Q8LDU4
Q93DY2	Q93DY2
Q485R8	Q485R8
Q8CE93	Q8CE93
Q8CE93	Q5JW98
O67728	O67728
P70954	P70954
Q9FKT5	Q9FKT5
Q95NY5	Q95NY5
Q9FL76	Q9FL76
Q9FL76	Q9FL77
Q9FL76	Q9FL79
A0PT81	A0PT81
A0PT81	P46811
A0PT81	A1T7U7
A0PT81	A0QIQ9
Q9IG45	Q9IG45
P14751	P14751
Q3ACT3	Q3ACT3
B3E2M3	B3E2M3
B3E2M3	Q39UC4
C0H519	C0H519
G3V8R8	G3V8R8
Q8VIC6	Q8VIC6
Q8VIC6	Q9EQ52
Q8VIC6	Q62850
Q8VIC6	Q8VIC7
Q8VIC6	Q8R2E6
Q8VIC6	Q9EQ51
A5VDC2	A5VDC2
